time,tracker_x,tracker_y,tracker_z,planner_x,planner_y,planner_z
0.000000000000000000e+00,0.000000000000000000e+00,0.000000000000000000e+00,1.000000000000000000e+00,0.000000000000000000e+00,0.000000000000000000e+00,1.000000000000000000e+00
8.000000000000000167e-02,0.000000000000000000e+00,0.000000000000000000e+00,1.000000000000000000e+00,5.599999800324440002e-02,5.599999800324440002e-02,1.055999994277954102e+00
1.600000000000000033e-01,0.000000000000000000e+00,0.000000000000000000e+00,1.009151220321655273e+00,1.119999960064888000e-01,1.119999960064888000e-01,1.111999988555908203e+00
2.399999999999999911e-01,0.000000000000000000e+00,0.000000000000000000e+00,1.022054910659790039e+00,1.679999977350234985e-01,1.679999977350234985e-01,1.167999982833862305e+00
3.200000000000000067e-01,6.204590899869799614e-04,6.086715729907155037e-04,1.037907123565673828e+00,2.239999920129776001e-01,2.239999920129776001e-01,1.223999977111816406e+00
4.000000000000000222e-01,1.743079046718776226e-03,1.713728881441056728e-03,1.055769920349121094e+00,2.800000011920928955e-01,2.800000011920928955e-01,1.279999971389770508e+00
4.799999999999999822e-01,3.722382243722677231e-03,3.655930049717426300e-03,1.075687885284423828e+00,3.359999954700469971e-01,3.359999954700469971e-01,1.335999965667724609e+00
5.600000000000000533e-01,6.324384827166795731e-03,6.226815283298492432e-03,1.097158670425415039e+00,3.919999897480010986e-01,3.919999897480010986e-01,1.391999959945678711e+00
6.400000000000000133e-01,9.860906749963760376e-03,9.715859778225421906e-03,1.120347976684570312e+00,4.479999840259552002e-01,4.479999840259552002e-01,1.447999954223632812e+00
7.199999999999999734e-01,1.408899296075105667e-02,1.391014456748962402e-02,1.144894599914550781e+00,5.040000081062316895e-01,5.040000081062316895e-01,1.503999948501586914e+00
8.000000000000000444e-01,1.930219121277332306e-02,1.907462254166603088e-02,1.170968413352966309e+00,5.600000023841857910e-01,5.600000023841857910e-01,1.559999942779541016e+00
8.800000000000000044e-01,2.525903657078742981e-02,2.500197663903236389e-02,1.198277711868286133e+00,6.159999966621398926e-01,6.159999966621398926e-01,1.615999937057495117e+00
9.599999999999999645e-01,3.223819658160209656e-02,3.193672001361846924e-02,1.226969838142395020e+00,6.719999909400939941e-01,6.719999909400939941e-01,1.671999931335449219e+00
1.040000000000000036e+00,4.000123590230941772e-02,3.967917710542678833e-02,1.256800651550292969e+00,7.279999852180480957e-01,7.279999852180480957e-01,1.727999925613403320e+00
1.120000000000000107e+00,4.881280660629272461e-02,4.845424741506576538e-02,1.287890195846557617e+00,7.839999794960021973e-01,7.839999794960021973e-01,1.783999919891357422e+00
1.199999999999999956e+00,5.843833833932876587e-02,5.807121098041534424e-02,1.320032715797424316e+00,8.399999737739562988e-01,8.399999737739562988e-01,1.839999914169311523e+00
1.280000000000000027e+00,6.912892311811447144e-02,6.873553991317749023e-02,1.353322029113769531e+00,8.959999680519104004e-01,8.958011865615844727e-01,1.895999908447265625e+00
1.360000000000000098e+00,8.065462857484817505e-02,8.026671409606933594e-02,1.387589097023010254e+00,9.519999623298645020e-01,9.485032558441162109e-01,1.951999902725219727e+00
1.439999999999999947e+00,9.325334429740905762e-02,9.285077452659606934e-02,1.422956585884094238e+00,1.008000016212463379e+00,9.965146780014038086e-01,2.007999897003173828e+00
1.520000000000000018e+00,1.067002862691879272e-01,1.063155159354209900e-01,1.459340691566467285e+00,1.064000010490417480e+00,1.039198160171508789e+00,2.063999891281127930e+00
1.600000000000000089e+00,1.212219446897506714e-01,1.207885518670082092e-01,1.496803045272827148e+00,1.120000004768371582e+00,1.076571226119995117e+00,2.119999885559082031e+00
1.679999999999999938e+00,1.365891695022583008e-01,1.360529810190200806e-01,1.535253286361694336e+00,1.175999999046325684e+00,1.107660889625549316e+00,2.175999879837036133e+00
1.760000000000000009e+00,1.530293673276901245e-01,1.522035747766494751e-01,1.574690937995910645e+00,1.231999993324279785e+00,1.133744955062866211e+00,2.231999874114990234e+00
1.840000000000000080e+00,1.702981442213058472e-01,1.690023243427276611e-01,1.615036368370056152e+00,1.287999987602233887e+00,1.156030535697937012e+00,2.287999868392944336e+00
1.919999999999999929e+00,1.886351108551025391e-01,1.865267455577850342e-01,1.656219840049743652e+00,1.343999981880187988e+00,1.175585985183715820e+00,2.343999862670898438e+00
2.000000000000000000e+00,2.077744305133819580e-01,2.045299559831619263e-01,1.698183774948120117e+00,1.399999976158142090e+00,1.193307995796203613e+00,2.399999856948852539e+00
2.080000000000000071e+00,2.279730290174484253e-01,2.231198698282241821e-01,1.740845561027526855e+00,1.455999970436096191e+00,1.208484649658203125e+00,2.455999851226806641e+00
2.160000000000000142e+00,2.489483058452606201e-01,2.420524209737777710e-01,1.784188508987426758e+00,1.511999964714050293e+00,1.222293376922607422e+00,2.511999845504760742e+00
2.240000000000000213e+00,2.709689140319824219e-01,2.614699602127075195e-01,1.828131318092346191e+00,1.567999958992004395e+00,1.235594034194946289e+00,2.567999839782714844e+00
2.319999999999999840e+00,2.937420606613159180e-01,2.811115384101867676e-01,1.872666716575622559e+00,1.623999953269958496e+00,1.248978137969970703e+00,2.623999834060668945e+00
2.399999999999999911e+00,3.175430297851562500e-01,3.011455833911895752e-01,1.917716264724731445e+00,1.679999947547912598e+00,1.261371016502380371e+00,2.679999828338623047e+00
2.479999999999999982e+00,3.420728147029876709e-01,3.213194608688354492e-01,1.963293671607971191e+00,1.735999941825866699e+00,1.273618578910827637e+00,2.735999822616577148e+00
2.560000000000000053e+00,3.676095306873321533e-01,3.418264687061309814e-01,2.009329319000244141e+00,1.791999936103820801e+00,1.286275506019592285e+00,2.791999816894531250e+00
2.640000000000000124e+00,3.938510417938232422e-01,3.624031245708465576e-01,2.055834293365478516e+00,1.847999930381774902e+00,1.299668550491333008e+00,2.847999811172485352e+00
2.720000000000000195e+00,4.210765957832336426e-01,3.832537233829498291e-01,2.102743625640869141e+00,1.903999924659729004e+00,1.312483429908752441e+00,2.903999805450439453e+00
2.800000000000000266e+00,4.489816427230834961e-01,4.041272997856140137e-01,2.150079488754272461e+00,1.959999918937683105e+00,1.325402736663818359e+00,2.959999799728393555e+00
2.879999999999999893e+00,4.778454899787902832e-01,4.252402186393737793e-01,2.197784423828125000e+00,2.016000032424926758e+00,1.338858366012573242e+00,3.015999794006347656e+00
2.959999999999999964e+00,5.073625445365905762e-01,4.463329017162322998e-01,2.245874166488647461e+00,2.072000026702880859e+00,1.353089570999145508e+00,3.071999788284301758e+00
3.040000000000000036e+00,5.378119349479675293e-01,4.676228165626525879e-01,2.294293880462646484e+00,2.128000020980834961e+00,1.368194699287414551e+00,3.127999782562255859e+00
3.120000000000000107e+00,5.688867568969726562e-01,4.888636469841003418e-01,2.343058109283447266e+00,2.184000015258789062e+00,1.382675528526306152e+00,3.183999776840209961e+00
3.200000000000000178e+00,6.008660197257995605e-01,5.102792978286743164e-01,2.392125606536865234e+00,2.240000009536743164e+00,1.397130489349365234e+00,3.239999771118164062e+00
3.280000000000000249e+00,6.334431171417236328e-01,5.316334366798400879e-01,2.441517114639282227e+00,2.296000003814697266e+00,1.411948442459106445e+00,3.295999765396118164e+00
3.359999999999999876e+00,6.668961048126220703e-01,5.531333684921264648e-01,2.491183757781982422e+00,2.351999998092651367e+00,1.427355289459228516e+00,3.351999759674072266e+00
3.439999999999999947e+00,7.009168863296508789e-01,5.745421051979064941e-01,2.541141510009765625e+00,2.407999992370605469e+00,1.441933512687683105e+00,3.407999753952026367e+00
3.520000000000000018e+00,7.357841730117797852e-01,5.960768461227416992e-01,2.591352224349975586e+00,2.463999986648559570e+00,1.456371188163757324e+00,3.463999748229980469e+00
3.600000000000000089e+00,7.711899876594543457e-01,6.175070405006408691e-01,2.641837120056152344e+00,2.519999980926513672e+00,1.471123337745666504e+00,3.519999742507934570e+00
3.680000000000000160e+00,8.074128627777099609e-01,6.390371322631835938e-01,2.692550420761108398e+00,2.575999975204467773e+00,1.486461639404296875e+00,3.575999736785888672e+00
3.760000000000000231e+00,8.441432714462280273e-01,6.604349017143249512e-01,2.743508100509643555e+00,2.631999969482421875e+00,1.502520561218261719e+00,3.631999731063842773e+00
3.839999999999999858e+00,8.816609978675842285e-01,6.819176673889160156e-01,2.794670104980468750e+00,2.687999963760375977e+00,1.517783522605895996e+00,3.687999725341796875e+00
3.919999999999999929e+00,9.196566939353942871e-01,7.032588720321655273e-01,2.846057891845703125e+00,2.743999958038330078e+00,1.532904505729675293e+00,3.743999719619750977e+00
4.000000000000000000e+00,9.584099650382995605e-01,7.246832251548767090e-01,2.897638320922851562e+00,2.799999952316284180e+00,1.548317193984985352e+00,3.799999713897705078e+00
4.080000000000000071e+00,9.976117610931396484e-01,7.459491491317749023e-01,2.949424028396606445e+00,2.855999946594238281e+00,1.564282059669494629e+00,3.855999708175659180e+00
4.160000000000000142e+00,1.037541866302490234e+00,7.672793269157409668e-01,3.001381397247314453e+00,2.911999940872192383e+00,1.579351425170898438e+00,3.911999702453613281e+00
4.240000000000000213e+00,1.077890872955322266e+00,7.884421348571777344e-01,3.053528785705566406e+00,2.967999935150146484e+00,1.594255089759826660e+00,3.967999696731567383e+00
4.320000000000000284e+00,1.118939161300659180e+00,8.096655607223510742e-01,3.105837583541870117e+00,3.023999929428100586e+00,1.609476923942565918e+00,4.023999691009521484e+00
4.400000000000000355e+00,1.160377264022827148e+00,8.307062983512878418e-01,3.158317804336547852e+00,3.079999923706054688e+00,1.625307440757751465e+00,4.079999923706054688e+00
4.480000000000000426e+00,1.202486276626586914e+00,8.517900705337524414e-01,3.210940837860107422e+00,3.135999917984008789e+00,1.641891717910766602e+00,4.136000156402587891e+00
4.560000000000000497e+00,1.244956612586975098e+00,8.726854920387268066e-01,3.263713598251342773e+00,3.191999912261962891e+00,1.657660007476806641e+00,4.192000389099121094e+00
4.639999999999999680e+00,1.288069963455200195e+00,8.936237692832946777e-01,3.316618204116821289e+00,3.247999906539916992e+00,1.673292040824890137e+00,4.248000621795654297e+00
4.719999999999999751e+00,1.331518054008483887e+00,9.143825769424438477e-01,3.369668960571289062e+00,3.303999900817871094e+00,1.689237952232360840e+00,4.304000854492187500e+00
4.799999999999999822e+00,1.375582098960876465e+00,9.351749420166015625e-01,3.422839641571044922e+00,3.359999895095825195e+00,1.705767631530761719e+00,4.360001087188720703e+00
4.879999999999999893e+00,1.419953107833862305e+00,9.557767510414123535e-01,3.476137876510620117e+00,3.415999889373779297e+00,1.721377730369567871e+00,4.416001319885253906e+00
4.959999999999999964e+00,1.464913725852966309e+00,9.764111638069152832e-01,3.529546976089477539e+00,3.471999883651733398e+00,1.736824274063110352e+00,4.472001552581787109e+00
5.040000000000000036e+00,1.510155797004699707e+00,9.968598484992980957e-01,3.583080530166625977e+00,3.527999877929687500e+00,1.752608299255371094e+00,4.528001785278320312e+00
5.120000000000000107e+00,1.555961966514587402e+00,1.017332077026367188e+00,3.636714458465576172e+00,3.583999872207641602e+00,1.769030094146728516e+00,4.584002017974853516e+00
5.200000000000000178e+00,1.602023482322692871e+00,1.037606716156005859e+00,3.690454483032226562e+00,3.639999866485595703e+00,1.786239385604858398e+00,4.640002250671386719e+00
5.280000000000000249e+00,1.648624420166015625e+00,1.057906150817871094e+00,3.744282484054565430e+00,3.695999860763549805e+00,1.802605390548706055e+00,4.696002483367919922e+00
5.360000000000000320e+00,1.695457100868225098e+00,1.078014373779296875e+00,3.798208951950073242e+00,3.751999855041503906e+00,1.818833112716674805e+00,4.752002716064453125e+00
5.440000000000000391e+00,1.742805361747741699e+00,1.098161101341247559e+00,3.852223396301269531e+00,3.807999849319458008e+00,1.835389614105224609e+00,4.808002948760986328e+00
5.520000000000000462e+00,1.790362477302551270e+00,1.118113398551940918e+00,3.906326532363891602e+00,3.863999843597412109e+00,1.852554798126220703e+00,4.864003181457519531e+00
5.600000000000000533e+00,1.838412284851074219e+00,1.138097763061523438e+00,3.960506200790405273e+00,3.919999837875366211e+00,1.870467901229858398e+00,4.920003414154052734e+00
5.679999999999999716e+00,1.886648535728454590e+00,1.157891392707824707e+00,4.014760017395019531e+00,3.975999832153320312e+00,1.887457728385925293e+00,4.976003646850585938e+00
5.759999999999999787e+00,1.935355544090270996e+00,1.177725672721862793e+00,4.069086074829101562e+00,4.032000064849853516e+00,1.904247164726257324e+00,5.032003879547119141e+00
5.839999999999999858e+00,1.984228849411010742e+00,1.197385668754577637e+00,4.123491287231445312e+00,4.088000297546386719e+00,1.921319842338562012e+00,5.088004112243652344e+00
5.919999999999999929e+00,2.033551931381225586e+00,1.217082977294921875e+00,4.177962303161621094e+00,4.144000530242919922e+00,1.938969850540161133e+00,5.144004344940185547e+00
6.000000000000000000e+00,2.083019733428955078e+00,1.236600041389465332e+00,4.232498645782470703e+00,4.200000762939453125e+00,1.957348585128784180e+00,5.200004577636718750e+00
6.080000000000000071e+00,2.132917404174804688e+00,1.256158709526062012e+00,4.287091732025146484e+00,4.256000995635986328e+00,1.974755406379699707e+00,5.256004810333251953e+00
6.160000000000000142e+00,2.182940959930419922e+00,1.275546908378601074e+00,4.341747283935546875e+00,4.312001228332519531e+00,1.991937160491943359e+00,5.312005043029785156e+00
6.240000000000000213e+00,2.233375072479248047e+00,1.294992327690124512e+00,4.396462917327880859e+00,4.368001461029052734e+00,2.009394645690917969e+00,5.368005275726318359e+00
6.320000000000000284e+00,2.283916711807250977e+00,1.314265251159667969e+00,4.451234817504882812e+00,4.424001693725585938e+00,2.027434349060058594e+00,5.423181056976318359e+00
6.400000000000000355e+00,2.334850788116455078e+00,1.333589673042297363e+00,4.505918979644775391e+00,4.480001926422119141e+00,2.046214818954467773e+00,5.476554393768310547e+00
6.480000000000000426e+00,2.385874748229980469e+00,1.352746129035949707e+00,4.560139179229736328e+00,4.536002159118652344e+00,2.063999652862548828e+00,5.524090766906738281e+00
6.560000000000000497e+00,2.437273263931274414e+00,1.371962189674377441e+00,4.612831115722656250e+00,4.592002391815185547e+00,2.081554889678955078e+00,5.567429065704345703e+00
6.640000000000000568e+00,2.488745212554931641e+00,1.391026258468627930e+00,4.664267063140869141e+00,4.648002624511718750e+00,2.099394559860229492e+00,5.607951641082763672e+00
6.719999999999999751e+00,2.540570497512817383e+00,1.410135030746459961e+00,4.714605331420898438e+00,4.704002857208251953e+00,2.117832183837890625e+00,5.646760940551757812e+00
6.799999999999999822e+00,2.592451810836791992e+00,1.429082036018371582e+00,4.764102935791015625e+00,4.760003089904785156e+00,2.135210752487182617e+00,5.681078910827636719e+00
6.879999999999999893e+00,2.644667148590087891e+00,1.448068499565124512e+00,4.811980247497558594e+00,4.816003322601318359e+00,2.152381896972656250e+00,5.713209152221679688e+00
6.959999999999999964e+00,2.696925163269042969e+00,1.466905713081359863e+00,4.858722686767578125e+00,4.872003555297851562e+00,2.169912338256835938e+00,5.744763851165771484e+00
7.040000000000000036e+00,2.749498605728149414e+00,1.485768079757690430e+00,4.904632091522216797e+00,4.928003787994384766e+00,2.188144207000732422e+00,5.776787757873535156e+00
7.120000000000000107e+00,2.802102327346801758e+00,1.504477024078369141e+00,4.950069427490234375e+00,4.984004020690917969e+00,2.205398321151733398e+00,5.806261539459228516e+00
7.200000000000000178e+00,2.855005979537963867e+00,1.523212790489196777e+00,4.994244575500488281e+00,5.040004253387451172e+00,2.222537994384765625e+00,5.835181236267089844e+00
7.280000000000000249e+00,2.907928943634033203e+00,1.541812062263488770e+00,5.037659168243408203e+00,5.096004486083984375e+00,2.240130424499511719e+00,5.864825725555419922e+00
7.360000000000000320e+00,2.961137771606445312e+00,1.560431122779846191e+00,5.080581188201904297e+00,5.152004718780517578e+00,2.256637334823608398e+00,5.892287254333496094e+00
7.440000000000000391e+00,3.014354228973388672e+00,1.578912615776062012e+00,5.122412204742431641e+00,5.208004951477050781e+00,2.273041248321533203e+00,5.919608116149902344e+00
7.520000000000000462e+00,3.067845344543457031e+00,1.597422122955322266e+00,5.163520812988281250e+00,5.264005184173583984e+00,2.289984226226806641e+00,5.948057651519775391e+00
7.600000000000000533e+00,3.121333360671997070e+00,1.615785598754882812e+00,5.204350948333740234e+00,5.320005416870117188e+00,2.307842254638671875e+00,5.978319644927978516e+00
7.679999999999999716e+00,3.175083160400390625e+00,1.634171128273010254e+00,5.245088577270507812e+00,5.376005649566650391e+00,2.324887275695800781e+00,6.007012367248535156e+00
7.759999999999999787e+00,3.228820085525512695e+00,1.652419567108154297e+00,5.284996509552001953e+00,5.432005882263183594e+00,2.341993093490600586e+00,6.035844326019287109e+00
7.839999999999999858e+00,3.282810449600219727e+00,1.670709371566772461e+00,5.324416637420654297e+00,5.488006114959716797e+00,2.359719991683959961e+00,6.065857410430908203e+00
7.919999999999999929e+00,3.336777925491333008e+00,1.688861727714538574e+00,5.363701343536376953e+00,5.544006347656250000e+00,2.376457929611206055e+00,6.093935012817382812e+00
8.000000000000000000e+00,3.390988349914550781e+00,1.707055568695068359e+00,5.402064800262451172e+00,5.600006580352783203e+00,2.393191099166870117e+00,6.121991157531738281e+00
8.080000000000000071e+00,3.445166826248168945e+00,1.725124597549438477e+00,5.439988613128662109e+00,5.656006813049316406e+00,2.410555839538574219e+00,6.151207447052001953e+00
8.160000000000000142e+00,3.499578475952148438e+00,1.743227958679199219e+00,5.477754116058349609e+00,5.712007045745849609e+00,2.428917407989501953e+00,6.182210922241210938e+00
8.240000000000000213e+00,3.553949832916259766e+00,1.761204361915588379e+00,5.515563964843750000e+00,5.768007278442382812e+00,2.446478366851806641e+00,6.211563110351562500e+00
8.320000000000000284e+00,3.608546972274780273e+00,1.779226422309875488e+00,5.552704334259033203e+00,5.824007511138916016e+00,2.464124441146850586e+00,6.240969657897949219e+00
8.400000000000000355e+00,3.663095712661743164e+00,1.797140955924987793e+00,5.589542865753173828e+00,5.880007743835449219e+00,2.482421875000000000e+00,6.271477222442626953e+00
8.480000000000000426e+00,3.717862606048583984e+00,1.815102338790893555e+00,5.626316547393798828e+00,5.936007976531982422e+00,2.499704837799072266e+00,6.299956321716308594e+00
8.560000000000000497e+00,3.772573232650756836e+00,1.832956671714782715e+00,5.662320613861083984e+00,5.992008209228515625e+00,2.516981840133666992e+00,6.328345298767089844e+00
8.640000000000000568e+00,3.827496051788330078e+00,1.850872993469238281e+00,5.697937965393066406e+00,6.048008441925048828e+00,2.534904718399047852e+00,6.357846260070800781e+00
8.720000000000000639e+00,3.882355928421020508e+00,1.868673920631408691e+00,5.733542919158935547e+00,6.104008674621582031e+00,2.553848266601562500e+00,6.389103412628173828e+00
8.800000000000000711e+00,3.937419414520263672e+00,1.886534571647644043e+00,5.769217491149902344e+00,6.160008907318115234e+00,2.571961164474487305e+00,6.418667793273925781e+00
8.880000000000000782e+00,3.992413997650146484e+00,1.904289484024047852e+00,5.804383277893066406e+00,6.216009140014648438e+00,2.590155363082885742e+00,6.448266506195068359e+00
8.960000000000000853e+00,4.047607898712158203e+00,1.922126293182373047e+00,5.839307785034179688e+00,6.272009372711181641e+00,2.609014987945556641e+00,6.478960990905761719e+00
9.040000000000000924e+00,4.102726936340332031e+00,1.939856886863708496e+00,5.874250888824462891e+00,6.328009605407714844e+00,2.626825094223022461e+00,6.507607460021972656e+00
9.120000000000000995e+00,4.158037662506103516e+00,1.957669496536254883e+00,5.908510684967041016e+00,6.384009838104248047e+00,2.644625425338745117e+00,6.536160945892333984e+00
9.200000000000001066e+00,4.213268756866455078e+00,1.975389003753662109e+00,5.942501068115234375e+00,6.440010070800781250e+00,2.663088321685791016e+00,6.565834999084472656e+00
9.279999999999999361e+00,4.268685340881347656e+00,1.993182659149169922e+00,5.976507663726806641e+00,6.496010303497314453e+00,2.682600498199462891e+00,6.597280025482177734e+00
9.359999999999999432e+00,4.324017047882080078e+00,2.010880231857299805e+00,6.010627746582031250e+00,6.552010536193847656e+00,2.701255798339843750e+00,6.627024650573730469e+00
9.439999999999999503e+00,4.379529953002929688e+00,2.028662681579589844e+00,6.044376850128173828e+00,6.608010768890380859e+00,2.719994306564331055e+00,6.656807899475097656e+00
9.519999999999999574e+00,4.434953212738037109e+00,2.046368837356567383e+00,6.077975273132324219e+00,6.664011001586914062e+00,2.739418029785156250e+00,6.687697887420654297e+00
9.599999999999999645e+00,4.490553379058837891e+00,2.064159870147705078e+00,6.111613750457763672e+00,6.720011234283447266e+00,2.759867668151855469e+00,6.720258235931396484e+00
9.679999999999999716e+00,4.546059608459472656e+00,2.081874370574951172e+00,6.145397186279296875e+00,6.776011466979980469e+00,2.779372453689575195e+00,6.750957965850830078e+00
9.759999999999999787e+00,4.601739406585693359e+00,2.099688053131103516e+00,6.178881645202636719e+00,6.832011699676513672e+00,2.798875808715820312e+00,6.781527996063232422e+00
9.839999999999999858e+00,4.657321453094482422e+00,2.117444992065429688e+00,6.212228775024414062e+00,6.888011932373046875e+00,2.818988800048828125e+00,6.813047885894775391e+00
9.919999999999999929e+00,4.713073253631591797e+00,2.135300874710083008e+00,6.245616436004638672e+00,6.944012165069580078e+00,2.840063810348510742e+00,6.846101284027099609e+00
1.000000000000000000e+01,4.768723011016845703e+00,2.153097867965698242e+00,6.279150485992431641e+00,7.000012397766113281e+00,2.860104799270629883e+00,6.877166271209716797e+00
1.008000000000000007e+01,4.824539661407470703e+00,2.171006679534912109e+00,6.312384605407714844e+00,7.056012630462646484e+00,2.880084037780761719e+00,6.908006668090820312e+00
1.016000000000000014e+01,4.880251407623291016e+00,2.188874483108520508e+00,6.345487117767333984e+00,7.112012863159179688e+00,2.900635957717895508e+00,6.939730644226074219e+00
1.024000000000000021e+01,4.936126232147216797e+00,2.206851959228515625e+00,6.378630161285400391e+00,7.168013095855712891e+00,2.922131299972534180e+00,6.972945213317871094e+00
1.032000000000000028e+01,4.991892814636230469e+00,2.224784374237060547e+00,6.411923885345458984e+00,7.224013328552246094e+00,2.942547798156738281e+00,7.004130363464355469e+00
1.040000000000000036e+01,5.047819614410400391e+00,2.242837667465209961e+00,6.444928169250488281e+00,7.280013561248779297e+00,2.962883710861206055e+00,7.035071372985839844e+00
1.048000000000000043e+01,5.103636264801025391e+00,2.260862588882446289e+00,6.477815151214599609e+00,7.336013793945312500e+00,2.983791828155517578e+00,7.066891193389892578e+00
1.056000000000000050e+01,5.159609794616699219e+00,2.279004573822021484e+00,6.510745525360107422e+00,7.392014026641845703e+00,3.005654811859130859e+00,7.100206375122070312e+00
1.064000000000000057e+01,5.215469837188720703e+00,2.297112703323364258e+00,6.543835639953613281e+00,7.448014259338378906e+00,3.026417255401611328e+00,7.131486415863037109e+00
1.072000000000000064e+01,5.271484851837158203e+00,2.315348386764526367e+00,6.576657772064208984e+00,7.504014492034912109e+00,3.047098398208618164e+00,7.162526607513427734e+00
1.080000000000000071e+01,5.327384471893310547e+00,2.333566427230834961e+00,6.609381198883056641e+00,7.560014724731445312e+00,3.068364381790161133e+00,7.194455623626708984e+00
1.088000000000000078e+01,5.383436203002929688e+00,2.351907253265380859e+00,6.642151355743408203e+00,7.616014957427978516e+00,3.090605258941650391e+00,7.227892875671386719e+00
1.096000000000000085e+01,5.439370155334472656e+00,2.370224475860595703e+00,6.675090789794921875e+00,7.672015190124511719e+00,3.114006042480468750e+00,7.263090610504150391e+00
1.104000000000000092e+01,5.495454311370849609e+00,2.388674497604370117e+00,6.708311557769775391e+00,7.728015422821044922e+00,3.136316537857055664e+00,7.296248912811279297e+00
1.112000000000000099e+01,5.551419258117675781e+00,2.407116651535034180e+00,6.741546630859375000e+00,7.784015655517578125e+00,3.158485651016235352e+00,7.329020977020263672e+00
1.120000000000000107e+01,5.607535362243652344e+00,2.425719976425170898e+00,6.774697303771972656e+00,7.840015888214111328e+00,3.181139707565307617e+00,7.362460613250732422e+00
1.127999999999999936e+01,5.663530826568603516e+00,2.444310426712036133e+00,6.807907104492187500e+00,7.896016120910644531e+00,3.204651832580566406e+00,7.397161483764648438e+00
1.135999999999999943e+01,5.719672679901123047e+00,2.463058233261108398e+00,6.841278076171875000e+00,7.952016353607177734e+00,3.226873636245727539e+00,7.429560661315917969e+00
1.143999999999999950e+01,5.775692939758300781e+00,2.481800079345703125e+00,6.874386787414550781e+00,8.008016586303710938e+00,3.248875617980957031e+00,7.461496829986572266e+00
1.151999999999999957e+01,5.831859111785888672e+00,2.500715255737304688e+00,6.907339572906494141e+00,8.064016342163085938e+00,3.271367549896240234e+00,7.494144439697265625e+00
1.159999999999999964e+01,5.887902259826660156e+00,2.519615411758422852e+00,6.940343856811523438e+00,8.120016098022460938e+00,3.294775485992431641e+00,7.528168201446533203e+00
1.167999999999999972e+01,5.944087028503417969e+00,2.538677692413330078e+00,6.973506927490234375e+00,8.176015853881835938e+00,3.319312334060668945e+00,7.563858985900878906e+00
1.175999999999999979e+01,6.000147819519042969e+00,2.557731151580810547e+00,7.006943225860595703e+00,8.232015609741210938e+00,3.342650651931762695e+00,7.597409725189208984e+00
1.183999999999999986e+01,6.056350231170654297e+00,2.576960086822509766e+00,7.040380477905273438e+00,8.288015365600585938e+00,3.365796566009521484e+00,7.630517482757568359e+00
1.191999999999999993e+01,6.112428665161132812e+00,2.596204996109008789e+00,7.073731899261474609e+00,8.344015121459960938e+00,3.389417648315429688e+00,7.664268970489501953e+00
1.200000000000000000e+01,6.168647289276123047e+00,2.615617990493774414e+00,7.107131958007812500e+00,8.400014877319335938e+00,3.413914442062377930e+00,7.699279785156250000e+00
1.208000000000000007e+01,6.224739551544189453e+00,2.635041475296020508e+00,7.140695095062255859e+00,8.456014633178710938e+00,3.439486980438232422e+00,7.735822677612304688e+00
1.216000000000000014e+01,6.280971050262451172e+00,2.654637098312377930e+00,7.174528121948242188e+00,8.512014389038085938e+00,3.466193199157714844e+00,7.773934841156005859e+00
1.224000000000000021e+01,6.337076187133789062e+00,2.674258470535278320e+00,7.208728313446044922e+00,8.568014144897460938e+00,3.491534471511840820e+00,7.809632301330566406e+00
1.232000000000000028e+01,6.393321514129638672e+00,2.694074630737304688e+00,7.242983341217041016e+00,8.624013900756835938e+00,3.516494274139404297e+00,7.844557762145996094e+00
1.240000000000000036e+01,6.449440479278564453e+00,2.713943243026733398e+00,7.277232170104980469e+00,8.680013656616210938e+00,3.541740417480468750e+00,7.879794120788574219e+00
1.248000000000000043e+01,6.505698204040527344e+00,2.733998775482177734e+00,7.311507701873779297e+00,8.736013412475585938e+00,3.567689418792724609e+00,7.915984153747558594e+00
1.256000000000000050e+01,6.561827659606933594e+00,2.754098176956176758e+00,7.345917224884033203e+00,8.792013168334960938e+00,3.594564914703369141e+00,7.953444004058837891e+00
1.264000000000000057e+01,6.618094444274902344e+00,2.774385213851928711e+00,7.380551815032958984e+00,8.848012924194335938e+00,3.622452020645141602e+00,7.992261886596679688e+00
1.272000000000000064e+01,6.674232959747314453e+00,2.794727087020874023e+00,7.415511131286621094e+00,8.904012680053710938e+00,3.648804664611816406e+00,8.028472900390625000e+00
1.280000000000000071e+01,6.730509281158447266e+00,2.815274953842163086e+00,7.450475692749023438e+00,8.960012435913085938e+00,3.674664020538330078e+00,8.063778877258300781e+00
1.288000000000000078e+01,6.786658287048339844e+00,2.835900783538818359e+00,7.485326290130615234e+00,9.016012191772460938e+00,3.700743913650512695e+00,8.099310874938964844e+00
1.296000000000000085e+01,6.842942714691162109e+00,2.856719732284545898e+00,7.520184516906738281e+00,9.072011947631835938e+00,3.727494955062866211e+00,8.135749816894531250e+00
1.304000000000000092e+01,6.899097919464111328e+00,2.877604007720947266e+00,7.555162429809570312e+00,9.128011703491210938e+00,3.755166053771972656e+00,8.173439025878906250e+00
1.312000000000000099e+01,6.955387115478515625e+00,2.898678302764892578e+00,7.590340614318847656e+00,9.184011459350585938e+00,3.783858776092529297e+00,8.212485313415527344e+00
1.320000000000000107e+01,7.011547088623046875e+00,2.919827222824096680e+00,7.625830173492431641e+00,9.240011215209960938e+00,3.813573122024536133e+00,8.252839088439941406e+00
1.328000000000000114e+01,7.067842483520507812e+00,2.941182136535644531e+00,7.661684989929199219e+00,9.296010971069335938e+00,3.841617107391357422e+00,8.290419578552246094e+00
1.335999999999999943e+01,7.124009132385253906e+00,2.962633848190307617e+00,7.697590827941894531e+00,9.352010726928710938e+00,3.869041919708251953e+00,8.326909065246582031e+00
1.343999999999999950e+01,7.180313110351562500e+00,2.984315633773803711e+00,7.733335494995117188e+00,9.408010482788085938e+00,3.896578073501586914e+00,8.363444328308105469e+00
1.351999999999999957e+01,7.236487865447998047e+00,3.006080627441406250e+00,7.769113540649414062e+00,9.464010238647460938e+00,3.924695968627929688e+00,8.400724411010742188e+00
1.359999999999999964e+01,7.292794704437255859e+00,3.028056621551513672e+00,7.804976463317871094e+00,9.520009994506835938e+00,3.953664541244506836e+00,8.439120292663574219e+00
1.367999999999999972e+01,7.348972320556640625e+00,3.050112724304199219e+00,7.841037273406982422e+00,9.576009750366210938e+00,3.983603715896606445e+00,8.478765487670898438e+00
1.375999999999999979e+01,7.405281066894531250e+00,3.072382688522338867e+00,7.877363681793212891e+00,9.632009506225585938e+00,4.014529705047607422e+00,8.519639968872070312e+00
1.383999999999999986e+01,7.461462020874023438e+00,3.094748973846435547e+00,7.914040565490722656e+00,9.688009262084960938e+00,4.046392440795898438e+00,8.561627388000488281e+00
1.391999999999999993e+01,7.517775535583496094e+00,3.117346048355102539e+00,7.951098442077636719e+00,9.744009017944335938e+00,4.079102993011474609e+00,8.604564666748046875e+00
1.400000000000000000e+01,7.573962688446044922e+00,3.140064239501953125e+00,7.988574504852294922e+00,9.800008773803710938e+00,4.112555027008056641e+00,8.648274421691894531e+00
1.408000000000000007e+01,7.630283832550048828e+00,3.163034200668334961e+00,8.026462554931640625e+00,9.856008529663085938e+00,4.146639347076416016e+00,8.692586898803710938e+00
1.416000000000000014e+01,7.686480522155761719e+00,3.186150550842285156e+00,8.064767837524414062e+00,9.912008285522460938e+00,4.181254386901855469e+00,8.737349510192871094e+00
1.424000000000000021e+01,7.742811679840087891e+00,3.209536790847778320e+00,8.103461265563964844e+00,9.968008041381835938e+00,4.213505268096923828e+00,8.778421401977539062e+00
1.432000000000000028e+01,7.799019813537597656e+00,3.233091592788696289e+00,8.142168998718261719e+00,1.002400779724121094e+01,4.244545936584472656e+00,8.817603111267089844e+00
1.440000000000000036e+01,7.855361938476562500e+00,3.256930112838745117e+00,8.180479049682617188e+00,1.008000755310058594e+01,4.275218963623046875e+00,8.856174468994140625e+00
1.448000000000000043e+01,7.911578655242919922e+00,3.280912637710571289e+00,8.218735694885253906e+00,1.013600730895996094e+01,4.306104660034179688e+00,8.894981384277343750e+00
1.456000000000000050e+01,7.967922210693359375e+00,3.305142641067504883e+00,8.256993293762207031e+00,1.019200706481933594e+01,4.337571144104003906e+00,8.934529304504394531e+00
1.464000000000000057e+01,8.024139404296875000e+00,3.329502105712890625e+00,8.295352935791015625e+00,1.024800682067871094e+01,4.369822978973388672e+00,8.975069999694824219e+00
1.472000000000000064e+01,8.080481529235839844e+00,3.354096651077270508e+00,8.333863258361816406e+00,1.030400657653808594e+01,4.402945518493652344e+00,9.016675949096679688e+00
1.480000000000000071e+01,8.136698722839355469e+00,3.378829002380371094e+00,8.372624397277832031e+00,1.036000633239746094e+01,4.436942577362060547e+00,9.059305191040039062e+00
1.488000000000000078e+01,8.193041801452636719e+00,3.403802394866943359e+00,8.411661148071289062e+00,1.041600608825683594e+01,4.471765041351318359e+00,9.102849006652832031e+00
1.496000000000000085e+01,8.249260902404785156e+00,3.428933858871459961e+00,8.451035499572753906e+00,1.047200584411621094e+01,4.507334709167480469e+00,9.147165298461914062e+00
1.504000000000000092e+01,8.305606842041015625e+00,3.454319000244140625e+00,8.490737915039062500e+00,1.052800559997558594e+01,4.543560504913330078e+00,9.192105293273925781e+00
1.512000000000000099e+01,8.361831665039062500e+00,3.479885339736938477e+00,8.530798912048339844e+00,1.058400535583496094e+01,4.580351829528808594e+00,9.237530708312988281e+00
1.520000000000000107e+01,8.418184280395507812e+00,3.505717992782592773e+00,8.571185111999511719e+00,1.064000511169433594e+01,4.617623805999755859e+00,9.283320426940917969e+00
1.528000000000000114e+01,8.474416732788085938e+00,3.531753301620483398e+00,8.611910820007324219e+00,1.069600486755371094e+01,4.655303001403808594e+00,9.329375267028808594e+00
1.535999999999999943e+01,8.530776977539062500e+00,3.558063983917236328e+00,8.652932167053222656e+00,1.075200462341308594e+01,4.693328380584716797e+00,9.375617027282714844e+00
1.543999999999999950e+01,8.587018966674804688e+00,3.584595680236816406e+00,8.694259643554687500e+00,1.080800437927246094e+01,4.731652259826660156e+00,9.421989440917968750e+00
1.551999999999999957e+01,8.643387794494628906e+00,3.611407756805419922e+00,8.735845565795898438e+00,1.086400413513183594e+01,4.770238876342773438e+00,9.468453407287597656e+00
1.559999999999999964e+01,8.699639320373535156e+00,3.638455867767333984e+00,8.777703285217285156e+00,1.092000389099121094e+01,4.809062480926513672e+00,9.514984130859375000e+00
1.567999999999999972e+01,8.756015777587890625e+00,3.665785551071166992e+00,8.819786071777343750e+00,1.097600364685058594e+01,4.851223945617675781e+00,9.565711975097656250e+00
1.575999999999999979e+01,8.812276840209960938e+00,3.693363666534423828e+00,8.862483978271484375e+00,1.103200340270996094e+01,4.895348548889160156e+00,9.618670463562011719e+00
1.583999999999999986e+01,8.868660926818847656e+00,3.721221923828125000e+00,8.905879974365234375e+00,1.108800315856933594e+01,4.940428733825683594e+00,9.672462463378906250e+00
1.591999999999999993e+01,8.924936294555664062e+00,3.749388694763183594e+00,8.949944496154785156e+00,1.114400291442871094e+01,4.985769748687744141e+00,9.726164817810058594e+00
1.600000000000000000e+01,8.981339454650878906e+00,3.777881145477294922e+00,8.994557380676269531e+00,1.120000267028808594e+01,5.030929088592529297e+00,9.779226303100585938e+00
1.608000000000000185e+01,9.037638664245605469e+00,3.806724786758422852e+00,9.039613723754882812e+00,1.125600242614746094e+01,5.075658321380615234e+00,9.831372261047363281e+00
1.616000000000000014e+01,9.094063758850097656e+00,3.835907936096191406e+00,9.084980010986328125e+00,1.131200218200683594e+01,5.119852542877197266e+00,9.882523536682128906e+00
1.624000000000000199e+01,9.150385856628417969e+00,3.865454673767089844e+00,9.130582809448242188e+00,1.136800193786621094e+01,5.166770458221435547e+00,9.936930656433105469e+00
1.632000000000000028e+01,9.206829071044921875e+00,3.895331382751464844e+00,9.176690101623535156e+00,1.142400169372558594e+01,5.215038299560546875e+00,9.992726325988769531e+00
1.639999999999999858e+01,9.263167381286621094e+00,3.925566911697387695e+00,9.223372459411621094e+00,1.148000144958496094e+01,5.263699054718017578e+00,1.004864883422851562e+01
1.648000000000000043e+01,9.319626808166503906e+00,3.956164598464965820e+00,9.270560264587402344e+00,1.153600120544433594e+01,5.312133312225341797e+00,1.010391998291015625e+01
1.655999999999999872e+01,9.375989913940429688e+00,3.987162351608276367e+00,9.318156242370605469e+00,1.159200096130371094e+01,5.363345623016357422e+00,1.015991973876953125e+01
1.664000000000000057e+01,9.432471275329589844e+00,4.018537998199462891e+00,9.366168975830078125e+00,1.164800071716308594e+01,5.415702819824218750e+00,1.021591949462890625e+01
1.671999999999999886e+01,9.488859176635742188e+00,4.050322532653808594e+00,9.414564132690429688e+00,1.170400047302246094e+01,5.468099117279052734e+00,1.027191925048828125e+01
1.680000000000000071e+01,9.545360565185546875e+00,4.082521915435791016e+00,9.463323593139648438e+00,1.176000022888183594e+01,5.523286819458007812e+00,1.032791900634765625e+01
1.687999999999999901e+01,9.601777076721191406e+00,4.115169048309326172e+00,9.512400627136230469e+00,1.181599998474121094e+01,5.579287052154541016e+00,1.038391876220703125e+01
1.696000000000000085e+01,9.658301353454589844e+00,4.148242473602294922e+00,9.561794281005859375e+00,1.187199974060058594e+01,5.635017871856689453e+00,1.043991851806640625e+01
1.703999999999999915e+01,9.714748382568359375e+00,4.181811809539794922e+00,9.611489295959472656e+00,1.192799949645996094e+01,5.691018104553222656e+00,1.049591827392578125e+01
1.712000000000000099e+01,9.771298408508300781e+00,4.215840339660644531e+00,9.661483764648437500e+00,1.198399925231933594e+01,5.747018337249755859e+00,1.055191802978515625e+01
1.719999999999999929e+01,9.827775001525878906e+00,4.250375270843505859e+00,9.711758613586425781e+00,1.203999900817871094e+01,5.803018569946289062e+00,1.060791778564453125e+01
1.728000000000000114e+01,9.884347915649414062e+00,4.285377979278564453e+00,9.762310981750488281e+00,1.209599876403808594e+01,5.859018802642822266e+00,1.066391754150390625e+01
1.735999999999999943e+01,9.940851211547851562e+00,4.320889949798583984e+00,9.813121795654296875e+00,1.215199851989746094e+01,5.915019035339355469e+00,1.071991729736328125e+01
1.744000000000000128e+01,9.997443199157714844e+00,4.356871128082275391e+00,9.864186286926269531e+00,1.220799827575683594e+01,5.971019268035888672e+00,1.077591705322265625e+01
1.751999999999999957e+01,1.005396938323974609e+01,4.393359184265136719e+00,9.915487289428710938e+00,1.226399803161621094e+01,6.027019500732421875e+00,1.083191680908203125e+01
1.760000000000000142e+01,1.011057758331298828e+01,4.430314064025878906e+00,9.967020034790039062e+00,1.231999778747558594e+01,6.083019733428955078e+00,1.088791656494140625e+01
1.767999999999999972e+01,1.016712284088134766e+01,4.467770576477050781e+00,1.001876735687255859e+01,1.237599754333496094e+01,6.139019966125488281e+00,1.094391632080078125e+01
1.776000000000000156e+01,1.022374343872070312e+01,4.505688667297363281e+00,1.007072544097900391e+01,1.243199729919433594e+01,6.195020198822021484e+00,1.099991607666015625e+01
1.783999999999999986e+01,1.028030395507812500e+01,4.544099807739257812e+00,1.012287902832031250e+01,1.248799705505371094e+01,6.251020431518554688e+00,1.105591583251953125e+01
1.792000000000000171e+01,1.033693408966064453e+01,4.582966327667236328e+00,1.017522430419921875e+01,1.254399681091308594e+01,6.307020664215087891e+00,1.111191558837890625e+01
1.800000000000000000e+01,1.039350700378417969e+01,4.622315406799316406e+00,1.022774696350097656e+01,1.259999656677246094e+01,6.363020896911621094e+00,1.116791534423828125e+01
1.808000000000000185e+01,1.045014286041259766e+01,4.662110805511474609e+00,1.028044319152832031e+01,1.265599632263183594e+01,6.419021129608154297e+00,1.122391510009765625e+01
1.816000000000000014e+01,1.050672435760498047e+01,4.702377319335937500e+00,1.033330059051513672e+01,1.271199607849121094e+01,6.475021362304687500e+00,1.127991485595703125e+01
1.824000000000000199e+01,1.056336307525634766e+01,4.743079662322998047e+00,1.038631534576416016e+01,1.276799583435058594e+01,6.531021595001220703e+00,1.133591461181640625e+01
1.832000000000000028e+01,1.061995029449462891e+01,4.784239292144775391e+00,1.043947696685791016e+01,1.282399559020996094e+01,6.587021827697753906e+00,1.139191436767578125e+01
1.840000000000000213e+01,1.067658901214599609e+01,4.825823307037353516e+00,1.049277973175048828e+01,1.287999534606933594e+01,6.643022060394287109e+00,1.144791412353515625e+01
1.848000000000000043e+01,1.073317909240722656e+01,4.867850303649902344e+00,1.054621601104736328e+01,1.293599510192871094e+01,6.699022293090820312e+00,1.150391387939453125e+01
1.855999999999999872e+01,1.078981494903564453e+01,4.910288810729980469e+00,1.059978103637695312e+01,1.299199485778808594e+01,6.755022525787353516e+00,1.155991363525390625e+01
1.864000000000000057e+01,1.084640502929687500e+01,4.953155040740966797e+00,1.065346717834472656e+01,1.304799461364746094e+01,6.811022758483886719e+00,1.161591339111328125e+01
1.871999999999999886e+01,1.090303611755371094e+01,4.996419429779052734e+00,1.070726966857910156e+01,1.310399436950683594e+01,6.867022991180419922e+00,1.167191314697265625e+01
1.880000000000000071e+01,1.095962429046630859e+01,5.040095329284667969e+00,1.076118183135986328e+01,1.315999412536621094e+01,6.923023223876953125e+00,1.172791290283203125e+01
1.887999999999999901e+01,1.101624870300292969e+01,5.084155082702636719e+00,1.081519889831542969e+01,1.321599388122558594e+01,6.979023456573486328e+00,1.178391265869140625e+01
1.896000000000000085e+01,1.107283210754394531e+01,5.128610134124755859e+00,1.086931610107421875e+01,1.327199363708496094e+01,7.035023689270019531e+00,1.183991241455078125e+01
1.903999999999999915e+01,1.112944698333740234e+01,5.173434257507324219e+00,1.092352867126464844e+01,1.332799339294433594e+01,7.091023921966552734e+00,1.189591217041015625e+01
1.912000000000000099e+01,1.118602466583251953e+01,5.218636989593505859e+00,1.097783184051513672e+01,1.338399314880371094e+01,7.147024154663085938e+00,1.195191192626953125e+01
1.919999999999999929e+01,1.124262905120849609e+01,5.264193534851074219e+00,1.103222084045410156e+01,1.343999290466308594e+01,7.203024387359619141e+00,1.200791168212890625e+01
1.928000000000000114e+01,1.129919815063476562e+01,5.310111999511718750e+00,1.108669185638427734e+01,1.349599266052246094e+01,7.259024620056152344e+00,1.206391143798828125e+01
1.935999999999999943e+01,1.135579013824462891e+01,5.356369018554687500e+00,1.114124011993408203e+01,1.355199241638183594e+01,7.315024852752685547e+00,1.211991119384765625e+01
1.944000000000000128e+01,1.141234970092773438e+01,5.402970790863037109e+00,1.119586277008056641e+01,1.360799217224121094e+01,7.371025085449218750e+00,1.217591094970703125e+01
1.951999999999999957e+01,1.146892833709716797e+01,5.449896335601806641e+00,1.125055599212646484e+01,1.366399192810058594e+01,7.427025318145751953e+00,1.223191070556640625e+01
1.960000000000000142e+01,1.152547645568847656e+01,5.497149467468261719e+00,1.130531597137451172e+01,1.371999168395996094e+01,7.483025550842285156e+00,1.228791046142578125e+01
1.967999999999999972e+01,1.158204078674316406e+01,5.544710636138916016e+00,1.136013984680175781e+01,1.377599143981933594e+01,7.539025783538818359e+00,1.234391021728515625e+01
1.976000000000000156e+01,1.163857746124267578e+01,5.592583179473876953e+00,1.141502380371093750e+01,1.383199119567871094e+01,7.595026016235351562e+00,1.239990997314453125e+01
1.983999999999999986e+01,1.169512653350830078e+01,5.640748977661132812e+00,1.146996593475341797e+01,1.388799095153808594e+01,7.651026248931884766e+00,1.245590972900390625e+01
1.992000000000000171e+01,1.175164985656738281e+01,5.689209461212158203e+00,1.152496242523193359e+01,1.394399070739746094e+01,7.707026481628417969e+00,1.251190948486328125e+01
2.000000000000000000e+01,1.180818271636962891e+01,5.737947940826416016e+00,1.158001136779785156e+01,1.399999046325683594e+01,7.763026714324951172e+00,1.256790924072265625e+01
2.008000000000000185e+01,1.186469173431396484e+01,5.786965370178222656e+00,1.163510990142822266e+01,1.405599021911621094e+01,7.819026947021484375e+00,1.262390899658203125e+01
2.016000000000000014e+01,1.192120742797851562e+01,5.836246013641357422e+00,1.169025516510009766e+01,1.411198997497558594e+01,7.875027179718017578e+00,1.267990875244140625e+01
2.024000000000000199e+01,1.197770118713378906e+01,5.885789871215820312e+00,1.174544525146484375e+01,1.416798973083496094e+01,7.931027412414550781e+00,1.273590850830078125e+01
2.032000000000000028e+01,1.203419971466064453e+01,5.935582637786865234e+00,1.180067729949951172e+01,1.422398948669433594e+01,7.987027645111083984e+00,1.279190826416015625e+01
2.040000000000000213e+01,1.209067821502685547e+01,5.985623359680175781e+00,1.185595035552978516e+01,1.427998924255371094e+01,8.043027877807617188e+00,1.284790802001953125e+01
2.048000000000000043e+01,1.214715957641601562e+01,6.035898685455322266e+00,1.191126155853271484e+01,1.433598899841308594e+01,8.099027633666992188e+00,1.290390777587890625e+01
2.055999999999999872e+01,1.220362186431884766e+01,6.086407184600830078e+00,1.196660900115966797e+01,1.439198875427246094e+01,8.155027389526367188e+00,1.295990753173828125e+01
2.064000000000000057e+01,1.226008510589599609e+01,6.137136936187744141e+00,1.202199077606201172e+01,1.444798851013183594e+01,8.211027145385742188e+00,1.301590728759765625e+01
2.071999999999999886e+01,1.231653118133544922e+01,6.188086032867431641e+00,1.207740592956542969e+01,1.450398826599121094e+01,8.267026901245117188e+00,1.307190704345703125e+01
2.080000000000000071e+01,1.237297630310058594e+01,6.239242553710937500e+00,1.213285160064697266e+01,1.455998802185058594e+01,8.323026657104492188e+00,1.312790679931640625e+01
2.087999999999999901e+01,1.242940521240234375e+01,6.290604591369628906e+00,1.218832683563232422e+01,1.461598777770996094e+01,8.379026412963867188e+00,1.318390655517578125e+01
2.096000000000000085e+01,1.248583316802978516e+01,6.342161655426025391e+00,1.224382972717285156e+01,1.467198753356933594e+01,8.435026168823242188e+00,1.323990631103515625e+01
2.103999999999999915e+01,1.254224586486816406e+01,6.393910884857177734e+00,1.229935932159423828e+01,1.472798728942871094e+01,8.491025924682617188e+00,1.329590606689453125e+01
2.112000000000000099e+01,1.259865570068359375e+01,6.445842742919921875e+00,1.235491466522216797e+01,1.478398704528808594e+01,8.547025680541992188e+00,1.335190582275390625e+01
2.119999999999999929e+01,1.265505123138427734e+01,6.497954368591308594e+00,1.241049385070800781e+01,1.483998680114746094e+01,8.603025436401367188e+00,1.340790557861328125e+01
2.128000000000000114e+01,1.271144294738769531e+01,6.550237178802490234e+00,1.246609592437744141e+01,1.489598655700683594e+01,8.659025192260742188e+00,1.346390533447265625e+01
2.135999999999999943e+01,1.276782131195068359e+01,6.602687358856201172e+00,1.252171897888183594e+01,1.495198631286621094e+01,8.715024948120117188e+00,1.351990509033203125e+01
2.144000000000000128e+01,1.282419586181640625e+01,6.655297279357910156e+00,1.257736301422119141e+01,1.500798606872558594e+01,8.771024703979492188e+00,1.357590484619140625e+01
2.151999999999999957e+01,1.288055801391601562e+01,6.708063125610351562e+00,1.263302612304687500e+01,1.506398582458496094e+01,8.827024459838867188e+00,1.363190460205078125e+01
2.160000000000000142e+01,1.293691539764404297e+01,6.760977745056152344e+00,1.268870735168457031e+01,1.511998558044433594e+01,8.883024215698242188e+00,1.368790435791015625e+01
2.167999999999999972e+01,1.299326038360595703e+01,6.814037799835205078e+00,1.274440670013427734e+01,1.517598533630371094e+01,8.939023971557617188e+00,1.374390411376953125e+01
2.176000000000000156e+01,1.304960060119628906e+01,6.867236137390136719e+00,1.280012226104736328e+01,1.523198509216308594e+01,8.995023727416992188e+00,1.379990386962890625e+01
2.183999999999999986e+01,1.310592937469482422e+01,6.920569419860839844e+00,1.285585308074951172e+01,1.528798484802246094e+01,9.051023483276367188e+00,1.385590362548828125e+01
2.192000000000000171e+01,1.316225242614746094e+01,6.974031448364257812e+00,1.291159915924072266e+01,1.534398460388183594e+01,9.107023239135742188e+00,1.391190338134765625e+01
2.200000000000000000e+01,1.321856498718261719e+01,7.027618408203125000e+00,1.296735954284667969e+01,1.539998435974121094e+01,9.163022994995117188e+00,1.396790313720703125e+01
2.208000000000000185e+01,1.327487182617187500e+01,7.081324577331542969e+00,1.302313327789306641e+01,1.545598411560058594e+01,9.219022750854492188e+00,1.402390289306640625e+01
2.216000000000000014e+01,1.333116912841796875e+01,7.135146617889404297e+00,1.307891941070556641e+01,1.551198387145996094e+01,9.275022506713867188e+00,1.407990264892578125e+01
2.224000000000000199e+01,1.338745975494384766e+01,7.189078807830810547e+00,1.313471698760986328e+01,1.556798362731933594e+01,9.331022262573242188e+00,1.413590240478515625e+01
2.232000000000000028e+01,1.344374179840087891e+01,7.243118286132812500e+00,1.319052600860595703e+01,1.562398338317871094e+01,9.387022018432617188e+00,1.419190216064453125e+01
2.240000000000000213e+01,1.350001716613769531e+01,7.297259807586669922e+00,1.324634552001953125e+01,1.567998313903808594e+01,9.443021774291992188e+00,1.424790191650390625e+01
2.248000000000000043e+01,1.355628395080566406e+01,7.351500034332275391e+00,1.330217552185058594e+01,1.573598289489746094e+01,9.499021530151367188e+00,1.430390167236328125e+01
2.255999999999999872e+01,1.361254405975341797e+01,7.405834197998046875e+00,1.335801506042480469e+01,1.579198265075683594e+01,9.555021286010742188e+00,1.435990142822265625e+01
2.264000000000000057e+01,1.366879653930664062e+01,7.460259437561035156e+00,1.341386318206787109e+01,1.584798240661621094e+01,9.611021041870117188e+00,1.441590118408203125e+01
2.271999999999999886e+01,1.372504234313964844e+01,7.514771461486816406e+00,1.346971988677978516e+01,1.590398216247558594e+01,9.667020797729492188e+00,1.447190093994140625e+01
2.280000000000000071e+01,1.378128051757812500e+01,7.569366931915283203e+00,1.352558517456054688e+01,1.595998191833496094e+01,9.723020553588867188e+00,1.452790069580078125e+01
2.287999999999999901e+01,1.383751201629638672e+01,7.624042034149169922e+00,1.358145809173583984e+01,1.601598167419433594e+01,9.779020309448242188e+00,1.458390045166015625e+01
2.296000000000000085e+01,1.389373683929443359e+01,7.678793907165527344e+00,1.363733768463134766e+01,1.607198143005371094e+01,9.835020065307617188e+00,1.463990020751953125e+01
2.303999999999999915e+01,1.394995498657226562e+01,7.733619213104248047e+00,1.369322395324707031e+01,1.612798118591308594e+01,9.891019821166992188e+00,1.469589996337890625e+01
2.312000000000000099e+01,1.400616645812988281e+01,7.788514614105224609e+00,1.374911689758300781e+01,1.618398094177246094e+01,9.947019577026367188e+00,1.475189971923828125e+01
2.319999999999999929e+01,1.406237220764160156e+01,7.843477249145507812e+00,1.380501651763916016e+01,1.623998069763183594e+01,1.000301933288574219e+01,1.480789947509765625e+01
2.328000000000000114e+01,1.411857032775878906e+01,7.898504257202148438e+00,1.386092185974121094e+01,1.629598045349121094e+01,1.005901908874511719e+01,1.486389923095703125e+01
2.335999999999999943e+01,1.417476272583007812e+01,7.953592300415039062e+00,1.391683197021484375e+01,1.635198020935058594e+01,1.011501884460449219e+01,1.491989898681640625e+01
2.344000000000000128e+01,1.423094940185546875e+01,8.008739471435546875e+00,1.397274780273437500e+01,1.640797996520996094e+01,1.017101860046386719e+01,1.497589874267578125e+01
2.351999999999999957e+01,1.428713035583496094e+01,8.063941955566406250e+00,1.402866840362548828e+01,1.646397972106933594e+01,1.022701835632324219e+01,1.503189849853515625e+01
2.360000000000000142e+01,1.434330463409423828e+01,8.119197845458984375e+00,1.408459377288818359e+01,1.651997947692871094e+01,1.028301811218261719e+01,1.508789825439453125e+01
2.367999999999999972e+01,1.439947414398193359e+01,8.174505233764648438e+00,1.414052295684814453e+01,1.657597923278808594e+01,1.033901786804199219e+01,1.514389801025390625e+01
2.376000000000000156e+01,1.445563697814941406e+01,8.229861259460449219e+00,1.419645595550537109e+01,1.663197898864746094e+01,1.039501762390136719e+01,1.519989776611328125e+01
2.383999999999999986e+01,1.451179504394531250e+01,8.285263061523437500e+00,1.425239276885986328e+01,1.668797874450683594e+01,1.045101737976074219e+01,1.525589752197265625e+01
2.392000000000000171e+01,1.456794738769531250e+01,8.340708732604980469e+00,1.430833339691162109e+01,1.674397850036621094e+01,1.050701713562011719e+01,1.531189727783203125e+01
2.400000000000000000e+01,1.462409496307373047e+01,8.396196365356445312e+00,1.436427783966064453e+01,1.679997825622558594e+01,1.056301689147949219e+01,1.536789703369140625e+01
2.408000000000000185e+01,1.468023681640625000e+01,8.451724052429199219e+00,1.442022514343261719e+01,1.685597801208496094e+01,1.061901664733886719e+01,1.542389678955078125e+01
2.416000000000000014e+01,1.473637390136718750e+01,8.507289886474609375e+00,1.447617530822753906e+01,1.691197776794433594e+01,1.067501640319824219e+01,1.547989654541015625e+01
2.424000000000000199e+01,1.479250621795654297e+01,8.562891006469726562e+00,1.453212833404541016e+01,1.696797752380371094e+01,1.073101615905761719e+01,1.553589630126953125e+01
2.432000000000000028e+01,1.484863376617431641e+01,8.618526458740234375e+00,1.458808422088623047e+01,1.702397727966308594e+01,1.078701591491699219e+01,1.559189605712890625e+01
2.440000000000000213e+01,1.490475654602050781e+01,8.674194335937500000e+00,1.464404296875000000e+01,1.707997703552246094e+01,1.084301567077636719e+01,1.564789581298828125e+01
2.448000000000000043e+01,1.496087551116943359e+01,8.729892730712890625e+00,1.470000457763671875e+01,1.713597679138183594e+01,1.089901542663574219e+01,1.570389556884765625e+01
2.456000000000000227e+01,1.501698970794677734e+01,8.785620689392089844e+00,1.475596809387207031e+01,1.719197654724121094e+01,1.095501518249511719e+01,1.575989532470703125e+01
2.464000000000000057e+01,1.507310009002685547e+01,8.841375350952148438e+00,1.481193351745605469e+01,1.724797630310058594e+01,1.101101493835449219e+01,1.581589508056640625e+01
2.471999999999999886e+01,1.512920570373535156e+01,8.897156715393066406e+00,1.486790084838867188e+01,1.730397605895996094e+01,1.106701469421386719e+01,1.587189483642578125e+01
2.480000000000000071e+01,1.518530750274658203e+01,8.952961921691894531e+00,1.492387008666992188e+01,1.735997581481933594e+01,1.112301445007324219e+01,1.592789459228515625e+01
2.487999999999999901e+01,1.524140548706054688e+01,9.008790969848632812e+00,1.497984123229980469e+01,1.741597557067871094e+01,1.117901420593261719e+01,1.598389434814453125e+01
2.496000000000000085e+01,1.529749965667724609e+01,9.064641952514648438e+00,1.503581428527832031e+01,1.747197532653808594e+01,1.123501396179199219e+01,1.603989410400390625e+01
2.503999999999999915e+01,1.535359001159667969e+01,9.120512962341308594e+00,1.509178829193115234e+01,1.752797508239746094e+01,1.129101371765136719e+01,1.609589385986328125e+01
2.512000000000000099e+01,1.540967655181884766e+01,9.176403999328613281e+00,1.514776420593261719e+01,1.758397483825683594e+01,1.134701347351074219e+01,1.615189361572265625e+01
2.519999999999999929e+01,1.546576023101806641e+01,9.232313156127929688e+00,1.520374107360839844e+01,1.763997459411621094e+01,1.140301322937011719e+01,1.620789337158203125e+01
2.528000000000000114e+01,1.552184009552001953e+01,9.288239479064941406e+00,1.525971984863281250e+01,1.769597434997558594e+01,1.145901298522949219e+01,1.626389312744140625e+01
2.535999999999999943e+01,1.557791709899902344e+01,9.344181060791015625e+00,1.531569957733154297e+01,1.775197410583496094e+01,1.151501274108886719e+01,1.631989288330078125e+01
2.544000000000000128e+01,1.563399028778076172e+01,9.400137901306152344e+00,1.537168025970458984e+01,1.780797386169433594e+01,1.157101249694824219e+01,1.637589263916015625e+01
2.551999999999999957e+01,1.569006061553955078e+01,9.456109046936035156e+00,1.542766189575195312e+01,1.786397361755371094e+01,1.162701225280761719e+01,1.643189239501953125e+01
2.560000000000000142e+01,1.574612808227539062e+01,9.512093544006347656e+00,1.548364543914794922e+01,1.791997337341308594e+01,1.168301200866699219e+01,1.648789215087890625e+01
2.567999999999999972e+01,1.580219268798828125e+01,9.568090438842773438e+00,1.553962993621826172e+01,1.797597312927246094e+01,1.173901176452636719e+01,1.654389190673828125e+01
2.576000000000000156e+01,1.585825443267822266e+01,9.624098777770996094e+00,1.559561443328857422e+01,1.803197288513183594e+01,1.179501152038574219e+01,1.659989166259765625e+01
2.583999999999999986e+01,1.591431331634521484e+01,9.680117607116699219e+00,1.565159988403320312e+01,1.808797264099121094e+01,1.185101127624511719e+01,1.665589141845703125e+01
2.592000000000000171e+01,1.597036933898925781e+01,9.736145973205566406e+00,1.570758628845214844e+01,1.814397239685058594e+01,1.190701103210449219e+01,1.671189117431640625e+01
2.600000000000000000e+01,1.602642250061035156e+01,9.792183876037597656e+00,1.576357364654541016e+01,1.819997215270996094e+01,1.196301078796386719e+01,1.676789093017578125e+01
2.608000000000000185e+01,1.608247375488281250e+01,9.848230361938476562e+00,1.581956195831298828e+01,1.825597190856933594e+01,1.201901054382324219e+01,1.682389068603515625e+01
2.616000000000000014e+01,1.613852310180664062e+01,9.904284477233886719e+00,1.587555027008056641e+01,1.831197166442871094e+01,1.207501029968261719e+01,1.687989044189453125e+01
2.624000000000000199e+01,1.619457054138183594e+01,9.960345268249511719e+00,1.593153953552246094e+01,1.836797142028808594e+01,1.213101005554199219e+01,1.693589019775390625e+01
2.632000000000000028e+01,1.625061416625976562e+01,1.001641273498535156e+01,1.598752975463867188e+01,1.842397117614746094e+01,1.218700981140136719e+01,1.699188995361328125e+01
2.640000000000000213e+01,1.630665588378906250e+01,1.007248592376708984e+01,1.604351997375488281e+01,1.847997093200683594e+01,1.224300956726074219e+01,1.704788970947265625e+01
2.648000000000000043e+01,1.636269569396972656e+01,1.012856483459472656e+01,1.609951019287109375e+01,1.853597068786621094e+01,1.229900932312011719e+01,1.710388946533203125e+01
2.656000000000000227e+01,1.641873359680175781e+01,1.018464851379394531e+01,1.615550231933593750e+01,1.859197044372558594e+01,1.235500907897949219e+01,1.715988922119140625e+01
2.664000000000000057e+01,1.647476959228515625e+01,1.024073696136474609e+01,1.621149444580078125e+01,1.864797019958496094e+01,1.241100883483886719e+01,1.721588897705078125e+01
2.671999999999999886e+01,1.653080368041992188e+01,1.029682922363281250e+01,1.626748657226562500e+01,1.870396995544433594e+01,1.246700859069824219e+01,1.727188873291015625e+01
2.680000000000000071e+01,1.658683586120605469e+01,1.035292530059814453e+01,1.632347869873046875e+01,1.875996971130371094e+01,1.252300834655761719e+01,1.732788848876953125e+01
2.687999999999999901e+01,1.664286613464355469e+01,1.040902423858642578e+01,1.637947082519531250e+01,1.881596946716308594e+01,1.257900810241699219e+01,1.738388824462890625e+01
2.696000000000000085e+01,1.669889450073242188e+01,1.046512603759765625e+01,1.643546485900878906e+01,1.887196922302246094e+01,1.263500785827636719e+01,1.743988800048828125e+01
2.703999999999999915e+01,1.675492286682128906e+01,1.052123069763183594e+01,1.649145889282226562e+01,1.892796897888183594e+01,1.269100761413574219e+01,1.749588775634765625e+01
2.712000000000000099e+01,1.681094932556152344e+01,1.057733726501464844e+01,1.654745292663574219e+01,1.898396873474121094e+01,1.274700736999511719e+01,1.755188751220703125e+01
2.719999999999999929e+01,1.686697387695312500e+01,1.063344573974609375e+01,1.660344696044921875e+01,1.903996849060058594e+01,1.280300712585449219e+01,1.760788726806640625e+01
2.728000000000000114e+01,1.692299652099609375e+01,1.068955612182617188e+01,1.665944099426269531e+01,1.909596824645996094e+01,1.285900688171386719e+01,1.766388702392578125e+01
2.735999999999999943e+01,1.697901725769042969e+01,1.074566745758056641e+01,1.671543502807617188e+01,1.915196800231933594e+01,1.291500663757324219e+01,1.771988677978515625e+01
2.744000000000000128e+01,1.703503799438476562e+01,1.080177974700927734e+01,1.677142906188964844e+01,1.920796775817871094e+01,1.297100639343261719e+01,1.777588653564453125e+01
2.751999999999999957e+01,1.709105682373046875e+01,1.085789299011230469e+01,1.682742500305175781e+01,1.926396751403808594e+01,1.302700614929199219e+01,1.783188629150390625e+01
2.760000000000000142e+01,1.714707374572753906e+01,1.091400623321533203e+01,1.688342094421386719e+01,1.931996726989746094e+01,1.308300590515136719e+01,1.788788604736328125e+01
2.767999999999999972e+01,1.720309066772460938e+01,1.097011947631835938e+01,1.693941688537597656e+01,1.937596702575683594e+01,1.313900566101074219e+01,1.794388580322265625e+01
2.776000000000000156e+01,1.725910568237304688e+01,1.102623271942138672e+01,1.699541282653808594e+01,1.943196678161621094e+01,1.319500541687011719e+01,1.799988555908203125e+01
2.783999999999999986e+01,1.731512069702148438e+01,1.108234596252441406e+01,1.705140876770019531e+01,1.948796653747558594e+01,1.325100517272949219e+01,1.805588531494140625e+01
2.792000000000000171e+01,1.737113380432128906e+01,1.113845920562744141e+01,1.710740470886230469e+01,1.954396629333496094e+01,1.330700492858886719e+01,1.811188507080078125e+01
2.800000000000000000e+01,1.742714691162109375e+01,1.119457149505615234e+01,1.716340065002441406e+01,1.959996604919433594e+01,1.336300468444824219e+01,1.816788482666015625e+01
2.808000000000000185e+01,1.748315811157226562e+01,1.125068378448486328e+01,1.721939659118652344e+01,1.965596580505371094e+01,1.341900444030761719e+01,1.822388458251953125e+01
2.816000000000000014e+01,1.753916931152343750e+01,1.130679512023925781e+01,1.727539253234863281e+01,1.971196556091308594e+01,1.347500419616699219e+01,1.827988433837890625e+01
2.824000000000000199e+01,1.759517860412597656e+01,1.136290550231933594e+01,1.733138847351074219e+01,1.976796531677246094e+01,1.353100395202636719e+01,1.833588409423828125e+01
2.832000000000000028e+01,1.765118789672851562e+01,1.141901493072509766e+01,1.738738441467285156e+01,1.982396507263183594e+01,1.358700370788574219e+01,1.839188385009765625e+01
2.840000000000000213e+01,1.770719528198242188e+01,1.147512340545654297e+01,1.744338035583496094e+01,1.987996482849121094e+01,1.364300346374511719e+01,1.844788360595703125e+01
2.848000000000000043e+01,1.776320266723632812e+01,1.153123092651367188e+01,1.749937820434570312e+01,1.993596458435058594e+01,1.369900321960449219e+01,1.850388336181640625e+01
2.856000000000000227e+01,1.781921005249023438e+01,1.158733654022216797e+01,1.755537605285644531e+01,1.999196434020996094e+01,1.375500297546386719e+01,1.855988311767578125e+01
2.864000000000000057e+01,1.787521553039550781e+01,1.164344120025634766e+01,1.761137390136718750e+01,2.004796409606933594e+01,1.381100273132324219e+01,1.861588287353515625e+01
2.871999999999999886e+01,1.793122100830078125e+01,1.169954395294189453e+01,1.766737174987792969e+01,2.010396385192871094e+01,1.386700248718261719e+01,1.867188262939453125e+01
2.880000000000000071e+01,1.798722648620605469e+01,1.175564575195312500e+01,1.772336959838867188e+01,2.015996360778808594e+01,1.392300224304199219e+01,1.872788238525390625e+01
2.887999999999999901e+01,1.804323005676269531e+01,1.181174564361572266e+01,1.777936744689941406e+01,2.021596336364746094e+01,1.397900199890136719e+01,1.878388214111328125e+01
2.896000000000000085e+01,1.809923362731933594e+01,1.186784362792968750e+01,1.783536529541015625e+01,2.027196311950683594e+01,1.403500175476074219e+01,1.883988189697265625e+01
2.903999999999999915e+01,1.815523719787597656e+01,1.192393970489501953e+01,1.789136314392089844e+01,2.032796287536621094e+01,1.409100151062011719e+01,1.889588165283203125e+01
2.912000000000000099e+01,1.821123886108398438e+01,1.198003482818603516e+01,1.794736099243164062e+01,2.038396263122558594e+01,1.414700126647949219e+01,1.895188140869140625e+01
2.919999999999999929e+01,1.826724052429199219e+01,1.203612804412841797e+01,1.800335884094238281e+01,2.043996238708496094e+01,1.420300102233886719e+01,1.900788116455078125e+01
2.928000000000000114e+01,1.832324218750000000e+01,1.209221935272216797e+01,1.805935668945312500e+01,2.049596214294433594e+01,1.425900077819824219e+01,1.906388092041015625e+01
2.935999999999999943e+01,1.837924385070800781e+01,1.214830875396728516e+01,1.811535453796386719e+01,2.055196189880371094e+01,1.431500053405761719e+01,1.911988067626953125e+01
2.944000000000000128e+01,1.843524551391601562e+01,1.220439624786376953e+01,1.817135238647460938e+01,2.060796165466308594e+01,1.437100028991699219e+01,1.917588043212890625e+01
2.951999999999999957e+01,1.849124526977539062e+01,1.226048183441162109e+01,1.822735023498535156e+01,2.066396141052246094e+01,1.442700004577636719e+01,1.923188018798828125e+01
2.960000000000000142e+01,1.854724502563476562e+01,1.231656551361083984e+01,1.828334808349609375e+01,2.071996116638183594e+01,1.448299980163574219e+01,1.928787994384765625e+01
2.967999999999999972e+01,1.860324478149414062e+01,1.237264728546142578e+01,1.833934593200683594e+01,2.077596092224121094e+01,1.453899955749511719e+01,1.934387969970703125e+01
2.976000000000000156e+01,1.865924453735351562e+01,1.242872714996337891e+01,1.839534378051757812e+01,2.083196067810058594e+01,1.459499931335449219e+01,1.939987945556640625e+01
2.983999999999999986e+01,1.871524429321289062e+01,1.248480510711669922e+01,1.845134162902832031e+01,2.088796043395996094e+01,1.465099906921386719e+01,1.945587921142578125e+01
2.992000000000000171e+01,1.877124214172363281e+01,1.254088115692138672e+01,1.850733947753906250e+01,2.094396018981933594e+01,1.470699882507324219e+01,1.951187896728515625e+01
3.000000000000000000e+01,1.882723999023437500e+01,1.259695529937744141e+01,1.856333732604980469e+01,2.099995994567871094e+01,1.476299858093261719e+01,1.956787872314453125e+01
3.008000000000000185e+01,1.888323783874511719e+01,1.265302753448486328e+01,1.861933517456054688e+01,2.105336570739746094e+01,1.481899833679199219e+01,1.962387847900390625e+01
3.016000000000000014e+01,1.893923568725585938e+01,1.270909786224365234e+01,1.867538070678710938e+01,2.110095977783203125e+01,1.487499809265136719e+01,1.967987823486328125e+01
3.024000000000000199e+01,1.899523353576660156e+01,1.276516628265380859e+01,1.873155403137207031e+01,2.114157867431640625e+01,1.493099784851074219e+01,1.973587799072265625e+01
3.032000000000000028e+01,1.905119514465332031e+01,1.282123279571533203e+01,1.878791236877441406e+01,2.117503356933593750e+01,1.498699760437011719e+01,1.979187774658203125e+01
3.040000000000000213e+01,1.910705757141113281e+01,1.287729644775390625e+01,1.884448051452636719e+01,2.120176506042480469e+01,1.504299736022949219e+01,1.984787750244140625e+01
3.048000000000000043e+01,1.916273689270019531e+01,1.293335533142089844e+01,1.890125656127929688e+01,2.122258186340332031e+01,1.509899711608886719e+01,1.990387725830078125e+01
3.056000000000000227e+01,1.921814346313476562e+01,1.298940849304199219e+01,1.895821571350097656e+01,2.123845863342285156e+01,1.515499687194824219e+01,1.995987701416015625e+01
3.064000000000000057e+01,1.927318763732910156e+01,1.304545402526855469e+01,1.901532363891601562e+01,2.125040435791015625e+01,1.521099662780761719e+01,2.001587677001953125e+01
3.071999999999999886e+01,1.932778167724609375e+01,1.310149002075195312e+01,1.907254409790039062e+01,2.125937080383300781e+01,1.526699638366699219e+01,2.007187652587890625e+01
3.080000000000000071e+01,1.938184547424316406e+01,1.315751552581787109e+01,1.912984085083007812e+01,2.126574707031250000e+01,1.532299613952636719e+01,2.012787628173828125e+01
3.087999999999999901e+01,1.943531036376953125e+01,1.321352958679199219e+01,1.918718719482421875e+01,2.127042961120605469e+01,1.537899589538574219e+01,2.018387603759765625e+01
3.096000000000000085e+01,1.948811531066894531e+01,1.326953220367431641e+01,1.924455451965332031e+01,2.127412605285644531e+01,1.543499565124511719e+01,2.023987579345703125e+01
3.103999999999999915e+01,1.954020309448242188e+01,1.332552146911621094e+01,1.930192375183105469e+01,2.127736282348632812e+01,1.549099540710449219e+01,2.029587554931640625e+01
3.112000000000000099e+01,1.959153366088867188e+01,1.338149833679199219e+01,1.935924720764160156e+01,2.128051567077636719e+01,1.554699516296386719e+01,2.035187530517578125e+01
3.119999999999999929e+01,1.964206886291503906e+01,1.343746185302734375e+01,1.941651535034179688e+01,2.128383255004882812e+01,1.560299491882324219e+01,2.040787506103515625e+01
3.128000000000000114e+01,1.969178390502929688e+01,1.349341201782226562e+01,1.947372436523437500e+01,2.128699493408203125e+01,1.565899467468261719e+01,2.046387481689453125e+01
3.135999999999999943e+01,1.974065971374511719e+01,1.354934978485107422e+01,1.953088188171386719e+01,2.129028129577636719e+01,1.571499443054199219e+01,2.051987457275390625e+01
3.144000000000000128e+01,1.978868103027343750e+01,1.360527515411376953e+01,1.958798599243164062e+01,2.129386329650878906e+01,1.577099418640136719e+01,2.057587432861328125e+01
3.151999999999999957e+01,1.983583259582519531e+01,1.366118907928466797e+01,1.964503669738769531e+01,2.129783058166503906e+01,1.582699394226074219e+01,2.063187408447265625e+01
3.160000000000000142e+01,1.988210678100585938e+01,1.371709156036376953e+01,1.970203590393066406e+01,2.130221557617187500e+01,1.588299369812011719e+01,2.068787384033203125e+01
3.167999999999999972e+01,1.992749595642089844e+01,1.377298355102539062e+01,1.975898361206054688e+01,2.130701255798339844e+01,1.593899345397949219e+01,2.074387359619140625e+01
3.176000000000000156e+01,1.997200012207031250e+01,1.382886505126953125e+01,1.981588363647460938e+01,2.131218910217285156e+01,1.599499320983886719e+01,2.079987335205078125e+01
3.183999999999999986e+01,2.001561737060546875e+01,1.388473701477050781e+01,1.987273788452148438e+01,2.131720352172851562e+01,1.605099296569824219e+01,2.085587310791015625e+01
3.192000000000000171e+01,2.005835151672363281e+01,1.394060039520263672e+01,1.992955589294433594e+01,2.132222366333007812e+01,1.610699272155761719e+01,2.091187286376953125e+01
3.200000000000000000e+01,2.010020637512207031e+01,1.399645519256591797e+01,1.998633575439453125e+01,2.132735824584960938e+01,1.616299247741699219e+01,2.096787261962890625e+01
3.207999999999999829e+01,2.014118194580078125e+01,1.405230236053466797e+01,2.004307937622070312e+01,2.133267784118652344e+01,1.621899223327636719e+01,2.102387237548828125e+01
3.216000000000000369e+01,2.018128013610839844e+01,1.410814189910888672e+01,2.009978485107421875e+01,2.133821487426757812e+01,1.627499198913574219e+01,2.107987213134765625e+01
3.224000000000000199e+01,2.022050666809082031e+01,1.416397476196289062e+01,2.015645599365234375e+01,2.134398269653320312e+01,1.633099174499511719e+01,2.113587188720703125e+01
3.232000000000000028e+01,2.025887107849121094e+01,1.421980190277099609e+01,2.021309280395507812e+01,2.134944534301757812e+01,1.638699150085449219e+01,2.119187164306640625e+01
3.239999999999999858e+01,2.029637908935546875e+01,1.427562236785888672e+01,2.026970291137695312e+01,2.135481834411621094e+01,1.644299125671386719e+01,2.124787139892578125e+01
3.248000000000000398e+01,2.033304214477539062e+01,1.433143806457519531e+01,2.032628440856933594e+01,2.136025047302246094e+01,1.649899101257324219e+01,2.130387115478515625e+01
3.256000000000000227e+01,2.036886215209960938e+01,1.438724899291992188e+01,2.038283729553222656e+01,2.136583900451660156e+01,1.655499076843261719e+01,2.135987091064453125e+01
3.264000000000000057e+01,2.040385055541992188e+01,1.444305515289306641e+01,2.043936157226562500e+01,2.137163925170898438e+01,1.661099052429199219e+01,2.141587066650390625e+01
3.271999999999999886e+01,2.043801689147949219e+01,1.449885654449462891e+01,2.049585914611816406e+01,2.137767791748046875e+01,1.666699028015136719e+01,2.147187042236328125e+01
3.279999999999999716e+01,2.047137260437011719e+01,1.455465412139892578e+01,2.055233001708984375e+01,2.138396072387695312e+01,1.672299003601074219e+01,2.152787017822265625e+01
3.288000000000000256e+01,2.050393104553222656e+01,1.461044883728027344e+01,2.060877418518066406e+01,2.138990783691406250e+01,1.677898979187011719e+01,2.158386993408203125e+01
3.296000000000000085e+01,2.053570747375488281e+01,1.466624069213867188e+01,2.066519927978515625e+01,2.139574813842773438e+01,1.683498954772949219e+01,2.163986968994140625e+01
3.303999999999999915e+01,2.056671524047851562e+01,1.472203063964843750e+01,2.072160339355468750e+01,2.140164375305175781e+01,1.689098930358886719e+01,2.169586944580078125e+01
3.311999999999999744e+01,2.059696388244628906e+01,1.477781772613525391e+01,2.077798843383789062e+01,2.140769958496093750e+01,1.694698905944824219e+01,2.175186920166015625e+01
3.320000000000000284e+01,2.062646675109863281e+01,1.483360290527343750e+01,2.083435058593750000e+01,2.141398048400878906e+01,1.700298881530761719e+01,2.180786895751953125e+01
3.328000000000000114e+01,2.065523529052734375e+01,1.488938713073730469e+01,2.089069366455078125e+01,2.142051315307617188e+01,1.705898857116699219e+01,2.186386871337890625e+01
3.335999999999999943e+01,2.068328666687011719e+01,1.494517040252685547e+01,2.094701576232910156e+01,2.142669677734375000e+01,1.711498832702636719e+01,2.191986846923828125e+01
3.343999999999999773e+01,2.071063613891601562e+01,1.500095272064208984e+01,2.100332450866699219e+01,2.143278694152832031e+01,1.717098808288574219e+01,2.197586822509765625e+01
3.352000000000000313e+01,2.073730278015136719e+01,1.505673408508300781e+01,2.105961799621582031e+01,2.143896102905273438e+01,1.722698783874511719e+01,2.203186798095703125e+01
3.360000000000000142e+01,2.076329421997070312e+01,1.511251544952392578e+01,2.111589431762695312e+01,2.144533157348632812e+01,1.728298759460449219e+01,2.208786773681640625e+01
3.367999999999999972e+01,2.078862571716308594e+01,1.516829681396484375e+01,2.117215347290039062e+01,2.145196723937988281e+01,1.733898735046386719e+01,2.214386749267578125e+01
3.375999999999999801e+01,2.081331253051757812e+01,1.522407913208007812e+01,2.122839546203613281e+01,2.145889663696289062e+01,1.739498710632324219e+01,2.219986724853515625e+01
3.384000000000000341e+01,2.083736991882324219e+01,1.527986145019531250e+01,2.128462219238281250e+01,2.146547126770019531e+01,1.745098686218261719e+01,2.225586700439453125e+01
3.392000000000000171e+01,2.086081695556640625e+01,1.533564472198486328e+01,2.134083938598632812e+01,2.147196006774902344e+01,1.750698661804199219e+01,2.231186676025390625e+01
3.400000000000000000e+01,2.088367080688476562e+01,1.539142894744873047e+01,2.139704513549804688e+01,2.147855186462402344e+01,1.756298637390136719e+01,2.236786651611328125e+01
3.407999999999999829e+01,2.090594100952148438e+01,1.544721508026123047e+01,2.145323753356933594e+01,2.148536491394042969e+01,1.761898612976074219e+01,2.242386627197265625e+01
3.416000000000000369e+01,2.092764472961425781e+01,1.550300216674804688e+01,2.150941848754882812e+01,2.149246788024902344e+01,1.767498588562011719e+01,2.247986602783203125e+01
3.424000000000000199e+01,2.094879531860351562e+01,1.555879116058349609e+01,2.156558418273925781e+01,2.149989128112792969e+01,1.773098564147949219e+01,2.253586578369140625e+01
3.432000000000000028e+01,2.096941184997558594e+01,1.561458206176757812e+01,2.162173843383789062e+01,2.150763893127441406e+01,1.778698539733886719e+01,2.259186553955078125e+01
3.439999999999999858e+01,2.098950958251953125e+01,1.567037582397460938e+01,2.167787933349609375e+01,2.151498794555664062e+01,1.784298515319824219e+01,2.264786529541015625e+01
3.448000000000000398e+01,2.100910758972167969e+01,1.572617149353027344e+01,2.173401641845703125e+01,2.152222061157226562e+01,1.789898490905761719e+01,2.270386505126953125e+01
3.456000000000000227e+01,2.102822303771972656e+01,1.578197002410888672e+01,2.179014587402343750e+01,2.152953529357910156e+01,1.795498466491699219e+01,2.275986480712890625e+01
3.464000000000000057e+01,2.104686737060546875e+01,1.583777141571044922e+01,2.184626579284667969e+01,2.153706169128417969e+01,1.801098442077636719e+01,2.281586456298828125e+01
3.471999999999999886e+01,2.106505393981933594e+01,1.589357566833496094e+01,2.190237617492675781e+01,2.154487609863281250e+01,1.806698417663574219e+01,2.287186431884765625e+01
3.480000000000000426e+01,2.108279609680175781e+01,1.594938278198242188e+01,2.195847702026367188e+01,2.155301475524902344e+01,1.812298393249511719e+01,2.292786407470703125e+01
3.488000000000000256e+01,2.110011100769042969e+01,1.600519180297851562e+01,2.201456832885742188e+01,2.156072425842285156e+01,1.817898368835449219e+01,2.298386383056640625e+01
3.496000000000000085e+01,2.111701393127441406e+01,1.606100463867187500e+01,2.207065773010253906e+01,2.156832313537597656e+01,1.823498344421386719e+01,2.303986358642578125e+01
3.503999999999999915e+01,2.113352394104003906e+01,1.611682128906250000e+01,2.212674140930175781e+01,2.157603263854980469e+01,1.829098320007324219e+01,2.309586334228515625e+01
3.511999999999999744e+01,2.114964675903320312e+01,1.617263984680175781e+01,2.218281936645507812e+01,2.158399391174316406e+01,1.834698295593261719e+01,2.315186309814453125e+01
3.520000000000000284e+01,2.116539764404296875e+01,1.622846221923828125e+01,2.223888969421386719e+01,2.159228897094726562e+01,1.840298271179199219e+01,2.320786285400390625e+01
3.528000000000000114e+01,2.118078804016113281e+01,1.628428840637207031e+01,2.229495048522949219e+01,2.160095596313476562e+01,1.845898246765136719e+01,2.326386260986328125e+01
3.535999999999999943e+01,2.119583320617675781e+01,1.634011650085449219e+01,2.235100364685058594e+01,2.160918426513671875e+01,1.851498222351074219e+01,2.331986236572265625e+01
3.543999999999999773e+01,2.121054840087890625e+01,1.639594841003417969e+01,2.240705680847167969e+01,2.161730957031250000e+01,1.857098197937011719e+01,2.337586212158203125e+01
3.552000000000000313e+01,2.122495269775390625e+01,1.645178413391113281e+01,2.246310615539550781e+01,2.162556457519531250e+01,1.862698173522949219e+01,2.343186187744140625e+01
3.560000000000000142e+01,2.123904800415039062e+01,1.650762367248535156e+01,2.251915168762207031e+01,2.163410186767578125e+01,1.868298149108886719e+01,2.348786163330078125e+01
3.567999999999999972e+01,2.125284957885742188e+01,1.656346702575683594e+01,2.257519149780273438e+01,2.164300537109375000e+01,1.873898124694824219e+01,2.354386138916015625e+01
3.575999999999999801e+01,2.126636886596679688e+01,1.661931228637695312e+01,2.263122367858886719e+01,2.165231323242187500e+01,1.879498100280761719e+01,2.359986114501953125e+01
3.584000000000000341e+01,2.127961921691894531e+01,1.667516136169433594e+01,2.268724822998046875e+01,2.166203117370605469e+01,1.885098075866699219e+01,2.365586090087890625e+01
3.592000000000000171e+01,2.129261589050292969e+01,1.673101425170898438e+01,2.274326515197753906e+01,2.167124938964843750e+01,1.890698051452636719e+01,2.371186065673828125e+01
3.600000000000000000e+01,2.130537414550781250e+01,1.678687095642089844e+01,2.279928398132324219e+01,2.168032455444335938e+01,1.896298027038574219e+01,2.376786041259765625e+01
3.607999999999999829e+01,2.131790924072265625e+01,1.684273147583007812e+01,2.285530281066894531e+01,2.168950271606445312e+01,1.901898002624511719e+01,2.382386016845703125e+01
3.616000000000000369e+01,2.133022499084472656e+01,1.689859580993652344e+01,2.291132164001464844e+01,2.169894981384277344e+01,1.907497978210449219e+01,2.387985992431640625e+01
3.624000000000000199e+01,2.134233093261718750e+01,1.695446395874023438e+01,2.296733474731445312e+01,2.170875930786132812e+01,1.913097953796386719e+01,2.393585968017578125e+01
3.632000000000000028e+01,2.135423851013183594e+01,1.701033592224121094e+01,2.302334213256835938e+01,2.171897506713867188e+01,1.918697929382324219e+01,2.399185943603515625e+01
3.639999999999999858e+01,2.136595916748046875e+01,1.706620979309082031e+01,2.307934379577636719e+01,2.172865295410156250e+01,1.924297904968261719e+01,2.404785919189453125e+01
3.648000000000000398e+01,2.137750625610351562e+01,1.712208747863769531e+01,2.313534736633300781e+01,2.173819160461425781e+01,1.929897880554199219e+01,2.410385894775390625e+01
3.656000000000000227e+01,2.138889312744140625e+01,1.717796897888183594e+01,2.319135284423828125e+01,2.174786758422851562e+01,1.935497856140136719e+01,2.415985870361328125e+01
3.664000000000000057e+01,2.140011978149414062e+01,1.723385429382324219e+01,2.324735832214355469e+01,2.175785827636718750e+01,1.941097831726074219e+01,2.421585845947265625e+01
3.671999999999999886e+01,2.141119956970214844e+01,1.728974151611328125e+01,2.330335998535156250e+01,2.176826858520507812e+01,1.946697807312011719e+01,2.427185821533203125e+01
3.680000000000000426e+01,2.142213630676269531e+01,1.734563255310058594e+01,2.335935592651367188e+01,2.177914428710937500e+01,1.952297782897949219e+01,2.432785797119140625e+01
3.688000000000000256e+01,2.143294334411621094e+01,1.740152740478515625e+01,2.341534614562988281e+01,2.179049110412597656e+01,1.957897758483886719e+01,2.438385772705078125e+01
3.696000000000000085e+01,2.144363212585449219e+01,1.745742416381835938e+01,2.347132873535156250e+01,2.180125236511230469e+01,1.963497734069824219e+01,2.443985748291015625e+01
3.703999999999999915e+01,2.145421600341796875e+01,1.751332473754882812e+01,2.352731513977050781e+01,2.181184387207031250e+01,1.969097709655761719e+01,2.449585723876953125e+01
3.711999999999999744e+01,2.146470832824707031e+01,1.756922912597656250e+01,2.358330345153808594e+01,2.182255554199218750e+01,1.974697685241699219e+01,2.455185699462890625e+01
3.720000000000000284e+01,2.147510719299316406e+01,1.762513732910156250e+01,2.363929367065429688e+01,2.183357620239257812e+01,1.980297660827636719e+01,2.460785675048828125e+01
3.728000000000000114e+01,2.148542213439941406e+01,1.768104743957519531e+01,2.369528198242187500e+01,2.184503364562988281e+01,1.985897636413574219e+01,2.466385650634765625e+01
3.735999999999999943e+01,2.149565696716308594e+01,1.773696136474609375e+01,2.375126647949218750e+01,2.185698699951171875e+01,1.991497611999511719e+01,2.471985626220703125e+01
3.743999999999999773e+01,2.150582504272460938e+01,1.779287719726562500e+01,2.380724525451660156e+01,2.186945343017578125e+01,1.997097587585449219e+01,2.477585601806640625e+01
3.752000000000000313e+01,2.151593399047851562e+01,1.784879684448242188e+01,2.386321830749511719e+01,2.188128089904785156e+01,2.002697563171386719e+01,2.483185577392578125e+01
3.760000000000000142e+01,2.152599716186523438e+01,1.790471839904785156e+01,2.391919326782226562e+01,2.189292335510253906e+01,2.008297538757324219e+01,2.488785552978515625e+01
3.767999999999999972e+01,2.153602600097656250e+01,1.796064376831054688e+01,2.397517204284667969e+01,2.190472412109375000e+01,2.013897514343261719e+01,2.494385528564453125e+01
3.775999999999999801e+01,2.154601669311523438e+01,1.801657104492187500e+01,2.403115272521972656e+01,2.191693687438964844e+01,2.019497489929199219e+01,2.499985504150390625e+01
3.784000000000000341e+01,2.155597686767578125e+01,1.807250213623046875e+01,2.408713340759277344e+01,2.192972373962402344e+01,2.025097465515136719e+01,2.505585479736328125e+01
3.792000000000000171e+01,2.156591224670410156e+01,1.812843513488769531e+01,2.414310646057128906e+01,2.194317817687988281e+01,2.030697441101074219e+01,2.511185455322265625e+01
3.800000000000000000e+01,2.157583236694335938e+01,1.818437004089355469e+01,2.419907188415527344e+01,2.195734214782714844e+01,2.036297416687011719e+01,2.516785430908203125e+01
3.807999999999999829e+01,2.158574676513671875e+01,1.824030876159667969e+01,2.425502967834472656e+01,2.197093009948730469e+01,2.041897392272949219e+01,2.522385406494140625e+01
3.816000000000000369e+01,2.159566879272460938e+01,1.829624938964843750e+01,2.431099128723144531e+01,2.198445129394531250e+01,2.047497367858886719e+01,2.527985382080078125e+01
3.824000000000000199e+01,2.160561180114746094e+01,1.835219383239746094e+01,2.436695480346679688e+01,2.199823760986328125e+01,2.053097343444824219e+01,2.533585357666015625e+01
3.832000000000000028e+01,2.161557197570800781e+01,1.840814208984375000e+01,2.442292022705078125e+01,2.201244354248046875e+01,2.058697319030761719e+01,2.539185333251953125e+01
3.839999999999999858e+01,2.162555694580078125e+01,1.846409225463867188e+01,2.447888565063476562e+01,2.202705955505371094e+01,2.064297294616699219e+01,2.544785308837890625e+01
3.848000000000000398e+01,2.163557243347167969e+01,1.852004432678222656e+01,2.453484725952148438e+01,2.204188346862792969e+01,2.069897270202636719e+01,2.550385284423828125e+01
3.856000000000000227e+01,2.164562797546386719e+01,1.857599830627441406e+01,2.459080696105957031e+01,2.205650901794433594e+01,2.075497245788574219e+01,2.555985260009765625e+01
3.864000000000000057e+01,2.165572929382324219e+01,1.863195610046386719e+01,2.464676856994628906e+01,2.206938934326171875e+01,2.081097221374511719e+01,2.561585235595703125e+01
3.871999999999999886e+01,2.166588592529296875e+01,1.868791580200195312e+01,2.470274162292480469e+01,2.208034133911132812e+01,2.086697196960449219e+01,2.567185211181640625e+01
3.880000000000000426e+01,2.167609596252441406e+01,1.874387741088867188e+01,2.475873184204101562e+01,2.208889007568359375e+01,2.092297172546386719e+01,2.572785186767578125e+01
3.888000000000000256e+01,2.168634414672851562e+01,1.879984092712402344e+01,2.481474304199218750e+01,2.209434127807617188e+01,2.097897148132324219e+01,2.578385162353515625e+01
3.896000000000000085e+01,2.169661140441894531e+01,1.885580444335937500e+01,2.487077713012695312e+01,2.209589958190917969e+01,2.103497123718261719e+01,2.583985137939453125e+01
3.903999999999999915e+01,2.170686912536621094e+01,1.891176605224609375e+01,2.492683601379394531e+01,2.209282112121582031e+01,2.109097099304199219e+01,2.589585113525390625e+01
3.911999999999999744e+01,2.171708106994628906e+01,1.896772384643554688e+01,2.498291587829589844e+01,2.208462333679199219e+01,2.114697074890136719e+01,2.595185089111328125e+01
3.920000000000000284e+01,2.172719764709472656e+01,1.902367782592773438e+01,2.503900527954101562e+01,2.207124519348144531e+01,2.120297050476074219e+01,2.600785064697265625e+01
3.928000000000000114e+01,2.173715782165527344e+01,1.907962226867675781e+01,2.509508514404296875e+01,2.205368041992187500e+01,2.125897026062011719e+01,2.606385040283203125e+01
3.935999999999999943e+01,2.174689483642578125e+01,1.913555717468261719e+01,2.515111732482910156e+01,2.203361129760742188e+01,2.131497001647949219e+01,2.611985015869140625e+01
3.943999999999999773e+01,2.175633621215820312e+01,1.919147872924804688e+01,2.520710182189941406e+01,2.201285362243652344e+01,2.137096977233886719e+01,2.617584991455078125e+01
3.952000000000000313e+01,2.176541900634765625e+01,1.924738502502441406e+01,2.526305770874023438e+01,2.199304008483886719e+01,2.142696952819824219e+01,2.623184967041015625e+01
3.960000000000000142e+01,2.177409744262695312e+01,1.930327415466308594e+01,2.531900978088378906e+01,2.197432136535644531e+01,2.148296928405761719e+01,2.628784942626953125e+01
3.967999999999999972e+01,2.178234100341796875e+01,1.935914802551269531e+01,2.537496376037597656e+01,2.195668601989746094e+01,2.153896903991699219e+01,2.634384918212890625e+01
3.975999999999999801e+01,2.179014587402343750e+01,1.941500854492187500e+01,2.543092155456542969e+01,2.194012832641601562e+01,2.159496879577636719e+01,2.639984893798828125e+01
3.984000000000000341e+01,2.179750442504882812e+01,1.947085762023925781e+01,2.548688316345214844e+01,2.192464065551757812e+01,2.165096855163574219e+01,2.645584869384765625e+01
3.992000000000000171e+01,2.180442047119140625e+01,1.952669715881347656e+01,2.554284858703613281e+01,2.191021537780761719e+01,2.170696830749511719e+01,2.651184844970703125e+01
4.000000000000000000e+01,2.181089591979980469e+01,1.958253097534179688e+01,2.559881782531738281e+01,2.189684486389160156e+01,2.176296806335449219e+01,2.656784820556640625e+01
4.007999999999999829e+01,2.181693649291992188e+01,1.963835906982421875e+01,2.565479278564453125e+01,2.188452529907226562e+01,2.181896781921386719e+01,2.662384796142578125e+01
4.016000000000000369e+01,2.182254981994628906e+01,1.969418334960937500e+01,2.571077156066894531e+01,2.187324905395507812e+01,2.187496757507324219e+01,2.667984771728515625e+01
4.024000000000000199e+01,2.182774734497070312e+01,1.975000381469726562e+01,2.576675415039062500e+01,2.186301231384277344e+01,2.193096733093261719e+01,2.673584747314453125e+01
4.032000000000000028e+01,2.183253860473632812e+01,1.980582427978515625e+01,2.582274055480957031e+01,2.185381126403808594e+01,2.198696708679199219e+01,2.679184722900390625e+01
4.039999999999999858e+01,2.183693504333496094e+01,1.986164474487304688e+01,2.587872886657714844e+01,2.184564208984375000e+01,2.204296684265136719e+01,2.684784698486328125e+01
4.048000000000000398e+01,2.184095191955566406e+01,1.991746711730957031e+01,2.593472099304199219e+01,2.183849906921386719e+01,2.209896659851074219e+01,2.690384674072265625e+01
4.056000000000000227e+01,2.184460449218750000e+01,1.997329330444335938e+01,2.599071502685546875e+01,2.183238029479980469e+01,2.215496635437011719e+01,2.695984649658203125e+01
4.064000000000000057e+01,2.184790802001953125e+01,2.002912330627441406e+01,2.604671096801757812e+01,2.182728385925292969e+01,2.221096611022949219e+01,2.701584625244140625e+01
4.071999999999999886e+01,2.185088157653808594e+01,2.008495712280273438e+01,2.610270690917968750e+01,2.182320785522460938e+01,2.226696586608886719e+01,2.707184600830078125e+01
4.080000000000000426e+01,2.185354232788085938e+01,2.014079666137695312e+01,2.615870285034179688e+01,2.182014846801757812e+01,2.232296562194824219e+01,2.712784576416015625e+01
4.088000000000000256e+01,2.185590934753417969e+01,2.019664382934570312e+01,2.621469879150390625e+01,2.181810760498046875e+01,2.237896537780761719e+01,2.718384552001953125e+01
4.096000000000000085e+01,2.185800170898437500e+01,2.025249671936035156e+01,2.627069282531738281e+01,2.181708145141601562e+01,2.243496513366699219e+01,2.723984527587890625e+01
4.103999999999999915e+01,2.185984039306640625e+01,2.030835723876953125e+01,2.632668304443359375e+01,2.181707000732421875e+01,2.249096488952636719e+01,2.729584503173828125e+01
4.111999999999999744e+01,2.186144828796386719e+01,2.036422729492187500e+01,2.638267135620117188e+01,2.181807327270507812e+01,2.254696464538574219e+01,2.735184478759765625e+01
4.120000000000000284e+01,2.186284446716308594e+01,2.042010498046875000e+01,2.643865585327148438e+01,2.182009315490722656e+01,2.260296440124511719e+01,2.740784454345703125e+01
4.128000000000000114e+01,2.186405181884765625e+01,2.047599220275878906e+01,2.649463653564453125e+01,2.182312965393066406e+01,2.265896415710449219e+01,2.746384429931640625e+01
4.135999999999999943e+01,2.186509323120117188e+01,2.053188896179199219e+01,2.655061149597167969e+01,2.182718467712402344e+01,2.271496391296386719e+01,2.751984405517578125e+01
4.143999999999999773e+01,2.186599159240722656e+01,2.058779525756835938e+01,2.660658264160156250e+01,2.183225822448730469e+01,2.277096366882324219e+01,2.757584381103515625e+01
4.152000000000000313e+01,2.186676979064941406e+01,2.064371109008789062e+01,2.666254806518554688e+01,2.183835411071777344e+01,2.282696342468261719e+01,2.763184356689453125e+01
4.160000000000000142e+01,2.186745262145996094e+01,2.069963645935058594e+01,2.671850776672363281e+01,2.184547424316406250e+01,2.288296318054199219e+01,2.768784332275390625e+01
4.167999999999999972e+01,2.186806297302246094e+01,2.075557136535644531e+01,2.677446174621582031e+01,2.185362052917480469e+01,2.293896293640136719e+01,2.774384307861328125e+01
4.175999999999999801e+01,2.186862373352050781e+01,2.081151580810546875e+01,2.683040809631347656e+01,2.186279869079589844e+01,2.299496269226074219e+01,2.779984283447265625e+01
4.184000000000000341e+01,2.186915969848632812e+01,2.086747169494628906e+01,2.688634872436523438e+01,2.187301254272460938e+01,2.305096244812011719e+01,2.785584259033203125e+01
4.192000000000000171e+01,2.186969375610351562e+01,2.092343711853027344e+01,2.694228172302246094e+01,2.188426589965820312e+01,2.310696220397949219e+01,2.791184234619140625e+01
4.200000000000000000e+01,2.187025070190429688e+01,2.097941207885742188e+01,2.699820518493652344e+01,2.189656257629394531e+01,2.316296195983886719e+01,2.796784210205078125e+01
4.207999999999999829e+01,2.187085342407226562e+01,2.103539657592773438e+01,2.705412101745605469e+01,2.190991020202636719e+01,2.321896171569824219e+01,2.802384185791015625e+01
4.216000000000000369e+01,2.187152671813964844e+01,2.109139060974121094e+01,2.711002731323242188e+01,2.192431259155273438e+01,2.327496147155761719e+01,2.807984161376953125e+01
4.224000000000000199e+01,2.187229537963867188e+01,2.114739227294921875e+01,2.716592597961425781e+01,2.193977737426757812e+01,2.333096122741699219e+01,2.813584136962890625e+01
4.232000000000000028e+01,2.187318229675292969e+01,2.120340347290039062e+01,2.722181510925292969e+01,2.195631027221679688e+01,2.338696098327636719e+01,2.819184112548828125e+01
4.239999999999999858e+01,2.187421035766601562e+01,2.125942420959472656e+01,2.727769279479980469e+01,2.197392272949218750e+01,2.344296073913574219e+01,2.824784088134765625e+01
4.248000000000000398e+01,2.187540435791015625e+01,2.131545257568359375e+01,2.733356094360351562e+01,2.199261665344238281e+01,2.349896049499511719e+01,2.830384063720703125e+01
4.256000000000000227e+01,2.187678718566894531e+01,2.137148857116699219e+01,2.738941764831542969e+01,2.201240539550781250e+01,2.355496025085449219e+01,2.835984039306640625e+01
4.264000000000000057e+01,2.187838363647460938e+01,2.142753219604492188e+01,2.744526290893554688e+01,2.203329658508300781e+01,2.361096000671386719e+01,2.841584014892578125e+01
4.271999999999999886e+01,2.188021659851074219e+01,2.148358345031738281e+01,2.750109672546386719e+01,2.205530166625976562e+01,2.366695976257324219e+01,2.847183990478515625e+01
4.280000000000000426e+01,2.188230895996093750e+01,2.153964233398437500e+01,2.755691909790039062e+01,2.207842826843261719e+01,2.372295951843261719e+01,2.852783966064453125e+01
4.288000000000000256e+01,2.188468360900878906e+01,2.159570884704589844e+01,2.761272811889648438e+01,2.210269165039062500e+01,2.377895927429199219e+01,2.858383941650390625e+01
4.296000000000000085e+01,2.188736343383789062e+01,2.165178108215332031e+01,2.766852378845214844e+01,2.212809944152832031e+01,2.383495903015136719e+01,2.863983917236328125e+01
4.303999999999999915e+01,2.189037132263183594e+01,2.170785903930664062e+01,2.772430610656738281e+01,2.215466880798339844e+01,2.389095878601074219e+01,2.869583892822265625e+01
4.311999999999999744e+01,2.189373016357421875e+01,2.176394462585449219e+01,2.778007316589355469e+01,2.218240928649902344e+01,2.394695854187011719e+01,2.875183868408203125e+01
4.320000000000000284e+01,2.189746284484863281e+01,2.182003402709960938e+01,2.783582496643066406e+01,2.221133804321289062e+01,2.400295829772949219e+01,2.880783843994140625e+01
4.328000000000000114e+01,2.190159225463867188e+01,2.187612915039062500e+01,2.789156150817871094e+01,2.224147033691406250e+01,2.405895805358886719e+01,2.886383819580078125e+01
4.335999999999999943e+01,2.190613937377929688e+01,2.193222999572753906e+01,2.794728088378906250e+01,2.227281951904296875e+01,2.411495780944824219e+01,2.891983795166015625e+01
4.343999999999999773e+01,2.191112518310546875e+01,2.198833465576171875e+01,2.800298309326171875e+01,2.230540657043457031e+01,2.417095756530761719e+01,2.897583770751953125e+01
4.352000000000000313e+01,2.191657257080078125e+01,2.204444313049316406e+01,2.805866813659667969e+01,2.233924484252929688e+01,2.422695732116699219e+01,2.903183746337890625e+01
4.360000000000000142e+01,2.192250442504882812e+01,2.210055541992187500e+01,2.811433410644531250e+01,2.237435913085937500e+01,2.428295707702636719e+01,2.908783721923828125e+01
4.367999999999999972e+01,2.192894172668457031e+01,2.215667152404785156e+01,2.816998100280761719e+01,2.241076469421386719e+01,2.433895683288574219e+01,2.914383697509765625e+01
4.375999999999999801e+01,2.193590545654296875e+01,2.221279144287109375e+01,2.822560691833496094e+01,2.244848632812500000e+01,2.439495658874511719e+01,2.919983673095703125e+01
4.384000000000000341e+01,2.194341659545898438e+01,2.226891517639160156e+01,2.828120994567871094e+01,2.248754692077636719e+01,2.445095634460449219e+01,2.925583648681640625e+01
4.392000000000000171e+01,2.195149803161621094e+01,2.232504081726074219e+01,2.833679199218750000e+01,2.252796745300292969e+01,2.450695610046386719e+01,2.931183624267578125e+01
4.400000000000000000e+01,2.196017074584960938e+01,2.238116836547851562e+01,2.839234924316406250e+01,2.256977653503417969e+01,2.456295585632324219e+01,2.936783599853515625e+01
4.407999999999999829e+01,2.196945571899414062e+01,2.243729972839355469e+01,2.844788169860839844e+01,2.261300086975097656e+01,2.461895561218261719e+01,2.942383575439453125e+01
4.416000000000000369e+01,2.197937393188476562e+01,2.249343299865722656e+01,2.850338745117187500e+01,2.265766906738281250e+01,2.467495536804199219e+01,2.947983551025390625e+01
4.424000000000000199e+01,2.198994636535644531e+01,2.254956817626953125e+01,2.855886459350585938e+01,2.270381164550781250e+01,2.473095512390136719e+01,2.953583526611328125e+01
4.432000000000000028e+01,2.200119400024414062e+01,2.260570335388183594e+01,2.861431312561035156e+01,2.275146102905273438e+01,2.478695487976074219e+01,2.959183502197265625e+01
4.439999999999999858e+01,2.201313972473144531e+01,2.266184043884277344e+01,2.866973114013671875e+01,2.280065155029296875e+01,2.484295463562011719e+01,2.964783477783203125e+01
4.448000000000000398e+01,2.202580451965332031e+01,2.271797943115234375e+01,2.872511482238769531e+01,2.285142326354980469e+01,2.489895439147949219e+01,2.970383453369140625e+01
4.456000000000000227e+01,2.203920936584472656e+01,2.277411842346191406e+01,2.878046417236328125e+01,2.290381050109863281e+01,2.495495414733886719e+01,2.975983428955078125e+01
4.464000000000000057e+01,2.205337524414062500e+01,2.283025741577148438e+01,2.883577728271484375e+01,2.295785903930664062e+01,2.501095390319824219e+01,2.981583404541015625e+01
4.471999999999999886e+01,2.206832504272460938e+01,2.288639831542968750e+01,2.889105224609375000e+01,2.301361465454101562e+01,2.506695365905761719e+01,2.987183380126953125e+01
4.480000000000000426e+01,2.208408164978027344e+01,2.294253921508789062e+01,2.894628524780273438e+01,2.306961441040039062e+01,2.512295341491699219e+01,2.992783355712890625e+01
4.488000000000000256e+01,2.210066604614257812e+01,2.299868011474609375e+01,2.900152587890625000e+01,2.312561416625976562e+01,2.517895317077636719e+01,2.998383331298828125e+01
4.496000000000000085e+01,2.211810111999511719e+01,2.305482101440429688e+01,2.905678367614746094e+01,2.318161392211914062e+01,2.523495292663574219e+01,3.003983306884765625e+01
4.503999999999999915e+01,2.213638877868652344e+01,2.311096191406250000e+01,2.911206626892089844e+01,2.323761367797851562e+01,2.529095268249511719e+01,3.009583282470703125e+01
4.511999999999999744e+01,2.215553665161132812e+01,2.316710090637207031e+01,2.916737747192382812e+01,2.329361343383789062e+01,2.534695243835449219e+01,3.015183258056640625e+01
4.520000000000000284e+01,2.217554092407226562e+01,2.322323989868164062e+01,2.922271728515625000e+01,2.334961318969726562e+01,2.540295219421386719e+01,3.020783233642578125e+01
4.528000000000000114e+01,2.219640541076660156e+01,2.327937698364257812e+01,2.927808761596679688e+01,2.340561294555664062e+01,2.545895195007324219e+01,3.026383209228515625e+01
4.535999999999999943e+01,2.221812438964843750e+01,2.333551216125488281e+01,2.933348655700683594e+01,2.346161270141601562e+01,2.551495170593261719e+01,3.031983184814453125e+01
4.543999999999999773e+01,2.224069404602050781e+01,2.339164352416992188e+01,2.938891601562500000e+01,2.351761245727539062e+01,2.557095146179199219e+01,3.037583160400390625e+01
4.552000000000000313e+01,2.226411056518554688e+01,2.344777297973632812e+01,2.944437408447265625e+01,2.357361221313476562e+01,2.562695121765136719e+01,3.043183135986328125e+01
4.560000000000000142e+01,2.228836822509765625e+01,2.350390052795410156e+01,2.949985885620117188e+01,2.362961196899414062e+01,2.568295097351074219e+01,3.048783111572265625e+01
4.567999999999999972e+01,2.231345939636230469e+01,2.356002616882324219e+01,2.955536842346191406e+01,2.368561172485351562e+01,2.573895072937011719e+01,3.054383087158203125e+01
4.575999999999999801e+01,2.233937644958496094e+01,2.361614990234375000e+01,2.961090278625488281e+01,2.374161148071289062e+01,2.579495048522949219e+01,3.059983062744140625e+01
4.584000000000000341e+01,2.236611175537109375e+01,2.367227172851562500e+01,2.966645812988281250e+01,2.379761123657226562e+01,2.585095024108886719e+01,3.065583038330078125e+01
4.592000000000000171e+01,2.239365577697753906e+01,2.372839164733886719e+01,2.972203636169433594e+01,2.385361099243164062e+01,2.590694999694824219e+01,3.071183013916015625e+01
4.600000000000000000e+01,2.242199897766113281e+01,2.378450965881347656e+01,2.977763366699218750e+01,2.390961074829101562e+01,2.596294975280761719e+01,3.076782989501953125e+01
4.607999999999999829e+01,2.245113182067871094e+01,2.384062385559082031e+01,2.983325004577636719e+01,2.396561050415039062e+01,2.601894950866699219e+01,3.082382965087890625e+01
4.616000000000000369e+01,2.248104095458984375e+01,2.389673805236816406e+01,2.988888359069824219e+01,2.402161026000976562e+01,2.607494926452636719e+01,3.087982940673828125e+01
4.624000000000000199e+01,2.251171684265136719e+01,2.395285034179687500e+01,2.994453239440917969e+01,2.407761001586914062e+01,2.613094902038574219e+01,3.093582916259765625e+01
4.632000000000000028e+01,2.254314613342285156e+01,2.400896072387695312e+01,3.000019645690917969e+01,2.413360977172851562e+01,2.618694877624511719e+01,3.099182891845703125e+01
4.639999999999999858e+01,2.257531738281250000e+01,2.406506919860839844e+01,3.005587387084960938e+01,2.418960952758789062e+01,2.624294853210449219e+01,3.104782867431640625e+01
4.648000000000000398e+01,2.260821914672851562e+01,2.412117576599121094e+01,3.011156463623046875e+01,2.424560928344726562e+01,2.629894828796386719e+01,3.110382843017578125e+01
4.656000000000000227e+01,2.264183807373046875e+01,2.417728233337402344e+01,3.016726684570312500e+01,2.430160903930664062e+01,2.635494804382324219e+01,3.115982818603515625e+01
4.664000000000000057e+01,2.267615890502929688e+01,2.423338699340820312e+01,3.022298049926757812e+01,2.435760879516601562e+01,2.641094779968261719e+01,3.121582794189453125e+01
4.671999999999999886e+01,2.271117019653320312e+01,2.428949165344238281e+01,3.027870559692382812e+01,2.441360855102539062e+01,2.646694755554199219e+01,3.127182769775390625e+01
4.680000000000000426e+01,2.274685859680175781e+01,2.434559631347656250e+01,3.033443832397460938e+01,2.446960830688476562e+01,2.652294731140136719e+01,3.132782745361328125e+01
4.688000000000000256e+01,2.278320884704589844e+01,2.440169906616210938e+01,3.039018058776855469e+01,2.452560806274414062e+01,2.657894706726074219e+01,3.138382720947265625e+01
4.696000000000000085e+01,2.282020759582519531e+01,2.445780181884765625e+01,3.044593048095703125e+01,2.458160781860351562e+01,2.663494682312011719e+01,3.143982696533203125e+01
4.703999999999999915e+01,2.285784149169921875e+01,2.451390457153320312e+01,3.050168800354003906e+01,2.463760757446289062e+01,2.669094657897949219e+01,3.149582672119140625e+01
4.711999999999999744e+01,2.289609718322753906e+01,2.457000732421875000e+01,3.055745315551757812e+01,2.469360733032226562e+01,2.674694633483886719e+01,3.155182647705078125e+01
4.720000000000000284e+01,2.293495941162109375e+01,2.462611007690429688e+01,3.061322402954101562e+01,2.474960708618164062e+01,2.680294609069824219e+01,3.160782623291015625e+01
4.728000000000000114e+01,2.297441482543945312e+01,2.468221282958984375e+01,3.066900253295898438e+01,2.480560684204101562e+01,2.685894584655761719e+01,3.166382598876953125e+01
4.735999999999999943e+01,2.301445007324218750e+01,2.473831748962402344e+01,3.072478675842285156e+01,2.486160659790039062e+01,2.691494560241699219e+01,3.171982574462890625e+01
4.743999999999999773e+01,2.305504989624023438e+01,2.479442214965820312e+01,3.078057479858398438e+01,2.491760635375976562e+01,2.697094535827636719e+01,3.177582550048828125e+01
4.752000000000000313e+01,2.309620094299316406e+01,2.485052680969238281e+01,3.083636856079101562e+01,2.497360610961914062e+01,2.702694511413574219e+01,3.183182525634765625e+01
4.760000000000000142e+01,2.313788986206054688e+01,2.490663337707519531e+01,3.089216613769531250e+01,2.502960586547851562e+01,2.708294486999511719e+01,3.188782501220703125e+01
4.767999999999999972e+01,2.318010139465332031e+01,2.496273994445800781e+01,3.094796943664550781e+01,2.508560562133789062e+01,2.713894462585449219e+01,3.194382476806640625e+01
4.775999999999999801e+01,2.322282218933105469e+01,2.501884651184082031e+01,3.100377655029296875e+01,2.514160537719726562e+01,2.719494438171386719e+01,3.199982452392578125e+01
4.784000000000000341e+01,2.326604080200195312e+01,2.507495498657226562e+01,3.105958747863769531e+01,2.519760513305664062e+01,2.725094413757324219e+01,3.205582427978515625e+01
4.792000000000000171e+01,2.330974197387695312e+01,2.513106536865234375e+01,3.111540222167968750e+01,2.525360488891601562e+01,2.730694389343261719e+01,3.211182403564453125e+01
4.800000000000000000e+01,2.335391235351562500e+01,2.518717575073242188e+01,3.117121887207031250e+01,2.530960464477539062e+01,2.736294364929199219e+01,3.216782379150390625e+01
4.807999999999999829e+01,2.339853858947753906e+01,2.524328804016113281e+01,3.122703933715820312e+01,2.536560440063476562e+01,2.741894340515136719e+01,3.222382354736328125e+01
4.816000000000000369e+01,2.344360923767089844e+01,2.529940032958984375e+01,3.128286361694335938e+01,2.542160415649414062e+01,2.747494316101074219e+01,3.227982330322265625e+01
4.824000000000000199e+01,2.348911094665527344e+01,2.535551452636718750e+01,3.133868980407714844e+01,2.547760391235351562e+01,2.753094291687011719e+01,3.233582305908203125e+01
4.832000000000000028e+01,2.353503036499023438e+01,2.541163063049316406e+01,3.139451980590820312e+01,2.553360366821289062e+01,2.758694267272949219e+01,3.239182281494140625e+01
4.839999999999999858e+01,2.358135604858398438e+01,2.546774673461914062e+01,3.145035171508789062e+01,2.558960342407226562e+01,2.764294242858886719e+01,3.244782257080078125e+01
4.848000000000000398e+01,2.362807655334472656e+01,2.552386474609375000e+01,3.150618743896484375e+01,2.564560317993164062e+01,2.769894218444824219e+01,3.250382232666015625e+01
4.856000000000000227e+01,2.367517852783203125e+01,2.557998466491699219e+01,3.156202507019042969e+01,2.570160293579101562e+01,2.775494194030761719e+01,3.255982208251953125e+01
4.864000000000000057e+01,2.372265052795410156e+01,2.563610458374023438e+01,3.161786460876464844e+01,2.575760269165039062e+01,2.781094169616699219e+01,3.261582183837890625e+01
4.871999999999999886e+01,2.377048110961914062e+01,2.569222640991210938e+01,3.167370796203613281e+01,2.581360244750976562e+01,2.786694145202636719e+01,3.267182159423828125e+01
4.880000000000000426e+01,2.381865882873535156e+01,2.574835014343261719e+01,3.172955322265625000e+01,2.586960220336914062e+01,2.792294120788574219e+01,3.272782135009765625e+01
4.888000000000000256e+01,2.386717224121093750e+01,2.580447387695312500e+01,3.178540039062500000e+01,2.592560195922851562e+01,2.797894096374511719e+01,3.278382110595703125e+01
4.896000000000000085e+01,2.391600990295410156e+01,2.586059951782226562e+01,3.184124946594238281e+01,2.598160171508789062e+01,2.803494071960449219e+01,3.283982086181640625e+01
4.903999999999999915e+01,2.396516227722167969e+01,2.591672706604003906e+01,3.189710235595703125e+01,2.603760147094726562e+01,2.809094047546386719e+01,3.289582061767578125e+01
4.912000000000000455e+01,2.401461791992187500e+01,2.597285461425781250e+01,3.195295715332031250e+01,2.609360122680664062e+01,2.814694023132324219e+01,3.295182037353515625e+01
4.920000000000000284e+01,2.406436729431152344e+01,2.602898406982421875e+01,3.200881195068359375e+01,2.614960098266601562e+01,2.820293998718261719e+01,3.300782012939453125e+01
4.928000000000000114e+01,2.411440086364746094e+01,2.608511352539062500e+01,3.206467056274414062e+01,2.620560073852539062e+01,2.825893974304199219e+01,3.306381988525390625e+01
4.935999999999999943e+01,2.416470909118652344e+01,2.614124488830566406e+01,3.212053298950195312e+01,2.626160049438476562e+01,2.831493949890136719e+01,3.311981964111328125e+01
4.943999999999999773e+01,2.421528053283691406e+01,2.619737625122070312e+01,3.217639541625976562e+01,2.631760025024414062e+01,2.837093925476074219e+01,3.317581939697265625e+01
4.952000000000000313e+01,2.426610755920410156e+01,2.625350952148437500e+01,3.223226165771484375e+01,2.637360000610351562e+01,2.842693901062011719e+01,3.323181915283203125e+01
4.960000000000000142e+01,2.431718063354492188e+01,2.630964279174804688e+01,3.228812789916992188e+01,2.642959976196289062e+01,2.848293876647949219e+01,3.328781890869140625e+01
4.967999999999999972e+01,2.436849021911621094e+01,2.636577796936035156e+01,3.234399795532226562e+01,2.648559951782226562e+01,2.853893852233886719e+01,3.334381866455078125e+01
4.975999999999999801e+01,2.442002868652343750e+01,2.642191314697265625e+01,3.239987182617187500e+01,2.654159927368164062e+01,2.859493827819824219e+01,3.339981842041015625e+01
4.984000000000000341e+01,2.447178840637207031e+01,2.647804832458496094e+01,3.245574569702148438e+01,2.659759902954101562e+01,2.865093803405761719e+01,3.345581817626953125e+01
4.992000000000000171e+01,2.452375984191894531e+01,2.653418540954589844e+01,3.251162338256835938e+01,2.665359878540039062e+01,2.870693778991699219e+01,3.351181793212890625e+01
5.000000000000000000e+01,2.457593536376953125e+01,2.659032249450683594e+01,3.256750106811523438e+01,2.670959854125976562e+01,2.876293754577636719e+01,3.356781768798828125e+01
5.007999999999999829e+01,2.462830734252929688e+01,2.664645957946777344e+01,3.262338256835937500e+01,2.676559829711914062e+01,2.881893730163574219e+01,3.362381744384765625e+01
5.016000000000000369e+01,2.468086814880371094e+01,2.670259666442871094e+01,3.267926406860351562e+01,2.682159805297851562e+01,2.887493705749511719e+01,3.367981719970703125e+01
5.024000000000000199e+01,2.473361015319824219e+01,2.675873374938964844e+01,3.273514938354492188e+01,2.687759780883789062e+01,2.893093681335449219e+01,3.373581695556640625e+01
5.032000000000000028e+01,2.478652572631835938e+01,2.681487274169921875e+01,3.279103851318359375e+01,2.693359756469726562e+01,2.898693656921386719e+01,3.379181671142578125e+01
5.039999999999999858e+01,2.483960914611816406e+01,2.687101173400878906e+01,3.284692764282226562e+01,2.698959732055664062e+01,2.904293632507324219e+01,3.384781646728515625e+01
5.048000000000000398e+01,2.489285278320312500e+01,2.692715072631835938e+01,3.290282058715820312e+01,2.704559707641601562e+01,2.909893608093261719e+01,3.390381622314453125e+01
5.056000000000000227e+01,2.494625091552734375e+01,2.698328971862792969e+01,3.295871353149414062e+01,2.710159683227539062e+01,2.915493583679199219e+01,3.395981597900390625e+01
5.064000000000000057e+01,2.499979591369628906e+01,2.703942680358886719e+01,3.301461029052734375e+01,2.715759658813476562e+01,2.921093559265136719e+01,3.401581573486328125e+01
5.071999999999999886e+01,2.505348396301269531e+01,2.709556388854980469e+01,3.307050704956054688e+01,2.721359634399414062e+01,2.926693534851074219e+01,3.407181549072265625e+01
5.080000000000000426e+01,2.510730743408203125e+01,2.715170097351074219e+01,3.312640762329101562e+01,2.726959609985351562e+01,2.932293510437011719e+01,3.412781524658203125e+01
5.088000000000000256e+01,2.516126060485839844e+01,2.720783805847167969e+01,3.318230819702148438e+01,2.732559585571289062e+01,2.937893486022949219e+01,3.418381500244140625e+01
5.096000000000000085e+01,2.521533775329589844e+01,2.726397514343261719e+01,3.323821258544921875e+01,2.738159561157226562e+01,2.943493461608886719e+01,3.423981475830078125e+01
5.103999999999999915e+01,2.526953506469726562e+01,2.732011222839355469e+01,3.329412078857421875e+01,2.743759536743164062e+01,2.949093437194824219e+01,3.429581451416015625e+01
5.112000000000000455e+01,2.532384490966796875e+01,2.737624740600585938e+01,3.335002899169921875e+01,2.749359512329101562e+01,2.954693412780761719e+01,3.435181427001953125e+01
5.120000000000000284e+01,2.537826347351074219e+01,2.743238258361816406e+01,3.340594100952148438e+01,2.754959487915039062e+01,2.960293388366699219e+01,3.440781402587890625e+01
5.128000000000000114e+01,2.543278694152832031e+01,2.748851776123046875e+01,3.346185302734375000e+01,2.760559463500976562e+01,2.965893363952636719e+01,3.446381378173828125e+01
5.135999999999999943e+01,2.548740959167480469e+01,2.754465103149414062e+01,3.351776885986328125e+01,2.766159439086914062e+01,2.971493339538574219e+01,3.451981353759765625e+01
5.143999999999999773e+01,2.554212760925292969e+01,2.760078430175781250e+01,3.357368469238281250e+01,2.771759414672851562e+01,2.977093315124511719e+01,3.457581329345703125e+01
5.152000000000000313e+01,2.559693527221679688e+01,2.765691566467285156e+01,3.362960433959960938e+01,2.777359390258789062e+01,2.982693290710449219e+01,3.463181304931640625e+01
5.160000000000000142e+01,2.565182876586914062e+01,2.771304702758789062e+01,3.368552398681640625e+01,2.782959365844726562e+01,2.988293266296386719e+01,3.468781280517578125e+01
5.167999999999999972e+01,2.570680427551269531e+01,2.776917648315429688e+01,3.374144744873046875e+01,2.788559341430664062e+01,2.993893241882324219e+01,3.474381256103515625e+01
5.175999999999999801e+01,2.576185798645019531e+01,2.782530593872070312e+01,3.379737091064453125e+01,2.794159317016601562e+01,2.999493217468261719e+01,3.479981231689453125e+01
5.184000000000000341e+01,2.581698608398437500e+01,2.788143348693847656e+01,3.385329818725585938e+01,2.799759292602539062e+01,3.005093193054199219e+01,3.485581207275390625e+01
5.192000000000000171e+01,2.587218475341796875e+01,2.793755912780761719e+01,3.390922546386718750e+01,2.805359268188476562e+01,3.010693168640136719e+01,3.491181182861328125e+01
5.200000000000000000e+01,2.592745208740234375e+01,2.799368476867675781e+01,3.396515655517578125e+01,2.810959243774414062e+01,3.016293144226074219e+01,3.496781158447265625e+01
5.207999999999999829e+01,2.598278236389160156e+01,2.804980850219726562e+01,3.402108764648437500e+01,2.816559219360351562e+01,3.021893119812011719e+01,3.502381134033203125e+01
5.216000000000000369e+01,2.603817367553710938e+01,2.810593032836914062e+01,3.407702255249023438e+01,2.822159194946289062e+01,3.027493095397949219e+01,3.507981109619140625e+01
5.224000000000000199e+01,2.609362220764160156e+01,2.816205215454101562e+01,3.413295745849609375e+01,2.827759170532226562e+01,3.033093070983886719e+01,3.513581085205078125e+01
5.232000000000000028e+01,2.614912414550781250e+01,2.821817207336425781e+01,3.418889617919921875e+01,2.833359146118164062e+01,3.038693046569824219e+01,3.519181060791015625e+01
5.239999999999999858e+01,2.620467948913574219e+01,2.827429008483886719e+01,3.424483489990234375e+01,2.838959121704101562e+01,3.044293022155761719e+01,3.524781036376953125e+01
5.248000000000000398e+01,2.626028251647949219e+01,2.833040618896484375e+01,3.430077362060546875e+01,2.844559097290039062e+01,3.049892997741699219e+01,3.530381011962890625e+01
5.256000000000000227e+01,2.631593132019042969e+01,2.838652229309082031e+01,3.435671615600585938e+01,2.850159072875976562e+01,3.055492973327636719e+01,3.535980987548828125e+01
5.264000000000000057e+01,2.637162399291992188e+01,2.844263648986816406e+01,3.441265869140625000e+01,2.855759048461914062e+01,3.061092948913574219e+01,3.541580963134765625e+01
5.271999999999999886e+01,2.642735862731933594e+01,2.849874877929687500e+01,3.446860504150390625e+01,2.861359024047851562e+01,3.066692924499511719e+01,3.547180938720703125e+01
5.280000000000000426e+01,2.648313140869140625e+01,2.855485916137695312e+01,3.452455139160156250e+01,2.866958999633789062e+01,3.072292900085449219e+01,3.552780914306640625e+01
5.288000000000000256e+01,2.653894042968750000e+01,2.861096763610839844e+01,3.458050155639648438e+01,2.872558975219726562e+01,3.077892875671386719e+01,3.558380889892578125e+01
5.296000000000000085e+01,2.659478378295898438e+01,2.866707420349121094e+01,3.463645172119140625e+01,2.878158950805664062e+01,3.083492851257324219e+01,3.563980865478515625e+01
5.303999999999999915e+01,2.665065956115722656e+01,2.872317886352539062e+01,3.469240188598632812e+01,2.883758926391601562e+01,3.089092826843261719e+01,3.569580841064453125e+01
5.312000000000000455e+01,2.670656585693359375e+01,2.877928352355957031e+01,3.474835586547851562e+01,2.889358901977539062e+01,3.094692802429199219e+01,3.575180816650390625e+01
5.320000000000000284e+01,2.676250076293945312e+01,2.883538627624511719e+01,3.480430984497070312e+01,2.894958877563476562e+01,3.100292778015136719e+01,3.580780792236328125e+01
5.328000000000000114e+01,2.681846237182617188e+01,2.889148712158203125e+01,3.486026382446289062e+01,2.900558853149414062e+01,3.105892753601074219e+01,3.586380767822265625e+01
5.335999999999999943e+01,2.687444877624511719e+01,2.894758605957031250e+01,3.491622161865234375e+01,2.906158828735351562e+01,3.111492729187011719e+01,3.591980743408203125e+01
5.343999999999999773e+01,2.693045806884765625e+01,2.900368309020996094e+01,3.497217941284179688e+01,2.911758804321289062e+01,3.117092704772949219e+01,3.597580718994140625e+01
5.352000000000000313e+01,2.698648834228515625e+01,2.905977821350097656e+01,3.502814102172851562e+01,2.917358779907226562e+01,3.122692680358886719e+01,3.603180694580078125e+01
5.360000000000000142e+01,2.704253959655761719e+01,2.911587142944335938e+01,3.508410263061523438e+01,2.922958755493164062e+01,3.128292655944824219e+01,3.608780670166015625e+01
5.367999999999999972e+01,2.709860992431640625e+01,2.917196273803710938e+01,3.514006423950195312e+01,2.928558731079101562e+01,3.133892631530761719e+01,3.614380645751953125e+01
5.375999999999999801e+01,2.715469741821289062e+01,2.922805213928222656e+01,3.519602966308593750e+01,2.934158706665039062e+01,3.139492607116699219e+01,3.619980621337890625e+01
5.384000000000000341e+01,2.721080017089843750e+01,2.928413963317871094e+01,3.525199508666992188e+01,2.939758682250976562e+01,3.145092582702636719e+01,3.625580596923828125e+01
5.392000000000000171e+01,2.726691818237304688e+01,2.934022521972656250e+01,3.530796051025390625e+01,2.945358657836914062e+01,3.150692558288574219e+01,3.631180572509765625e+01
5.400000000000000000e+01,2.732304954528808594e+01,2.939631080627441406e+01,3.536392593383789062e+01,2.950958633422851562e+01,3.156292533874511719e+01,3.636780548095703125e+01
5.407999999999999829e+01,2.737919235229492188e+01,2.945239448547363281e+01,3.541989517211914062e+01,2.956558609008789062e+01,3.161892509460449219e+01,3.642380523681640625e+01
5.416000000000000369e+01,2.743534660339355469e+01,2.950847625732421875e+01,3.547586441040039062e+01,2.962158584594726562e+01,3.167492485046386719e+01,3.647980499267578125e+01
5.424000000000000199e+01,2.749151229858398438e+01,2.956455612182617188e+01,3.553183364868164062e+01,2.967758560180664062e+01,3.173092460632324219e+01,3.653580474853515625e+01
5.432000000000000028e+01,2.754768753051757812e+01,2.962063407897949219e+01,3.558780670166015625e+01,2.973358535766601562e+01,3.178692436218261719e+01,3.659180450439453125e+01
5.439999999999999858e+01,2.760387039184570312e+01,2.967671012878417969e+01,3.564377975463867188e+01,2.978958511352539062e+01,3.184292411804199219e+01,3.664780426025390625e+01
5.448000000000000398e+01,2.766006088256835938e+01,2.973278427124023438e+01,3.569975280761718750e+01,2.984558486938476562e+01,3.189892387390136719e+01,3.670380401611328125e+01
5.456000000000000227e+01,2.771625900268554688e+01,2.978885650634765625e+01,3.575572586059570312e+01,2.990158462524414062e+01,3.195492362976074219e+01,3.675980377197265625e+01
5.464000000000000057e+01,2.777246284484863281e+01,2.984492683410644531e+01,3.581170272827148438e+01,2.995758438110351562e+01,3.201092529296875000e+01,3.681580352783203125e+01
5.471999999999999886e+01,2.782867240905761719e+01,2.990099525451660156e+01,3.586767959594726562e+01,3.001358413696289062e+01,3.206692504882812500e+01,3.687180328369140625e+01
5.480000000000000426e+01,2.788488578796386719e+01,2.995706367492675781e+01,3.592365646362304688e+01,3.006958389282226562e+01,3.212292480468750000e+01,3.692780303955078125e+01
5.488000000000000256e+01,2.794110298156738281e+01,3.001313018798828125e+01,3.597963333129882812e+01,3.012558364868164062e+01,3.217892456054687500e+01,3.698380279541015625e+01
5.496000000000000085e+01,2.799732398986816406e+01,3.006919479370117188e+01,3.603561019897460938e+01,3.018158340454101562e+01,3.223492431640625000e+01,3.703980255126953125e+01
5.503999999999999915e+01,2.805354881286621094e+01,3.012525749206542969e+01,3.609159088134765625e+01,3.023758316040039062e+01,3.229092407226562500e+01,3.709580230712890625e+01
5.512000000000000455e+01,2.810977554321289062e+01,3.018131828308105469e+01,3.614757156372070312e+01,3.029358291625976562e+01,3.234692382812500000e+01,3.715180206298828125e+01
5.520000000000000284e+01,2.816600418090820312e+01,3.023737716674804688e+01,3.620355224609375000e+01,3.034958267211914062e+01,3.240292358398437500e+01,3.720780181884765625e+01
5.528000000000000114e+01,2.822223281860351562e+01,3.029343414306640625e+01,3.625953292846679688e+01,3.040558242797851562e+01,3.245892333984375000e+01,3.726380157470703125e+01
5.535999999999999943e+01,2.827846336364746094e+01,3.034949111938476562e+01,3.631551361083984375e+01,3.046158218383789062e+01,3.251492309570312500e+01,3.731980133056640625e+01
5.543999999999999773e+01,2.833469390869140625e+01,3.040554618835449219e+01,3.637149810791015625e+01,3.051758193969726562e+01,3.257092285156250000e+01,3.737580108642578125e+01
5.552000000000000313e+01,2.839092445373535156e+01,3.046159934997558594e+01,3.642748260498046875e+01,3.057358169555664062e+01,3.262692260742187500e+01,3.743180084228515625e+01
5.560000000000000142e+01,2.844715499877929688e+01,3.051765060424804688e+01,3.648346710205078125e+01,3.062958145141601562e+01,3.268292236328125000e+01,3.748780059814453125e+01
5.567999999999999972e+01,2.850338363647460938e+01,3.057370185852050781e+01,3.653945159912109375e+01,3.068558120727539062e+01,3.273892211914062500e+01,3.754380035400390625e+01
5.575999999999999801e+01,2.855961227416992188e+01,3.062975120544433594e+01,3.659543609619140625e+01,3.074158096313476562e+01,3.279492187500000000e+01,3.759980010986328125e+01
5.584000000000000341e+01,2.861583900451660156e+01,3.068579864501953125e+01,3.665142440795898438e+01,3.079758071899414062e+01,3.285092163085937500e+01,3.765579986572265625e+01
5.592000000000000171e+01,2.867206382751464844e+01,3.074184417724609375e+01,3.670741271972656250e+01,3.085358047485351562e+01,3.290692138671875000e+01,3.771179962158203125e+01
5.600000000000000000e+01,2.872828674316406250e+01,3.079788970947265625e+01,3.676340103149414062e+01,3.090958023071289062e+01,3.296292114257812500e+01,3.776779937744140625e+01
5.607999999999999829e+01,2.878450775146484375e+01,3.085393333435058594e+01,3.681938934326171875e+01,3.096557998657226562e+01,3.301892089843750000e+01,3.782379913330078125e+01
5.616000000000000369e+01,2.884072685241699219e+01,3.090997505187988281e+01,3.687537765502929688e+01,3.102157974243164062e+01,3.307492065429687500e+01,3.787979888916015625e+01
5.624000000000000199e+01,2.889694404602050781e+01,3.096601676940917969e+01,3.693136596679687500e+01,3.107757949829101562e+01,3.313092041015625000e+01,3.793579864501953125e+01
5.632000000000000028e+01,2.895315933227539062e+01,3.102205657958984375e+01,3.698735427856445312e+01,3.113357925415039062e+01,3.318692016601562500e+01,3.799179840087890625e+01
5.639999999999999858e+01,2.900937080383300781e+01,3.107809448242187500e+01,3.704334259033203125e+01,3.118957901000976562e+01,3.324291992187500000e+01,3.804779815673828125e+01
5.648000000000000398e+01,2.906558036804199219e+01,3.113413238525390625e+01,3.709933471679687500e+01,3.124557876586914062e+01,3.329891967773437500e+01,3.810379791259765625e+01
5.656000000000000227e+01,2.912178611755371094e+01,3.119016838073730469e+01,3.715532684326171875e+01,3.130157852172851562e+01,3.335491943359375000e+01,3.815979766845703125e+01
5.664000000000000057e+01,2.917798805236816406e+01,3.124620246887207031e+01,3.721131896972656250e+01,3.135757827758789062e+01,3.341091918945312500e+01,3.821579742431640625e+01
5.671999999999999886e+01,2.923418807983398438e+01,3.130223655700683594e+01,3.726731109619140625e+01,3.141357803344726562e+01,3.346691894531250000e+01,3.827179718017578125e+01
5.680000000000000426e+01,2.929038429260253906e+01,3.135826873779296875e+01,3.732330322265625000e+01,3.146957778930664062e+01,3.352291870117187500e+01,3.832779693603515625e+01
5.688000000000000256e+01,2.934657669067382812e+01,3.141430091857910156e+01,3.737929534912109375e+01,3.152557754516601562e+01,3.357891845703125000e+01,3.838379669189453125e+01
5.696000000000000085e+01,2.940276527404785156e+01,3.147033119201660156e+01,3.743528747558593750e+01,3.158157730102539062e+01,3.363491821289062500e+01,3.843979644775390625e+01
5.703999999999999915e+01,2.945895004272460938e+01,3.152635955810546875e+01,3.749127960205078125e+01,3.163757705688476562e+01,3.369091796875000000e+01,3.849579620361328125e+01
5.712000000000000455e+01,2.951513099670410156e+01,3.158238792419433594e+01,3.754727172851562500e+01,3.169357681274414062e+01,3.374691772460937500e+01,3.855179595947265625e+01
5.720000000000000284e+01,2.957131004333496094e+01,3.163841438293457031e+01,3.760326385498046875e+01,3.174957656860351562e+01,3.380291748046875000e+01,3.860779571533203125e+01
5.728000000000000114e+01,2.962748527526855469e+01,3.169444084167480469e+01,3.765925598144531250e+01,3.180557632446289062e+01,3.385891723632812500e+01,3.866379547119140625e+01
5.735999999999999943e+01,2.968365669250488281e+01,3.175046539306640625e+01,3.771525192260742188e+01,3.186157608032226562e+01,3.391491699218750000e+01,3.871979522705078125e+01
5.743999999999999773e+01,2.973982429504394531e+01,3.180648994445800781e+01,3.777124786376953125e+01,3.191757583618164062e+01,3.397091674804687500e+01,3.877579498291015625e+01
5.752000000000000313e+01,2.979598808288574219e+01,3.186251258850097656e+01,3.782724380493164062e+01,3.197357559204101562e+01,3.402691650390625000e+01,3.883179473876953125e+01
5.760000000000000142e+01,2.985214805603027344e+01,3.191853523254394531e+01,3.788323974609375000e+01,3.202957534790039062e+01,3.408291625976562500e+01,3.888779449462890625e+01
5.767999999999999972e+01,2.990830421447753906e+01,3.197455596923828125e+01,3.793923568725585938e+01,3.208557510375976562e+01,3.413891601562500000e+01,3.894379425048828125e+01
5.775999999999999801e+01,2.996445655822753906e+01,3.203057479858398438e+01,3.799523162841796875e+01,3.214157485961914062e+01,3.419491577148437500e+01,3.899979400634765625e+01
5.784000000000000341e+01,3.002060508728027344e+01,3.208659362792968750e+01,3.805122756958007812e+01,3.219757461547851562e+01,3.425091552734375000e+01,3.905579376220703125e+01
5.792000000000000171e+01,3.007674980163574219e+01,3.214261245727539062e+01,3.810722351074218750e+01,3.225357437133789062e+01,3.430691528320312500e+01,3.911179351806640625e+01
5.800000000000000000e+01,3.013289070129394531e+01,3.219863128662109375e+01,3.816321945190429688e+01,3.230957412719726562e+01,3.436291503906250000e+01,3.916779327392578125e+01
5.807999999999999829e+01,3.018902778625488281e+01,3.225465011596679688e+01,3.821921539306640625e+01,3.236557388305664062e+01,3.441891479492187500e+01,3.922379302978515625e+01
5.816000000000000369e+01,3.024516105651855469e+01,3.231066513061523438e+01,3.827521133422851562e+01,3.242157363891601562e+01,3.447491455078125000e+01,3.927979278564453125e+01
5.824000000000000199e+01,3.030129051208496094e+01,3.236668014526367188e+01,3.833120727539062500e+01,3.247757339477539062e+01,3.453091430664062500e+01,3.933579254150390625e+01
5.832000000000000028e+01,3.035741615295410156e+01,3.242269515991210938e+01,3.838720321655273438e+01,3.253357315063476562e+01,3.458691406250000000e+01,3.939179229736328125e+01
5.839999999999999858e+01,3.041353988647460938e+01,3.247871017456054688e+01,3.844319915771484375e+01,3.258957290649414062e+01,3.464291381835937500e+01,3.944779205322265625e+01
5.848000000000000398e+01,3.046965980529785156e+01,3.253472518920898438e+01,3.849919509887695312e+01,3.264557266235351562e+01,3.469891357421875000e+01,3.950379180908203125e+01
5.856000000000000227e+01,3.052577590942382812e+01,3.259074020385742188e+01,3.855519104003906250e+01,3.270157241821289062e+01,3.475491333007812500e+01,3.955979156494140625e+01
5.864000000000000057e+01,3.058188819885253906e+01,3.264675140380859375e+01,3.861118698120117188e+01,3.275757217407226562e+01,3.481091308593750000e+01,3.961579132080078125e+01
5.871999999999999886e+01,3.063799667358398438e+01,3.270276260375976562e+01,3.866718292236328125e+01,3.281357192993164062e+01,3.486691284179687500e+01,3.967179107666015625e+01
5.880000000000000426e+01,3.069410324096679688e+01,3.275877380371093750e+01,3.872318267822265625e+01,3.286957168579101562e+01,3.492291259765625000e+01,3.972779083251953125e+01
5.888000000000000256e+01,3.075020599365234375e+01,3.281478500366210938e+01,3.877918243408203125e+01,3.292557144165039062e+01,3.497891235351562500e+01,3.978379058837890625e+01
5.896000000000000085e+01,3.080630493164062500e+01,3.287079620361328125e+01,3.883518218994140625e+01,3.298157119750976562e+01,3.503491210937500000e+01,3.983979034423828125e+01
5.903999999999999915e+01,3.086240196228027344e+01,3.292680740356445312e+01,3.889118194580078125e+01,3.303757095336914062e+01,3.509091186523437500e+01,3.989579010009765625e+01
5.912000000000000455e+01,3.091849517822265625e+01,3.298281860351562500e+01,3.894718170166015625e+01,3.309357070922851562e+01,3.514691162109375000e+01,3.995178985595703125e+01
5.920000000000000284e+01,3.097458648681640625e+01,3.303882598876953125e+01,3.900318145751953125e+01,3.314957046508789062e+01,3.520291137695312500e+01,4.000778961181640625e+01
5.928000000000000114e+01,3.103067398071289062e+01,3.309483337402343750e+01,3.905918121337890625e+01,3.320557022094726562e+01,3.525891113281250000e+01,4.006378936767578125e+01
5.935999999999999943e+01,3.108675765991210938e+01,3.315084075927734375e+01,3.911518096923828125e+01,3.326156997680664062e+01,3.531491088867187500e+01,4.011978912353515625e+01
5.943999999999999773e+01,3.114283943176269531e+01,3.320684814453125000e+01,3.917118072509765625e+01,3.331756973266601562e+01,3.537091064453125000e+01,4.017578887939453125e+01
5.952000000000000313e+01,3.119891929626464844e+01,3.326285552978515625e+01,3.922718048095703125e+01,3.337356948852539062e+01,3.542691040039062500e+01,4.023178863525390625e+01
5.960000000000000142e+01,3.125499534606933594e+01,3.331886291503906250e+01,3.928318023681640625e+01,3.342956924438476562e+01,3.548291015625000000e+01,4.028778839111328125e+01
5.967999999999999972e+01,3.131106948852539062e+01,3.337487030029296875e+01,3.933917999267578125e+01,3.348556900024414062e+01,3.553890991210937500e+01,4.034378814697265625e+01
5.975999999999999801e+01,3.136713981628417969e+01,3.343087768554687500e+01,3.939517974853515625e+01,3.354156875610351562e+01,3.559490966796875000e+01,4.039978790283203125e+01
5.984000000000000341e+01,3.142320823669433594e+01,3.348688507080078125e+01,3.945117950439453125e+01,3.359756851196289062e+01,3.565090942382812500e+01,4.045578765869140625e+01
5.992000000000000171e+01,3.147927474975585938e+01,3.354288864135742188e+01,3.950717926025390625e+01,3.365356826782226562e+01,3.570690917968750000e+01,4.051178741455078125e+01
6.000000000000000000e+01,3.153533935546875000e+01,3.359889221191406250e+01,3.956317901611328125e+01,3.370956802368164062e+01,3.576290893554687500e+01,4.056778717041015625e+01
6.007999999999999829e+01,3.159140014648437500e+01,3.365489578247070312e+01,3.961917877197265625e+01,3.376556777954101562e+01,3.581890869140625000e+01,4.062378692626953125e+01
6.016000000000000369e+01,3.164745903015136719e+01,3.371089935302734375e+01,3.967517852783203125e+01,3.382156753540039062e+01,3.587490844726562500e+01,4.067978668212890625e+01
6.024000000000000199e+01,3.170351600646972656e+01,3.376690292358398438e+01,3.973117828369140625e+01,3.387756729125976562e+01,3.593090820312500000e+01,4.073578643798828125e+01
6.032000000000000028e+01,3.175957107543945312e+01,3.382290649414062500e+01,3.978717803955078125e+01,3.393356704711914062e+01,3.598690795898437500e+01,4.079178619384765625e+01
6.039999999999999858e+01,3.181562423706054688e+01,3.387891006469726562e+01,3.984317779541015625e+01,3.398956680297851562e+01,3.604290771484375000e+01,4.084778594970703125e+01
6.048000000000000398e+01,3.187167549133300781e+01,3.393491363525390625e+01,3.989917755126953125e+01,3.404556655883789062e+01,3.609890747070312500e+01,4.090378570556640625e+01
6.056000000000000227e+01,3.192772483825683594e+01,3.399091720581054688e+01,3.995517730712890625e+01,3.410156631469726562e+01,3.615490722656250000e+01,4.095978546142578125e+01
6.064000000000000057e+01,3.198377227783203125e+01,3.404692077636718750e+01,4.001117706298828125e+01,3.415756607055664062e+01,3.621090698242187500e+01,4.101578521728515625e+01
6.071999999999999886e+01,3.203981781005859375e+01,3.410292434692382812e+01,4.006717681884765625e+01,3.421356582641601562e+01,3.626690673828125000e+01,4.107178497314453125e+01
6.080000000000000426e+01,3.209585952758789062e+01,3.415892791748046875e+01,4.012317657470703125e+01,3.426956558227539062e+01,3.632290649414062500e+01,4.112778472900390625e+01
6.088000000000000256e+01,3.215190124511718750e+01,3.421493148803710938e+01,4.017917633056640625e+01,3.432556533813476562e+01,3.637890625000000000e+01,4.118378448486328125e+01
6.096000000000000085e+01,3.220793914794921875e+01,3.427093505859375000e+01,4.023517608642578125e+01,3.438156509399414062e+01,3.643490600585937500e+01,4.123978424072265625e+01
6.103999999999999915e+01,3.226397705078125000e+01,3.432693862915039062e+01,4.029117584228515625e+01,3.443756484985351562e+01,3.649090576171875000e+01,4.129578399658203125e+01
6.112000000000000455e+01,3.232001495361328125e+01,3.438293838500976562e+01,4.034717559814453125e+01,3.449356460571289062e+01,3.654690551757812500e+01,4.135178375244140625e+01
6.120000000000000284e+01,3.237604904174804688e+01,3.443893814086914062e+01,4.040317535400390625e+01,3.454956436157226562e+01,3.660290527343750000e+01,4.140778350830078125e+01
6.128000000000000114e+01,3.243208312988281250e+01,3.449493789672851562e+01,4.045917510986328125e+01,3.460556411743164062e+01,3.665890502929687500e+01,4.146378326416015625e+01
6.135999999999999943e+01,3.248811340332031250e+01,3.455093765258789062e+01,4.051517486572265625e+01,3.466156387329101562e+01,3.671490478515625000e+01,4.151978302001953125e+01
6.143999999999999773e+01,3.254414367675781250e+01,3.460693740844726562e+01,4.057117462158203125e+01,3.471756362915039062e+01,3.677090454101562500e+01,4.157578277587890625e+01
6.152000000000000313e+01,3.260017395019531250e+01,3.466293716430664062e+01,4.062717437744140625e+01,3.477356338500976562e+01,3.682690429687500000e+01,4.163178253173828125e+01
6.160000000000000142e+01,3.265620040893554688e+01,3.471893692016601562e+01,4.068317413330078125e+01,3.482956314086914062e+01,3.688290405273437500e+01,4.168778228759765625e+01
6.167999999999999972e+01,3.271222686767578125e+01,3.477493667602539062e+01,4.073917388916015625e+01,3.488556289672851562e+01,3.693890380859375000e+01,4.174378204345703125e+01
6.175999999999999801e+01,3.276825332641601562e+01,3.483093643188476562e+01,4.079517364501953125e+01,3.494156265258789062e+01,3.699490356445312500e+01,4.179978179931640625e+01
6.184000000000000341e+01,3.282427597045898438e+01,3.488693618774414062e+01,4.085117340087890625e+01,3.499756240844726562e+01,3.705090332031250000e+01,4.185578155517578125e+01
6.192000000000000171e+01,3.288029861450195312e+01,3.494293594360351562e+01,4.090717315673828125e+01,3.505356216430664062e+01,3.710690307617187500e+01,4.191178131103515625e+01
6.200000000000000000e+01,3.293632125854492188e+01,3.499893569946289062e+01,4.096317291259765625e+01,3.510956192016601562e+01,3.716290283203125000e+01,4.196778106689453125e+01
6.207999999999999829e+01,3.299234390258789062e+01,3.505493545532226562e+01,4.101917266845703125e+01,3.516556167602539062e+01,3.721890258789062500e+01,4.202378082275390625e+01
6.216000000000000369e+01,3.304836273193359375e+01,3.511093521118164062e+01,4.107517242431640625e+01,3.522156143188476562e+01,3.727490234375000000e+01,4.207978057861328125e+01
6.224000000000000199e+01,3.310438156127929688e+01,3.516693496704101562e+01,4.113117218017578125e+01,3.527756118774414062e+01,3.733090209960937500e+01,4.213578033447265625e+01
6.232000000000000028e+01,3.316040039062500000e+01,3.522293472290039062e+01,4.118717193603515625e+01,3.533356094360351562e+01,3.738690185546875000e+01,4.219178009033203125e+01
6.239999999999999858e+01,3.321641921997070312e+01,3.527893447875976562e+01,4.124317169189453125e+01,3.538956069946289062e+01,3.744290161132812500e+01,4.224777984619140625e+01
6.248000000000000398e+01,3.327243423461914062e+01,3.533493423461914062e+01,4.129917144775390625e+01,3.544556045532226562e+01,3.749890136718750000e+01,4.230377960205078125e+01
6.256000000000000227e+01,3.332844924926757812e+01,3.539093399047851562e+01,4.135517120361328125e+01,3.550156021118164062e+01,3.755490112304687500e+01,4.235977935791015625e+01
6.264000000000000057e+01,3.338446426391601562e+01,3.544693374633789062e+01,4.141117095947265625e+01,3.555755996704101562e+01,3.761090087890625000e+01,4.241577911376953125e+01
6.271999999999999886e+01,3.344047927856445312e+01,3.550293350219726562e+01,4.146717071533203125e+01,3.561355972290039062e+01,3.766690063476562500e+01,4.247177886962890625e+01
6.280000000000000426e+01,3.349649047851562500e+01,3.555893325805664062e+01,4.152317047119140625e+01,3.566955947875976562e+01,3.772290039062500000e+01,4.252777862548828125e+01
6.288000000000000256e+01,3.355250167846679688e+01,3.561493301391601562e+01,4.157917022705078125e+01,3.572555923461914062e+01,3.777890014648437500e+01,4.258377838134765625e+01
6.296000000000000085e+01,3.360851287841796875e+01,3.567093276977539062e+01,4.163516998291015625e+01,3.578155899047851562e+01,3.783489990234375000e+01,4.263977813720703125e+01
6.303999999999999915e+01,3.366452407836914062e+01,3.572693252563476562e+01,4.169116973876953125e+01,3.583755874633789062e+01,3.789089965820312500e+01,4.269577789306640625e+01
6.312000000000000455e+01,3.372053527832031250e+01,3.578293228149414062e+01,4.174716949462890625e+01,3.589355850219726562e+01,3.794689941406250000e+01,4.275177764892578125e+01
6.320000000000000284e+01,3.377654647827148438e+01,3.583893203735351562e+01,4.180316925048828125e+01,3.594955825805664062e+01,3.800289916992187500e+01,4.280777740478515625e+01
6.328000000000000114e+01,3.383255386352539062e+01,3.589493179321289062e+01,4.185916900634765625e+01,3.600555801391601562e+01,3.805889892578125000e+01,4.286377716064453125e+01
6.335999999999999943e+01,3.388856124877929688e+01,3.595093154907226562e+01,4.191516876220703125e+01,3.606155776977539062e+01,3.811489868164062500e+01,4.291977691650390625e+01
6.344000000000000483e+01,3.394456863403320312e+01,3.600693130493164062e+01,4.197116851806640625e+01,3.611755752563476562e+01,3.817089843750000000e+01,4.297577667236328125e+01
6.352000000000000313e+01,3.400057601928710938e+01,3.606293106079101562e+01,4.202716827392578125e+01,3.617355728149414062e+01,3.822689819335937500e+01,4.303177642822265625e+01
6.360000000000000142e+01,3.405658340454101562e+01,3.611893081665039062e+01,4.208316802978515625e+01,3.622955703735351562e+01,3.828289794921875000e+01,4.308777618408203125e+01
6.367999999999999972e+01,3.411259078979492188e+01,3.617493057250976562e+01,4.213916778564453125e+01,3.628555679321289062e+01,3.833889770507812500e+01,4.314377593994140625e+01
6.375999999999999801e+01,3.416859817504882812e+01,3.623093032836914062e+01,4.219516754150390625e+01,3.634155654907226562e+01,3.839489746093750000e+01,4.319977569580078125e+01
6.384000000000000341e+01,3.422460556030273438e+01,3.628693008422851562e+01,4.225116729736328125e+01,3.639755630493164062e+01,3.845089721679687500e+01,4.325577545166015625e+01
6.392000000000000171e+01,3.428060913085937500e+01,3.634292984008789062e+01,4.230716705322265625e+01,3.645355606079101562e+01,3.850689697265625000e+01,4.331177520751953125e+01
6.400000000000000000e+01,3.433661270141601562e+01,3.639892959594726562e+01,4.236316680908203125e+01,3.650955581665039062e+01,3.856289672851562500e+01,4.336777496337890625e+01
6.407999999999999829e+01,3.439261627197265625e+01,3.645492935180664062e+01,4.241916656494140625e+01,3.656555557250976562e+01,3.861889648437500000e+01,4.342377471923828125e+01
6.415999999999999659e+01,3.444861984252929688e+01,3.651092910766601562e+01,4.247516632080078125e+01,3.662155532836914062e+01,3.867489624023437500e+01,4.347977447509765625e+01
6.423999999999999488e+01,3.450462341308593750e+01,3.656692886352539062e+01,4.253116607666015625e+01,3.667755508422851562e+01,3.873089599609375000e+01,4.353577423095703125e+01
6.432000000000000739e+01,3.456062698364257812e+01,3.662292861938476562e+01,4.258716583251953125e+01,3.673355484008789062e+01,3.878689575195312500e+01,4.359177398681640625e+01
6.440000000000000568e+01,3.461663055419921875e+01,3.667892837524414062e+01,4.264316558837890625e+01,3.678955459594726562e+01,3.884289550781250000e+01,4.364777374267578125e+01
6.448000000000000398e+01,3.467263412475585938e+01,3.673492813110351562e+01,4.269916534423828125e+01,3.684555435180664062e+01,3.889889526367187500e+01,4.370377349853515625e+01
6.456000000000000227e+01,3.472863769531250000e+01,3.679092788696289062e+01,4.275516510009765625e+01,3.690155410766601562e+01,3.895489501953125000e+01,4.375977325439453125e+01
6.464000000000000057e+01,3.478464126586914062e+01,3.684692764282226562e+01,4.281116485595703125e+01,3.695755386352539062e+01,3.901089477539062500e+01,4.381577301025390625e+01
6.471999999999999886e+01,3.484064483642578125e+01,3.690292739868164062e+01,4.286716461181640625e+01,3.701355361938476562e+01,3.906689453125000000e+01,4.387177276611328125e+01
6.479999999999999716e+01,3.489664840698242188e+01,3.695892715454101562e+01,4.292316436767578125e+01,3.706955337524414062e+01,3.912289428710937500e+01,4.392777252197265625e+01
6.487999999999999545e+01,3.495265197753906250e+01,3.701492691040039062e+01,4.297916412353515625e+01,3.712555313110351562e+01,3.917889404296875000e+01,4.398377227783203125e+01
6.496000000000000796e+01,3.500865173339843750e+01,3.707092666625976562e+01,4.303516387939453125e+01,3.718155288696289062e+01,3.923489379882812500e+01,4.403977203369140625e+01
6.504000000000000625e+01,3.506465148925781250e+01,3.712692642211914062e+01,4.309116363525390625e+01,3.723755264282226562e+01,3.929089355468750000e+01,4.409577178955078125e+01
6.512000000000000455e+01,3.512065124511718750e+01,3.718292617797851562e+01,4.314716339111328125e+01,3.729355239868164062e+01,3.934689331054687500e+01,4.415177154541015625e+01
6.520000000000000284e+01,3.517665100097656250e+01,3.723892593383789062e+01,4.320316314697265625e+01,3.734955215454101562e+01,3.940289306640625000e+01,4.420777130126953125e+01
6.528000000000000114e+01,3.523265075683593750e+01,3.729492568969726562e+01,4.325916290283203125e+01,3.740555191040039062e+01,3.945889282226562500e+01,4.426377105712890625e+01
6.535999999999999943e+01,3.528865051269531250e+01,3.735092544555664062e+01,4.331516265869140625e+01,3.746155166625976562e+01,3.951489257812500000e+01,4.431977081298828125e+01
6.543999999999999773e+01,3.534465026855468750e+01,3.740692520141601562e+01,4.337116241455078125e+01,3.751755142211914062e+01,3.957089233398437500e+01,4.437577056884765625e+01
6.551999999999999602e+01,3.540065002441406250e+01,3.746292495727539062e+01,4.342716217041015625e+01,3.757355117797851562e+01,3.962689208984375000e+01,4.443177032470703125e+01
6.559999999999999432e+01,3.545664978027343750e+01,3.751892471313476562e+01,4.348316192626953125e+01,3.762955093383789062e+01,3.968289184570312500e+01,4.448777008056640625e+01
6.568000000000000682e+01,3.551264953613281250e+01,3.757492446899414062e+01,4.353916168212890625e+01,3.768555068969726562e+01,3.973889160156250000e+01,4.454376983642578125e+01
6.576000000000000512e+01,3.556864929199218750e+01,3.763092422485351562e+01,4.359516143798828125e+01,3.774155044555664062e+01,3.979489135742187500e+01,4.459976959228515625e+01
6.584000000000000341e+01,3.562464904785156250e+01,3.768692398071289062e+01,4.365116119384765625e+01,3.779755020141601562e+01,3.985089111328125000e+01,4.465576934814453125e+01
6.592000000000000171e+01,3.568064880371093750e+01,3.774292373657226562e+01,4.370716094970703125e+01,3.785354995727539062e+01,3.990689086914062500e+01,4.471176910400390625e+01
6.600000000000000000e+01,3.573664855957031250e+01,3.779892349243164062e+01,4.376316070556640625e+01,3.790954971313476562e+01,3.996289062500000000e+01,4.476776885986328125e+01
6.607999999999999829e+01,3.579264831542968750e+01,3.785492324829101562e+01,4.381916046142578125e+01,3.796554946899414062e+01,4.001889038085937500e+01,4.482376861572265625e+01
6.615999999999999659e+01,3.584864807128906250e+01,3.791092300415039062e+01,4.387516021728515625e+01,3.802154922485351562e+01,4.007489013671875000e+01,4.487976837158203125e+01
6.623999999999999488e+01,3.590464782714843750e+01,3.796692276000976562e+01,4.393115997314453125e+01,3.807754898071289062e+01,4.013088989257812500e+01,4.493576812744140625e+01
6.632000000000000739e+01,3.596064758300781250e+01,3.802292251586914062e+01,4.398715972900390625e+01,3.813354873657226562e+01,4.018688964843750000e+01,4.499176788330078125e+01
6.640000000000000568e+01,3.601664733886718750e+01,3.807892227172851562e+01,4.404315948486328125e+01,3.818954849243164062e+01,4.024288940429687500e+01,4.504776763916015625e+01
6.648000000000000398e+01,3.607264709472656250e+01,3.813492202758789062e+01,4.409915924072265625e+01,3.824554824829101562e+01,4.029888916015625000e+01,4.510376739501953125e+01
6.656000000000000227e+01,3.612864685058593750e+01,3.819092178344726562e+01,4.415515899658203125e+01,3.830154800415039062e+01,4.035488891601562500e+01,4.515976715087890625e+01
6.664000000000000057e+01,3.618464660644531250e+01,3.824692153930664062e+01,4.421115875244140625e+01,3.835754776000976562e+01,4.041088867187500000e+01,4.521576690673828125e+01
6.671999999999999886e+01,3.624064636230468750e+01,3.830292129516601562e+01,4.426715850830078125e+01,3.841354751586914062e+01,4.046688842773437500e+01,4.527176666259765625e+01
6.679999999999999716e+01,3.629664611816406250e+01,3.835892105102539062e+01,4.432315826416015625e+01,3.846954727172851562e+01,4.052288818359375000e+01,4.532776641845703125e+01
6.687999999999999545e+01,3.635264587402343750e+01,3.841492080688476562e+01,4.437915802001953125e+01,3.852554702758789062e+01,4.057888793945312500e+01,4.538376617431640625e+01
6.696000000000000796e+01,3.640864562988281250e+01,3.847092056274414062e+01,4.443515777587890625e+01,3.858154678344726562e+01,4.063488769531250000e+01,4.543976593017578125e+01
6.704000000000000625e+01,3.646464538574218750e+01,3.852692031860351562e+01,4.449115753173828125e+01,3.863754653930664062e+01,4.069088745117187500e+01,4.549576568603515625e+01
6.712000000000000455e+01,3.652064514160156250e+01,3.858292007446289062e+01,4.454715728759765625e+01,3.869354629516601562e+01,4.074688720703125000e+01,4.555176544189453125e+01
6.720000000000000284e+01,3.657664489746093750e+01,3.863891983032226562e+01,4.460315704345703125e+01,3.874954605102539062e+01,4.080288696289062500e+01,4.560776519775390625e+01
6.728000000000000114e+01,3.663264465332031250e+01,3.869491958618164062e+01,4.465915679931640625e+01,3.880554580688476562e+01,4.085888671875000000e+01,4.566376495361328125e+01
6.735999999999999943e+01,3.668864440917968750e+01,3.875091934204101562e+01,4.471515655517578125e+01,3.886154556274414062e+01,4.091488647460937500e+01,4.571976470947265625e+01
6.743999999999999773e+01,3.674464416503906250e+01,3.880691909790039062e+01,4.477115631103515625e+01,3.891754531860351562e+01,4.097088623046875000e+01,4.577576446533203125e+01
6.751999999999999602e+01,3.680064392089843750e+01,3.886291885375976562e+01,4.482715606689453125e+01,3.897354507446289062e+01,4.102688598632812500e+01,4.583176422119140625e+01
6.759999999999999432e+01,3.685664367675781250e+01,3.891891860961914062e+01,4.488315582275390625e+01,3.902954483032226562e+01,4.108288574218750000e+01,4.588776397705078125e+01
6.768000000000000682e+01,3.691264343261718750e+01,3.897491836547851562e+01,4.493915557861328125e+01,3.908554458618164062e+01,4.113888549804687500e+01,4.594376373291015625e+01
6.776000000000000512e+01,3.696864318847656250e+01,3.903091812133789062e+01,4.499515533447265625e+01,3.914154434204101562e+01,4.119488525390625000e+01,4.599976348876953125e+01
6.784000000000000341e+01,3.702464294433593750e+01,3.908691787719726562e+01,4.505115509033203125e+01,3.919754409790039062e+01,4.125088500976562500e+01,4.605576324462890625e+01
6.792000000000000171e+01,3.708064270019531250e+01,3.914291763305664062e+01,4.510715484619140625e+01,3.925354385375976562e+01,4.130688476562500000e+01,4.611176300048828125e+01
6.800000000000000000e+01,3.713664245605468750e+01,3.919891738891601562e+01,4.516315460205078125e+01,3.930954360961914062e+01,4.136288452148437500e+01,4.616776275634765625e+01
6.807999999999999829e+01,3.719264221191406250e+01,3.925491714477539062e+01,4.521915435791015625e+01,3.936554336547851562e+01,4.141888427734375000e+01,4.622376251220703125e+01
6.815999999999999659e+01,3.724864196777343750e+01,3.931091690063476562e+01,4.527515411376953125e+01,3.942154312133789062e+01,4.147488403320312500e+01,4.627976226806640625e+01
6.823999999999999488e+01,3.730464172363281250e+01,3.936691665649414062e+01,4.533115386962890625e+01,3.947754287719726562e+01,4.153088378906250000e+01,4.633576202392578125e+01
6.832000000000000739e+01,3.736064147949218750e+01,3.942291641235351562e+01,4.538715362548828125e+01,3.953354263305664062e+01,4.158688354492187500e+01,4.639176177978515625e+01
6.840000000000000568e+01,3.741664123535156250e+01,3.947891616821289062e+01,4.544315338134765625e+01,3.958954238891601562e+01,4.164288330078125000e+01,4.644776153564453125e+01
6.848000000000000398e+01,3.747264099121093750e+01,3.953491592407226562e+01,4.549915313720703125e+01,3.964554214477539062e+01,4.169888305664062500e+01,4.650376129150390625e+01
6.856000000000000227e+01,3.752864074707031250e+01,3.959091567993164062e+01,4.555515289306640625e+01,3.970154190063476562e+01,4.175488281250000000e+01,4.655976104736328125e+01
6.864000000000000057e+01,3.758464050292968750e+01,3.964691543579101562e+01,4.561115264892578125e+01,3.975754165649414062e+01,4.181088256835937500e+01,4.661576080322265625e+01
6.871999999999999886e+01,3.764064025878906250e+01,3.970291519165039062e+01,4.566715240478515625e+01,3.981354141235351562e+01,4.186688232421875000e+01,4.667176055908203125e+01
6.879999999999999716e+01,3.769664001464843750e+01,3.975891494750976562e+01,4.572315216064453125e+01,3.986954116821289062e+01,4.192288208007812500e+01,4.672776031494140625e+01
6.887999999999999545e+01,3.775263977050781250e+01,3.981491470336914062e+01,4.577915191650390625e+01,3.992554092407226562e+01,4.197888183593750000e+01,4.678376007080078125e+01
6.896000000000000796e+01,3.780863952636718750e+01,3.987091445922851562e+01,4.583515167236328125e+01,3.998154067993164062e+01,4.203488159179687500e+01,4.683975982666015625e+01
6.904000000000000625e+01,3.786463928222656250e+01,3.992691421508789062e+01,4.589115142822265625e+01,4.003754043579101562e+01,4.209088134765625000e+01,4.689575958251953125e+01
6.912000000000000455e+01,3.792063903808593750e+01,3.998291397094726562e+01,4.594715118408203125e+01,4.009354019165039062e+01,4.214688110351562500e+01,4.695175933837890625e+01
6.920000000000000284e+01,3.797663879394531250e+01,4.003891372680664062e+01,4.600315093994140625e+01,4.014953994750976562e+01,4.220288085937500000e+01,4.700775909423828125e+01
6.928000000000000114e+01,3.803263854980468750e+01,4.009491348266601562e+01,4.605915069580078125e+01,4.020553970336914062e+01,4.225888061523437500e+01,4.706375885009765625e+01
6.935999999999999943e+01,3.808863830566406250e+01,4.015091323852539062e+01,4.611515045166015625e+01,4.026153945922851562e+01,4.231488037109375000e+01,4.711975860595703125e+01
6.943999999999999773e+01,3.814463806152343750e+01,4.020691299438476562e+01,4.617115020751953125e+01,4.031753921508789062e+01,4.237088012695312500e+01,4.717575836181640625e+01
6.951999999999999602e+01,3.820063781738281250e+01,4.026291275024414062e+01,4.622714996337890625e+01,4.037353897094726562e+01,4.242687988281250000e+01,4.723175811767578125e+01
6.960000000000000853e+01,3.825663757324218750e+01,4.031891250610351562e+01,4.628314971923828125e+01,4.042953872680664062e+01,4.248287963867187500e+01,4.728775787353515625e+01
6.968000000000000682e+01,3.831263732910156250e+01,4.037491226196289062e+01,4.633914947509765625e+01,4.048553848266601562e+01,4.253887939453125000e+01,4.734375762939453125e+01
6.976000000000000512e+01,3.836863708496093750e+01,4.043091201782226562e+01,4.639514923095703125e+01,4.054153823852539062e+01,4.259487915039062500e+01,4.739975738525390625e+01
6.984000000000000341e+01,3.842463684082031250e+01,4.048691177368164062e+01,4.645114898681640625e+01,4.059753799438476562e+01,4.265087890625000000e+01,4.745575714111328125e+01
6.992000000000000171e+01,3.848063659667968750e+01,4.054291152954101562e+01,4.650714874267578125e+01,4.065353775024414062e+01,4.270687866210937500e+01,4.751175689697265625e+01
7.000000000000000000e+01,3.853663635253906250e+01,4.059891128540039062e+01,4.656314849853515625e+01,4.070953750610351562e+01,4.276287841796875000e+01,4.756775665283203125e+01
7.007999999999999829e+01,3.859263610839843750e+01,4.065491104125976562e+01,4.661914825439453125e+01,4.076553726196289062e+01,4.281887817382812500e+01,4.762375640869140625e+01
7.015999999999999659e+01,3.864863586425781250e+01,4.071091079711914062e+01,4.667514801025390625e+01,4.082153701782226562e+01,4.287487792968750000e+01,4.767975616455078125e+01
7.023999999999999488e+01,3.870463562011718750e+01,4.076691055297851562e+01,4.673114776611328125e+01,4.087753677368164062e+01,4.293087768554687500e+01,4.773575592041015625e+01
7.032000000000000739e+01,3.876063537597656250e+01,4.082291030883789062e+01,4.678714752197265625e+01,4.093353652954101562e+01,4.298687744140625000e+01,4.779175567626953125e+01
7.040000000000000568e+01,3.881663513183593750e+01,4.087891006469726562e+01,4.684314727783203125e+01,4.098953628540039062e+01,4.304287719726562500e+01,4.784775543212890625e+01
7.048000000000000398e+01,3.887263488769531250e+01,4.093490982055664062e+01,4.689914703369140625e+01,4.104553604125976562e+01,4.309887695312500000e+01,4.790375518798828125e+01
7.056000000000000227e+01,3.892863464355468750e+01,4.099090957641601562e+01,4.695514678955078125e+01,4.110153579711914062e+01,4.315487670898437500e+01,4.795975494384765625e+01
7.064000000000000057e+01,3.898463439941406250e+01,4.104690933227539062e+01,4.701114654541015625e+01,4.115753555297851562e+01,4.321087646484375000e+01,4.801575469970703125e+01
7.071999999999999886e+01,3.904063415527343750e+01,4.110290908813476562e+01,4.706714630126953125e+01,4.121353530883789062e+01,4.326687622070312500e+01,4.807175445556640625e+01
7.079999999999999716e+01,3.909663391113281250e+01,4.115890884399414062e+01,4.712314605712890625e+01,4.126953506469726562e+01,4.332287597656250000e+01,4.812775421142578125e+01
7.087999999999999545e+01,3.915263366699218750e+01,4.121490859985351562e+01,4.717914581298828125e+01,4.132553482055664062e+01,4.337887573242187500e+01,4.818375396728515625e+01
7.096000000000000796e+01,3.920863342285156250e+01,4.127090835571289062e+01,4.723514556884765625e+01,4.138153457641601562e+01,4.343487548828125000e+01,4.823975372314453125e+01
7.104000000000000625e+01,3.926463317871093750e+01,4.132690811157226562e+01,4.729114532470703125e+01,4.143753433227539062e+01,4.349087524414062500e+01,4.829575347900390625e+01
7.112000000000000455e+01,3.932063293457031250e+01,4.138290786743164062e+01,4.734714508056640625e+01,4.149353408813476562e+01,4.354687500000000000e+01,4.835175323486328125e+01
7.120000000000000284e+01,3.937663269042968750e+01,4.143890762329101562e+01,4.740314483642578125e+01,4.154953384399414062e+01,4.360287475585937500e+01,4.840775299072265625e+01
7.128000000000000114e+01,3.943263244628906250e+01,4.149490737915039062e+01,4.745914459228515625e+01,4.160553359985351562e+01,4.365887451171875000e+01,4.846375274658203125e+01
7.135999999999999943e+01,3.948863220214843750e+01,4.155090713500976562e+01,4.751514434814453125e+01,4.166153335571289062e+01,4.371487426757812500e+01,4.851975250244140625e+01
7.143999999999999773e+01,3.954463195800781250e+01,4.160690689086914062e+01,4.757114410400390625e+01,4.171753311157226562e+01,4.377087402343750000e+01,4.857575225830078125e+01
7.151999999999999602e+01,3.960063171386718750e+01,4.166290664672851562e+01,4.762714385986328125e+01,4.177353286743164062e+01,4.382687377929687500e+01,4.863175201416015625e+01
7.160000000000000853e+01,3.965663146972656250e+01,4.171890640258789062e+01,4.768314361572265625e+01,4.182953262329101562e+01,4.388287353515625000e+01,4.868775177001953125e+01
7.168000000000000682e+01,3.971263122558593750e+01,4.177490615844726562e+01,4.773914337158203125e+01,4.188553237915039062e+01,4.393887329101562500e+01,4.874375152587890625e+01
7.176000000000000512e+01,3.976863098144531250e+01,4.183090591430664062e+01,4.779514312744140625e+01,4.194153213500976562e+01,4.399487304687500000e+01,4.879975128173828125e+01
7.184000000000000341e+01,3.982463073730468750e+01,4.188690567016601562e+01,4.785114288330078125e+01,4.199753189086914062e+01,4.405087280273437500e+01,4.885575103759765625e+01
7.192000000000000171e+01,3.988063049316406250e+01,4.194290542602539062e+01,4.790714263916015625e+01,4.205353164672851562e+01,4.410687255859375000e+01,4.891175079345703125e+01
7.200000000000000000e+01,3.993663024902343750e+01,4.199890518188476562e+01,4.796314239501953125e+01,4.210953140258789062e+01,4.416287231445312500e+01,4.896775054931640625e+01
7.207999999999999829e+01,3.999263000488281250e+01,4.205490493774414062e+01,4.801914215087890625e+01,4.216553115844726562e+01,4.421887207031250000e+01,4.902363967895507812e+01
7.215999999999999659e+01,4.004862976074218750e+01,4.211090469360351562e+01,4.807511901855468750e+01,4.222153091430664062e+01,4.427487182617187500e+01,4.907839584350585938e+01
7.223999999999999488e+01,4.010462951660156250e+01,4.216690444946289062e+01,4.813085556030273438e+01,4.227753067016601562e+01,4.433087158203125000e+01,4.913149261474609375e+01
7.232000000000000739e+01,4.016062927246093750e+01,4.222290420532226562e+01,4.818618774414062500e+01,4.233353042602539062e+01,4.438490295410156250e+01,4.918275451660156250e+01
7.240000000000000568e+01,4.021662521362304688e+01,4.227890014648437500e+01,4.824103546142578125e+01,4.238953018188476562e+01,4.443347167968750000e+01,4.922834396362304688e+01
7.248000000000000398e+01,4.027262115478515625e+01,4.233489608764648438e+01,4.829452896118164062e+01,4.244552993774414062e+01,4.447703552246093750e+01,4.927029800415039062e+01
7.256000000000000227e+01,4.032860946655273438e+01,4.239086532592773438e+01,4.834670257568359375e+01,4.250152969360351562e+01,4.451626968383789062e+01,4.931019210815429688e+01
7.264000000000000057e+01,4.038458251953125000e+01,4.244673538208007812e+01,4.839779663085937500e+01,4.255752944946289062e+01,4.455194854736328125e+01,4.934917449951171875e+01
7.271999999999999886e+01,4.044054031372070312e+01,4.250245285034179688e+01,4.844804000854492188e+01,4.261352920532226562e+01,4.458483123779296875e+01,4.938802719116210938e+01
7.279999999999999716e+01,4.049647521972656250e+01,4.255794906616210938e+01,4.849766540527343750e+01,4.266952896118164062e+01,4.461338043212890625e+01,4.942335891723632812e+01
7.287999999999999545e+01,4.055238723754882812e+01,4.261317443847656250e+01,4.854590225219726562e+01,4.272552871704101562e+01,4.463919830322265625e+01,4.945728302001953125e+01
7.296000000000000796e+01,4.060827636718750000e+01,4.266808319091796875e+01,4.859305191040039062e+01,4.278152847290039062e+01,4.466351318359375000e+01,4.949122619628906250e+01
7.304000000000000625e+01,4.066413879394531250e+01,4.272260284423828125e+01,4.863953781127929688e+01,4.283752822875976562e+01,4.468722534179687500e+01,4.952605819702148438e+01
7.312000000000000455e+01,4.071997451782226562e+01,4.277669143676757812e+01,4.868566513061523438e+01,4.289352798461914062e+01,4.470870590209960938e+01,4.955834960937500000e+01
7.320000000000000284e+01,4.077578353881835938e+01,4.283031082153320312e+01,4.873064804077148438e+01,4.294952774047851562e+01,4.472933959960937500e+01,4.959010696411132812e+01
7.328000000000000114e+01,4.083156967163085938e+01,4.288344573974609375e+01,4.877484512329101562e+01,4.300552749633789062e+01,4.475007247924804688e+01,4.962260818481445312e+01
7.335999999999999943e+01,4.088733291625976562e+01,4.293604278564453125e+01,4.881868743896484375e+01,4.306152725219726562e+01,4.476924896240234375e+01,4.965268325805664062e+01
7.343999999999999773e+01,4.094307327270507812e+01,4.298809432983398438e+01,4.886140060424804688e+01,4.311752700805664062e+01,4.478818893432617188e+01,4.968249130249023438e+01
7.351999999999999602e+01,4.099879074096679688e+01,4.303957366943359375e+01,4.890343475341796875e+01,4.317352676391601562e+01,4.480774688720703125e+01,4.971338272094726562e+01
7.360000000000000853e+01,4.105448532104492188e+01,4.309045791625976562e+01,4.894523239135742188e+01,4.322952651977539062e+01,4.482617187500000000e+01,4.974219894409179688e+01
7.368000000000000682e+01,4.111016082763671875e+01,4.314073944091796875e+01,4.898602294921875000e+01,4.328552627563476562e+01,4.484468460083007812e+01,4.977107620239257812e+01
7.376000000000000512e+01,4.116581726074218750e+01,4.319041061401367188e+01,4.902627182006835938e+01,4.334152603149414062e+01,4.486405181884765625e+01,4.980131530761718750e+01
7.384000000000000341e+01,4.122145843505859375e+01,4.323944854736328125e+01,4.906641006469726562e+01,4.339752578735351562e+01,4.488245010375976562e+01,4.982971191406250000e+01
7.392000000000000171e+01,4.127708053588867188e+01,4.328786087036132812e+01,4.910565185546875000e+01,4.345352554321289062e+01,4.490104293823242188e+01,4.985834884643554688e+01
7.400000000000000000e+01,4.133268737792968750e+01,4.333563995361328125e+01,4.914445495605468750e+01,4.350952529907226562e+01,4.492055511474609375e+01,4.988848114013671875e+01
7.407999999999999829e+01,4.138827514648437500e+01,4.338277816772460938e+01,4.918324661254882812e+01,4.356552505493164062e+01,4.493912887573242188e+01,4.991685867309570312e+01
7.415999999999999659e+01,4.144385528564453125e+01,4.342927551269531250e+01,4.922120666503906250e+01,4.362152481079101562e+01,4.495565414428710938e+01,4.994164657592773438e+01
7.423999999999999488e+01,4.149941635131835938e+01,4.347514343261718750e+01,4.925778579711914062e+01,4.367752456665039062e+01,4.496959304809570312e+01,4.996203231811523438e+01
7.432000000000000739e+01,4.155496978759765625e+01,4.352036666870117188e+01,4.929260635375976562e+01,4.373352432250976562e+01,4.498080444335937500e+01,4.997790908813476562e+01
7.440000000000000568e+01,4.161050033569335938e+01,4.356492614746093750e+01,4.932551574707031250e+01,4.378952407836914062e+01,4.498941421508789062e+01,4.998961257934570312e+01
7.448000000000000398e+01,4.166602706909179688e+01,4.360878753662109375e+01,4.935644531250000000e+01,4.384552383422851562e+01,4.499570083618164062e+01,4.999771499633789062e+01
7.456000000000000227e+01,4.172153091430664062e+01,4.365192794799804688e+01,4.938547897338867188e+01,4.390152359008789062e+01,4.500002288818359375e+01,5.000289154052734375e+01
7.464000000000000057e+01,4.177703094482421875e+01,4.369430923461914062e+01,4.941269683837890625e+01,4.395752334594726562e+01,4.500276184082031250e+01,5.000581359863281250e+01
7.471999999999999886e+01,4.183250808715820312e+01,4.373591232299804688e+01,4.943828964233398438e+01,4.401352310180664062e+01,4.500428390502929688e+01,5.000709152221679688e+01
7.479999999999999716e+01,4.188798522949218750e+01,4.377670288085937500e+01,4.946237182617187500e+01,4.406952285766601562e+01,4.500491333007812500e+01,5.000724792480468750e+01
7.487999999999999545e+01,4.194343566894531250e+01,4.381667327880859375e+01,4.948514556884765625e+01,4.412552261352539062e+01,4.500492858886718750e+01,5.000670242309570312e+01
7.496000000000000796e+01,4.199888992309570312e+01,4.385579299926757812e+01,4.950669479370117188e+01,4.418152236938476562e+01,4.500455474853515625e+01,5.000577163696289062e+01
7.504000000000000625e+01,4.205431747436523438e+01,4.389406585693359375e+01,4.952721023559570312e+01,4.423752212524414062e+01,4.500396347045898438e+01,5.000468826293945312e+01
7.512000000000000455e+01,4.210974884033203125e+01,4.393147277832031250e+01,4.954671478271484375e+01,4.429352188110351562e+01,4.500327682495117188e+01,5.000360870361328125e+01
7.520000000000000284e+01,4.216515350341796875e+01,4.396802139282226562e+01,4.956538391113281250e+01,4.434952163696289062e+01,4.500258636474609375e+01,5.000262451171875000e+01
7.528000000000000114e+01,4.222056579589843750e+01,4.400369644165039062e+01,4.958319091796875000e+01,4.440552139282226562e+01,4.500194549560546875e+01,5.000178909301757812e+01
7.535999999999999943e+01,4.227594757080078125e+01,4.403851699829101562e+01,4.960029983520507812e+01,4.446152114868164062e+01,4.500138854980468750e+01,5.000111770629882812e+01
7.543999999999999773e+01,4.233134078979492188e+01,4.407246780395507812e+01,4.961663436889648438e+01,4.451752090454101562e+01,4.500092697143554688e+01,5.000060653686523438e+01
7.551999999999999602e+01,4.238669967651367188e+01,4.410557174682617188e+01,4.963236999511718750e+01,4.457352066040039062e+01,4.500056076049804688e+01,5.000024032592773438e+01
7.560000000000000853e+01,4.244207763671875000e+01,4.413781356811523438e+01,4.964738845825195312e+01,4.462952041625976562e+01,4.500028610229492188e+01,4.999999237060546875e+01
7.568000000000000682e+01,4.249741363525390625e+01,4.416923141479492188e+01,4.966188812255859375e+01,4.468552017211914062e+01,4.500008773803710938e+01,4.999983978271484375e+01
7.576000000000000512e+01,4.255277633666992188e+01,4.419979858398437500e+01,4.967569732666015625e+01,4.474151992797851562e+01,4.499995422363281250e+01,4.999975967407226562e+01
7.584000000000000341e+01,4.260808944702148438e+01,4.422956466674804688e+01,4.968906402587890625e+01,4.479751968383789062e+01,4.499987411499023438e+01,4.999973297119140625e+01
7.592000000000000171e+01,4.266343688964843750e+01,4.425849533081054688e+01,4.970175552368164062e+01,4.485351943969726562e+01,4.499983215332031250e+01,4.999974060058593750e+01
7.600000000000000000e+01,4.271873092651367188e+01,4.428665161132812500e+01,4.971407699584960938e+01,4.490951919555664062e+01,4.499982070922851562e+01,4.999976730346679688e+01
7.607999999999999829e+01,4.277407073974609375e+01,4.431398773193359375e+01,4.972572708129882812e+01,4.496551895141601562e+01,4.499982833862304688e+01,4.999980545043945312e+01
7.615999999999999659e+01,4.282934570312500000e+01,4.434057998657226562e+01,4.973709106445312500e+01,4.502151870727539062e+01,4.499984359741210938e+01,4.999984741210937500e+01
7.623999999999999488e+01,4.288467407226562500e+01,4.436636352539062500e+01,4.974777603149414062e+01,4.507751846313476562e+01,4.499986648559570312e+01,4.999988555908203125e+01
7.632000000000000739e+01,4.293993377685546875e+01,4.439144134521484375e+01,4.975825881958007812e+01,4.513351821899414062e+01,4.499989318847656250e+01,4.999991989135742188e+01
7.640000000000000568e+01,4.299525833129882812e+01,4.441572570800781250e+01,4.976805114746093750e+01,4.518951797485351562e+01,4.499991607666015625e+01,4.999994659423828125e+01
7.648000000000000398e+01,4.305050277709960938e+01,4.443933868408203125e+01,4.977772903442382812e+01,4.524551773071289062e+01,4.499993896484375000e+01,4.999996948242187500e+01
7.656000000000000227e+01,4.310582351684570312e+01,4.446217346191406250e+01,4.978669357299804688e+01,4.530151748657226562e+01,4.499995803833007812e+01,4.999998474121093750e+01
7.664000000000000057e+01,4.316105651855468750e+01,4.448437500000000000e+01,4.979563140869140625e+01,4.535751724243164062e+01,4.499997329711914062e+01,4.999999618530273438e+01
7.671999999999999886e+01,4.321637725830078125e+01,4.450581359863281250e+01,4.980383300781250000e+01,4.541351699829101562e+01,4.499998474121093750e+01,5.000000381469726562e+01
7.679999999999999716e+01,4.327160263061523438e+01,4.452666091918945312e+01,4.981205749511718750e+01,4.546951675415039062e+01,4.499999237060546875e+01,5.000000762939453125e+01
7.687999999999999545e+01,4.332692337036132812e+01,4.454675674438476562e+01,4.981955718994140625e+01,4.552551651000976562e+01,4.500000000000000000e+01,5.000000762939453125e+01
7.696000000000000796e+01,4.338214874267578125e+01,4.456630325317382812e+01,4.982711029052734375e+01,4.558151626586914062e+01,4.500000381469726562e+01,5.000000762939453125e+01
7.704000000000000625e+01,4.343747329711914062e+01,4.458511734008789062e+01,4.983397293090820312e+01,4.563751602172851562e+01,4.500000762939453125e+01,5.000000762939453125e+01
7.712000000000000455e+01,4.349269866943359375e+01,4.460341644287109375e+01,4.984090805053710938e+01,4.569351577758789062e+01,4.500000762939453125e+01,5.000000762939453125e+01
7.720000000000000284e+01,4.354802703857421875e+01,4.462100219726562500e+01,4.984718704223632812e+01,4.574951553344726562e+01,4.500000762939453125e+01,5.000000762939453125e+01
7.728000000000000114e+01,4.360325622558593750e+01,4.463810729980468750e+01,4.985356140136718750e+01,4.580551528930664062e+01,4.500000762939453125e+01,5.000000762939453125e+01
7.735999999999999943e+01,4.365859222412109375e+01,4.465452575683593750e+01,4.985931396484375000e+01,4.586151504516601562e+01,4.500000762939453125e+01,5.000000762939453125e+01
7.743999999999999773e+01,4.371382904052734375e+01,4.467049407958984375e+01,4.986517715454101562e+01,4.591751480102539062e+01,4.500000762939453125e+01,5.000000762939453125e+01
7.751999999999999602e+01,4.376917266845703125e+01,4.468579864501953125e+01,4.987044906616210938e+01,4.597351455688476562e+01,4.500000762939453125e+01,5.000000762939453125e+01
7.760000000000000853e+01,4.382441711425781250e+01,4.470067977905273438e+01,4.987584686279296875e+01,4.602951431274414062e+01,4.500000762939453125e+01,5.000000762939453125e+01
7.768000000000000682e+01,4.387977218627929688e+01,4.471492004394531250e+01,4.988068008422851562e+01,4.608551406860351562e+01,4.500000762939453125e+01,5.000000762939453125e+01
7.776000000000000512e+01,4.393502807617187500e+01,4.472877120971679688e+01,4.988565063476562500e+01,4.614151382446289062e+01,4.500000762939453125e+01,5.000000762939453125e+01
7.784000000000000341e+01,4.399039459228515625e+01,4.474200439453125000e+01,4.989008331298828125e+01,4.619751358032226562e+01,4.500000762939453125e+01,5.000000762939453125e+01
7.792000000000000171e+01,4.404566574096679688e+01,4.475487518310546875e+01,4.989466094970703125e+01,4.625351333618164062e+01,4.500000762939453125e+01,5.000000762939453125e+01
7.800000000000000000e+01,4.410104751586914062e+01,4.476715469360351562e+01,4.989872360229492188e+01,4.630951309204101562e+01,4.500000762939453125e+01,5.000000762939453125e+01
7.807999999999999829e+01,4.415633392333984375e+01,4.477909469604492188e+01,4.990294265747070312e+01,4.636551284790039062e+01,4.500000762939453125e+01,5.000000762939453125e+01
7.815999999999999659e+01,4.421173095703125000e+01,4.479047012329101562e+01,4.990666961669921875e+01,4.642151260375976562e+01,4.500000762939453125e+01,5.000000762939453125e+01
7.823999999999999488e+01,4.426703262329101562e+01,4.480153274536132812e+01,4.991056060791015625e+01,4.647751235961914062e+01,4.500000762939453125e+01,5.000000762939453125e+01
7.832000000000000739e+01,4.432244873046875000e+01,4.481205368041992188e+01,4.991397857666015625e+01,4.653351211547851562e+01,4.500000762939453125e+01,5.000000762939453125e+01
7.840000000000000568e+01,4.437776947021484375e+01,4.482228469848632812e+01,4.991756820678710938e+01,4.658951187133789062e+01,4.500000762939453125e+01,5.000000762939453125e+01
7.848000000000000398e+01,4.443320465087890625e+01,4.483199691772460938e+01,4.992070388793945312e+01,4.664551162719726562e+01,4.500000762939453125e+01,5.000000762939453125e+01
7.856000000000000227e+01,4.448854446411132812e+01,4.484144592285156250e+01,4.992401504516601562e+01,4.670151138305664062e+01,4.500000762939453125e+01,5.000000762939453125e+01
7.864000000000000057e+01,4.454399871826171875e+01,4.485039901733398438e+01,4.992689132690429688e+01,4.675751113891601562e+01,4.500000762939453125e+01,5.000000762939453125e+01
7.871999999999999886e+01,4.459935760498046875e+01,4.485911178588867188e+01,4.992995071411132812e+01,4.681351089477539062e+01,4.500000762939453125e+01,5.000000762939453125e+01
7.879999999999999716e+01,4.465483093261718750e+01,4.486734771728515625e+01,4.993258666992187500e+01,4.686951065063476562e+01,4.500000762939453125e+01,5.000000762939453125e+01
7.887999999999999545e+01,4.471021270751953125e+01,4.487536621093750000e+01,4.993541336059570312e+01,4.692551040649414062e+01,4.500000762939453125e+01,5.000000762939453125e+01
7.896000000000000796e+01,4.476570510864257812e+01,4.488293075561523438e+01,4.993783187866210938e+01,4.698151016235351562e+01,4.500000762939453125e+01,5.000000762939453125e+01
7.904000000000000625e+01,4.482110595703125000e+01,4.489030075073242188e+01,4.994044113159179688e+01,4.703750991821289062e+01,4.500000762939453125e+01,5.000000762939453125e+01
7.912000000000000455e+01,4.487662124633789062e+01,4.489723587036132812e+01,4.994265747070312500e+01,4.709350967407226562e+01,4.500000762939453125e+01,5.000000762939453125e+01
7.920000000000000284e+01,4.493204498291015625e+01,4.490399551391601562e+01,4.994507217407226562e+01,4.714950942993164062e+01,4.500000762939453125e+01,5.000000762939453125e+01
7.928000000000000114e+01,4.498758316040039062e+01,4.491034317016601562e+01,4.994710159301757812e+01,4.720550918579101562e+01,4.500000762939453125e+01,5.000000762939453125e+01
7.935999999999999943e+01,4.504302978515625000e+01,4.491653442382812500e+01,4.994933319091796875e+01,4.726150894165039062e+01,4.500000762939453125e+01,5.000000762939453125e+01
7.943999999999999773e+01,4.509858703613281250e+01,4.492232894897460938e+01,4.995119476318359375e+01,4.731750869750976562e+01,4.500000762939453125e+01,5.000000762939453125e+01
7.951999999999999602e+01,4.515405654907226562e+01,4.492798995971679688e+01,4.995326232910156250e+01,4.737350845336914062e+01,4.500000762939453125e+01,5.000000762939453125e+01
7.960000000000000853e+01,4.520963668823242188e+01,4.493327331542968750e+01,4.995496749877929688e+01,4.742950820922851562e+01,4.500000762939453125e+01,5.000000762939453125e+01
7.968000000000000682e+01,4.526512527465820312e+01,4.493843460083007812e+01,4.995687866210937500e+01,4.748550796508789062e+01,4.500000762939453125e+01,5.000000762939453125e+01
7.976000000000000512e+01,4.532072830200195312e+01,4.494323730468750000e+01,4.995843887329101562e+01,4.754150772094726562e+01,4.500000762939453125e+01,5.000000762939453125e+01
7.984000000000000341e+01,4.537623977661132812e+01,4.494793701171875000e+01,4.996021270751953125e+01,4.759750747680664062e+01,4.500000762939453125e+01,5.000000762939453125e+01
7.992000000000000171e+01,4.543186187744140625e+01,4.495229339599609375e+01,4.996163940429687500e+01,4.765350723266601562e+01,4.500000762939453125e+01,5.000000762939453125e+01
8.000000000000000000e+01,4.548739624023437500e+01,4.495656585693359375e+01,4.996328353881835938e+01,4.770950698852539062e+01,4.500000762939453125e+01,5.000000762939453125e+01
8.007999999999999829e+01,4.554304122924804688e+01,4.496051025390625000e+01,4.996458816528320312e+01,4.776550674438476562e+01,4.500000762939453125e+01,5.000000762939453125e+01
8.015999999999999659e+01,4.559859848022460938e+01,4.496438217163085938e+01,4.996611022949218750e+01,4.782150650024414062e+01,4.500000762939453125e+01,5.000000762939453125e+01
8.023999999999999488e+01,4.565426635742187500e+01,4.496794128417968750e+01,4.996730422973632812e+01,4.787750625610351562e+01,4.500000762939453125e+01,5.000000762939453125e+01
8.032000000000000739e+01,4.570984268188476562e+01,4.497144317626953125e+01,4.996871566772460938e+01,4.793350601196289062e+01,4.500000762939453125e+01,5.000000762939453125e+01
8.040000000000000568e+01,4.576552963256835938e+01,4.497464752197265625e+01,4.996980667114257812e+01,4.798950576782226562e+01,4.500000762939453125e+01,5.000000762939453125e+01
8.048000000000000398e+01,4.582112884521484375e+01,4.497780990600585938e+01,4.997111892700195312e+01,4.804550552368164062e+01,4.500000762939453125e+01,5.000000762939453125e+01
8.056000000000000227e+01,4.587683486938476562e+01,4.498068618774414062e+01,4.997211456298828125e+01,4.810150527954101562e+01,4.500000762939453125e+01,5.000000762939453125e+01
8.064000000000000057e+01,4.593245315551757812e+01,4.498353195190429688e+01,4.997333145141601562e+01,4.815750503540039062e+01,4.500000762939453125e+01,5.000000762939453125e+01
8.071999999999999886e+01,4.598818206787109375e+01,4.498610305786132812e+01,4.997423934936523438e+01,4.821350479125976562e+01,4.500000762939453125e+01,5.000000762939453125e+01
8.079999999999999716e+01,4.604381942749023438e+01,4.498865890502929688e+01,4.997537231445312500e+01,4.826950454711914062e+01,4.500000762939453125e+01,5.000000762939453125e+01
8.087999999999999545e+01,4.609956741333007812e+01,4.499095153808593750e+01,4.997620010375976562e+01,4.832550430297851562e+01,4.500000762939453125e+01,5.000000762939453125e+01
8.096000000000000796e+01,4.615522384643554688e+01,4.499323654174804688e+01,4.997725296020507812e+01,4.838150405883789062e+01,4.500000762939453125e+01,5.000000762939453125e+01
8.104000000000000625e+01,4.621099090576171875e+01,4.499526977539062500e+01,4.997800445556640625e+01,4.843750381469726562e+01,4.500000762939453125e+01,5.000000762939453125e+01
8.112000000000000455e+01,4.626666641235351562e+01,4.499731063842773438e+01,4.997898483276367188e+01,4.849350357055664062e+01,4.500000762939453125e+01,5.000000762939453125e+01
8.120000000000000284e+01,4.632244873046875000e+01,4.499910736083984375e+01,4.997966766357421875e+01,4.854950332641601562e+01,4.500000762939453125e+01,5.000000762939453125e+01
8.128000000000000114e+01,4.637814331054687500e+01,4.500091934204101562e+01,4.998057937622070312e+01,4.860550308227539062e+01,4.500000762939453125e+01,5.000000762939453125e+01
8.135999999999999943e+01,4.643394470214843750e+01,4.500250244140625000e+01,4.998120117187500000e+01,4.866150283813476562e+01,4.500000762939453125e+01,5.000000762939453125e+01
8.143999999999999773e+01,4.648965454101562500e+01,4.500410842895507812e+01,4.998205184936523438e+01,4.871750259399414062e+01,4.500000762939453125e+01,5.000000762939453125e+01
8.151999999999999602e+01,4.654547119140625000e+01,4.500549316406250000e+01,4.998261642456054688e+01,4.877350234985351562e+01,4.500000762939453125e+01,5.000000762939453125e+01
8.160000000000000853e+01,4.660119628906250000e+01,4.500691223144531250e+01,4.998340988159179688e+01,4.882950210571289062e+01,4.500000762939453125e+01,5.000000762939453125e+01
8.168000000000000682e+01,4.665702819824218750e+01,4.500811386108398438e+01,4.998391723632812500e+01,4.888550186157226562e+01,4.500000762939453125e+01,5.000000762939453125e+01
8.176000000000000512e+01,4.671276855468750000e+01,4.500935745239257812e+01,4.998465728759765625e+01,4.894150161743164062e+01,4.500000762939453125e+01,5.000000762939453125e+01
8.184000000000000341e+01,4.676861572265625000e+01,4.501039505004882812e+01,4.998511886596679688e+01,4.899750137329101562e+01,4.500000762939453125e+01,5.000000762939453125e+01
8.192000000000000171e+01,4.682437133789062500e+01,4.501148223876953125e+01,4.998580932617187500e+01,4.905350112915039062e+01,4.500000762939453125e+01,5.000000762939453125e+01
8.200000000000000000e+01,4.688023376464843750e+01,4.501237106323242188e+01,4.998622512817382812e+01,4.910950088500976562e+01,4.500000762939453125e+01,5.000000762939453125e+01
8.207999999999999829e+01,4.693600463867187500e+01,4.501331710815429688e+01,4.998687362670898438e+01,4.916550064086914062e+01,4.500000762939453125e+01,5.000000762939453125e+01
8.215999999999999659e+01,4.699188232421875000e+01,4.501406860351562500e+01,4.998724365234375000e+01,4.922150039672851562e+01,4.500000762939453125e+01,5.000000762939453125e+01
8.223999999999999488e+01,4.704766845703125000e+01,4.501488494873046875e+01,4.998785018920898438e+01,4.927750015258789062e+01,4.500000762939453125e+01,5.000000762939453125e+01
8.232000000000000739e+01,4.710355758666992188e+01,4.501551437377929688e+01,4.998818206787109375e+01,4.933349990844726562e+01,4.500000762939453125e+01,5.000000762939453125e+01
8.240000000000000568e+01,4.715935516357421875e+01,4.501621246337890625e+01,4.998875045776367188e+01,4.938949966430664062e+01,4.500000762939453125e+01,5.000000762939453125e+01
8.248000000000000398e+01,4.721525573730468750e+01,4.501673126220703125e+01,4.998904800415039062e+01,4.944549942016601562e+01,4.500000762939453125e+01,5.000000762939453125e+01
8.256000000000000227e+01,4.727106475830078125e+01,4.501732635498046875e+01,4.998957824707031250e+01,4.950149917602539062e+01,4.500000762939453125e+01,5.000000762939453125e+01
8.264000000000000057e+01,4.732697677612304688e+01,4.501774597167968750e+01,4.998984146118164062e+01,4.955749893188476562e+01,4.500000762939453125e+01,5.000000762939453125e+01
8.271999999999999886e+01,4.738279724121093750e+01,4.501824569702148438e+01,4.999034118652343750e+01,4.961349868774414062e+01,4.500000762939453125e+01,5.000000762939453125e+01
8.279999999999999716e+01,4.743872070312500000e+01,4.501857376098632812e+01,4.999057388305664062e+01,4.966949844360351562e+01,4.500000762939453125e+01,5.000000762939453125e+01
8.287999999999999545e+01,4.749455261230468750e+01,4.501898956298828125e+01,4.999104309082031250e+01,4.972549819946289062e+01,4.500000762939453125e+01,5.000000762939453125e+01
8.296000000000000796e+01,4.755048751831054688e+01,4.501923751831054688e+01,4.999124908447265625e+01,4.978149795532226562e+01,4.500000762939453125e+01,5.000000762939453125e+01
8.304000000000000625e+01,4.760633087158203125e+01,4.501957702636718750e+01,4.999169158935546875e+01,4.983405685424804688e+01,4.500000762939453125e+01,5.000000762939453125e+01
8.312000000000000455e+01,4.766227340698242188e+01,4.501975631713867188e+01,4.999200057983398438e+01,4.988033676147460938e+01,4.500000762939453125e+01,5.000000762939453125e+01
8.320000000000000284e+01,4.771812438964843750e+01,4.502002716064453125e+01,4.999262619018554688e+01,4.991902160644531250e+01,4.500000762939453125e+01,5.000000762939453125e+01
8.328000000000000114e+01,4.777403640747070312e+01,4.502013778686523438e+01,4.999328231811523438e+01,4.994987106323242188e+01,4.500000762939453125e+01,5.000000762939453125e+01
8.335999999999999943e+01,4.782974243164062500e+01,4.502035140991210938e+01,4.999427032470703125e+01,4.997334671020507812e+01,4.500000762939453125e+01,5.000000762939453125e+01
8.343999999999999773e+01,4.788536071777343750e+01,4.502039718627929688e+01,4.999526214599609375e+01,4.999031448364257812e+01,4.500000762939453125e+01,5.000000762939453125e+01
8.351999999999999602e+01,4.794058609008789062e+01,4.502055740356445312e+01,4.999654006958007812e+01,5.000183105468750000e+01,4.500000762939453125e+01,5.000000762939453125e+01
8.360000000000000853e+01,4.799554061889648438e+01,4.502054214477539062e+01,4.999767303466796875e+01,5.000899124145507812e+01,4.500000762939453125e+01,5.000000762939453125e+01
8.368000000000000682e+01,4.804990386962890625e+01,4.502064895629882812e+01,4.999906539916992188e+01,5.001282882690429688e+01,4.500000762939453125e+01,5.000000762939453125e+01
8.376000000000000512e+01,4.810383224487304688e+01,4.502057647705078125e+01,5.000023651123046875e+01,5.001426315307617188e+01,4.500000762939453125e+01,5.000000762939453125e+01
8.384000000000000341e+01,4.815699768066406250e+01,4.502063751220703125e+01,5.000165176391601562e+01,5.001406097412109375e+01,4.500000762939453125e+01,5.000000762939453125e+01
8.392000000000000171e+01,4.820960235595703125e+01,4.502051544189453125e+01,5.000282287597656250e+01,5.001283645629882812e+01,4.500000762939453125e+01,5.000000762939453125e+01
8.400000000000000000e+01,4.826131439208984375e+01,4.502053451538085938e+01,5.000422668457031250e+01,5.001105880737304688e+01,4.500000762939453125e+01,5.000000762939453125e+01
8.407999999999999829e+01,4.831237411499023438e+01,4.502036666870117188e+01,5.000538253784179688e+01,5.000906753540039062e+01,4.500000762939453125e+01,5.000000762939453125e+01
8.415999999999999659e+01,4.836245346069335938e+01,4.502034378051757812e+01,5.000675964355468750e+01,5.000709915161132812e+01,4.500000762939453125e+01,5.000000762939453125e+01
8.423999999999999488e+01,4.841181945800781250e+01,4.502013778686523438e+01,5.000788116455078125e+01,5.000529479980468750e+01,4.500000762939453125e+01,5.000000762939453125e+01
8.432000000000000739e+01,4.846014785766601562e+01,4.502008056640625000e+01,5.000921630859375000e+01,5.000373840332031250e+01,4.500000762939453125e+01,5.000000762939453125e+01
8.440000000000000568e+01,4.850772476196289062e+01,4.501984024047851562e+01,5.001029968261718750e+01,5.000246047973632812e+01,4.500000762939453125e+01,5.000000762939453125e+01
8.448000000000000398e+01,4.855422973632812500e+01,4.501975250244140625e+01,5.001158523559570312e+01,5.000145721435546875e+01,4.500000762939453125e+01,5.000000762939453125e+01
8.456000000000000227e+01,4.859996414184570312e+01,4.501948165893554688e+01,5.001262283325195312e+01,5.000070571899414062e+01,4.500000762939453125e+01,5.000000762939453125e+01
8.464000000000000057e+01,4.864460754394531250e+01,4.501936721801757812e+01,5.001385498046875000e+01,5.000017547607421875e+01,4.500000762939453125e+01,5.000000762939453125e+01
8.471999999999999886e+01,4.868847274780273438e+01,4.501906967163085938e+01,5.001484680175781250e+01,4.999982452392578125e+01,4.500000762939453125e+01,5.000000762939453125e+01
8.479999999999999716e+01,4.873123550415039062e+01,4.501893234252929688e+01,5.001602172851562500e+01,4.999961471557617188e+01,4.500000762939453125e+01,5.000000762939453125e+01
8.487999999999999545e+01,4.877321624755859375e+01,4.501861190795898438e+01,5.001696777343750000e+01,4.999951171875000000e+01,4.500000762939453125e+01,5.000000762939453125e+01
8.496000000000000796e+01,4.881409454345703125e+01,4.501845550537109375e+01,5.001808929443359375e+01,4.999948501586914062e+01,4.500000762939453125e+01,5.000000762939453125e+01
8.504000000000000625e+01,4.885419464111328125e+01,4.501811599731445312e+01,5.001898574829101562e+01,4.999950790405273438e+01,4.500000762939453125e+01,5.000000762939453125e+01
8.512000000000000455e+01,4.889319229125976562e+01,4.501794052124023438e+01,5.002005004882812500e+01,4.999956130981445312e+01,4.500000762939453125e+01,5.000000762939453125e+01
8.520000000000000284e+01,4.893142318725585938e+01,4.501758575439453125e+01,5.002090072631835938e+01,4.999962997436523438e+01,4.500000762939453125e+01,5.000000762939453125e+01
8.528000000000000114e+01,4.896855926513671875e+01,4.501739501953125000e+01,5.002191162109375000e+01,4.999970245361328125e+01,4.500000762939453125e+01,5.000000762939453125e+01
8.535999999999999943e+01,4.900494003295898438e+01,4.501702499389648438e+01,5.002271652221679688e+01,4.999977111816406250e+01,4.500000762939453125e+01,5.000000762939453125e+01
8.543999999999999773e+01,4.904023742675781250e+01,4.501682281494140625e+01,5.002367019653320312e+01,4.999983215332031250e+01,4.500000762939453125e+01,5.000000762939453125e+01
8.551999999999999602e+01,4.907479476928710938e+01,4.501644515991210938e+01,5.002442932128906250e+01,4.999988555908203125e+01,4.500000762939453125e+01,5.000000762939453125e+01
8.560000000000000853e+01,4.910828399658203125e+01,4.501623535156250000e+01,5.002532958984375000e+01,4.999992752075195312e+01,4.500000762939453125e+01,5.000000762939453125e+01
8.568000000000000682e+01,4.914105606079101562e+01,4.501585006713867188e+01,5.002604293823242188e+01,4.999995803833007812e+01,4.500000762939453125e+01,5.000000762939453125e+01
8.576000000000000512e+01,4.917277526855468750e+01,4.501563262939453125e+01,5.002688980102539062e+01,4.999998092651367188e+01,4.500000762939453125e+01,5.000000762939453125e+01
8.584000000000000341e+01,4.920379638671875000e+01,4.501523971557617188e+01,5.002755737304687500e+01,4.999999618530273438e+01,4.500000762939453125e+01,5.000000762939453125e+01
8.592000000000000171e+01,4.923378753662109375e+01,4.501501846313476562e+01,5.002835464477539062e+01,5.000000762939453125e+01,4.500000762939453125e+01,5.000000762939453125e+01
8.600000000000000000e+01,4.926310348510742188e+01,4.501462173461914062e+01,5.002898025512695312e+01,5.000001525878906250e+01,4.500000762939453125e+01,5.000000762939453125e+01
8.607999999999999829e+01,4.929141235351562500e+01,4.501439666748046875e+01,5.002972793579101562e+01,5.000001907348632812e+01,4.500000762939453125e+01,5.000000762939453125e+01
8.615999999999999659e+01,4.931907272338867188e+01,4.501399612426757812e+01,5.003030776977539062e+01,5.000001907348632812e+01,4.500000762939453125e+01,5.000000762939453125e+01
8.623999999999999488e+01,4.934575271606445312e+01,4.501377105712890625e+01,5.003100585937500000e+01,5.000001907348632812e+01,4.500000762939453125e+01,5.000000762939453125e+01
8.632000000000000739e+01,4.937181091308593750e+01,4.501337051391601562e+01,5.003154754638671875e+01,5.000001525878906250e+01,4.500000762939453125e+01,5.000000762939453125e+01
8.640000000000000568e+01,4.939691543579101562e+01,4.501314544677734375e+01,5.003219604492187500e+01,5.000001144409179688e+01,4.500000762939453125e+01,5.000000762939453125e+01
8.648000000000000398e+01,4.942142486572265625e+01,4.501274871826171875e+01,5.003269577026367188e+01,5.000000762939453125e+01,4.500000762939453125e+01,5.000000762939453125e+01
8.656000000000000227e+01,4.944500732421875000e+01,4.501252746582031250e+01,5.003329849243164062e+01,5.000000381469726562e+01,4.500000762939453125e+01,5.000000762939453125e+01
8.664000000000000057e+01,4.946802520751953125e+01,4.501213073730468750e+01,5.003376007080078125e+01,5.000000381469726562e+01,4.500000762939453125e+01,5.000000762939453125e+01
8.671999999999999886e+01,4.949014282226562500e+01,4.501191329956054688e+01,5.003432083129882812e+01,5.000000381469726562e+01,4.500000762939453125e+01,5.000000762939453125e+01
8.679999999999999716e+01,4.951173019409179688e+01,4.501152038574218750e+01,5.003474426269531250e+01,5.000000381469726562e+01,4.500000762939453125e+01,5.000000762939453125e+01
8.687999999999999545e+01,4.953244400024414062e+01,4.501130676269531250e+01,5.003526306152343750e+01,5.000000381469726562e+01,4.500000762939453125e+01,5.000000762939453125e+01
8.696000000000000796e+01,4.955265426635742188e+01,4.501091766357421875e+01,5.003565216064453125e+01,5.000000381469726562e+01,4.500000762939453125e+01,5.000000762939453125e+01
8.704000000000000625e+01,4.957202529907226562e+01,4.501070785522460938e+01,5.003612899780273438e+01,5.000000381469726562e+01,4.500000762939453125e+01,5.000000762939453125e+01
8.712000000000000455e+01,4.959092330932617188e+01,4.501032638549804688e+01,5.003648757934570312e+01,5.000000381469726562e+01,4.500000762939453125e+01,5.000000762939453125e+01
8.720000000000000284e+01,4.960900878906250000e+01,4.501012039184570312e+01,5.003692626953125000e+01,5.000000381469726562e+01,4.500000762939453125e+01,5.000000762939453125e+01
8.728000000000000114e+01,4.962665176391601562e+01,4.500974273681640625e+01,5.003725051879882812e+01,5.000000381469726562e+01,4.500000762939453125e+01,5.000000762939453125e+01
8.735999999999999943e+01,4.964351272583007812e+01,4.500954437255859375e+01,5.003765487670898438e+01,5.000000381469726562e+01,4.500000762939453125e+01,5.000000762939453125e+01
8.743999999999999773e+01,4.965996170043945312e+01,4.500917434692382812e+01,5.003794860839843750e+01,5.000000381469726562e+01,4.500000762939453125e+01,5.000000762939453125e+01
8.751999999999999602e+01,4.967565536499023438e+01,4.500898361206054688e+01,5.003831863403320312e+01,5.000000381469726562e+01,4.500000762939453125e+01,5.000000762939453125e+01
8.760000000000000853e+01,4.969096755981445312e+01,4.500861740112304688e+01,5.003858566284179688e+01,5.000000381469726562e+01,4.500000762939453125e+01,5.000000762939453125e+01
8.768000000000000682e+01,4.970555496215820312e+01,4.500843048095703125e+01,5.003892517089843750e+01,5.000000381469726562e+01,4.500000762939453125e+01,5.000000762939453125e+01
8.776000000000000512e+01,4.971978759765625000e+01,4.500807189941406250e+01,5.003916549682617188e+01,5.000000381469726562e+01,4.500000762939453125e+01,5.000000762939453125e+01
8.784000000000000341e+01,4.973332214355468750e+01,4.500789260864257812e+01,5.003947448730468750e+01,5.000000381469726562e+01,4.500000762939453125e+01,5.000000762939453125e+01
8.792000000000000171e+01,4.974653244018554688e+01,4.500754165649414062e+01,5.003969192504882812e+01,5.000000381469726562e+01,4.500000762939453125e+01,5.000000762939453125e+01
8.800000000000000000e+01,4.975907135009765625e+01,4.500736999511718750e+01,5.003997421264648438e+01,5.000000381469726562e+01,4.500000762939453125e+01,5.000000762939453125e+01
8.807999999999999829e+01,4.977131271362304688e+01,4.500702667236328125e+01,5.004016876220703125e+01,5.000000381469726562e+01,4.500000762939453125e+01,5.000000762939453125e+01
8.815999999999999659e+01,4.978291320800781250e+01,4.500686264038085938e+01,5.004042434692382812e+01,5.000000381469726562e+01,4.500000762939453125e+01,5.000000762939453125e+01
8.823999999999999488e+01,4.979424285888671875e+01,4.500652694702148438e+01,5.004059600830078125e+01,5.000000381469726562e+01,4.500000762939453125e+01,5.000000762939453125e+01
8.832000000000000739e+01,4.980495452880859375e+01,4.500637054443359375e+01,5.004082870483398438e+01,5.000000381469726562e+01,4.500000762939453125e+01,5.000000762939453125e+01
8.840000000000000568e+01,4.981542205810546875e+01,4.500604248046875000e+01,5.004098129272460938e+01,5.000000381469726562e+01,4.500000762939453125e+01,5.000000762939453125e+01
8.848000000000000398e+01,4.982529830932617188e+01,4.500589370727539062e+01,5.004119110107421875e+01,5.000000381469726562e+01,4.500000762939453125e+01,5.000000762939453125e+01
8.856000000000000227e+01,4.983495712280273438e+01,4.500557327270507812e+01,5.004132461547851562e+01,5.000000381469726562e+01,4.500000762939453125e+01,5.000000762939453125e+01
8.864000000000000057e+01,4.984404754638671875e+01,4.500543212890625000e+01,5.004151535034179688e+01,5.000000381469726562e+01,4.500000762939453125e+01,5.000000762939453125e+01
8.871999999999999886e+01,4.985294342041015625e+01,4.500511932373046875e+01,5.004163360595703125e+01,5.000000381469726562e+01,4.500000762939453125e+01,5.000000762939453125e+01
8.879999999999999716e+01,4.986129379272460938e+01,4.500498580932617188e+01,5.004180526733398438e+01,5.000000381469726562e+01,4.500000762939453125e+01,5.000000762939453125e+01
8.887999999999999545e+01,4.986947250366210938e+01,4.500468063354492188e+01,5.004190826416015625e+01,5.000000381469726562e+01,4.500000762939453125e+01,5.000000762939453125e+01
8.896000000000000796e+01,4.987713241577148438e+01,4.500455474853515625e+01,5.004206085205078125e+01,5.000000381469726562e+01,4.500000762939453125e+01,5.000000762939453125e+01
8.904000000000000625e+01,4.988464355468750000e+01,4.500425720214843750e+01,5.004214859008789062e+01,5.000000381469726562e+01,4.500000762939453125e+01,5.000000762939453125e+01
8.912000000000000455e+01,4.989165496826171875e+01,4.500413894653320312e+01,5.004228591918945312e+01,5.000000381469726562e+01,4.500000762939453125e+01,5.000000762939453125e+01
8.920000000000000284e+01,4.989853668212890625e+01,4.500384902954101562e+01,5.004236221313476562e+01,5.000000381469726562e+01,4.500000762939453125e+01,5.000000762939453125e+01
8.928000000000000114e+01,4.990494155883789062e+01,4.500373840332031250e+01,5.004248809814453125e+01,5.000000381469726562e+01,4.500000762939453125e+01,5.000000762939453125e+01
8.935999999999999943e+01,4.991123962402343750e+01,4.500345611572265625e+01,5.004255294799804688e+01,5.000000381469726562e+01,4.500000762939453125e+01,5.000000762939453125e+01
8.943999999999999773e+01,4.991707611083984375e+01,4.500335311889648438e+01,5.004266357421875000e+01,5.000000381469726562e+01,4.500000762939453125e+01,5.000000762939453125e+01
8.951999999999999602e+01,4.992282867431640625e+01,4.500307846069335938e+01,5.004271697998046875e+01,5.000000381469726562e+01,4.500000762939453125e+01,5.000000762939453125e+01
8.960000000000000853e+01,4.992813873291015625e+01,4.500298309326171875e+01,5.004281616210937500e+01,5.000000381469726562e+01,4.500000762939453125e+01,5.000000762939453125e+01
8.968000000000000682e+01,4.993338012695312500e+01,4.500271606445312500e+01,5.004285812377929688e+01,5.000000381469726562e+01,4.500000762939453125e+01,5.000000762939453125e+01
8.976000000000000512e+01,4.993819808959960938e+01,4.500262832641601562e+01,5.004294586181640625e+01,5.000000381469726562e+01,4.500000762939453125e+01,5.000000762939453125e+01
8.984000000000000341e+01,4.994296646118164062e+01,4.500236892700195312e+01,5.004298019409179688e+01,5.000000381469726562e+01,4.500000762939453125e+01,5.000000762939453125e+01
8.992000000000000171e+01,4.994733047485351562e+01,4.500228881835937500e+01,5.004306030273437500e+01,5.000000381469726562e+01,4.500000762939453125e+01,5.000000762939453125e+01
9.000000000000000000e+01,4.995166015625000000e+01,4.500203704833984375e+01,5.004308700561523438e+01,5.000000381469726562e+01,4.500000762939453125e+01,5.000000762939453125e+01
9.007999999999999829e+01,4.995560073852539062e+01,4.500196075439453125e+01,5.004315567016601562e+01,5.000000381469726562e+01,4.500000762939453125e+01,5.000000762939453125e+01
9.015999999999999659e+01,4.995952224731445312e+01,4.500171661376953125e+01,5.004317474365234375e+01,5.000000381469726562e+01,4.500000762939453125e+01,5.000000762939453125e+01
9.023999999999999488e+01,4.996306991577148438e+01,4.500164794921875000e+01,5.004323577880859375e+01,5.000000381469726562e+01,4.500000762939453125e+01,5.000000762939453125e+01
9.032000000000000739e+01,4.996661376953125000e+01,4.500140762329101562e+01,5.004324722290039062e+01,5.000000381469726562e+01,4.500000762939453125e+01,5.000000762939453125e+01
9.040000000000000568e+01,4.996979904174804688e+01,4.500134658813476562e+01,5.004330062866210938e+01,5.000000381469726562e+01,4.500000762939453125e+01,5.000000762939453125e+01
9.048000000000000398e+01,4.997299575805664062e+01,4.500111389160156250e+01,5.004330825805664062e+01,5.000000381469726562e+01,4.500000762939453125e+01,5.000000762939453125e+01
9.056000000000000227e+01,4.997584533691406250e+01,4.500106048583984375e+01,5.004335784912109375e+01,5.000000381469726562e+01,4.500000762939453125e+01,5.000000762939453125e+01
9.064000000000000057e+01,4.997871780395507812e+01,4.500083541870117188e+01,5.004335784912109375e+01,5.000000381469726562e+01,4.500000762939453125e+01,5.000000762939453125e+01
9.071999999999999886e+01,4.998125839233398438e+01,4.500078582763671875e+01,5.004339981079101562e+01,5.000000381469726562e+01,4.500000762939453125e+01,5.000000762939453125e+01
9.079999999999999716e+01,4.998383712768554688e+01,4.500056457519531250e+01,5.004339599609375000e+01,5.000000381469726562e+01,4.500000762939453125e+01,5.000000762939453125e+01
9.087999999999999545e+01,4.998609161376953125e+01,4.500052261352539062e+01,5.004343414306640625e+01,5.000000381469726562e+01,4.500000762939453125e+01,5.000000762939453125e+01
9.096000000000000796e+01,4.998839569091796875e+01,4.500030899047851562e+01,5.004342651367187500e+01,5.000000381469726562e+01,4.500000762939453125e+01,5.000000762939453125e+01
9.104000000000000625e+01,4.999039077758789062e+01,4.500027084350585938e+01,5.004346084594726562e+01,5.000000381469726562e+01,4.500000762939453125e+01,5.000000762939453125e+01
9.112000000000000455e+01,4.999244308471679688e+01,4.500006103515625000e+01,5.004344940185546875e+01,5.000000381469726562e+01,4.500000762939453125e+01,5.000000762939453125e+01
9.120000000000000284e+01,4.999419784545898438e+01,4.500003051757812500e+01,5.004347991943359375e+01,5.000000381469726562e+01,4.500000762939453125e+01,5.000000762939453125e+01
9.128000000000000114e+01,4.999602127075195312e+01,4.499982833862304688e+01,5.004346847534179688e+01,5.000000381469726562e+01,4.500000762939453125e+01,5.000000762939453125e+01
9.135999999999999943e+01,4.999755477905273438e+01,4.499980163574218750e+01,5.004349517822265625e+01,5.000000381469726562e+01,4.500000762939453125e+01,5.000000762939453125e+01
9.143999999999999773e+01,4.999916839599609375e+01,4.499960327148437500e+01,5.004347991943359375e+01,5.000000381469726562e+01,4.500000762939453125e+01,5.000000762939453125e+01
9.151999999999999602e+01,5.000050354003906250e+01,4.499958038330078125e+01,5.004350280761718750e+01,5.000000381469726562e+01,4.500000762939453125e+01,5.000000762939453125e+01
9.160000000000000853e+01,5.000192642211914062e+01,4.499938964843750000e+01,5.004348373413085938e+01,5.000000381469726562e+01,4.500000762939453125e+01,5.000000762939453125e+01
9.168000000000000682e+01,5.000307846069335938e+01,4.499937438964843750e+01,5.004350662231445312e+01,5.000000381469726562e+01,4.500000762939453125e+01,5.000000762939453125e+01
9.176000000000000512e+01,5.000432586669921875e+01,4.499918746948242188e+01,5.004348754882812500e+01,5.000000381469726562e+01,4.500000762939453125e+01,5.000000762939453125e+01
9.184000000000000341e+01,5.000531005859375000e+01,4.499917602539062500e+01,5.004350662231445312e+01,5.000000381469726562e+01,4.500000762939453125e+01,5.000000762939453125e+01
9.192000000000000171e+01,5.000640106201171875e+01,4.499899291992187500e+01,5.004348373413085938e+01,5.000000381469726562e+01,4.500000762939453125e+01,5.000000762939453125e+01
9.200000000000000000e+01,5.000723648071289062e+01,4.499898529052734375e+01,5.004350280761718750e+01,5.000000381469726562e+01,4.500000762939453125e+01,5.000000762939453125e+01
9.207999999999999829e+01,5.000818252563476562e+01,4.499880599975585938e+01,5.004347991943359375e+01,5.000000381469726562e+01,4.500000762939453125e+01,5.000000762939453125e+01
9.215999999999999659e+01,5.000888061523437500e+01,4.499880599975585938e+01,5.004349517822265625e+01,5.000000381469726562e+01,4.500000762939453125e+01,5.000000762939453125e+01
9.223999999999999488e+01,5.000969696044921875e+01,4.499863433837890625e+01,5.004347229003906250e+01,5.000000381469726562e+01,4.500000762939453125e+01,5.000000762939453125e+01
9.232000000000000739e+01,5.001026916503906250e+01,4.499863815307617188e+01,5.004348754882812500e+01,5.000000381469726562e+01,4.500000762939453125e+01,5.000000762939453125e+01
9.240000000000000568e+01,5.001096725463867188e+01,4.499847030639648438e+01,5.004346466064453125e+01,5.000000381469726562e+01,4.500000762939453125e+01,5.000000762939453125e+01
9.248000000000000398e+01,5.001142883300781250e+01,4.499847793579101562e+01,5.004347991943359375e+01,5.000000381469726562e+01,4.500000762939453125e+01,5.000000762939453125e+01
9.256000000000000227e+01,5.001202011108398438e+01,4.499831390380859375e+01,5.004345321655273438e+01,5.000000381469726562e+01,4.500000762939453125e+01,5.000000762939453125e+01
9.264000000000000057e+01,5.001237869262695312e+01,4.499832534790039062e+01,5.004346847534179688e+01,5.000000381469726562e+01,4.500000762939453125e+01,5.000000762939453125e+01
9.271999999999999886e+01,5.001287460327148438e+01,4.499816513061523438e+01,5.004344177246093750e+01,5.000000381469726562e+01,4.500000762939453125e+01,5.000000762939453125e+01
9.279999999999999716e+01,5.001314544677734375e+01,4.499818038940429688e+01,5.004345321655273438e+01,5.000000381469726562e+01,4.500000762939453125e+01,5.000000762939453125e+01
9.287999999999999545e+01,5.001355743408203125e+01,4.499802398681640625e+01,5.004342651367187500e+01,5.000000381469726562e+01,4.500000762939453125e+01,5.000000762939453125e+01
9.296000000000000796e+01,5.001374816894531250e+01,4.499804306030273438e+01,5.004343795776367188e+01,5.000000381469726562e+01,4.500000762939453125e+01,5.000000762939453125e+01
9.304000000000000625e+01,5.001408386230468750e+01,4.499789047241210938e+01,5.004341125488281250e+01,5.000000381469726562e+01,4.500000762939453125e+01,5.000000762939453125e+01
9.312000000000000455e+01,5.001420211791992188e+01,4.499791336059570312e+01,5.004342269897460938e+01,5.000000381469726562e+01,4.500000762939453125e+01,5.000000762939453125e+01
9.320000000000000284e+01,5.001446914672851562e+01,4.499776458740234375e+01,5.004339599609375000e+01,5.000000381469726562e+01,4.500000762939453125e+01,5.000000762939453125e+01
9.328000000000000114e+01,5.001452255249023438e+01,4.499779129028320312e+01,5.004340744018554688e+01,5.000000381469726562e+01,4.500000762939453125e+01,5.000000762939453125e+01
9.335999999999999943e+01,5.001473236083984375e+01,4.499764633178710938e+01,5.004338073730468750e+01,5.000000381469726562e+01,4.500000762939453125e+01,5.000000762939453125e+01
9.343999999999999773e+01,5.001473236083984375e+01,4.499767684936523438e+01,5.004339218139648438e+01,5.000000381469726562e+01,4.500000762939453125e+01,5.000000762939453125e+01
9.351999999999999602e+01,5.001488876342773438e+01,4.499753570556640625e+01,5.004336547851562500e+01,5.000000381469726562e+01,4.500000762939453125e+01,5.000000762939453125e+01
9.360000000000000853e+01,5.001483917236328125e+01,4.499757003784179688e+01,5.004337692260742188e+01,5.000000381469726562e+01,4.500000762939453125e+01,5.000000762939453125e+01
9.368000000000000682e+01,5.001494979858398438e+01,4.499742889404296875e+01,5.004335021972656250e+01,5.000000381469726562e+01,4.500000762939453125e+01,5.000000762939453125e+01
9.376000000000000512e+01,5.001485443115234375e+01,4.499746322631835938e+01,5.004336166381835938e+01,5.000000381469726562e+01,4.500000762939453125e+01,5.000000762939453125e+01
9.384000000000000341e+01,5.001492309570312500e+01,4.499732589721679688e+01,5.004333496093750000e+01,5.000000381469726562e+01,4.500000762939453125e+01,5.000000762939453125e+01
9.392000000000000171e+01,5.001478958129882812e+01,4.499736404418945312e+01,5.004334640502929688e+01,5.000000381469726562e+01,4.500000762939453125e+01,5.000000762939453125e+01
9.400000000000000000e+01,5.001482391357421875e+01,4.499723052978515625e+01,5.004331970214843750e+01,5.000000381469726562e+01,4.500000762939453125e+01,5.000000762939453125e+01
9.407999999999999829e+01,5.001465988159179688e+01,4.499727249145507812e+01,5.004333114624023438e+01,5.000000381469726562e+01,4.500000762939453125e+01,5.000000762939453125e+01
9.415999999999999659e+01,5.001466369628906250e+01,4.499714279174804688e+01,5.004330444335937500e+01,5.000000381469726562e+01,4.500000762939453125e+01,5.000000762939453125e+01
9.423999999999999488e+01,5.001447296142578125e+01,4.499718856811523438e+01,5.004331588745117188e+01,5.000000381469726562e+01,4.500000762939453125e+01,5.000000762939453125e+01
9.432000000000000739e+01,5.001445007324218750e+01,4.499705886840820312e+01,5.004328918457031250e+01,5.000000381469726562e+01,4.500000762939453125e+01,5.000000762939453125e+01
9.440000000000000568e+01,5.001423263549804688e+01,4.499710464477539062e+01,5.004330062866210938e+01,5.000000381469726562e+01,4.500000762939453125e+01,5.000000762939453125e+01
9.448000000000000398e+01,5.001419067382812500e+01,4.499697875976562500e+01,5.004327392578125000e+01,5.000000381469726562e+01,4.500000762939453125e+01,5.000000762939453125e+01
9.456000000000000227e+01,5.001395416259765625e+01,4.499702835083007812e+01,5.004328536987304688e+01,5.000000381469726562e+01,4.500000762939453125e+01,5.000000762939453125e+01
9.464000000000000057e+01,5.001389312744140625e+01,4.499690628051757812e+01,5.004325866699218750e+01,5.000000381469726562e+01,4.500000762939453125e+01,5.000000762939453125e+01
9.471999999999999886e+01,5.001364135742187500e+01,4.499695968627929688e+01,5.004327392578125000e+01,5.000000381469726562e+01,4.500000762939453125e+01,5.000000762939453125e+01
9.479999999999999716e+01,5.001356506347656250e+01,4.499683761596679688e+01,5.004324722290039062e+01,5.000000381469726562e+01,4.500000762939453125e+01,5.000000762939453125e+01
9.487999999999999545e+01,5.001330184936523438e+01,4.499689102172851562e+01,5.004326248168945312e+01,5.000000381469726562e+01,4.500000762939453125e+01,5.000000762939453125e+01
9.496000000000000796e+01,5.001321411132812500e+01,4.499677276611328125e+01,5.004323577880859375e+01,5.000000381469726562e+01,4.500000762939453125e+01,5.000000762939453125e+01
9.504000000000000625e+01,5.001293945312500000e+01,4.499682998657226562e+01,5.004325103759765625e+01,5.000000381469726562e+01,4.500000762939453125e+01,5.000000762939453125e+01
9.512000000000000455e+01,5.001284408569335938e+01,4.499671173095703125e+01,5.004322433471679688e+01,5.000000381469726562e+01,4.500000762939453125e+01,5.000000762939453125e+01
9.520000000000000284e+01,5.001256179809570312e+01,4.499676895141601562e+01,5.004323959350585938e+01,5.000000381469726562e+01,4.500000762939453125e+01,5.000000762939453125e+01
9.528000000000000114e+01,5.001245880126953125e+01,4.499665451049804688e+01,5.004321289062500000e+01,5.000000381469726562e+01,4.500000762939453125e+01,5.000000762939453125e+01
9.535999999999999943e+01,5.001216888427734375e+01,4.499671554565429688e+01,5.004322814941406250e+01,5.000000381469726562e+01,4.500000762939453125e+01,5.000000762939453125e+01
9.543999999999999773e+01,5.001206207275390625e+01,4.499660110473632812e+01,5.004320526123046875e+01,5.000000381469726562e+01,4.500000762939453125e+01,5.000000762939453125e+01
9.551999999999999602e+01,5.001176834106445312e+01,4.499666213989257812e+01,5.004322052001953125e+01,5.000000381469726562e+01,4.500000762939453125e+01,5.000000762939453125e+01
9.560000000000000853e+01,5.001165771484375000e+01,4.499655151367187500e+01,5.004319763183593750e+01,5.000000381469726562e+01,4.500000762939453125e+01,5.000000762939453125e+01
9.568000000000000682e+01,5.001136398315429688e+01,4.499661636352539062e+01,5.004321289062500000e+01,5.000000381469726562e+01,4.500000762939453125e+01,5.000000762939453125e+01
9.576000000000000512e+01,5.001124954223632812e+01,4.499650573730468750e+01,5.004319000244140625e+01,5.000000381469726562e+01,4.500000762939453125e+01,5.000000762939453125e+01
9.584000000000000341e+01,5.001095199584960938e+01,4.499657058715820312e+01,5.004320526123046875e+01,5.000000381469726562e+01,4.500000762939453125e+01,5.000000762939453125e+01
9.592000000000000171e+01,5.001083755493164062e+01,4.499646377563476562e+01,5.004318237304687500e+01,5.000000381469726562e+01,4.500000762939453125e+01,5.000000762939453125e+01
9.600000000000000000e+01,5.001054382324218750e+01,4.499653244018554688e+01,5.004319763183593750e+01,5.000000381469726562e+01,4.500000762939453125e+01,5.000000762939453125e+01
9.607999999999999829e+01,5.001043319702148438e+01,4.499642562866210938e+01,5.004317474365234375e+01,5.000000381469726562e+01,4.500000762939453125e+01,5.000000762939453125e+01
9.615999999999999659e+01,5.001013946533203125e+01,4.499649429321289062e+01,5.004319000244140625e+01,5.000000381469726562e+01,4.500000762939453125e+01,5.000000762939453125e+01
9.624000000000000909e+01,5.001002883911132812e+01,4.499639129638671875e+01,5.004316711425781250e+01,5.000000381469726562e+01,4.500000762939453125e+01,5.000000762939453125e+01
9.632000000000000739e+01,5.000973892211914062e+01,4.499645996093750000e+01,5.004318237304687500e+01,5.000000381469726562e+01,4.500000762939453125e+01,5.000000762939453125e+01
9.640000000000000568e+01,5.000963211059570312e+01,4.499635696411132812e+01,5.004315948486328125e+01,5.000000381469726562e+01,4.500000762939453125e+01,5.000000762939453125e+01
9.648000000000000398e+01,5.000934600830078125e+01,4.499642944335937500e+01,5.004317474365234375e+01,5.000000381469726562e+01,4.500000762939453125e+01,5.000000762939453125e+01
9.656000000000000227e+01,5.000924301147460938e+01,4.499632644653320312e+01,5.004315185546875000e+01,5.000000381469726562e+01,4.500000762939453125e+01,5.000000762939453125e+01
9.664000000000000057e+01,5.000896072387695312e+01,4.499639892578125000e+01,5.004317092895507812e+01,5.000000381469726562e+01,4.500000762939453125e+01,5.000000762939453125e+01
9.671999999999999886e+01,5.000886154174804688e+01,4.499629974365234375e+01,5.004314804077148438e+01,5.000000381469726562e+01,4.500000762939453125e+01,5.000000762939453125e+01
9.679999999999999716e+01,5.000858306884765625e+01,4.499637222290039062e+01,5.004316711425781250e+01,5.000000381469726562e+01,4.500000762939453125e+01,5.000000762939453125e+01
9.687999999999999545e+01,5.000849151611328125e+01,4.499627304077148438e+01,5.004314422607421875e+01,5.000000381469726562e+01,4.500000762939453125e+01,5.000000762939453125e+01
9.696000000000000796e+01,5.000822067260742188e+01,4.499634933471679688e+01,5.004316329956054688e+01,5.000000381469726562e+01,4.500000762939453125e+01,5.000000762939453125e+01
9.704000000000000625e+01,5.000813293457031250e+01,4.499625015258789062e+01,5.004314041137695312e+01,5.000000381469726562e+01,4.500000762939453125e+01,5.000000762939453125e+01
9.712000000000000455e+01,5.000786590576171875e+01,4.499632644653320312e+01,5.004315948486328125e+01,5.000000381469726562e+01,4.500000762939453125e+01,5.000000762939453125e+01
9.720000000000000284e+01,5.000778579711914062e+01,4.499622726440429688e+01,5.004313659667968750e+01,5.000000381469726562e+01,4.500000762939453125e+01,5.000000762939453125e+01
9.728000000000000114e+01,5.000752639770507812e+01,4.499630355834960938e+01,5.004315567016601562e+01,5.000000381469726562e+01,4.500000762939453125e+01,5.000000762939453125e+01
9.735999999999999943e+01,5.000745010375976562e+01,4.499620819091796875e+01,5.004313278198242188e+01,5.000000381469726562e+01,4.500000762939453125e+01,5.000000762939453125e+01
9.743999999999999773e+01,5.000719451904296875e+01,4.499628448486328125e+01,5.004315185546875000e+01,5.000000381469726562e+01,4.500000762939453125e+01,5.000000762939453125e+01
9.751999999999999602e+01,5.000712585449218750e+01,4.499618911743164062e+01,5.004312896728515625e+01,5.000000381469726562e+01,4.500000762939453125e+01,5.000000762939453125e+01
9.760000000000000853e+01,5.000687789916992188e+01,4.499626922607421875e+01,5.004314804077148438e+01,5.000000381469726562e+01,4.500000762939453125e+01,5.000000762939453125e+01
9.768000000000000682e+01,5.000681686401367188e+01,4.499617385864257812e+01,5.004312515258789062e+01,5.000000381469726562e+01,4.500000762939453125e+01,5.000000762939453125e+01
9.776000000000000512e+01,5.000657653808593750e+01,4.499625396728515625e+01,5.004314422607421875e+01,5.000000381469726562e+01,4.500000762939453125e+01,5.000000762939453125e+01
9.784000000000000341e+01,5.000651931762695312e+01,4.499615859985351562e+01,5.004312133789062500e+01,5.000000381469726562e+01,4.500000762939453125e+01,5.000000762939453125e+01
9.792000000000000171e+01,5.000628280639648438e+01,4.499623870849609375e+01,5.004314041137695312e+01,5.000000381469726562e+01,4.500000762939453125e+01,5.000000762939453125e+01
9.800000000000000000e+01,5.000623321533203125e+01,4.499614715576171875e+01,5.004311752319335938e+01,5.000000381469726562e+01,4.500000762939453125e+01,5.000000762939453125e+01
9.807999999999999829e+01,5.000600433349609375e+01,4.499622726440429688e+01,5.004313659667968750e+01,5.000000381469726562e+01,4.500000762939453125e+01,5.000000762939453125e+01
9.815999999999999659e+01,5.000596237182617188e+01,4.499613571166992188e+01,5.004311370849609375e+01,5.000000381469726562e+01,4.500000762939453125e+01,5.000000762939453125e+01
9.824000000000000909e+01,5.000574111938476562e+01,4.499621582031250000e+01,5.004313278198242188e+01,5.000000381469726562e+01,4.500000762939453125e+01,5.000000762939453125e+01
9.832000000000000739e+01,5.000570678710937500e+01,4.499612426757812500e+01,5.004310989379882812e+01,5.000000381469726562e+01,4.500000762939453125e+01,5.000000762939453125e+01
9.840000000000000568e+01,5.000548934936523438e+01,4.499620819091796875e+01,5.004312896728515625e+01,5.000000381469726562e+01,4.500000762939453125e+01,5.000000762939453125e+01
9.848000000000000398e+01,5.000545883178710938e+01,4.499611663818359375e+01,5.004310607910156250e+01,5.000000381469726562e+01,4.500000762939453125e+01,5.000000762939453125e+01
9.856000000000000227e+01,5.000524902343750000e+01,4.499620056152343750e+01,5.004312515258789062e+01,5.000000381469726562e+01,4.500000762939453125e+01,5.000000762939453125e+01
9.864000000000000057e+01,5.000522613525390625e+01,4.499610900878906250e+01,5.004310226440429688e+01,5.000000381469726562e+01,4.500000762939453125e+01,5.000000762939453125e+01
9.871999999999999886e+01,5.000502395629882812e+01,4.499619293212890625e+01,5.004312133789062500e+01,5.000000381469726562e+01,4.500000762939453125e+01,5.000000762939453125e+01
9.879999999999999716e+01,5.000500488281250000e+01,4.499610137939453125e+01,5.004310226440429688e+01,5.000000381469726562e+01,4.500000762939453125e+01,5.000000762939453125e+01
9.887999999999999545e+01,5.000480651855468750e+01,4.499618530273437500e+01,5.004312133789062500e+01,5.000000381469726562e+01,4.500000762939453125e+01,5.000000762939453125e+01
9.896000000000000796e+01,5.000479507446289062e+01,4.499609375000000000e+01,5.004310226440429688e+01,5.000000381469726562e+01,4.500000762939453125e+01,5.000000762939453125e+01
9.904000000000000625e+01,5.000460433959960938e+01,4.499617767333984375e+01,5.004312133789062500e+01,5.000000381469726562e+01,4.500000762939453125e+01,5.000000762939453125e+01
9.912000000000000455e+01,5.000460052490234375e+01,4.499608993530273438e+01,5.004310226440429688e+01,5.000000381469726562e+01,4.500000762939453125e+01,5.000000762939453125e+01
9.920000000000000284e+01,5.000441360473632812e+01,4.499617385864257812e+01,5.004312133789062500e+01,5.000000381469726562e+01,4.500000762939453125e+01,5.000000762939453125e+01
9.928000000000000114e+01,5.000441360473632812e+01,4.499608612060546875e+01,5.004310226440429688e+01,5.000000381469726562e+01,4.500000762939453125e+01,5.000000762939453125e+01
9.935999999999999943e+01,5.000423431396484375e+01,4.499617004394531250e+01,5.004312133789062500e+01,5.000000381469726562e+01,4.500000762939453125e+01,5.000000762939453125e+01
9.943999999999999773e+01,5.000424194335937500e+01,4.499608230590820312e+01,5.004310226440429688e+01,5.000000381469726562e+01,4.500000762939453125e+01,5.000000762939453125e+01
9.951999999999999602e+01,5.000406646728515625e+01,4.499616622924804688e+01,5.004312133789062500e+01,5.000000381469726562e+01,4.500000762939453125e+01,5.000000762939453125e+01
9.960000000000000853e+01,5.000407791137695312e+01,4.499607849121093750e+01,5.004310226440429688e+01,5.000000381469726562e+01,4.500000762939453125e+01,5.000000762939453125e+01
9.968000000000000682e+01,5.000391006469726562e+01,4.499616241455078125e+01,5.004312133789062500e+01,5.000000381469726562e+01,4.500000762939453125e+01,5.000000762939453125e+01
9.976000000000000512e+01,5.000392532348632812e+01,4.499607467651367188e+01,5.004310226440429688e+01,5.000000381469726562e+01,4.500000762939453125e+01,5.000000762939453125e+01
9.984000000000000341e+01,5.000376129150390625e+01,4.499616241455078125e+01,5.004312133789062500e+01,5.000000381469726562e+01,4.500000762939453125e+01,5.000000762939453125e+01
9.992000000000000171e+01,5.000378036499023438e+01,4.499607467651367188e+01,5.004310226440429688e+01,5.000000381469726562e+01,4.500000762939453125e+01,5.000000762939453125e+01
1.000000000000000000e+02,5.000362014770507812e+01,4.499616241455078125e+01,5.004312133789062500e+01,5.000000381469726562e+01,4.500000762939453125e+01,5.000000762939453125e+01
