time,e_x,e_y,e_z,bound_x,bound_y,bound_z,neg_bound_x,neg_bound_y,neg_bound_z
0.000000000000000000e+00,0.000000000000000000e+00,0.000000000000000000e+00,0.000000000000000000e+00,2.529602047055672376e+00,3.438943849633013361e+00,2.744186702412586776e+00,-2.529602047055672376e+00,-3.438943849633013361e+00,-2.744186702412586776e+00
8.000000000000000167e-02,-5.599999800324440002e-02,-5.599999800324440002e-02,-5.599999427795410156e-02,2.529602047055672376e+00,3.438943849633013361e+00,2.744186702412586776e+00,-2.529602047055672376e+00,-3.438943849633013361e+00,-2.744186702412586776e+00
1.600000000000000033e-01,-1.119999960064888000e-01,-1.119999960064888000e-01,-1.028487682342529297e-01,2.529602047055672376e+00,3.438943849633013361e+00,2.744186702412586776e+00,-2.529602047055672376e+00,-3.438943849633013361e+00,-2.744186702412586776e+00
2.399999999999999911e-01,-1.679999977350234985e-01,-1.679999977350234985e-01,-1.459450721740722656e-01,2.529602047055672376e+00,3.438943849633013361e+00,2.744186702412586776e+00,-2.529602047055672376e+00,-3.438943849633013361e+00,-2.744186702412586776e+00
3.200000000000000067e-01,-2.233795374631881714e-01,-2.233913242816925049e-01,-1.860928535461425781e-01,2.529602047055672376e+00,3.438943849633013361e+00,2.744186702412586776e+00,-2.529602047055672376e+00,-3.438943849633013361e+00,-2.744186702412586776e+00
4.000000000000000222e-01,-2.782569229602813721e-01,-2.782862782478332520e-01,-2.242300510406494141e-01,2.529602047055672376e+00,3.438943849633013361e+00,2.744186702412586776e+00,-2.529602047055672376e+00,-3.438943849633013361e+00,-2.744186702412586776e+00
4.799999999999999822e-01,-3.322776257991790771e-01,-3.323440551757812500e-01,-2.603120803833007812e-01,2.529602047055672376e+00,3.438943849633013361e+00,2.744186702412586776e+00,-2.529602047055672376e+00,-3.438943849633013361e+00,-2.744186702412586776e+00
5.600000000000000533e-01,-3.856756091117858887e-01,-3.857731819152832031e-01,-2.948412895202636719e-01,2.529602047055672376e+00,3.438943849633013361e+00,2.744186702412586776e+00,-2.529602047055672376e+00,-3.438943849633013361e+00,-2.744186702412586776e+00
6.400000000000000133e-01,-4.381390810012817383e-01,-4.382841289043426514e-01,-3.276519775390625000e-01,2.529602047055672376e+00,3.438943849633013361e+00,2.744186702412586776e+00,-2.529602047055672376e+00,-3.438943849633013361e+00,-2.744186702412586776e+00
7.199999999999999734e-01,-4.899110198020935059e-01,-4.900898635387420654e-01,-3.591053485870361328e-01,2.529602047055672376e+00,3.438943849633013361e+00,2.744186702412586776e+00,-2.529602047055672376e+00,-3.438943849633013361e+00,-2.744186702412586776e+00
8.000000000000000444e-01,-5.406978130340576172e-01,-5.409253835678100586e-01,-3.890315294265747070e-01,2.529602047055672376e+00,3.438943849633013361e+00,2.744186702412586776e+00,-2.529602047055672376e+00,-3.438943849633013361e+00,-2.744186702412586776e+00
8.800000000000000044e-01,-5.907409787178039551e-01,-5.909979939460754395e-01,-4.177222251892089844e-01,2.529602047055672376e+00,3.438943849633013361e+00,2.744186702412586776e+00,-2.529602047055672376e+00,-3.438943849633013361e+00,-2.744186702412586776e+00
9.599999999999999645e-01,-6.397618055343627930e-01,-6.400632858276367188e-01,-4.450300931930541992e-01,2.529602047055672376e+00,3.438943849633013361e+00,2.744186702412586776e+00,-2.529602047055672376e+00,-3.438943849633013361e+00,-2.744186702412586776e+00
1.040000000000000036e+00,-6.879987716674804688e-01,-6.883208155632019043e-01,-4.711992740631103516e-01,2.529602047055672376e+00,3.438943849633013361e+00,2.744186702412586776e+00,-2.529602047055672376e+00,-3.438943849633013361e+00,-2.744186702412586776e+00
1.120000000000000107e+00,-7.351871728897094727e-01,-7.355457544326782227e-01,-4.961097240447998047e-01,2.529602047055672376e+00,3.438943849633013361e+00,2.744186702412586776e+00,-2.529602047055672376e+00,-3.438943849633013361e+00,-2.744186702412586776e+00
1.199999999999999956e+00,-7.815616130828857422e-01,-7.819287776947021484e-01,-5.199671983718872070e-01,2.529602047055672376e+00,3.438943849633013361e+00,2.744186702412586776e+00,-2.529602047055672376e+00,-3.438943849633013361e+00,-2.744186702412586776e+00
1.280000000000000027e+00,-8.268710374832153320e-01,-8.270656466484069824e-01,-5.426778793334960938e-01,2.529602047055672376e+00,3.438943849633013361e+00,2.744186702412586776e+00,-2.529602047055672376e+00,-3.438943849633013361e+00,-2.744186702412586776e+00
1.360000000000000098e+00,-8.713453412055969238e-01,-8.682365417480468750e-01,-5.644108057022094727e-01,2.529602047055672376e+00,3.438943849633013361e+00,2.744186702412586776e+00,-2.529602047055672376e+00,-3.438943849633013361e+00,-2.744186702412586776e+00
1.439999999999999947e+00,-9.147466421127319336e-01,-9.036638736724853516e-01,-5.850433111190795898e-01,2.529602047055672376e+00,3.438943849633013361e+00,2.744186702412586776e+00,-2.529602047055672376e+00,-3.438943849633013361e+00,-2.744186702412586776e+00
1.520000000000000018e+00,-9.572997093200683594e-01,-9.328826665878295898e-01,-6.046591997146606445e-01,2.529602047055672376e+00,3.438943849633013361e+00,2.744186702412586776e+00,-2.529602047055672376e+00,-3.438943849633013361e+00,-2.744186702412586776e+00
1.600000000000000089e+00,-9.987780451774597168e-01,-9.557826519012451172e-01,-6.231968402862548828e-01,2.529602047055672376e+00,3.438943849633013361e+00,2.744186702412586776e+00,-2.529602047055672376e+00,-3.438943849633013361e+00,-2.744186702412586776e+00
1.679999999999999938e+00,-1.039410829544067383e+00,-9.716079235076904297e-01,-6.407465934753417969e-01,2.529602047055672376e+00,3.438943849633013361e+00,2.744186702412586776e+00,-2.529602047055672376e+00,-3.438943849633013361e+00,-2.744186702412586776e+00
1.760000000000000009e+00,-1.078970670700073242e+00,-9.815413951873779297e-01,-6.573089361190795898e-01,2.529602047055672376e+00,3.438943849633013361e+00,2.744186702412586776e+00,-2.529602047055672376e+00,-3.438943849633013361e+00,-2.744186702412586776e+00
1.840000000000000080e+00,-1.117701888084411621e+00,-9.870282411575317383e-01,-6.729635000228881836e-01,2.529602047055672376e+00,3.438943849633013361e+00,2.744186702412586776e+00,-2.529602047055672376e+00,-3.438943849633013361e+00,-2.744186702412586776e+00
1.919999999999999929e+00,-1.155364871025085449e+00,-9.890592098236083984e-01,-6.877800226211547852e-01,2.529602047055672376e+00,3.438943849633013361e+00,2.744186702412586776e+00,-2.529602047055672376e+00,-3.438943849633013361e+00,-2.744186702412586776e+00
2.000000000000000000e+00,-1.192225575447082520e+00,-9.887780547142028809e-01,-7.018160820007324219e-01,2.529602047055672376e+00,3.438943849633013361e+00,2.744186702412586776e+00,-2.529602047055672376e+00,-3.438943849633013361e+00,-2.744186702412586776e+00
2.080000000000000071e+00,-1.228026986122131348e+00,-9.853647947311401367e-01,-7.151542901992797852e-01,2.529602047055672376e+00,3.438943849633013361e+00,2.744186702412586776e+00,-2.529602047055672376e+00,-3.438943849633013361e+00,-2.744186702412586776e+00
2.160000000000000142e+00,-1.263051629066467285e+00,-9.802409410476684570e-01,-7.278113365173339844e-01,2.529602047055672376e+00,3.438943849633013361e+00,2.744186702412586776e+00,-2.529602047055672376e+00,-3.438943849633013361e+00,-2.744186702412586776e+00
2.240000000000000213e+00,-1.297031044960021973e+00,-9.741240739822387695e-01,-7.398685216903686523e-01,2.529602047055672376e+00,3.438943849633013361e+00,2.744186702412586776e+00,-2.529602047055672376e+00,-3.438943849633013361e+00,-2.744186702412586776e+00
2.319999999999999840e+00,-1.330257892608642578e+00,-9.678665995597839355e-01,-7.513331174850463867e-01,2.529602047055672376e+00,3.438943849633013361e+00,2.744186702412586776e+00,-2.529602047055672376e+00,-3.438943849633013361e+00,-2.744186702412586776e+00
2.399999999999999911e+00,-1.362456917762756348e+00,-9.602254629135131836e-01,-7.622835636138916016e-01,2.529602047055672376e+00,3.438943849633013361e+00,2.744186702412586776e+00,-2.529602047055672376e+00,-3.438943849633013361e+00,-2.744186702412586776e+00
2.479999999999999982e+00,-1.393927097320556641e+00,-9.522991180419921875e-01,-7.727061510086059570e-01,2.529602047055672376e+00,3.438943849633013361e+00,2.744186702412586776e+00,-2.529602047055672376e+00,-3.438943849633013361e+00,-2.744186702412586776e+00
2.560000000000000053e+00,-1.424390435218811035e+00,-9.444490671157836914e-01,-7.826704978942871094e-01,2.529602047055672376e+00,3.438943849633013361e+00,2.744186702412586776e+00,-2.529602047055672376e+00,-3.438943849633013361e+00,-2.744186702412586776e+00
2.640000000000000124e+00,-1.454148888587951660e+00,-9.372653961181640625e-01,-7.921655178070068359e-01,2.529602047055672376e+00,3.438943849633013361e+00,2.744186702412586776e+00,-2.529602047055672376e+00,-3.438943849633013361e+00,-2.744186702412586776e+00
2.720000000000000195e+00,-1.482923269271850586e+00,-9.292297363281250000e-01,-8.012561798095703125e-01,2.529602047055672376e+00,3.438943849633013361e+00,2.744186702412586776e+00,-2.529602047055672376e+00,-3.438943849633013361e+00,-2.744186702412586776e+00
2.800000000000000266e+00,-1.511018276214599609e+00,-9.212754368782043457e-01,-8.099203109741210938e-01,2.529602047055672376e+00,3.438943849633013361e+00,2.744186702412586776e+00,-2.529602047055672376e+00,-3.438943849633013361e+00,-2.744186702412586776e+00
2.879999999999999893e+00,-1.538154602050781250e+00,-9.136181473731994629e-01,-8.182153701782226562e-01,2.529602047055672376e+00,3.438943849633013361e+00,2.744186702412586776e+00,-2.529602047055672376e+00,-3.438943849633013361e+00,-2.744186702412586776e+00
2.959999999999999964e+00,-1.564637422561645508e+00,-9.067566394805908203e-01,-8.261256217956542969e-01,2.529602047055672376e+00,3.438943849633013361e+00,2.744186702412586776e+00,-2.529602047055672376e+00,-3.438943849633013361e+00,-2.744186702412586776e+00
3.040000000000000036e+00,-1.590188026428222656e+00,-9.005718827247619629e-01,-8.337059020996093750e-01,2.529602047055672376e+00,3.438943849633013361e+00,2.744186702412586776e+00,-2.529602047055672376e+00,-3.438943849633013361e+00,-2.744186702412586776e+00
3.120000000000000107e+00,-1.615113258361816406e+00,-8.938118815422058105e-01,-8.409416675567626953e-01,2.529602047055672376e+00,3.438943849633013361e+00,2.744186702412586776e+00,-2.529602047055672376e+00,-3.438943849633013361e+00,-2.744186702412586776e+00
3.200000000000000178e+00,-1.639133930206298828e+00,-8.868511915206909180e-01,-8.478741645812988281e-01,2.529602047055672376e+00,3.438943849633013361e+00,2.744186702412586776e+00,-2.529602047055672376e+00,-3.438943849633013361e+00,-2.744186702412586776e+00
3.280000000000000249e+00,-1.662556886672973633e+00,-8.803150057792663574e-01,-8.544826507568359375e-01,2.529602047055672376e+00,3.438943849633013361e+00,2.744186702412586776e+00,-2.529602047055672376e+00,-3.438943849633013361e+00,-2.744186702412586776e+00
3.359999999999999876e+00,-1.685103893280029297e+00,-8.742219209671020508e-01,-8.608160018920898438e-01,2.529602047055672376e+00,3.438943849633013361e+00,2.744186702412586776e+00,-2.529602047055672376e+00,-3.438943849633013361e+00,-2.744186702412586776e+00
3.439999999999999947e+00,-1.707083106040954590e+00,-8.673914074897766113e-01,-8.668582439422607422e-01,2.529602047055672376e+00,3.438943849633013361e+00,2.744186702412586776e+00,-2.529602047055672376e+00,-3.438943849633013361e+00,-2.744186702412586776e+00
3.520000000000000018e+00,-1.728215813636779785e+00,-8.602943420410156250e-01,-8.726475238800048828e-01,2.529602047055672376e+00,3.438943849633013361e+00,2.744186702412586776e+00,-2.529602047055672376e+00,-3.438943849633013361e+00,-2.744186702412586776e+00
3.600000000000000089e+00,-1.748810052871704102e+00,-8.536162972450256348e-01,-8.781626224517822266e-01,2.529602047055672376e+00,3.438943849633013361e+00,2.744186702412586776e+00,-2.529602047055672376e+00,-3.438943849633013361e+00,-2.744186702412586776e+00
3.680000000000000160e+00,-1.768587112426757812e+00,-8.474245071411132812e-01,-8.834493160247802734e-01,2.529602047055672376e+00,3.438943849633013361e+00,2.744186702412586776e+00,-2.529602047055672376e+00,-3.438943849633013361e+00,-2.744186702412586776e+00
3.760000000000000231e+00,-1.787856698036193848e+00,-8.420856595039367676e-01,-8.884916305541992188e-01,2.529602047055672376e+00,3.438943849633013361e+00,2.744186702412586776e+00,-2.529602047055672376e+00,-3.438943849633013361e+00,-2.744186702412586776e+00
3.839999999999999858e+00,-1.806339025497436523e+00,-8.358658552169799805e-01,-8.933296203613281250e-01,2.529602047055672376e+00,3.438943849633013361e+00,2.744186702412586776e+00,-2.529602047055672376e+00,-3.438943849633013361e+00,-2.744186702412586776e+00
3.919999999999999929e+00,-1.824343204498291016e+00,-8.296456336975097656e-01,-8.979418277740478516e-01,2.529602047055672376e+00,3.438943849633013361e+00,2.744186702412586776e+00,-2.529602047055672376e+00,-3.438943849633013361e+00,-2.744186702412586776e+00
4.000000000000000000e+00,-1.841589927673339844e+00,-8.236339688301086426e-01,-9.023613929748535156e-01,2.529602047055672376e+00,3.438943849633013361e+00,2.744186702412586776e+00,-2.529602047055672376e+00,-3.438943849633013361e+00,-2.744186702412586776e+00
4.080000000000000071e+00,-1.858388185501098633e+00,-8.183329105377197266e-01,-9.065756797790527344e-01,2.529602047055672376e+00,3.438943849633013361e+00,2.744186702412586776e+00,-2.529602047055672376e+00,-3.438943849633013361e+00,-2.744186702412586776e+00
4.160000000000000142e+00,-1.874458074569702148e+00,-8.120720982551574707e-01,-9.106183052062988281e-01,2.529602047055672376e+00,3.438943849633013361e+00,2.744186702412586776e+00,-2.529602047055672376e+00,-3.438943849633013361e+00,-2.744186702412586776e+00
4.240000000000000213e+00,-1.890109062194824219e+00,-8.058129549026489258e-01,-9.144709110260009766e-01,2.529602047055672376e+00,3.438943849633013361e+00,2.744186702412586776e+00,-2.529602047055672376e+00,-3.438943849633013361e+00,-2.744186702412586776e+00
4.320000000000000284e+00,-1.905060768127441406e+00,-7.998113632202148438e-01,-9.181621074676513672e-01,2.529602047055672376e+00,3.438943849633013361e+00,2.744186702412586776e+00,-2.529602047055672376e+00,-3.438943849633013361e+00,-2.744186702412586776e+00
4.400000000000000355e+00,-1.919622659683227539e+00,-7.946011424064636230e-01,-9.216821193695068359e-01,2.529602047055672376e+00,3.438943849633013361e+00,2.744186702412586776e+00,-2.529602047055672376e+00,-3.438943849633013361e+00,-2.744186702412586776e+00
4.480000000000000426e+00,-1.933513641357421875e+00,-7.901016473770141602e-01,-9.250593185424804688e-01,2.529602047055672376e+00,3.438943849633013361e+00,2.744186702412586776e+00,-2.529602047055672376e+00,-3.438943849633013361e+00,-2.744186702412586776e+00
4.560000000000000497e+00,-1.947043299674987793e+00,-7.849745154380798340e-01,-9.282867908477783203e-01,2.529602047055672376e+00,3.438943849633013361e+00,2.744186702412586776e+00,-2.529602047055672376e+00,-3.438943849633013361e+00,-2.744186702412586776e+00
4.639999999999999680e+00,-1.959929943084716797e+00,-7.796682715415954590e-01,-9.313824176788330078e-01,2.529602047055672376e+00,3.438943849633013361e+00,2.744186702412586776e+00,-2.529602047055672376e+00,-3.438943849633013361e+00,-2.744186702412586776e+00
4.719999999999999751e+00,-1.972481846809387207e+00,-7.748553752899169922e-01,-9.343318939208984375e-01,2.529602047055672376e+00,3.438943849633013361e+00,2.744186702412586776e+00,-2.529602047055672376e+00,-3.438943849633013361e+00,-2.744186702412586776e+00
4.799999999999999822e+00,-1.984417796134948730e+00,-7.705926895141601562e-01,-9.371614456176757812e-01,2.529602047055672376e+00,3.438943849633013361e+00,2.744186702412586776e+00,-2.529602047055672376e+00,-3.438943849633013361e+00,-2.744186702412586776e+00
4.879999999999999893e+00,-1.996046781539916992e+00,-7.656009793281555176e-01,-9.398634433746337891e-01,2.529602047055672376e+00,3.438943849633013361e+00,2.744186702412586776e+00,-2.529602047055672376e+00,-3.438943849633013361e+00,-2.744186702412586776e+00
4.959999999999999964e+00,-2.007086277008056641e+00,-7.604131102561950684e-01,-9.424545764923095703e-01,2.529602047055672376e+00,3.438943849633013361e+00,2.744186702412586776e+00,-2.529602047055672376e+00,-3.438943849633013361e+00,-2.744186702412586776e+00
5.040000000000000036e+00,-2.017844200134277344e+00,-7.557484507560729980e-01,-9.449212551116943359e-01,2.529602047055672376e+00,3.438943849633013361e+00,2.744186702412586776e+00,-2.529602047055672376e+00,-3.438943849633013361e+00,-2.744186702412586776e+00
5.120000000000000107e+00,-2.028038024902343750e+00,-7.516980171203613281e-01,-9.472875595092773438e-01,2.529602047055672376e+00,3.438943849633013361e+00,2.744186702412586776e+00,-2.529602047055672376e+00,-3.438943849633013361e+00,-2.744186702412586776e+00
5.200000000000000178e+00,-2.037976264953613281e+00,-7.486326694488525391e-01,-9.495477676391601562e-01,2.529602047055672376e+00,3.438943849633013361e+00,2.744186702412586776e+00,-2.529602047055672376e+00,-3.438943849633013361e+00,-2.744186702412586776e+00
5.280000000000000249e+00,-2.047375440597534180e+00,-7.446992397308349609e-01,-9.517199993133544922e-01,2.529602047055672376e+00,3.438943849633013361e+00,2.744186702412586776e+00,-2.529602047055672376e+00,-3.438943849633013361e+00,-2.744186702412586776e+00
5.360000000000000320e+00,-2.056542873382568359e+00,-7.408187389373779297e-01,-9.537937641143798828e-01,2.529602047055672376e+00,3.438943849633013361e+00,2.744186702412586776e+00,-2.529602047055672376e+00,-3.438943849633013361e+00,-2.744186702412586776e+00
5.440000000000000391e+00,-2.065194606781005859e+00,-7.372285127639770508e-01,-9.557795524597167969e-01,2.529602047055672376e+00,3.438943849633013361e+00,2.744186702412586776e+00,-2.529602047055672376e+00,-3.438943849633013361e+00,-2.744186702412586776e+00
5.520000000000000462e+00,-2.073637485504150391e+00,-7.344413995742797852e-01,-9.576766490936279297e-01,2.529602047055672376e+00,3.438943849633013361e+00,2.744186702412586776e+00,-2.529602047055672376e+00,-3.438943849633013361e+00,-2.744186702412586776e+00
5.600000000000000533e+00,-2.081587553024291992e+00,-7.323701381683349609e-01,-9.594972133636474609e-01,2.529602047055672376e+00,3.438943849633013361e+00,2.744186702412586776e+00,-2.529602047055672376e+00,-3.438943849633013361e+00,-2.744186702412586776e+00
5.679999999999999716e+00,-2.089351177215576172e+00,-7.295663356781005859e-01,-9.612436294555664062e-01,2.529602047055672376e+00,3.438943849633013361e+00,2.744186702412586776e+00,-2.529602047055672376e+00,-3.438943849633013361e+00,-2.744186702412586776e+00
5.759999999999999787e+00,-2.096644401550292969e+00,-7.265214920043945312e-01,-9.629178047180175781e-01,2.529602047055672376e+00,3.438943849633013361e+00,2.744186702412586776e+00,-2.529602047055672376e+00,-3.438943849633013361e+00,-2.744186702412586776e+00
5.839999999999999858e+00,-2.103771448135375977e+00,-7.239341735839843750e-01,-9.645128250122070312e-01,2.529602047055672376e+00,3.438943849633013361e+00,2.744186702412586776e+00,-2.529602047055672376e+00,-3.438943849633013361e+00,-2.744186702412586776e+00
5.919999999999999929e+00,-2.110448598861694336e+00,-7.218868732452392578e-01,-9.660420417785644531e-01,2.529602047055672376e+00,3.438943849633013361e+00,2.744186702412586776e+00,-2.529602047055672376e+00,-3.438943849633013361e+00,-2.744186702412586776e+00
6.000000000000000000e+00,-2.116981029510498047e+00,-7.207485437393188477e-01,-9.675059318542480469e-01,2.529602047055672376e+00,3.438943849633013361e+00,2.744186702412586776e+00,-2.529602047055672376e+00,-3.438943849633013361e+00,-2.744186702412586776e+00
6.080000000000000071e+00,-2.123083591461181641e+00,-7.185966968536376953e-01,-9.689130783081054688e-01,2.529602047055672376e+00,3.438943849633013361e+00,2.744186702412586776e+00,-2.529602047055672376e+00,-3.438943849633013361e+00,-2.744186702412586776e+00
6.160000000000000142e+00,-2.129060268402099609e+00,-7.163902521133422852e-01,-9.702577590942382812e-01,2.529602047055672376e+00,3.438943849633013361e+00,2.744186702412586776e+00,-2.529602047055672376e+00,-3.438943849633013361e+00,-2.744186702412586776e+00
6.240000000000000213e+00,-2.134626388549804688e+00,-7.144023180007934570e-01,-9.715423583984375000e-01,2.529602047055672376e+00,3.438943849633013361e+00,2.744186702412586776e+00,-2.529602047055672376e+00,-3.438943849633013361e+00,-2.744186702412586776e+00
6.320000000000000284e+00,-2.140084981918334961e+00,-7.131690979003906250e-01,-9.719462394714355469e-01,2.529602047055672376e+00,3.438943849633013361e+00,2.744186702412586776e+00,-2.529602047055672376e+00,-3.438943849633013361e+00,-2.744186702412586776e+00
6.400000000000000355e+00,-2.145151138305664062e+00,-7.126251459121704102e-01,-9.706354141235351562e-01,2.529602047055672376e+00,3.438943849633013361e+00,2.744186702412586776e+00,-2.529602047055672376e+00,-3.438943849633013361e+00,-2.744186702412586776e+00
6.480000000000000426e+00,-2.150127410888671875e+00,-7.112535238265991211e-01,-9.639515876770019531e-01,2.529602047055672376e+00,3.438943849633013361e+00,2.744186702412586776e+00,-2.529602047055672376e+00,-3.438943849633013361e+00,-2.744186702412586776e+00
6.560000000000000497e+00,-2.154729127883911133e+00,-7.095927000045776367e-01,-9.545979499816894531e-01,2.529602047055672376e+00,3.438943849633013361e+00,2.744186702412586776e+00,-2.529602047055672376e+00,-3.438943849633013361e+00,-2.744186702412586776e+00
6.640000000000000568e+00,-2.159257411956787109e+00,-7.083683013916015625e-01,-9.436845779418945312e-01,2.529602047055672376e+00,3.438943849633013361e+00,2.744186702412586776e+00,-2.529602047055672376e+00,-3.438943849633013361e+00,-2.744186702412586776e+00
6.719999999999999751e+00,-2.163432359695434570e+00,-7.076971530914306641e-01,-9.321556091308593750e-01,2.529602047055672376e+00,3.438943849633013361e+00,2.744186702412586776e+00,-2.529602047055672376e+00,-3.438943849633013361e+00,-2.744186702412586776e+00
6.799999999999999822e+00,-2.167551279067993164e+00,-7.061287164688110352e-01,-9.169759750366210938e-01,2.529602047055672376e+00,3.438943849633013361e+00,2.744186702412586776e+00,-2.529602047055672376e+00,-3.438943849633013361e+00,-2.744186702412586776e+00
6.879999999999999893e+00,-2.171336174011230469e+00,-7.043133974075317383e-01,-9.012289047241210938e-01,2.529602047055672376e+00,3.438943849633013361e+00,2.744186702412586776e+00,-2.529602047055672376e+00,-3.438943849633013361e+00,-2.744186702412586776e+00
6.959999999999999964e+00,-2.175078392028808594e+00,-7.030066251754760742e-01,-8.860411643981933594e-01,2.529602047055672376e+00,3.438943849633013361e+00,2.744186702412586776e+00,-2.529602047055672376e+00,-3.438943849633013361e+00,-2.744186702412586776e+00
7.040000000000000036e+00,-2.178505182266235352e+00,-7.023761272430419922e-01,-8.721556663513183594e-01,2.529602047055672376e+00,3.438943849633013361e+00,2.744186702412586776e+00,-2.529602047055672376e+00,-3.438943849633013361e+00,-2.744186702412586776e+00
7.120000000000000107e+00,-2.181901693344116211e+00,-7.009212970733642578e-01,-8.561921119689941406e-01,2.529602047055672376e+00,3.438943849633013361e+00,2.744186702412586776e+00,-2.529602047055672376e+00,-3.438943849633013361e+00,-2.744186702412586776e+00
7.200000000000000178e+00,-2.184998273849487305e+00,-6.993252038955688477e-01,-8.409366607666015625e-01,2.529602047055672376e+00,3.438943849633013361e+00,2.744186702412586776e+00,-2.529602047055672376e+00,-3.438943849633013361e+00,-2.744186702412586776e+00
7.280000000000000249e+00,-2.188075542449951172e+00,-6.983183622360229492e-01,-8.271665573120117188e-01,2.529602047055672376e+00,3.438943849633013361e+00,2.744186702412586776e+00,-2.529602047055672376e+00,-3.438943849633013361e+00,-2.744186702412586776e+00
7.360000000000000320e+00,-2.190866947174072266e+00,-6.962062120437622070e-01,-8.117060661315917969e-01,2.529602047055672376e+00,3.438943849633013361e+00,2.744186702412586776e+00,-2.529602047055672376e+00,-3.438943849633013361e+00,-2.744186702412586776e+00
7.440000000000000391e+00,-2.193650722503662109e+00,-6.941286325454711914e-01,-7.971959114074707031e-01,2.529602047055672376e+00,3.438943849633013361e+00,2.744186702412586776e+00,-2.529602047055672376e+00,-3.438943849633013361e+00,-2.744186702412586776e+00
7.520000000000000462e+00,-2.196159839630126953e+00,-6.925621032714843750e-01,-7.845368385314941406e-01,2.529602047055672376e+00,3.438943849633013361e+00,2.744186702412586776e+00,-2.529602047055672376e+00,-3.438943849633013361e+00,-2.744186702412586776e+00
7.600000000000000533e+00,-2.198672056198120117e+00,-6.920566558837890625e-01,-7.739686965942382812e-01,2.529602047055672376e+00,3.438943849633013361e+00,2.744186702412586776e+00,-2.529602047055672376e+00,-3.438943849633013361e+00,-2.744186702412586776e+00
7.679999999999999716e+00,-2.200922489166259766e+00,-6.907161474227905273e-01,-7.619237899780273438e-01,2.529602047055672376e+00,3.438943849633013361e+00,2.744186702412586776e+00,-2.529602047055672376e+00,-3.438943849633013361e+00,-2.744186702412586776e+00
7.759999999999999787e+00,-2.203185796737670898e+00,-6.895735263824462891e-01,-7.508478164672851562e-01,2.529602047055672376e+00,3.438943849633013361e+00,2.744186702412586776e+00,-2.529602047055672376e+00,-3.438943849633013361e+00,-2.744186702412586776e+00
7.839999999999999858e+00,-2.205195665359497070e+00,-6.890106201171875000e-01,-7.414407730102539062e-01,2.529602047055672376e+00,3.438943849633013361e+00,2.744186702412586776e+00,-2.529602047055672376e+00,-3.438943849633013361e+00,-2.744186702412586776e+00
7.919999999999999929e+00,-2.207228422164916992e+00,-6.875962018966674805e-01,-7.302336692810058594e-01,2.529602047055672376e+00,3.438943849633013361e+00,2.744186702412586776e+00,-2.529602047055672376e+00,-3.438943849633013361e+00,-2.744186702412586776e+00
8.000000000000000000e+00,-2.209018230438232422e+00,-6.861355304718017578e-01,-7.199263572692871094e-01,2.529602047055672376e+00,3.438943849633013361e+00,2.744186702412586776e+00,-2.529602047055672376e+00,-3.438943849633013361e+00,-2.744186702412586776e+00
8.080000000000000071e+00,-2.210839986801147461e+00,-6.854312419891357422e-01,-7.112188339233398438e-01,2.529602047055672376e+00,3.438943849633013361e+00,2.744186702412586776e+00,-2.529602047055672376e+00,-3.438943849633013361e+00,-2.744186702412586776e+00
8.160000000000000142e+00,-2.212428569793701172e+00,-6.856894493103027344e-01,-7.044568061828613281e-01,2.529602047055672376e+00,3.438943849633013361e+00,2.744186702412586776e+00,-2.529602047055672376e+00,-3.438943849633013361e+00,-2.744186702412586776e+00
8.240000000000000213e+00,-2.214057445526123047e+00,-6.852740049362182617e-01,-6.959991455078125000e-01,2.529602047055672376e+00,3.438943849633013361e+00,2.744186702412586776e+00,-2.529602047055672376e+00,-3.438943849633013361e+00,-2.744186702412586776e+00
8.320000000000000284e+00,-2.215460538864135742e+00,-6.848980188369750977e-01,-6.882653236389160156e-01,2.529602047055672376e+00,3.438943849633013361e+00,2.744186702412586776e+00,-2.529602047055672376e+00,-3.438943849633013361e+00,-2.744186702412586776e+00
8.400000000000000355e+00,-2.216912031173706055e+00,-6.852809190750122070e-01,-6.819343566894531250e-01,2.529602047055672376e+00,3.438943849633013361e+00,2.744186702412586776e+00,-2.529602047055672376e+00,-3.438943849633013361e+00,-2.744186702412586776e+00
8.480000000000000426e+00,-2.218145370483398438e+00,-6.846024990081787109e-01,-6.736397743225097656e-01,2.529602047055672376e+00,3.438943849633013361e+00,2.744186702412586776e+00,-2.529602047055672376e+00,-3.438943849633013361e+00,-2.744186702412586776e+00
8.560000000000000497e+00,-2.219434976577758789e+00,-6.840251684188842773e-01,-6.660246849060058594e-01,2.529602047055672376e+00,3.438943849633013361e+00,2.744186702412586776e+00,-2.529602047055672376e+00,-3.438943849633013361e+00,-2.744186702412586776e+00
8.640000000000000568e+00,-2.220512390136718750e+00,-6.840317249298095703e-01,-6.599082946777343750e-01,2.529602047055672376e+00,3.438943849633013361e+00,2.744186702412586776e+00,-2.529602047055672376e+00,-3.438943849633013361e+00,-2.744186702412586776e+00
8.720000000000000639e+00,-2.221652746200561523e+00,-6.851743459701538086e-01,-6.555604934692382812e-01,2.529602047055672376e+00,3.438943849633013361e+00,2.744186702412586776e+00,-2.529602047055672376e+00,-3.438943849633013361e+00,-2.744186702412586776e+00
8.800000000000000711e+00,-2.222589492797851562e+00,-6.854265928268432617e-01,-6.494503021240234375e-01,2.529602047055672376e+00,3.438943849633013361e+00,2.744186702412586776e+00,-2.529602047055672376e+00,-3.438943849633013361e+00,-2.744186702412586776e+00
8.880000000000000782e+00,-2.223595142364501953e+00,-6.858658790588378906e-01,-6.438832283020019531e-01,2.529602047055672376e+00,3.438943849633013361e+00,2.744186702412586776e+00,-2.529602047055672376e+00,-3.438943849633013361e+00,-2.744186702412586776e+00
8.960000000000000853e+00,-2.224401473999023438e+00,-6.868886947631835938e-01,-6.396532058715820312e-01,2.529602047055672376e+00,3.438943849633013361e+00,2.744186702412586776e+00,-2.529602047055672376e+00,-3.438943849633013361e+00,-2.744186702412586776e+00
9.040000000000000924e+00,-2.225282669067382812e+00,-6.869682073593139648e-01,-6.333565711975097656e-01,2.529602047055672376e+00,3.438943849633013361e+00,2.744186702412586776e+00,-2.529602047055672376e+00,-3.438943849633013361e+00,-2.744186702412586776e+00
9.120000000000000995e+00,-2.225972175598144531e+00,-6.869559288024902344e-01,-6.276502609252929688e-01,2.529602047055672376e+00,3.438943849633013361e+00,2.744186702412586776e+00,-2.529602047055672376e+00,-3.438943849633013361e+00,-2.744186702412586776e+00
9.200000000000001066e+00,-2.226741313934326172e+00,-6.876993179321289062e-01,-6.233339309692382812e-01,2.529602047055672376e+00,3.438943849633013361e+00,2.744186702412586776e+00,-2.529602047055672376e+00,-3.438943849633013361e+00,-2.744186702412586776e+00
9.279999999999999361e+00,-2.227324962615966797e+00,-6.894178390502929688e-01,-6.207723617553710938e-01,2.529602047055672376e+00,3.438943849633013361e+00,2.744186702412586776e+00,-2.529602047055672376e+00,-3.438943849633013361e+00,-2.744186702412586776e+00
9.359999999999999432e+00,-2.227993488311767578e+00,-6.903755664825439453e-01,-6.163969039916992188e-01,2.529602047055672376e+00,3.438943849633013361e+00,2.744186702412586776e+00,-2.529602047055672376e+00,-3.438943849633013361e+00,-2.744186702412586776e+00
9.439999999999999503e+00,-2.228480815887451172e+00,-6.913316249847412109e-01,-6.124310493469238281e-01,2.529602047055672376e+00,3.438943849633013361e+00,2.744186702412586776e+00,-2.529602047055672376e+00,-3.438943849633013361e+00,-2.744186702412586776e+00
9.519999999999999574e+00,-2.229057788848876953e+00,-6.930491924285888672e-01,-6.097226142883300781e-01,2.529602047055672376e+00,3.438943849633013361e+00,2.744186702412586776e+00,-2.529602047055672376e+00,-3.438943849633013361e+00,-2.744186702412586776e+00
9.599999999999999645e+00,-2.229457855224609375e+00,-6.957077980041503906e-01,-6.086444854736328125e-01,2.529602047055672376e+00,3.438943849633013361e+00,2.744186702412586776e+00,-2.529602047055672376e+00,-3.438943849633013361e+00,-2.744186702412586776e+00
9.679999999999999716e+00,-2.229951858520507812e+00,-6.974980831146240234e-01,-6.055607795715332031e-01,2.529602047055672376e+00,3.438943849633013361e+00,2.744186702412586776e+00,-2.529602047055672376e+00,-3.438943849633013361e+00,-2.744186702412586776e+00
9.759999999999999787e+00,-2.230272293090820312e+00,-6.991877555847167969e-01,-6.026463508605957031e-01,2.529602047055672376e+00,3.438943849633013361e+00,2.744186702412586776e+00,-2.529602047055672376e+00,-3.438943849633013361e+00,-2.744186702412586776e+00
9.839999999999999858e+00,-2.230690479278564453e+00,-7.015438079833984375e-01,-6.008191108703613281e-01,2.529602047055672376e+00,3.438943849633013361e+00,2.744186702412586776e+00,-2.529602047055672376e+00,-3.438943849633013361e+00,-2.744186702412586776e+00
9.919999999999999929e+00,-2.230938911437988281e+00,-7.047629356384277344e-01,-6.004848480224609375e-01,2.529602047055672376e+00,3.438943849633013361e+00,2.744186702412586776e+00,-2.529602047055672376e+00,-3.438943849633013361e+00,-2.744186702412586776e+00
1.000000000000000000e+01,-2.231289386749267578e+00,-7.070069313049316406e-01,-5.980157852172851562e-01,2.529602047055672376e+00,3.438943849633013361e+00,2.744186702412586776e+00,-2.529602047055672376e+00,-3.438943849633013361e+00,-2.744186702412586776e+00
1.008000000000000007e+01,-2.231472969055175781e+00,-7.090773582458496094e-01,-5.956220626831054688e-01,2.529602047055672376e+00,3.438943849633013361e+00,2.744186702412586776e+00,-2.529602047055672376e+00,-3.438943849633013361e+00,-2.744186702412586776e+00
1.016000000000000014e+01,-2.231761455535888672e+00,-7.117614746093750000e-01,-5.942435264587402344e-01,2.529602047055672376e+00,3.438943849633013361e+00,2.744186702412586776e+00,-2.529602047055672376e+00,-3.438943849633013361e+00,-2.744186702412586776e+00
1.024000000000000021e+01,-2.231886863708496094e+00,-7.152793407440185547e-01,-5.943150520324707031e-01,2.529602047055672376e+00,3.438943849633013361e+00,2.744186702412586776e+00,-2.529602047055672376e+00,-3.438943849633013361e+00,-2.744186702412586776e+00
1.032000000000000028e+01,-2.232120513916015625e+00,-7.177634239196777344e-01,-5.922064781188964844e-01,2.529602047055672376e+00,3.438943849633013361e+00,2.744186702412586776e+00,-2.529602047055672376e+00,-3.438943849633013361e+00,-2.744186702412586776e+00
1.040000000000000036e+01,-2.232193946838378906e+00,-7.200460433959960938e-01,-5.901432037353515625e-01,2.529602047055672376e+00,3.438943849633013361e+00,2.744186702412586776e+00,-2.529602047055672376e+00,-3.438943849633013361e+00,-2.744186702412586776e+00
1.048000000000000043e+01,-2.232377529144287109e+00,-7.229292392730712891e-01,-5.890760421752929688e-01,2.529602047055672376e+00,3.438943849633013361e+00,2.744186702412586776e+00,-2.529602047055672376e+00,-3.438943849633013361e+00,-2.744186702412586776e+00
1.056000000000000050e+01,-2.232404232025146484e+00,-7.266502380371093750e-01,-5.894608497619628906e-01,2.529602047055672376e+00,3.438943849633013361e+00,2.744186702412586776e+00,-2.529602047055672376e+00,-3.438943849633013361e+00,-2.744186702412586776e+00
1.064000000000000057e+01,-2.232544422149658203e+00,-7.293045520782470703e-01,-5.876507759094238281e-01,2.529602047055672376e+00,3.438943849633013361e+00,2.744186702412586776e+00,-2.529602047055672376e+00,-3.438943849633013361e+00,-2.744186702412586776e+00
1.072000000000000064e+01,-2.232529640197753906e+00,-7.317500114440917969e-01,-5.858688354492187500e-01,2.529602047055672376e+00,3.438943849633013361e+00,2.744186702412586776e+00,-2.529602047055672376e+00,-3.438943849633013361e+00,-2.744186702412586776e+00
1.080000000000000071e+01,-2.232630252838134766e+00,-7.347979545593261719e-01,-5.850744247436523438e-01,2.529602047055672376e+00,3.438943849633013361e+00,2.744186702412586776e+00,-2.529602047055672376e+00,-3.438943849633013361e+00,-2.744186702412586776e+00
1.088000000000000078e+01,-2.232578754425048828e+00,-7.386980056762695312e-01,-5.857415199279785156e-01,2.529602047055672376e+00,3.438943849633013361e+00,2.744186702412586776e+00,-2.529602047055672376e+00,-3.438943849633013361e+00,-2.744186702412586776e+00
1.096000000000000085e+01,-2.232645034790039062e+00,-7.437815666198730469e-01,-5.879998207092285156e-01,2.529602047055672376e+00,3.438943849633013361e+00,2.744186702412586776e+00,-2.529602047055672376e+00,-3.438943849633013361e+00,-2.744186702412586776e+00
1.104000000000000092e+01,-2.232561111450195312e+00,-7.476420402526855469e-01,-5.879373550415039062e-01,2.529602047055672376e+00,3.438943849633013361e+00,2.744186702412586776e+00,-2.529602047055672376e+00,-3.438943849633013361e+00,-2.744186702412586776e+00
1.112000000000000099e+01,-2.232596397399902344e+00,-7.513689994812011719e-01,-5.874743461608886719e-01,2.529602047055672376e+00,3.438943849633013361e+00,2.744186702412586776e+00,-2.529602047055672376e+00,-3.438943849633013361e+00,-2.744186702412586776e+00
1.120000000000000107e+01,-2.232480525970458984e+00,-7.554197311401367188e-01,-5.877633094787597656e-01,2.529602047055672376e+00,3.438943849633013361e+00,2.744186702412586776e+00,-2.529602047055672376e+00,-3.438943849633013361e+00,-2.744186702412586776e+00
1.127999999999999936e+01,-2.232485294342041016e+00,-7.603414058685302734e-01,-5.892543792724609375e-01,2.529602047055672376e+00,3.438943849633013361e+00,2.744186702412586776e+00,-2.529602047055672376e+00,-3.438943849633013361e+00,-2.744186702412586776e+00
1.135999999999999943e+01,-2.232343673706054688e+00,-7.638154029846191406e-01,-5.882825851440429688e-01,2.529602047055672376e+00,3.438943849633013361e+00,2.744186702412586776e+00,-2.529602047055672376e+00,-3.438943849633013361e+00,-2.744186702412586776e+00
1.143999999999999950e+01,-2.232323646545410156e+00,-7.670755386352539062e-01,-5.871100425720214844e-01,2.529602047055672376e+00,3.438943849633013361e+00,2.744186702412586776e+00,-2.529602047055672376e+00,-3.438943849633013361e+00,-2.744186702412586776e+00
1.151999999999999957e+01,-2.232157230377197266e+00,-7.706522941589355469e-01,-5.868048667907714844e-01,2.529602047055672376e+00,3.438943849633013361e+00,2.744186702412586776e+00,-2.529602047055672376e+00,-3.438943849633013361e+00,-2.744186702412586776e+00
1.159999999999999964e+01,-2.232113838195800781e+00,-7.751600742340087891e-01,-5.878243446350097656e-01,2.529602047055672376e+00,3.438943849633013361e+00,2.744186702412586776e+00,-2.529602047055672376e+00,-3.438943849633013361e+00,-2.744186702412586776e+00
1.167999999999999972e+01,-2.231928825378417969e+00,-7.806346416473388672e-01,-5.903520584106445312e-01,2.529602047055672376e+00,3.438943849633013361e+00,2.744186702412586776e+00,-2.529602047055672376e+00,-3.438943849633013361e+00,-2.744186702412586776e+00
1.175999999999999979e+01,-2.231867790222167969e+00,-7.849195003509521484e-01,-5.904664993286132812e-01,2.529602047055672376e+00,3.438943849633013361e+00,2.744186702412586776e+00,-2.529602047055672376e+00,-3.438943849633013361e+00,-2.744186702412586776e+00
1.183999999999999986e+01,-2.231665134429931641e+00,-7.888364791870117188e-01,-5.901370048522949219e-01,2.529602047055672376e+00,3.438943849633013361e+00,2.744186702412586776e+00,-2.529602047055672376e+00,-3.438943849633013361e+00,-2.744186702412586776e+00
1.191999999999999993e+01,-2.231586456298828125e+00,-7.932126522064208984e-01,-5.905370712280273438e-01,2.529602047055672376e+00,3.438943849633013361e+00,2.744186702412586776e+00,-2.529602047055672376e+00,-3.438943849633013361e+00,-2.744186702412586776e+00
1.200000000000000000e+01,-2.231367588043212891e+00,-7.982964515686035156e-01,-5.921478271484375000e-01,2.529602047055672376e+00,3.438943849633013361e+00,2.744186702412586776e+00,-2.529602047055672376e+00,-3.438943849633013361e+00,-2.744186702412586776e+00
1.208000000000000007e+01,-2.231275081634521484e+00,-8.044455051422119141e-01,-5.951275825500488281e-01,2.529602047055672376e+00,3.438943849633013361e+00,2.744186702412586776e+00,-2.529602047055672376e+00,-3.438943849633013361e+00,-2.744186702412586776e+00
1.216000000000000014e+01,-2.231043338775634766e+00,-8.115561008453369141e-01,-5.994067192077636719e-01,2.529602047055672376e+00,3.438943849633013361e+00,2.744186702412586776e+00,-2.529602047055672376e+00,-3.438943849633013361e+00,-2.744186702412586776e+00
1.224000000000000021e+01,-2.230937957763671875e+00,-8.172760009765625000e-01,-6.009039878845214844e-01,2.529602047055672376e+00,3.438943849633013361e+00,2.744186702412586776e+00,-2.529602047055672376e+00,-3.438943849633013361e+00,-2.744186702412586776e+00
1.232000000000000028e+01,-2.230692386627197266e+00,-8.224196434020996094e-01,-6.015744209289550781e-01,2.529602047055672376e+00,3.438943849633013361e+00,2.744186702412586776e+00,-2.529602047055672376e+00,-3.438943849633013361e+00,-2.744186702412586776e+00
1.240000000000000036e+01,-2.230573177337646484e+00,-8.277971744537353516e-01,-6.025619506835937500e-01,2.529602047055672376e+00,3.438943849633013361e+00,2.744186702412586776e+00,-2.529602047055672376e+00,-3.438943849633013361e+00,-2.744186702412586776e+00
1.248000000000000043e+01,-2.230315208435058594e+00,-8.336906433105468750e-01,-6.044764518737792969e-01,2.529602047055672376e+00,3.438943849633013361e+00,2.744186702412586776e+00,-2.529602047055672376e+00,-3.438943849633013361e+00,-2.744186702412586776e+00
1.256000000000000050e+01,-2.230185508728027344e+00,-8.404667377471923828e-01,-6.075267791748046875e-01,2.529602047055672376e+00,3.438943849633013361e+00,2.744186702412586776e+00,-2.529602047055672376e+00,-3.438943849633013361e+00,-2.744186702412586776e+00
1.264000000000000057e+01,-2.229918479919433594e+00,-8.480668067932128906e-01,-6.117100715637207031e-01,2.529602047055672376e+00,3.438943849633013361e+00,2.744186702412586776e+00,-2.529602047055672376e+00,-3.438943849633013361e+00,-2.744186702412586776e+00
1.272000000000000064e+01,-2.229779720306396484e+00,-8.540775775909423828e-01,-6.129617691040039062e-01,2.529602047055672376e+00,3.438943849633013361e+00,2.744186702412586776e+00,-2.529602047055672376e+00,-3.438943849633013361e+00,-2.744186702412586776e+00
1.280000000000000071e+01,-2.229503154754638672e+00,-8.593890666961669922e-01,-6.133031845092773438e-01,2.529602047055672376e+00,3.438943849633013361e+00,2.744186702412586776e+00,-2.529602047055672376e+00,-3.438943849633013361e+00,-2.744186702412586776e+00
1.288000000000000078e+01,-2.229353904724121094e+00,-8.648431301116943359e-01,-6.139845848083496094e-01,2.529602047055672376e+00,3.438943849633013361e+00,2.744186702412586776e+00,-2.529602047055672376e+00,-3.438943849633013361e+00,-2.744186702412586776e+00
1.296000000000000085e+01,-2.229069232940673828e+00,-8.707752227783203125e-01,-6.155652999877929688e-01,2.529602047055672376e+00,3.438943849633013361e+00,2.744186702412586776e+00,-2.529602047055672376e+00,-3.438943849633013361e+00,-2.744186702412586776e+00
1.304000000000000092e+01,-2.228913784027099609e+00,-8.775620460510253906e-01,-6.182765960693359375e-01,2.529602047055672376e+00,3.438943849633013361e+00,2.744186702412586776e+00,-2.529602047055672376e+00,-3.438943849633013361e+00,-2.744186702412586776e+00
1.312000000000000099e+01,-2.228624343872070312e+00,-8.851804733276367188e-01,-6.221446990966796875e-01,2.529602047055672376e+00,3.438943849633013361e+00,2.744186702412586776e+00,-2.529602047055672376e+00,-3.438943849633013361e+00,-2.744186702412586776e+00
1.320000000000000107e+01,-2.228464126586914062e+00,-8.937458992004394531e-01,-6.270089149475097656e-01,2.529602047055672376e+00,3.438943849633013361e+00,2.744186702412586776e+00,-2.529602047055672376e+00,-3.438943849633013361e+00,-2.744186702412586776e+00
1.328000000000000114e+01,-2.228168487548828125e+00,-9.004349708557128906e-01,-6.287345886230468750e-01,2.529602047055672376e+00,3.438943849633013361e+00,2.744186702412586776e+00,-2.529602047055672376e+00,-3.438943849633013361e+00,-2.744186702412586776e+00
1.335999999999999943e+01,-2.228001594543457031e+00,-9.064080715179443359e-01,-6.293182373046875000e-01,2.529602047055672376e+00,3.438943849633013361e+00,2.744186702412586776e+00,-2.529602047055672376e+00,-3.438943849633013361e+00,-2.744186702412586776e+00
1.343999999999999950e+01,-2.227697372436523438e+00,-9.122624397277832031e-01,-6.301088333129882812e-01,2.529602047055672376e+00,3.438943849633013361e+00,2.744186702412586776e+00,-2.529602047055672376e+00,-3.438943849633013361e+00,-2.744186702412586776e+00
1.351999999999999957e+01,-2.227522373199462891e+00,-9.186153411865234375e-01,-6.316108703613281250e-01,2.529602047055672376e+00,3.438943849633013361e+00,2.744186702412586776e+00,-2.529602047055672376e+00,-3.438943849633013361e+00,-2.744186702412586776e+00
1.359999999999999964e+01,-2.227215290069580078e+00,-9.256079196929931641e-01,-6.341438293457031250e-01,2.529602047055672376e+00,3.438943849633013361e+00,2.744186702412586776e+00,-2.529602047055672376e+00,-3.438943849633013361e+00,-2.744186702412586776e+00
1.367999999999999972e+01,-2.227037429809570312e+00,-9.334909915924072266e-01,-6.377282142639160156e-01,2.529602047055672376e+00,3.438943849633013361e+00,2.744186702412586776e+00,-2.529602047055672376e+00,-3.438943849633013361e+00,-2.744186702412586776e+00
1.375999999999999979e+01,-2.226728439331054688e+00,-9.421470165252685547e-01,-6.422762870788574219e-01,2.529602047055672376e+00,3.438943849633013361e+00,2.744186702412586776e+00,-2.529602047055672376e+00,-3.438943849633013361e+00,-2.744186702412586776e+00
1.383999999999999986e+01,-2.226547241210937500e+00,-9.516434669494628906e-01,-6.475868225097656250e-01,2.529602047055672376e+00,3.438943849633013361e+00,2.744186702412586776e+00,-2.529602047055672376e+00,-3.438943849633013361e+00,-2.744186702412586776e+00
1.391999999999999993e+01,-2.226233482360839844e+00,-9.617569446563720703e-01,-6.534662246704101562e-01,2.529602047055672376e+00,3.438943849633013361e+00,2.744186702412586776e+00,-2.529602047055672376e+00,-3.438943849633013361e+00,-2.744186702412586776e+00
1.400000000000000000e+01,-2.226046085357666016e+00,-9.724907875061035156e-01,-6.596999168395996094e-01,2.529602047055672376e+00,3.438943849633013361e+00,2.744186702412586776e+00,-2.529602047055672376e+00,-3.438943849633013361e+00,-2.744186702412586776e+00
1.408000000000000007e+01,-2.225724697113037109e+00,-9.836051464080810547e-01,-6.661243438720703125e-01,2.529602047055672376e+00,3.438943849633013361e+00,2.744186702412586776e+00,-2.529602047055672376e+00,-3.438943849633013361e+00,-2.744186702412586776e+00
1.416000000000000014e+01,-2.225527763366699219e+00,-9.951038360595703125e-01,-6.725816726684570312e-01,2.529602047055672376e+00,3.438943849633013361e+00,2.744186702412586776e+00,-2.529602047055672376e+00,-3.438943849633013361e+00,-2.744186702412586776e+00
1.424000000000000021e+01,-2.225196361541748047e+00,-1.003968477249145508e+00,-6.749601364135742188e-01,2.529602047055672376e+00,3.438943849633013361e+00,2.744186702412586776e+00,-2.529602047055672376e+00,-3.438943849633013361e+00,-2.744186702412586776e+00
1.432000000000000028e+01,-2.224987983703613281e+00,-1.011454343795776367e+00,-6.754341125488281250e-01,2.529602047055672376e+00,3.438943849633013361e+00,2.744186702412586776e+00,-2.529602047055672376e+00,-3.438943849633013361e+00,-2.744186702412586776e+00
1.440000000000000036e+01,-2.224645614624023438e+00,-1.018288850784301758e+00,-6.756954193115234375e-01,2.529602047055672376e+00,3.438943849633013361e+00,2.744186702412586776e+00,-2.529602047055672376e+00,-3.438943849633013361e+00,-2.744186702412586776e+00
1.448000000000000043e+01,-2.224428653717041016e+00,-1.025192022323608398e+00,-6.762456893920898438e-01,2.529602047055672376e+00,3.438943849633013361e+00,2.744186702412586776e+00,-2.529602047055672376e+00,-3.438943849633013361e+00,-2.744186702412586776e+00
1.456000000000000050e+01,-2.224084854125976562e+00,-1.032428503036499023e+00,-6.775360107421875000e-01,2.529602047055672376e+00,3.438943849633013361e+00,2.744186702412586776e+00,-2.529602047055672376e+00,-3.438943849633013361e+00,-2.744186702412586776e+00
1.464000000000000057e+01,-2.223867416381835938e+00,-1.040320873260498047e+00,-6.797170639038085938e-01,2.529602047055672376e+00,3.438943849633013361e+00,2.744186702412586776e+00,-2.529602047055672376e+00,-3.438943849633013361e+00,-2.744186702412586776e+00
1.472000000000000064e+01,-2.223525047302246094e+00,-1.048848867416381836e+00,-6.828126907348632812e-01,2.529602047055672376e+00,3.438943849633013361e+00,2.744186702412586776e+00,-2.529602047055672376e+00,-3.438943849633013361e+00,-2.744186702412586776e+00
1.480000000000000071e+01,-2.223307609558105469e+00,-1.058113574981689453e+00,-6.866807937622070312e-01,2.529602047055672376e+00,3.438943849633013361e+00,2.744186702412586776e+00,-2.529602047055672376e+00,-3.438943849633013361e+00,-2.744186702412586776e+00
1.488000000000000078e+01,-2.222964286804199219e+00,-1.067962646484375000e+00,-6.911878585815429688e-01,2.529602047055672376e+00,3.438943849633013361e+00,2.744186702412586776e+00,-2.529602047055672376e+00,-3.438943849633013361e+00,-2.744186702412586776e+00
1.496000000000000085e+01,-2.222744941711425781e+00,-1.078400850296020508e+00,-6.961297988891601562e-01,2.529602047055672376e+00,3.438943849633013361e+00,2.744186702412586776e+00,-2.529602047055672376e+00,-3.438943849633013361e+00,-2.744186702412586776e+00
1.504000000000000092e+01,-2.222398757934570312e+00,-1.089241504669189453e+00,-7.013673782348632812e-01,2.529602047055672376e+00,3.438943849633013361e+00,2.744186702412586776e+00,-2.529602047055672376e+00,-3.438943849633013361e+00,-2.744186702412586776e+00
1.512000000000000099e+01,-2.222173690795898438e+00,-1.100466489791870117e+00,-7.067317962646484375e-01,2.529602047055672376e+00,3.438943849633013361e+00,2.744186702412586776e+00,-2.529602047055672376e+00,-3.438943849633013361e+00,-2.744186702412586776e+00
1.520000000000000107e+01,-2.221820831298828125e+00,-1.111905813217163086e+00,-7.121353149414062500e-01,2.529602047055672376e+00,3.438943849633013361e+00,2.744186702412586776e+00,-2.529602047055672376e+00,-3.438943849633013361e+00,-2.744186702412586776e+00
1.528000000000000114e+01,-2.221588134765625000e+00,-1.123549699783325195e+00,-7.174644470214843750e-01,2.529602047055672376e+00,3.438943849633013361e+00,2.744186702412586776e+00,-2.529602047055672376e+00,-3.438943849633013361e+00,-2.744186702412586776e+00
1.535999999999999943e+01,-2.221227645874023438e+00,-1.135264396667480469e+00,-7.226848602294921875e-01,2.529602047055672376e+00,3.438943849633013361e+00,2.744186702412586776e+00,-2.529602047055672376e+00,-3.438943849633013361e+00,-2.744186702412586776e+00
1.543999999999999950e+01,-2.220985412597656250e+00,-1.147056579589843750e+00,-7.277297973632812500e-01,2.529602047055672376e+00,3.438943849633013361e+00,2.744186702412586776e+00,-2.529602047055672376e+00,-3.438943849633013361e+00,-2.744186702412586776e+00
1.551999999999999957e+01,-2.220616340637207031e+00,-1.158831119537353516e+00,-7.326078414916992188e-01,2.529602047055672376e+00,3.438943849633013361e+00,2.744186702412586776e+00,-2.529602047055672376e+00,-3.438943849633013361e+00,-2.744186702412586776e+00
1.559999999999999964e+01,-2.220364570617675781e+00,-1.170606613159179688e+00,-7.372808456420898438e-01,2.529602047055672376e+00,3.438943849633013361e+00,2.744186702412586776e+00,-2.529602047055672376e+00,-3.438943849633013361e+00,-2.744186702412586776e+00
1.567999999999999972e+01,-2.219987869262695312e+00,-1.185438394546508789e+00,-7.459259033203125000e-01,2.529602047055672376e+00,3.438943849633013361e+00,2.744186702412586776e+00,-2.529602047055672376e+00,-3.438943849633013361e+00,-2.744186702412586776e+00
1.575999999999999979e+01,-2.219726562500000000e+00,-1.201984882354736328e+00,-7.561864852905273438e-01,2.529602047055672376e+00,3.438943849633013361e+00,2.744186702412586776e+00,-2.529602047055672376e+00,-3.438943849633013361e+00,-2.744186702412586776e+00
1.583999999999999986e+01,-2.219342231750488281e+00,-1.219206809997558594e+00,-7.665824890136718750e-01,2.529602047055672376e+00,3.438943849633013361e+00,2.744186702412586776e+00,-2.529602047055672376e+00,-3.438943849633013361e+00,-2.744186702412586776e+00
1.591999999999999993e+01,-2.219066619873046875e+00,-1.236381053924560547e+00,-7.762203216552734375e-01,2.529602047055672376e+00,3.438943849633013361e+00,2.744186702412586776e+00,-2.529602047055672376e+00,-3.438943849633013361e+00,-2.744186702412586776e+00
1.600000000000000000e+01,-2.218663215637207031e+00,-1.253047943115234375e+00,-7.846689224243164062e-01,2.529602047055672376e+00,3.438943849633013361e+00,2.744186702412586776e+00,-2.529602047055672376e+00,-3.438943849633013361e+00,-2.744186702412586776e+00
1.608000000000000185e+01,-2.218363761901855469e+00,-1.268933534622192383e+00,-7.917585372924804688e-01,2.529602047055672376e+00,3.438943849633013361e+00,2.744186702412586776e+00,-2.529602047055672376e+00,-3.438943849633013361e+00,-2.744186702412586776e+00
1.616000000000000014e+01,-2.217938423156738281e+00,-1.283944606781005859e+00,-7.975435256958007812e-01,2.529602047055672376e+00,3.438943849633013361e+00,2.744186702412586776e+00,-2.529602047055672376e+00,-3.438943849633013361e+00,-2.744186702412586776e+00
1.624000000000000199e+01,-2.217616081237792969e+00,-1.301315784454345703e+00,-8.063478469848632812e-01,2.529602047055672376e+00,3.438943849633013361e+00,2.744186702412586776e+00,-2.529602047055672376e+00,-3.438943849633013361e+00,-2.744186702412586776e+00
1.632000000000000028e+01,-2.217172622680664062e+00,-1.319706916809082031e+00,-8.160362243652343750e-01,2.529602047055672376e+00,3.438943849633013361e+00,2.744186702412586776e+00,-2.529602047055672376e+00,-3.438943849633013361e+00,-2.744186702412586776e+00
1.639999999999999858e+01,-2.216834068298339844e+00,-1.338132143020629883e+00,-8.252763748168945312e-01,2.529602047055672376e+00,3.438943849633013361e+00,2.744186702412586776e+00,-2.529602047055672376e+00,-3.438943849633013361e+00,-2.744186702412586776e+00
1.648000000000000043e+01,-2.216374397277832031e+00,-1.355968713760375977e+00,-8.333597183227539062e-01,2.529602047055672376e+00,3.438943849633013361e+00,2.744186702412586776e+00,-2.529602047055672376e+00,-3.438943849633013361e+00,-2.744186702412586776e+00
1.655999999999999872e+01,-2.216011047363281250e+00,-1.376183271408081055e+00,-8.417634963989257812e-01,2.529602047055672376e+00,3.438943849633013361e+00,2.744186702412586776e+00,-2.529602047055672376e+00,-3.438943849633013361e+00,-2.744186702412586776e+00
1.664000000000000057e+01,-2.215529441833496094e+00,-1.397164821624755859e+00,-8.497505187988281250e-01,2.529602047055672376e+00,3.438943849633013361e+00,2.744186702412586776e+00,-2.529602047055672376e+00,-3.438943849633013361e+00,-2.744186702412586776e+00
1.671999999999999886e+01,-2.215141296386718750e+00,-1.417776584625244141e+00,-8.573551177978515625e-01,2.529602047055672376e+00,3.438943849633013361e+00,2.744186702412586776e+00,-2.529602047055672376e+00,-3.438943849633013361e+00,-2.744186702412586776e+00
1.680000000000000071e+01,-2.214639663696289062e+00,-1.440764904022216797e+00,-8.645954132080078125e-01,2.529602047055672376e+00,3.438943849633013361e+00,2.744186702412586776e+00,-2.529602047055672376e+00,-3.438943849633013361e+00,-2.744186702412586776e+00
1.687999999999999901e+01,-2.214222908020019531e+00,-1.464118003845214844e+00,-8.715181350708007812e-01,2.529602047055672376e+00,3.438943849633013361e+00,2.744186702412586776e+00,-2.529602047055672376e+00,-3.438943849633013361e+00,-2.744186702412586776e+00
1.696000000000000085e+01,-2.213698387145996094e+00,-1.486775398254394531e+00,-8.781242370605468750e-01,2.529602047055672376e+00,3.438943849633013361e+00,2.744186702412586776e+00,-2.529602047055672376e+00,-3.438943849633013361e+00,-2.744186702412586776e+00
1.703999999999999915e+01,-2.213251113891601562e+00,-1.509206295013427734e+00,-8.844289779663085938e-01,2.529602047055672376e+00,3.438943849633013361e+00,2.744186702412586776e+00,-2.529602047055672376e+00,-3.438943849633013361e+00,-2.744186702412586776e+00
1.712000000000000099e+01,-2.212700843811035156e+00,-1.531177997589111328e+00,-8.904342651367187500e-01,2.529602047055672376e+00,3.438943849633013361e+00,2.744186702412586776e+00,-2.529602047055672376e+00,-3.438943849633013361e+00,-2.744186702412586776e+00
1.719999999999999929e+01,-2.212224006652832031e+00,-1.552643299102783203e+00,-8.961591720581054688e-01,2.529602047055672376e+00,3.438943849633013361e+00,2.744186702412586776e+00,-2.529602047055672376e+00,-3.438943849633013361e+00,-2.744186702412586776e+00
1.728000000000000114e+01,-2.211650848388671875e+00,-1.573640823364257812e+00,-9.016065597534179688e-01,2.529602047055672376e+00,3.438943849633013361e+00,2.744186702412586776e+00,-2.529602047055672376e+00,-3.438943849633013361e+00,-2.744186702412586776e+00
1.735999999999999943e+01,-2.211147308349609375e+00,-1.594129085540771484e+00,-9.067955017089843750e-01,2.529602047055672376e+00,3.438943849633013361e+00,2.744186702412586776e+00,-2.529602047055672376e+00,-3.438943849633013361e+00,-2.744186702412586776e+00
1.744000000000000128e+01,-2.210555076599121094e+00,-1.614148139953613281e+00,-9.117307662963867188e-01,2.529602047055672376e+00,3.438943849633013361e+00,2.744186702412586776e+00,-2.529602047055672376e+00,-3.438943849633013361e+00,-2.744186702412586776e+00
1.751999999999999957e+01,-2.210028648376464844e+00,-1.633660316467285156e+00,-9.164295196533203125e-01,2.529602047055672376e+00,3.438943849633013361e+00,2.744186702412586776e+00,-2.529602047055672376e+00,-3.438943849633013361e+00,-2.744186702412586776e+00
1.760000000000000142e+01,-2.209420204162597656e+00,-1.652705669403076172e+00,-9.208965301513671875e-01,2.529602047055672376e+00,3.438943849633013361e+00,2.744186702412586776e+00,-2.529602047055672376e+00,-3.438943849633013361e+00,-2.744186702412586776e+00
1.767999999999999972e+01,-2.208874702453613281e+00,-1.671249389648437500e+00,-9.251489639282226562e-01,2.529602047055672376e+00,3.438943849633013361e+00,2.744186702412586776e+00,-2.529602047055672376e+00,-3.438943849633013361e+00,-2.744186702412586776e+00
1.776000000000000156e+01,-2.208253860473632812e+00,-1.689331531524658203e+00,-9.291906356811523438e-01,2.529602047055672376e+00,3.438943849633013361e+00,2.744186702412586776e+00,-2.529602047055672376e+00,-3.438943849633013361e+00,-2.744186702412586776e+00
1.783999999999999986e+01,-2.207693099975585938e+00,-1.706920623779296875e+00,-9.330368041992187500e-01,2.529602047055672376e+00,3.438943849633013361e+00,2.744186702412586776e+00,-2.529602047055672376e+00,-3.438943849633013361e+00,-2.744186702412586776e+00
1.792000000000000171e+01,-2.207062721252441406e+00,-1.724054336547851562e+00,-9.366912841796875000e-01,2.529602047055672376e+00,3.438943849633013361e+00,2.744186702412586776e+00,-2.529602047055672376e+00,-3.438943849633013361e+00,-2.744186702412586776e+00
1.800000000000000000e+01,-2.206489562988281250e+00,-1.740705490112304688e+00,-9.401683807373046875e-01,2.529602047055672376e+00,3.438943849633013361e+00,2.744186702412586776e+00,-2.529602047055672376e+00,-3.438943849633013361e+00,-2.744186702412586776e+00
1.808000000000000185e+01,-2.205853462219238281e+00,-1.756910324096679688e+00,-9.434719085693359375e-01,2.529602047055672376e+00,3.438943849633013361e+00,2.744186702412586776e+00,-2.529602047055672376e+00,-3.438943849633013361e+00,-2.744186702412586776e+00
1.816000000000000014e+01,-2.205271720886230469e+00,-1.772644042968750000e+00,-9.466142654418945312e-01,2.529602047055672376e+00,3.438943849633013361e+00,2.744186702412586776e+00,-2.529602047055672376e+00,-3.438943849633013361e+00,-2.744186702412586776e+00
1.824000000000000199e+01,-2.204632759094238281e+00,-1.787941932678222656e+00,-9.495992660522460938e-01,2.529602047055672376e+00,3.438943849633013361e+00,2.744186702412586776e+00,-2.529602047055672376e+00,-3.438943849633013361e+00,-2.744186702412586776e+00
1.832000000000000028e+01,-2.204045295715332031e+00,-1.802782535552978516e+00,-9.524374008178710938e-01,2.529602047055672376e+00,3.438943849633013361e+00,2.744186702412586776e+00,-2.529602047055672376e+00,-3.438943849633013361e+00,-2.744186702412586776e+00
1.840000000000000213e+01,-2.203406333923339844e+00,-1.817198753356933594e+00,-9.551343917846679688e-01,2.529602047055672376e+00,3.438943849633013361e+00,2.744186702412586776e+00,-2.529602047055672376e+00,-3.438943849633013361e+00,-2.744186702412586776e+00
1.848000000000000043e+01,-2.202816009521484375e+00,-1.831171989440917969e+00,-9.576978683471679688e-01,2.529602047055672376e+00,3.438943849633013361e+00,2.744186702412586776e+00,-2.529602047055672376e+00,-3.438943849633013361e+00,-2.744186702412586776e+00
1.855999999999999872e+01,-2.202179908752441406e+00,-1.844733715057373047e+00,-9.601325988769531250e-01,2.529602047055672376e+00,3.438943849633013361e+00,2.744186702412586776e+00,-2.529602047055672376e+00,-3.438943849633013361e+00,-2.744186702412586776e+00
1.864000000000000057e+01,-2.201589584350585938e+00,-1.857867717742919922e+00,-9.624462127685546875e-01,2.529602047055672376e+00,3.438943849633013361e+00,2.744186702412586776e+00,-2.529602047055672376e+00,-3.438943849633013361e+00,-2.744186702412586776e+00
1.871999999999999886e+01,-2.200958251953125000e+00,-1.870603561401367188e+00,-9.646434783935546875e-01,2.529602047055672376e+00,3.438943849633013361e+00,2.744186702412586776e+00,-2.529602047055672376e+00,-3.438943849633013361e+00,-2.744186702412586776e+00
1.880000000000000071e+01,-2.200369834899902344e+00,-1.882927894592285156e+00,-9.667310714721679688e-01,2.529602047055672376e+00,3.438943849633013361e+00,2.744186702412586776e+00,-2.529602047055672376e+00,-3.438943849633013361e+00,-2.744186702412586776e+00
1.887999999999999901e+01,-2.199745178222656250e+00,-1.894868373870849609e+00,-9.687137603759765625e-01,2.529602047055672376e+00,3.438943849633013361e+00,2.744186702412586776e+00,-2.529602047055672376e+00,-3.438943849633013361e+00,-2.744186702412586776e+00
1.896000000000000085e+01,-2.199161529541015625e+00,-1.906413555145263672e+00,-9.705963134765625000e-01,2.529602047055672376e+00,3.438943849633013361e+00,2.744186702412586776e+00,-2.529602047055672376e+00,-3.438943849633013361e+00,-2.744186702412586776e+00
1.903999999999999915e+01,-2.198546409606933594e+00,-1.917589664459228516e+00,-9.723834991455078125e-01,2.529602047055672376e+00,3.438943849633013361e+00,2.744186702412586776e+00,-2.529602047055672376e+00,-3.438943849633013361e+00,-2.744186702412586776e+00
1.912000000000000099e+01,-2.197968482971191406e+00,-1.928387165069580078e+00,-9.740800857543945312e-01,2.529602047055672376e+00,3.438943849633013361e+00,2.744186702412586776e+00,-2.529602047055672376e+00,-3.438943849633013361e+00,-2.744186702412586776e+00
1.919999999999999929e+01,-2.197363853454589844e+00,-1.938830852508544922e+00,-9.756908416748046875e-01,2.529602047055672376e+00,3.438943849633013361e+00,2.744186702412586776e+00,-2.529602047055672376e+00,-3.438943849633013361e+00,-2.744186702412586776e+00
1.928000000000000114e+01,-2.196794509887695312e+00,-1.948912620544433594e+00,-9.772195816040039062e-01,2.529602047055672376e+00,3.438943849633013361e+00,2.744186702412586776e+00,-2.529602047055672376e+00,-3.438943849633013361e+00,-2.744186702412586776e+00
1.935999999999999943e+01,-2.196202278137207031e+00,-1.958655834197998047e+00,-9.786710739135742188e-01,2.529602047055672376e+00,3.438943849633013361e+00,2.744186702412586776e+00,-2.529602047055672376e+00,-3.438943849633013361e+00,-2.744186702412586776e+00
1.944000000000000128e+01,-2.195642471313476562e+00,-1.968054294586181641e+00,-9.800481796264648438e-01,2.529602047055672376e+00,3.438943849633013361e+00,2.744186702412586776e+00,-2.529602047055672376e+00,-3.438943849633013361e+00,-2.744186702412586776e+00
1.951999999999999957e+01,-2.195063591003417969e+00,-1.977128982543945312e+00,-9.813547134399414062e-01,2.529602047055672376e+00,3.438943849633013361e+00,2.744186702412586776e+00,-2.529602047055672376e+00,-3.438943849633013361e+00,-2.744186702412586776e+00
1.960000000000000142e+01,-2.194515228271484375e+00,-1.985876083374023438e+00,-9.825944900512695312e-01,2.529602047055672376e+00,3.438943849633013361e+00,2.744186702412586776e+00,-2.529602047055672376e+00,-3.438943849633013361e+00,-2.744186702412586776e+00
1.967999999999999972e+01,-2.193950653076171875e+00,-1.994315147399902344e+00,-9.837703704833984375e-01,2.529602047055672376e+00,3.438943849633013361e+00,2.744186702412586776e+00,-2.529602047055672376e+00,-3.438943849633013361e+00,-2.744186702412586776e+00
1.976000000000000156e+01,-2.193413734436035156e+00,-2.002442836761474609e+00,-9.848861694335937500e-01,2.529602047055672376e+00,3.438943849633013361e+00,2.744186702412586776e+00,-2.529602047055672376e+00,-3.438943849633013361e+00,-2.744186702412586776e+00
1.983999999999999986e+01,-2.192864418029785156e+00,-2.010277271270751953e+00,-9.859437942504882812e-01,2.529602047055672376e+00,3.438943849633013361e+00,2.744186702412586776e+00,-2.529602047055672376e+00,-3.438943849633013361e+00,-2.744186702412586776e+00
1.992000000000000171e+01,-2.192340850830078125e+00,-2.017817020416259766e+00,-9.869470596313476562e-01,2.529602047055672376e+00,3.438943849633013361e+00,2.744186702412586776e+00,-2.529602047055672376e+00,-3.438943849633013361e+00,-2.744186702412586776e+00
2.000000000000000000e+01,-2.191807746887207031e+00,-2.025078773498535156e+00,-9.878978729248046875e-01,2.529602047055672376e+00,3.438943849633013361e+00,2.744186702412586776e+00,-2.529602047055672376e+00,-3.438943849633013361e+00,-2.744186702412586776e+00
2.008000000000000185e+01,-2.191298484802246094e+00,-2.032061576843261719e+00,-9.887990951538085938e-01,2.529602047055672376e+00,3.438943849633013361e+00,2.744186702412586776e+00,-2.529602047055672376e+00,-3.438943849633013361e+00,-2.744186702412586776e+00
2.016000000000000014e+01,-2.190782546997070312e+00,-2.038781166076660156e+00,-9.896535873413085938e-01,2.529602047055672376e+00,3.438943849633013361e+00,2.744186702412586776e+00,-2.529602047055672376e+00,-3.438943849633013361e+00,-2.744186702412586776e+00
2.024000000000000199e+01,-2.190288543701171875e+00,-2.045237541198730469e+00,-9.904632568359375000e-01,2.529602047055672376e+00,3.438943849633013361e+00,2.744186702412586776e+00,-2.529602047055672376e+00,-3.438943849633013361e+00,-2.744186702412586776e+00
2.032000000000000028e+01,-2.189789772033691406e+00,-2.051445007324218750e+00,-9.912309646606445312e-01,2.529602047055672376e+00,3.438943849633013361e+00,2.744186702412586776e+00,-2.529602047055672376e+00,-3.438943849633013361e+00,-2.744186702412586776e+00
2.040000000000000213e+01,-2.189311027526855469e+00,-2.057404518127441406e+00,-9.919576644897460938e-01,2.529602047055672376e+00,3.438943849633013361e+00,2.744186702412586776e+00,-2.529602047055672376e+00,-3.438943849633013361e+00,-2.744186702412586776e+00
2.048000000000000043e+01,-2.188829421997070312e+00,-2.063128948211669922e+00,-9.926462173461914062e-01,2.529602047055672376e+00,3.438943849633013361e+00,2.744186702412586776e+00,-2.529602047055672376e+00,-3.438943849633013361e+00,-2.744186702412586776e+00
2.055999999999999872e+01,-2.188366889953613281e+00,-2.068620204925537109e+00,-9.932985305786132812e-01,2.529602047055672376e+00,3.438943849633013361e+00,2.744186702412586776e+00,-2.529602047055672376e+00,-3.438943849633013361e+00,-2.744186702412586776e+00
2.064000000000000057e+01,-2.187903404235839844e+00,-2.073890209197998047e+00,-9.939165115356445312e-01,2.529602047055672376e+00,3.438943849633013361e+00,2.744186702412586776e+00,-2.529602047055672376e+00,-3.438943849633013361e+00,-2.744186702412586776e+00
2.071999999999999886e+01,-2.187457084655761719e+00,-2.078940868377685547e+00,-9.945011138916015625e-01,2.529602047055672376e+00,3.438943849633013361e+00,2.744186702412586776e+00,-2.529602047055672376e+00,-3.438943849633013361e+00,-2.744186702412586776e+00
2.080000000000000071e+01,-2.187011718750000000e+00,-2.083784103393554688e+00,-9.950551986694335938e-01,2.529602047055672376e+00,3.438943849633013361e+00,2.744186702412586776e+00,-2.529602047055672376e+00,-3.438943849633013361e+00,-2.744186702412586776e+00
2.087999999999999901e+01,-2.186582565307617188e+00,-2.088421821594238281e+00,-9.955797195434570312e-01,2.529602047055672376e+00,3.438943849633013361e+00,2.744186702412586776e+00,-2.529602047055672376e+00,-3.438943849633013361e+00,-2.744186702412586776e+00
2.096000000000000085e+01,-2.186154365539550781e+00,-2.092864513397216797e+00,-9.960765838623046875e-01,2.529602047055672376e+00,3.438943849633013361e+00,2.744186702412586776e+00,-2.529602047055672376e+00,-3.438943849633013361e+00,-2.744186702412586776e+00
2.103999999999999915e+01,-2.185741424560546875e+00,-2.097115039825439453e+00,-9.965467453002929688e-01,2.529602047055672376e+00,3.438943849633013361e+00,2.744186702412586776e+00,-2.529602047055672376e+00,-3.438943849633013361e+00,-2.744186702412586776e+00
2.112000000000000099e+01,-2.185331344604492188e+00,-2.101182937622070312e+00,-9.969911575317382812e-01,2.529602047055672376e+00,3.438943849633013361e+00,2.744186702412586776e+00,-2.529602047055672376e+00,-3.438943849633013361e+00,-2.744186702412586776e+00
2.119999999999999929e+01,-2.184935569763183594e+00,-2.105071067810058594e+00,-9.974117279052734375e-01,2.529602047055672376e+00,3.438943849633013361e+00,2.744186702412586776e+00,-2.529602047055672376e+00,-3.438943849633013361e+00,-2.744186702412586776e+00
2.128000000000000114e+01,-2.184543609619140625e+00,-2.108788013458251953e+00,-9.978094100952148438e-01,2.529602047055672376e+00,3.438943849633013361e+00,2.744186702412586776e+00,-2.529602047055672376e+00,-3.438943849633013361e+00,-2.744186702412586776e+00
2.135999999999999943e+01,-2.184165000915527344e+00,-2.112337589263916016e+00,-9.981861114501953125e-01,2.529602047055672376e+00,3.438943849633013361e+00,2.744186702412586776e+00,-2.529602047055672376e+00,-3.438943849633013361e+00,-2.744186702412586776e+00
2.144000000000000128e+01,-2.183790206909179688e+00,-2.115727424621582031e+00,-9.985418319702148438e-01,2.529602047055672376e+00,3.438943849633013361e+00,2.744186702412586776e+00,-2.529602047055672376e+00,-3.438943849633013361e+00,-2.744186702412586776e+00
2.151999999999999957e+01,-2.183427810668945312e+00,-2.118961334228515625e+00,-9.988784790039062500e-01,2.529602047055672376e+00,3.438943849633013361e+00,2.744186702412586776e+00,-2.529602047055672376e+00,-3.438943849633013361e+00,-2.744186702412586776e+00
2.160000000000000142e+01,-2.183070182800292969e+00,-2.122046470642089844e+00,-9.991970062255859375e-01,2.529602047055672376e+00,3.438943849633013361e+00,2.744186702412586776e+00,-2.529602047055672376e+00,-3.438943849633013361e+00,-2.744186702412586776e+00
2.167999999999999972e+01,-2.182724952697753906e+00,-2.124986171722412109e+00,-9.994974136352539062e-01,2.529602047055672376e+00,3.438943849633013361e+00,2.744186702412586776e+00,-2.529602047055672376e+00,-3.438943849633013361e+00,-2.744186702412586776e+00
2.176000000000000156e+01,-2.182384490966796875e+00,-2.127787590026855469e+00,-9.997816085815429688e-01,2.529602047055672376e+00,3.438943849633013361e+00,2.744186702412586776e+00,-2.529602047055672376e+00,-3.438943849633013361e+00,-2.744186702412586776e+00
2.183999999999999986e+01,-2.182055473327636719e+00,-2.130454063415527344e+00,-1.000050544738769531e+00,2.529602047055672376e+00,3.438943849633013361e+00,2.744186702412586776e+00,-2.529602047055672376e+00,-3.438943849633013361e+00,-2.744186702412586776e+00
2.192000000000000171e+01,-2.181732177734375000e+00,-2.132991790771484375e+00,-1.000304222106933594e+00,2.529602047055672376e+00,3.438943849633013361e+00,2.744186702412586776e+00,-2.529602047055672376e+00,-3.438943849633013361e+00,-2.744186702412586776e+00
2.200000000000000000e+01,-2.181419372558593750e+00,-2.135404586791992188e+00,-1.000543594360351562e+00,2.529602047055672376e+00,3.438943849633013361e+00,2.744186702412586776e+00,-2.529602047055672376e+00,-3.438943849633013361e+00,-2.744186702412586776e+00
2.208000000000000185e+01,-2.181112289428710938e+00,-2.137698173522949219e+00,-1.000769615173339844e+00,2.529602047055672376e+00,3.438943849633013361e+00,2.744186702412586776e+00,-2.529602047055672376e+00,-3.438943849633013361e+00,-2.744186702412586776e+00
2.216000000000000014e+01,-2.180814743041992188e+00,-2.139875888824462891e+00,-1.000983238220214844e+00,2.529602047055672376e+00,3.438943849633013361e+00,2.744186702412586776e+00,-2.529602047055672376e+00,-3.438943849633013361e+00,-2.744186702412586776e+00
2.224000000000000199e+01,-2.180523872375488281e+00,-2.141943454742431641e+00,-1.001185417175292969e+00,2.529602047055672376e+00,3.438943849633013361e+00,2.744186702412586776e+00,-2.529602047055672376e+00,-3.438943849633013361e+00,-2.744186702412586776e+00
2.232000000000000028e+01,-2.180241584777832031e+00,-2.143903732299804688e+00,-1.001376152038574219e+00,2.529602047055672376e+00,3.438943849633013361e+00,2.744186702412586776e+00,-2.529602047055672376e+00,-3.438943849633013361e+00,-2.744186702412586776e+00
2.240000000000000213e+01,-2.179965972900390625e+00,-2.145761966705322266e+00,-1.001556396484375000e+00,2.529602047055672376e+00,3.438943849633013361e+00,2.744186702412586776e+00,-2.529602047055672376e+00,-3.438943849633013361e+00,-2.744186702412586776e+00
2.248000000000000043e+01,-2.179698944091796875e+00,-2.147521495819091797e+00,-1.001726150512695312e+00,2.529602047055672376e+00,3.438943849633013361e+00,2.744186702412586776e+00,-2.529602047055672376e+00,-3.438943849633013361e+00,-2.744186702412586776e+00
2.255999999999999872e+01,-2.179438591003417969e+00,-2.149187088012695312e+00,-1.001886367797851562e+00,2.529602047055672376e+00,3.438943849633013361e+00,2.744186702412586776e+00,-2.529602047055672376e+00,-3.438943849633013361e+00,-2.744186702412586776e+00
2.264000000000000057e+01,-2.179185867309570312e+00,-2.150761604309082031e+00,-1.002038002014160156e+00,2.529602047055672376e+00,3.438943849633013361e+00,2.744186702412586776e+00,-2.529602047055672376e+00,-3.438943849633013361e+00,-2.744186702412586776e+00
2.271999999999999886e+01,-2.178939819335937500e+00,-2.152249336242675781e+00,-1.002181053161621094e+00,2.529602047055672376e+00,3.438943849633013361e+00,2.744186702412586776e+00,-2.529602047055672376e+00,-3.438943849633013361e+00,-2.744186702412586776e+00
2.280000000000000071e+01,-2.178701400756835938e+00,-2.153653621673583984e+00,-1.002315521240234375e+00,2.529602047055672376e+00,3.438943849633013361e+00,2.744186702412586776e+00,-2.529602047055672376e+00,-3.438943849633013361e+00,-2.744186702412586776e+00
2.287999999999999901e+01,-2.178469657897949219e+00,-2.154978275299072266e+00,-1.002442359924316406e+00,2.529602047055672376e+00,3.438943849633013361e+00,2.744186702412586776e+00,-2.529602047055672376e+00,-3.438943849633013361e+00,-2.744186702412586776e+00
2.296000000000000085e+01,-2.178244590759277344e+00,-2.156226158142089844e+00,-1.002562522888183594e+00,2.529602047055672376e+00,3.438943849633013361e+00,2.744186702412586776e+00,-2.529602047055672376e+00,-3.438943849633013361e+00,-2.744186702412586776e+00
2.303999999999999915e+01,-2.178026199340820312e+00,-2.157400608062744141e+00,-1.002676010131835938e+00,2.529602047055672376e+00,3.438943849633013361e+00,2.744186702412586776e+00,-2.529602047055672376e+00,-3.438943849633013361e+00,-2.744186702412586776e+00
2.312000000000000099e+01,-2.177814483642578125e+00,-2.158504962921142578e+00,-1.002782821655273438e+00,2.529602047055672376e+00,3.438943849633013361e+00,2.744186702412586776e+00,-2.529602047055672376e+00,-3.438943849633013361e+00,-2.744186702412586776e+00
2.319999999999999929e+01,-2.177608489990234375e+00,-2.159542083740234375e+00,-1.002882957458496094e+00,2.529602047055672376e+00,3.438943849633013361e+00,2.744186702412586776e+00,-2.529602047055672376e+00,-3.438943849633013361e+00,-2.744186702412586776e+00
2.328000000000000114e+01,-2.177410125732421875e+00,-2.160514831542968750e+00,-1.002977371215820312e+00,2.529602047055672376e+00,3.438943849633013361e+00,2.744186702412586776e+00,-2.529602047055672376e+00,-3.438943849633013361e+00,-2.744186702412586776e+00
2.335999999999999943e+01,-2.177217483520507812e+00,-2.161426544189453125e+00,-1.003067016601562500e+00,2.529602047055672376e+00,3.438943849633013361e+00,2.744186702412586776e+00,-2.529602047055672376e+00,-3.438943849633013361e+00,-2.744186702412586776e+00
2.344000000000000128e+01,-2.177030563354492188e+00,-2.162279129028320312e+00,-1.003150939941406250e+00,2.529602047055672376e+00,3.438943849633013361e+00,2.744186702412586776e+00,-2.529602047055672376e+00,-3.438943849633013361e+00,-2.744186702412586776e+00
2.351999999999999957e+01,-2.176849365234375000e+00,-2.163076400756835938e+00,-1.003230094909667969e+00,2.529602047055672376e+00,3.438943849633013361e+00,2.744186702412586776e+00,-2.529602047055672376e+00,-3.438943849633013361e+00,-2.744186702412586776e+00
2.360000000000000142e+01,-2.176674842834472656e+00,-2.163820266723632812e+00,-1.003304481506347656e+00,2.529602047055672376e+00,3.438943849633013361e+00,2.744186702412586776e+00,-2.529602047055672376e+00,-3.438943849633013361e+00,-2.744186702412586776e+00
2.367999999999999972e+01,-2.176505088806152344e+00,-2.164512634277343750e+00,-1.003375053405761719e+00,2.529602047055672376e+00,3.438943849633013361e+00,2.744186702412586776e+00,-2.529602047055672376e+00,-3.438943849633013361e+00,-2.744186702412586776e+00
2.376000000000000156e+01,-2.176342010498046875e+00,-2.165156364440917969e+00,-1.003441810607910156e+00,2.529602047055672376e+00,3.438943849633013361e+00,2.744186702412586776e+00,-2.529602047055672376e+00,-3.438943849633013361e+00,-2.744186702412586776e+00
2.383999999999999986e+01,-2.176183700561523438e+00,-2.165754318237304688e+00,-1.003504753112792969e+00,2.529602047055672376e+00,3.438943849633013361e+00,2.744186702412586776e+00,-2.529602047055672376e+00,-3.438943849633013361e+00,-2.744186702412586776e+00
2.392000000000000171e+01,-2.176031112670898438e+00,-2.166308403015136719e+00,-1.003563880920410156e+00,2.529602047055672376e+00,3.438943849633013361e+00,2.744186702412586776e+00,-2.529602047055672376e+00,-3.438943849633013361e+00,-2.744186702412586776e+00
2.400000000000000000e+01,-2.175883293151855469e+00,-2.166820526123046875e+00,-1.003619194030761719e+00,2.529602047055672376e+00,3.438943849633013361e+00,2.744186702412586776e+00,-2.529602047055672376e+00,-3.438943849633013361e+00,-2.744186702412586776e+00
2.408000000000000185e+01,-2.175741195678710938e+00,-2.167292594909667969e+00,-1.003671646118164062e+00,2.529602047055672376e+00,3.438943849633013361e+00,2.744186702412586776e+00,-2.529602047055672376e+00,-3.438943849633013361e+00,-2.744186702412586776e+00
2.416000000000000014e+01,-2.175603866577148438e+00,-2.167726516723632812e+00,-1.003721237182617188e+00,2.529602047055672376e+00,3.438943849633013361e+00,2.744186702412586776e+00,-2.529602047055672376e+00,-3.438943849633013361e+00,-2.744186702412586776e+00
2.424000000000000199e+01,-2.175471305847167969e+00,-2.168125152587890625e+00,-1.003767967224121094e+00,2.529602047055672376e+00,3.438943849633013361e+00,2.744186702412586776e+00,-2.529602047055672376e+00,-3.438943849633013361e+00,-2.744186702412586776e+00
2.432000000000000028e+01,-2.175343513488769531e+00,-2.168489456176757812e+00,-1.003811836242675781e+00,2.529602047055672376e+00,3.438943849633013361e+00,2.744186702412586776e+00,-2.529602047055672376e+00,-3.438943849633013361e+00,-2.744186702412586776e+00
2.440000000000000213e+01,-2.175220489501953125e+00,-2.168821334838867188e+00,-1.003852844238281250e+00,2.529602047055672376e+00,3.438943849633013361e+00,2.744186702412586776e+00,-2.529602047055672376e+00,-3.438943849633013361e+00,-2.744186702412586776e+00
2.448000000000000043e+01,-2.175101280212402344e+00,-2.169122695922851562e+00,-1.003890991210937500e+00,2.529602047055672376e+00,3.438943849633013361e+00,2.744186702412586776e+00,-2.529602047055672376e+00,-3.438943849633013361e+00,-2.744186702412586776e+00
2.456000000000000227e+01,-2.174986839294433594e+00,-2.169394493103027344e+00,-1.003927230834960938e+00,2.529602047055672376e+00,3.438943849633013361e+00,2.744186702412586776e+00,-2.529602047055672376e+00,-3.438943849633013361e+00,-2.744186702412586776e+00
2.464000000000000057e+01,-2.174876213073730469e+00,-2.169639587402343750e+00,-1.003961563110351562e+00,2.529602047055672376e+00,3.438943849633013361e+00,2.744186702412586776e+00,-2.529602047055672376e+00,-3.438943849633013361e+00,-2.744186702412586776e+00
2.471999999999999886e+01,-2.174770355224609375e+00,-2.169857978820800781e+00,-1.003993988037109375e+00,2.529602047055672376e+00,3.438943849633013361e+00,2.744186702412586776e+00,-2.529602047055672376e+00,-3.438943849633013361e+00,-2.744186702412586776e+00
2.480000000000000071e+01,-2.174668312072753906e+00,-2.170052528381347656e+00,-1.004024505615234375e+00,2.529602047055672376e+00,3.438943849633013361e+00,2.744186702412586776e+00,-2.529602047055672376e+00,-3.438943849633013361e+00,-2.744186702412586776e+00
2.487999999999999901e+01,-2.174570083618164062e+00,-2.170223236083984375e+00,-1.004053115844726562e+00,2.529602047055672376e+00,3.438943849633013361e+00,2.744186702412586776e+00,-2.529602047055672376e+00,-3.438943849633013361e+00,-2.744186702412586776e+00
2.496000000000000085e+01,-2.174475669860839844e+00,-2.170372009277343750e+00,-1.004079818725585938e+00,2.529602047055672376e+00,3.438943849633013361e+00,2.744186702412586776e+00,-2.529602047055672376e+00,-3.438943849633013361e+00,-2.744186702412586776e+00
2.503999999999999915e+01,-2.174385070800781250e+00,-2.170500755310058594e+00,-1.004105567932128906e+00,2.529602047055672376e+00,3.438943849633013361e+00,2.744186702412586776e+00,-2.529602047055672376e+00,-3.438943849633013361e+00,-2.744186702412586776e+00
2.512000000000000099e+01,-2.174298286437988281e+00,-2.170609474182128906e+00,-1.004129409790039062e+00,2.529602047055672376e+00,3.438943849633013361e+00,2.744186702412586776e+00,-2.529602047055672376e+00,-3.438943849633013361e+00,-2.744186702412586776e+00
2.519999999999999929e+01,-2.174214363098144531e+00,-2.170700073242187500e+00,-1.004152297973632812e+00,2.529602047055672376e+00,3.438943849633013361e+00,2.744186702412586776e+00,-2.529602047055672376e+00,-3.438943849633013361e+00,-2.744186702412586776e+00
2.528000000000000114e+01,-2.174134254455566406e+00,-2.170773506164550781e+00,-1.004173278808593750e+00,2.529602047055672376e+00,3.438943849633013361e+00,2.744186702412586776e+00,-2.529602047055672376e+00,-3.438943849633013361e+00,-2.744186702412586776e+00
2.535999999999999943e+01,-2.174057006835937500e+00,-2.170831680297851562e+00,-1.004193305969238281e+00,2.529602047055672376e+00,3.438943849633013361e+00,2.744186702412586776e+00,-2.529602047055672376e+00,-3.438943849633013361e+00,-2.744186702412586776e+00
2.544000000000000128e+01,-2.173983573913574219e+00,-2.170874595642089844e+00,-1.004212379455566406e+00,2.529602047055672376e+00,3.438943849633013361e+00,2.744186702412586776e+00,-2.529602047055672376e+00,-3.438943849633013361e+00,-2.744186702412586776e+00
2.551999999999999957e+01,-2.173913002014160156e+00,-2.170903205871582031e+00,-1.004230499267578125e+00,2.529602047055672376e+00,3.438943849633013361e+00,2.744186702412586776e+00,-2.529602047055672376e+00,-3.438943849633013361e+00,-2.744186702412586776e+00
2.560000000000000142e+01,-2.173845291137695312e+00,-2.170918464660644531e+00,-1.004246711730957031e+00,2.529602047055672376e+00,3.438943849633013361e+00,2.744186702412586776e+00,-2.529602047055672376e+00,-3.438943849633013361e+00,-2.744186702412586776e+00
2.567999999999999972e+01,-2.173780441284179688e+00,-2.170921325683593750e+00,-1.004261970520019531e+00,2.529602047055672376e+00,3.438943849633013361e+00,2.744186702412586776e+00,-2.529602047055672376e+00,-3.438943849633013361e+00,-2.744186702412586776e+00
2.576000000000000156e+01,-2.173718452453613281e+00,-2.170912742614746094e+00,-1.004277229309082031e+00,2.529602047055672376e+00,3.438943849633013361e+00,2.744186702412586776e+00,-2.529602047055672376e+00,-3.438943849633013361e+00,-2.744186702412586776e+00
2.583999999999999986e+01,-2.173659324645996094e+00,-2.170893669128417969e+00,-1.004291534423828125e+00,2.529602047055672376e+00,3.438943849633013361e+00,2.744186702412586776e+00,-2.529602047055672376e+00,-3.438943849633013361e+00,-2.744186702412586776e+00
2.592000000000000171e+01,-2.173603057861328125e+00,-2.170865058898925781e+00,-1.004304885864257812e+00,2.529602047055672376e+00,3.438943849633013361e+00,2.744186702412586776e+00,-2.529602047055672376e+00,-3.438943849633013361e+00,-2.744186702412586776e+00
2.600000000000000000e+01,-2.173549652099609375e+00,-2.170826911926269531e+00,-1.004317283630371094e+00,2.529602047055672376e+00,3.438943849633013361e+00,2.744186702412586776e+00,-2.529602047055672376e+00,-3.438943849633013361e+00,-2.744186702412586776e+00
2.608000000000000185e+01,-2.173498153686523438e+00,-2.170780181884765625e+00,-1.004328727722167969e+00,2.529602047055672376e+00,3.438943849633013361e+00,2.744186702412586776e+00,-2.529602047055672376e+00,-3.438943849633013361e+00,-2.744186702412586776e+00
2.616000000000000014e+01,-2.173448562622070312e+00,-2.170725822448730469e+00,-1.004340171813964844e+00,2.529602047055672376e+00,3.438943849633013361e+00,2.744186702412586776e+00,-2.529602047055672376e+00,-3.438943849633013361e+00,-2.744186702412586776e+00
2.624000000000000199e+01,-2.173400878906250000e+00,-2.170664787292480469e+00,-1.004350662231445312e+00,2.529602047055672376e+00,3.438943849633013361e+00,2.744186702412586776e+00,-2.529602047055672376e+00,-3.438943849633013361e+00,-2.744186702412586776e+00
2.632000000000000028e+01,-2.173357009887695312e+00,-2.170597076416015625e+00,-1.004360198974609375e+00,2.529602047055672376e+00,3.438943849633013361e+00,2.744186702412586776e+00,-2.529602047055672376e+00,-3.438943849633013361e+00,-2.744186702412586776e+00
2.640000000000000213e+01,-2.173315048217773438e+00,-2.170523643493652344e+00,-1.004369735717773438e+00,2.529602047055672376e+00,3.438943849633013361e+00,2.744186702412586776e+00,-2.529602047055672376e+00,-3.438943849633013361e+00,-2.744186702412586776e+00
2.648000000000000043e+01,-2.173274993896484375e+00,-2.170444488525390625e+00,-1.004379272460937500e+00,2.529602047055672376e+00,3.438943849633013361e+00,2.744186702412586776e+00,-2.529602047055672376e+00,-3.438943849633013361e+00,-2.744186702412586776e+00
2.656000000000000227e+01,-2.173236846923828125e+00,-2.170360565185546875e+00,-1.004386901855468750e+00,2.529602047055672376e+00,3.438943849633013361e+00,2.744186702412586776e+00,-2.529602047055672376e+00,-3.438943849633013361e+00,-2.744186702412586776e+00
2.664000000000000057e+01,-2.173200607299804688e+00,-2.170271873474121094e+00,-1.004394531250000000e+00,2.529602047055672376e+00,3.438943849633013361e+00,2.744186702412586776e+00,-2.529602047055672376e+00,-3.438943849633013361e+00,-2.744186702412586776e+00
2.671999999999999886e+01,-2.173166275024414062e+00,-2.170179367065429688e+00,-1.004402160644531250e+00,2.529602047055672376e+00,3.438943849633013361e+00,2.744186702412586776e+00,-2.529602047055672376e+00,-3.438943849633013361e+00,-2.744186702412586776e+00
2.680000000000000071e+01,-2.173133850097656250e+00,-2.170083045959472656e+00,-1.004409790039062500e+00,2.529602047055672376e+00,3.438943849633013361e+00,2.744186702412586776e+00,-2.529602047055672376e+00,-3.438943849633013361e+00,-2.744186702412586776e+00
2.687999999999999901e+01,-2.173103332519531250e+00,-2.169983863830566406e+00,-1.004417419433593750e+00,2.529602047055672376e+00,3.438943849633013361e+00,2.744186702412586776e+00,-2.529602047055672376e+00,-3.438943849633013361e+00,-2.744186702412586776e+00
2.696000000000000085e+01,-2.173074722290039062e+00,-2.169881820678710938e+00,-1.004423141479492188e+00,2.529602047055672376e+00,3.438943849633013361e+00,2.744186702412586776e+00,-2.529602047055672376e+00,-3.438943849633013361e+00,-2.744186702412586776e+00
2.703999999999999915e+01,-2.173046112060546875e+00,-2.169776916503906250e+00,-1.004428863525390625e+00,2.529602047055672376e+00,3.438943849633013361e+00,2.744186702412586776e+00,-2.529602047055672376e+00,-3.438943849633013361e+00,-2.744186702412586776e+00
2.712000000000000099e+01,-2.173019409179687500e+00,-2.169670104980468750e+00,-1.004434585571289062e+00,2.529602047055672376e+00,3.438943849633013361e+00,2.744186702412586776e+00,-2.529602047055672376e+00,-3.438943849633013361e+00,-2.744186702412586776e+00
2.719999999999999929e+01,-2.172994613647460938e+00,-2.169561386108398438e+00,-1.004440307617187500e+00,2.529602047055672376e+00,3.438943849633013361e+00,2.744186702412586776e+00,-2.529602047055672376e+00,-3.438943849633013361e+00,-2.744186702412586776e+00
2.728000000000000114e+01,-2.172971725463867188e+00,-2.169450759887695312e+00,-1.004446029663085938e+00,2.529602047055672376e+00,3.438943849633013361e+00,2.744186702412586776e+00,-2.529602047055672376e+00,-3.438943849633013361e+00,-2.744186702412586776e+00
2.735999999999999943e+01,-2.172950744628906250e+00,-2.169339179992675781e+00,-1.004451751708984375e+00,2.529602047055672376e+00,3.438943849633013361e+00,2.744186702412586776e+00,-2.529602047055672376e+00,-3.438943849633013361e+00,-2.744186702412586776e+00
2.744000000000000128e+01,-2.172929763793945312e+00,-2.169226646423339844e+00,-1.004457473754882812e+00,2.529602047055672376e+00,3.438943849633013361e+00,2.744186702412586776e+00,-2.529602047055672376e+00,-3.438943849633013361e+00,-2.744186702412586776e+00
2.751999999999999957e+01,-2.172910690307617188e+00,-2.169113159179687500e+00,-1.004461288452148438e+00,2.529602047055672376e+00,3.438943849633013361e+00,2.744186702412586776e+00,-2.529602047055672376e+00,-3.438943849633013361e+00,-2.744186702412586776e+00
2.760000000000000142e+01,-2.172893524169921875e+00,-2.168999671936035156e+00,-1.004465103149414062e+00,2.529602047055672376e+00,3.438943849633013361e+00,2.744186702412586776e+00,-2.529602047055672376e+00,-3.438943849633013361e+00,-2.744186702412586776e+00
2.767999999999999972e+01,-2.172876358032226562e+00,-2.168886184692382812e+00,-1.004468917846679688e+00,2.529602047055672376e+00,3.438943849633013361e+00,2.744186702412586776e+00,-2.529602047055672376e+00,-3.438943849633013361e+00,-2.744186702412586776e+00
2.776000000000000156e+01,-2.172861099243164062e+00,-2.168772697448730469e+00,-1.004472732543945312e+00,2.529602047055672376e+00,3.438943849633013361e+00,2.744186702412586776e+00,-2.529602047055672376e+00,-3.438943849633013361e+00,-2.744186702412586776e+00
2.783999999999999986e+01,-2.172845840454101562e+00,-2.168659210205078125e+00,-1.004476547241210938e+00,2.529602047055672376e+00,3.438943849633013361e+00,2.744186702412586776e+00,-2.529602047055672376e+00,-3.438943849633013361e+00,-2.744186702412586776e+00
2.792000000000000171e+01,-2.172832489013671875e+00,-2.168545722961425781e+00,-1.004480361938476562e+00,2.529602047055672376e+00,3.438943849633013361e+00,2.744186702412586776e+00,-2.529602047055672376e+00,-3.438943849633013361e+00,-2.744186702412586776e+00
2.800000000000000000e+01,-2.172819137573242188e+00,-2.168433189392089844e+00,-1.004484176635742188e+00,2.529602047055672376e+00,3.438943849633013361e+00,2.744186702412586776e+00,-2.529602047055672376e+00,-3.438943849633013361e+00,-2.744186702412586776e+00
2.808000000000000185e+01,-2.172807693481445312e+00,-2.168320655822753906e+00,-1.004487991333007812e+00,2.529602047055672376e+00,3.438943849633013361e+00,2.744186702412586776e+00,-2.529602047055672376e+00,-3.438943849633013361e+00,-2.744186702412586776e+00
2.816000000000000014e+01,-2.172796249389648438e+00,-2.168209075927734375e+00,-1.004491806030273438e+00,2.529602047055672376e+00,3.438943849633013361e+00,2.744186702412586776e+00,-2.529602047055672376e+00,-3.438943849633013361e+00,-2.744186702412586776e+00
2.824000000000000199e+01,-2.172786712646484375e+00,-2.168098449707031250e+00,-1.004495620727539062e+00,2.529602047055672376e+00,3.438943849633013361e+00,2.744186702412586776e+00,-2.529602047055672376e+00,-3.438943849633013361e+00,-2.744186702412586776e+00
2.832000000000000028e+01,-2.172777175903320312e+00,-2.167988777160644531e+00,-1.004499435424804688e+00,2.529602047055672376e+00,3.438943849633013361e+00,2.744186702412586776e+00,-2.529602047055672376e+00,-3.438943849633013361e+00,-2.744186702412586776e+00
2.840000000000000213e+01,-2.172769546508789062e+00,-2.167880058288574219e+00,-1.004503250122070312e+00,2.529602047055672376e+00,3.438943849633013361e+00,2.744186702412586776e+00,-2.529602047055672376e+00,-3.438943849633013361e+00,-2.744186702412586776e+00
2.848000000000000043e+01,-2.172761917114257812e+00,-2.167772293090820312e+00,-1.004505157470703125e+00,2.529602047055672376e+00,3.438943849633013361e+00,2.744186702412586776e+00,-2.529602047055672376e+00,-3.438943849633013361e+00,-2.744186702412586776e+00
2.856000000000000227e+01,-2.172754287719726562e+00,-2.167666435241699219e+00,-1.004507064819335938e+00,2.529602047055672376e+00,3.438943849633013361e+00,2.744186702412586776e+00,-2.529602047055672376e+00,-3.438943849633013361e+00,-2.744186702412586776e+00
2.864000000000000057e+01,-2.172748565673828125e+00,-2.167561531066894531e+00,-1.004508972167968750e+00,2.529602047055672376e+00,3.438943849633013361e+00,2.744186702412586776e+00,-2.529602047055672376e+00,-3.438943849633013361e+00,-2.744186702412586776e+00
2.871999999999999886e+01,-2.172742843627929688e+00,-2.167458534240722656e+00,-1.004510879516601562e+00,2.529602047055672376e+00,3.438943849633013361e+00,2.744186702412586776e+00,-2.529602047055672376e+00,-3.438943849633013361e+00,-2.744186702412586776e+00
2.880000000000000071e+01,-2.172737121582031250e+00,-2.167356491088867188e+00,-1.004512786865234375e+00,2.529602047055672376e+00,3.438943849633013361e+00,2.744186702412586776e+00,-2.529602047055672376e+00,-3.438943849633013361e+00,-2.744186702412586776e+00
2.887999999999999901e+01,-2.172733306884765625e+00,-2.167256355285644531e+00,-1.004514694213867188e+00,2.529602047055672376e+00,3.438943849633013361e+00,2.744186702412586776e+00,-2.529602047055672376e+00,-3.438943849633013361e+00,-2.744186702412586776e+00
2.896000000000000085e+01,-2.172729492187500000e+00,-2.167158126831054688e+00,-1.004516601562500000e+00,2.529602047055672376e+00,3.438943849633013361e+00,2.744186702412586776e+00,-2.529602047055672376e+00,-3.438943849633013361e+00,-2.744186702412586776e+00
2.903999999999999915e+01,-2.172725677490234375e+00,-2.167061805725097656e+00,-1.004518508911132812e+00,2.529602047055672376e+00,3.438943849633013361e+00,2.744186702412586776e+00,-2.529602047055672376e+00,-3.438943849633013361e+00,-2.744186702412586776e+00
2.912000000000000099e+01,-2.172723770141601562e+00,-2.166966438293457031e+00,-1.004520416259765625e+00,2.529602047055672376e+00,3.438943849633013361e+00,2.744186702412586776e+00,-2.529602047055672376e+00,-3.438943849633013361e+00,-2.744186702412586776e+00
2.919999999999999929e+01,-2.172721862792968750e+00,-2.166872978210449219e+00,-1.004522323608398438e+00,2.529602047055672376e+00,3.438943849633013361e+00,2.744186702412586776e+00,-2.529602047055672376e+00,-3.438943849633013361e+00,-2.744186702412586776e+00
2.928000000000000114e+01,-2.172719955444335938e+00,-2.166781425476074219e+00,-1.004524230957031250e+00,2.529602047055672376e+00,3.438943849633013361e+00,2.744186702412586776e+00,-2.529602047055672376e+00,-3.438943849633013361e+00,-2.744186702412586776e+00
2.935999999999999943e+01,-2.172718048095703125e+00,-2.166691780090332031e+00,-1.004526138305664062e+00,2.529602047055672376e+00,3.438943849633013361e+00,2.744186702412586776e+00,-2.529602047055672376e+00,-3.438943849633013361e+00,-2.744186702412586776e+00
2.944000000000000128e+01,-2.172716140747070312e+00,-2.166604042053222656e+00,-1.004528045654296875e+00,2.529602047055672376e+00,3.438943849633013361e+00,2.744186702412586776e+00,-2.529602047055672376e+00,-3.438943849633013361e+00,-2.744186702412586776e+00
2.951999999999999957e+01,-2.172716140747070312e+00,-2.166518211364746094e+00,-1.004529953002929688e+00,2.529602047055672376e+00,3.438943849633013361e+00,2.744186702412586776e+00,-2.529602047055672376e+00,-3.438943849633013361e+00,-2.744186702412586776e+00
2.960000000000000142e+01,-2.172716140747070312e+00,-2.166434288024902344e+00,-1.004531860351562500e+00,2.529602047055672376e+00,3.438943849633013361e+00,2.744186702412586776e+00,-2.529602047055672376e+00,-3.438943849633013361e+00,-2.744186702412586776e+00
2.967999999999999972e+01,-2.172716140747070312e+00,-2.166352272033691406e+00,-1.004533767700195312e+00,2.529602047055672376e+00,3.438943849633013361e+00,2.744186702412586776e+00,-2.529602047055672376e+00,-3.438943849633013361e+00,-2.744186702412586776e+00
2.976000000000000156e+01,-2.172716140747070312e+00,-2.166272163391113281e+00,-1.004535675048828125e+00,2.529602047055672376e+00,3.438943849633013361e+00,2.744186702412586776e+00,-2.529602047055672376e+00,-3.438943849633013361e+00,-2.744186702412586776e+00
2.983999999999999986e+01,-2.172716140747070312e+00,-2.166193962097167969e+00,-1.004537582397460938e+00,2.529602047055672376e+00,3.438943849633013361e+00,2.744186702412586776e+00,-2.529602047055672376e+00,-3.438943849633013361e+00,-2.744186702412586776e+00
2.992000000000000171e+01,-2.172718048095703125e+00,-2.166117668151855469e+00,-1.004539489746093750e+00,2.529602047055672376e+00,3.438943849633013361e+00,2.744186702412586776e+00,-2.529602047055672376e+00,-3.438943849633013361e+00,-2.744186702412586776e+00
3.000000000000000000e+01,-2.172719955444335938e+00,-2.166043281555175781e+00,-1.004541397094726562e+00,2.529602047055672376e+00,3.438943849633013361e+00,2.744186702412586776e+00,-2.529602047055672376e+00,-3.438943849633013361e+00,-2.744186702412586776e+00
3.008000000000000185e+01,-2.170127868652343750e+00,-2.165970802307128906e+00,-1.004543304443359375e+00,2.529602047055672376e+00,3.438943849633013361e+00,2.744186702412586776e+00,-2.529602047055672376e+00,-3.438943849633013361e+00,-2.744186702412586776e+00
3.016000000000000014e+01,-2.161724090576171875e+00,-2.165900230407714844e+00,-1.004497528076171875e+00,2.529602047055672376e+00,3.438943849633013361e+00,2.744186702412586776e+00,-2.529602047055672376e+00,-3.438943849633013361e+00,-2.744186702412586776e+00
3.024000000000000199e+01,-2.146345138549804688e+00,-2.165831565856933594e+00,-1.004323959350585938e+00,2.529602047055672376e+00,3.438943849633013361e+00,2.744186702412586776e+00,-2.529602047055672376e+00,-3.438943849633013361e+00,-2.744186702412586776e+00
3.032000000000000028e+01,-2.123838424682617188e+00,-2.165764808654785156e+00,-1.003965377807617188e+00,2.529602047055672376e+00,3.438943849633013361e+00,2.744186702412586776e+00,-2.529602047055672376e+00,-3.438943849633013361e+00,-2.744186702412586776e+00
3.040000000000000213e+01,-2.094707489013671875e+00,-2.165700912475585938e+00,-1.003396987915039062e+00,2.529602047055672376e+00,3.438943849633013361e+00,2.744186702412586776e+00,-2.529602047055672376e+00,-3.438943849633013361e+00,-2.744186702412586776e+00
3.048000000000000043e+01,-2.059844970703125000e+00,-2.165641784667968750e+00,-1.002620697021484375e+00,2.529602047055672376e+00,3.438943849633013361e+00,2.744186702412586776e+00,-2.529602047055672376e+00,-3.438943849633013361e+00,-2.744186702412586776e+00
3.056000000000000227e+01,-2.020315170288085938e+00,-2.165588378906250000e+00,-1.001661300659179688e+00,2.529602047055672376e+00,3.438943849633013361e+00,2.744186702412586776e+00,-2.529602047055672376e+00,-3.438943849633013361e+00,-2.744186702412586776e+00
3.064000000000000057e+01,-1.977216720581054688e+00,-2.165542602539062500e+00,-1.000553131103515625e+00,2.529602047055672376e+00,3.438943849633013361e+00,2.744186702412586776e+00,-2.529602047055672376e+00,-3.438943849633013361e+00,-2.744186702412586776e+00
3.071999999999999886e+01,-1.931589126586914062e+00,-2.165506362915039062e+00,-9.993324279785156250e-01,2.529602047055672376e+00,3.438943849633013361e+00,2.744186702412586776e+00,-2.529602047055672376e+00,-3.438943849633013361e+00,-2.744186702412586776e+00
3.080000000000000071e+01,-1.883901596069335938e+00,-2.165480613708496094e+00,-9.980354309082031250e-01,2.529602047055672376e+00,3.438943849633013361e+00,2.744186702412586776e+00,-2.529602047055672376e+00,-3.438943849633013361e+00,-2.744186702412586776e+00
3.087999999999999901e+01,-1.835119247436523438e+00,-2.165466308593750000e+00,-9.966888427734375000e-01,2.529602047055672376e+00,3.438943849633013361e+00,2.744186702412586776e+00,-2.529602047055672376e+00,-3.438943849633013361e+00,-2.744186702412586776e+00
3.096000000000000085e+01,-1.786010742187500000e+00,-2.165463447570800781e+00,-9.953212738037109375e-01,2.529602047055672376e+00,3.438943849633013361e+00,2.744186702412586776e+00,-2.529602047055672376e+00,-3.438943849633013361e+00,-2.744186702412586776e+00
3.103999999999999915e+01,-1.737159729003906250e+00,-2.165473937988281250e+00,-9.939517974853515625e-01,2.529602047055672376e+00,3.438943849633013361e+00,2.744186702412586776e+00,-2.529602047055672376e+00,-3.438943849633013361e+00,-2.744186702412586776e+00
3.112000000000000099e+01,-1.688982009887695312e+00,-2.165496826171875000e+00,-9.926280975341796875e-01,2.529602047055672376e+00,3.438943849633013361e+00,2.744186702412586776e+00,-2.529602047055672376e+00,-3.438943849633013361e+00,-2.744186702412586776e+00
3.119999999999999929e+01,-1.641763687133789062e+00,-2.165533065795898438e+00,-9.913597106933593750e-01,2.529602047055672376e+00,3.438943849633013361e+00,2.744186702412586776e+00,-2.529602047055672376e+00,-3.438943849633013361e+00,-2.744186702412586776e+00
3.128000000000000114e+01,-1.595211029052734375e+00,-2.165582656860351562e+00,-9.901504516601562500e-01,2.529602047055672376e+00,3.438943849633013361e+00,2.744186702412586776e+00,-2.529602047055672376e+00,-3.438943849633013361e+00,-2.744186702412586776e+00
3.135999999999999943e+01,-1.549621582031250000e+00,-2.165644645690917969e+00,-9.889926910400390625e-01,2.529602047055672376e+00,3.438943849633013361e+00,2.744186702412586776e+00,-2.529602047055672376e+00,-3.438943849633013361e+00,-2.744186702412586776e+00
3.144000000000000128e+01,-1.505182266235351562e+00,-2.165719032287597656e+00,-9.878883361816406250e-01,2.529602047055672376e+00,3.438943849633013361e+00,2.744186702412586776e+00,-2.529602047055672376e+00,-3.438943849633013361e+00,-2.744186702412586776e+00
3.151999999999999957e+01,-1.461997985839843750e+00,-2.165804862976074219e+00,-9.868373870849609375e-01,2.529602047055672376e+00,3.438943849633013361e+00,2.744186702412586776e+00,-2.529602047055672376e+00,-3.438943849633013361e+00,-2.744186702412586776e+00
3.160000000000000142e+01,-1.420108795166015625e+00,-2.165902137756347656e+00,-9.858379364013671875e-01,2.529602047055672376e+00,3.438943849633013361e+00,2.744186702412586776e+00,-2.529602047055672376e+00,-3.438943849633013361e+00,-2.744186702412586776e+00
3.167999999999999972e+01,-1.379516601562500000e+00,-2.166009902954101562e+00,-9.848899841308593750e-01,2.529602047055672376e+00,3.438943849633013361e+00,2.744186702412586776e+00,-2.529602047055672376e+00,-3.438943849633013361e+00,-2.744186702412586776e+00
3.176000000000000156e+01,-1.340188980102539062e+00,-2.166128158569335938e+00,-9.839897155761718750e-01,2.529602047055672376e+00,3.438943849633013361e+00,2.744186702412586776e+00,-2.529602047055672376e+00,-3.438943849633013361e+00,-2.744186702412586776e+00
3.183999999999999986e+01,-1.301586151123046875e+00,-2.166255950927734375e+00,-9.831352233886718750e-01,2.529602047055672376e+00,3.438943849633013361e+00,2.744186702412586776e+00,-2.529602047055672376e+00,-3.438943849633013361e+00,-2.744186702412586776e+00
3.192000000000000171e+01,-1.263872146606445312e+00,-2.166392326354980469e+00,-9.823169708251953125e-01,2.529602047055672376e+00,3.438943849633013361e+00,2.744186702412586776e+00,-2.529602047055672376e+00,-3.438943849633013361e+00,-2.744186702412586776e+00
3.200000000000000000e+01,-1.227151870727539062e+00,-2.166537284851074219e+00,-9.815368652343750000e-01,2.529602047055672376e+00,3.438943849633013361e+00,2.744186702412586776e+00,-2.529602047055672376e+00,-3.438943849633013361e+00,-2.744186702412586776e+00
3.207999999999999829e+01,-1.191495895385742188e+00,-2.166689872741699219e+00,-9.807929992675781250e-01,2.529602047055672376e+00,3.438943849633013361e+00,2.744186702412586776e+00,-2.529602047055672376e+00,-3.438943849633013361e+00,-2.744186702412586776e+00
3.216000000000000369e+01,-1.156934738159179688e+00,-2.166850090026855469e+00,-9.800872802734375000e-01,2.529602047055672376e+00,3.438943849633013361e+00,2.744186702412586776e+00,-2.529602047055672376e+00,-3.438943849633013361e+00,-2.744186702412586776e+00
3.224000000000000199e+01,-1.123476028442382812e+00,-2.167016983032226562e+00,-9.794158935546875000e-01,2.529602047055672376e+00,3.438943849633013361e+00,2.744186702412586776e+00,-2.529602047055672376e+00,-3.438943849633013361e+00,-2.744186702412586776e+00
3.232000000000000028e+01,-1.090574264526367188e+00,-2.167189598083496094e+00,-9.787788391113281250e-01,2.529602047055672376e+00,3.438943849633013361e+00,2.744186702412586776e+00,-2.529602047055672376e+00,-3.438943849633013361e+00,-2.744186702412586776e+00
3.239999999999999858e+01,-1.058439254760742188e+00,-2.167368888854980469e+00,-9.781684875488281250e-01,2.529602047055672376e+00,3.438943849633013361e+00,2.744186702412586776e+00,-2.529602047055672376e+00,-3.438943849633013361e+00,-2.744186702412586776e+00
3.248000000000000398e+01,-1.027208328247070312e+00,-2.167552947998046875e+00,-9.775867462158203125e-01,2.529602047055672376e+00,3.438943849633013361e+00,2.744186702412586776e+00,-2.529602047055672376e+00,-3.438943849633013361e+00,-2.744186702412586776e+00
3.256000000000000227e+01,-9.969768524169921875e-01,-2.167741775512695312e+00,-9.770336151123046875e-01,2.529602047055672376e+00,3.438943849633013361e+00,2.744186702412586776e+00,-2.529602047055672376e+00,-3.438943849633013361e+00,-2.744186702412586776e+00
3.264000000000000057e+01,-9.677886962890625000e-01,-2.167935371398925781e+00,-9.765090942382812500e-01,2.529602047055672376e+00,3.438943849633013361e+00,2.744186702412586776e+00,-2.529602047055672376e+00,-3.438943849633013361e+00,-2.744186702412586776e+00
3.271999999999999886e+01,-9.396610260009765625e-01,-2.168133735656738281e+00,-9.760112762451171875e-01,2.529602047055672376e+00,3.438943849633013361e+00,2.744186702412586776e+00,-2.529602047055672376e+00,-3.438943849633013361e+00,-2.744186702412586776e+00
3.279999999999999716e+01,-9.125881195068359375e-01,-2.168335914611816406e+00,-9.755401611328125000e-01,2.529602047055672376e+00,3.438943849633013361e+00,2.744186702412586776e+00,-2.529602047055672376e+00,-3.438943849633013361e+00,-2.744186702412586776e+00
3.288000000000000256e+01,-8.859767913818359375e-01,-2.168540954589843750e+00,-9.750957489013671875e-01,2.529602047055672376e+00,3.438943849633013361e+00,2.744186702412586776e+00,-2.529602047055672376e+00,-3.438943849633013361e+00,-2.744186702412586776e+00
3.296000000000000085e+01,-8.600406646728515625e-01,-2.168748855590820312e+00,-9.746704101562500000e-01,2.529602047055672376e+00,3.438943849633013361e+00,2.744186702412586776e+00,-2.529602047055672376e+00,-3.438943849633013361e+00,-2.744186702412586776e+00
3.303999999999999915e+01,-8.349285125732421875e-01,-2.168958663940429688e+00,-9.742660522460937500e-01,2.529602047055672376e+00,3.438943849633013361e+00,2.744186702412586776e+00,-2.529602047055672376e+00,-3.438943849633013361e+00,-2.744186702412586776e+00
3.311999999999999744e+01,-8.107357025146484375e-01,-2.169171333312988281e+00,-9.738807678222656250e-01,2.529602047055672376e+00,3.438943849633013361e+00,2.744186702412586776e+00,-2.529602047055672376e+00,-3.438943849633013361e+00,-2.744186702412586776e+00
3.320000000000000284e+01,-7.875137329101562500e-01,-2.169385910034179688e+00,-9.735183715820312500e-01,2.529602047055672376e+00,3.438943849633013361e+00,2.744186702412586776e+00,-2.529602047055672376e+00,-3.438943849633013361e+00,-2.744186702412586776e+00
3.328000000000000114e+01,-7.652778625488281250e-01,-2.169601440429687500e+00,-9.731750488281250000e-01,2.529602047055672376e+00,3.438943849633013361e+00,2.744186702412586776e+00,-2.529602047055672376e+00,-3.438943849633013361e+00,-2.744186702412586776e+00
3.335999999999999943e+01,-7.434101104736328125e-01,-2.169817924499511719e+00,-9.728527069091796875e-01,2.529602047055672376e+00,3.438943849633013361e+00,2.744186702412586776e+00,-2.529602047055672376e+00,-3.438943849633013361e+00,-2.744186702412586776e+00
3.343999999999999773e+01,-7.221508026123046875e-01,-2.170035362243652344e+00,-9.725437164306640625e-01,2.529602047055672376e+00,3.438943849633013361e+00,2.744186702412586776e+00,-2.529602047055672376e+00,-3.438943849633013361e+00,-2.744186702412586776e+00
3.352000000000000313e+01,-7.016582489013671875e-01,-2.170253753662109375e+00,-9.722499847412109375e-01,2.529602047055672376e+00,3.438943849633013361e+00,2.744186702412586776e+00,-2.529602047055672376e+00,-3.438943849633013361e+00,-2.744186702412586776e+00
3.360000000000000142e+01,-6.820373535156250000e-01,-2.170472145080566406e+00,-9.719734191894531250e-01,2.529602047055672376e+00,3.438943849633013361e+00,2.744186702412586776e+00,-2.529602047055672376e+00,-3.438943849633013361e+00,-2.744186702412586776e+00
3.367999999999999972e+01,-6.633415222167968750e-01,-2.170690536499023438e+00,-9.717140197753906250e-01,2.529602047055672376e+00,3.438943849633013361e+00,2.744186702412586776e+00,-2.529602047055672376e+00,-3.438943849633013361e+00,-2.744186702412586776e+00
3.375999999999999801e+01,-6.455841064453125000e-01,-2.170907974243164062e+00,-9.714717864990234375e-01,2.529602047055672376e+00,3.438943849633013361e+00,2.744186702412586776e+00,-2.529602047055672376e+00,-3.438943849633013361e+00,-2.744186702412586776e+00
3.384000000000000341e+01,-6.281013488769531250e-01,-2.171125411987304688e+00,-9.712448120117187500e-01,2.529602047055672376e+00,3.438943849633013361e+00,2.744186702412586776e+00,-2.529602047055672376e+00,-3.438943849633013361e+00,-2.744186702412586776e+00
3.392000000000000171e+01,-6.111431121826171875e-01,-2.171341896057128906e+00,-9.710273742675781250e-01,2.529602047055672376e+00,3.438943849633013361e+00,2.744186702412586776e+00,-2.529602047055672376e+00,-3.438943849633013361e+00,-2.744186702412586776e+00
3.400000000000000000e+01,-5.948810577392578125e-01,-2.171557426452636719e+00,-9.708213806152343750e-01,2.529602047055672376e+00,3.438943849633013361e+00,2.744186702412586776e+00,-2.529602047055672376e+00,-3.438943849633013361e+00,-2.744186702412586776e+00
3.407999999999999829e+01,-5.794239044189453125e-01,-2.171771049499511719e+00,-9.706287384033203125e-01,2.529602047055672376e+00,3.438943849633013361e+00,2.744186702412586776e+00,-2.529602047055672376e+00,-3.438943849633013361e+00,-2.744186702412586776e+00
3.416000000000000369e+01,-5.648231506347656250e-01,-2.171983718872070312e+00,-9.704475402832031250e-01,2.529602047055672376e+00,3.438943849633013361e+00,2.744186702412586776e+00,-2.529602047055672376e+00,-3.438943849633013361e+00,-2.744186702412586776e+00
3.424000000000000199e+01,-5.510959625244140625e-01,-2.172194480895996094e+00,-9.702816009521484375e-01,2.529602047055672376e+00,3.438943849633013361e+00,2.744186702412586776e+00,-2.529602047055672376e+00,-3.438943849633013361e+00,-2.744186702412586776e+00
3.432000000000000028e+01,-5.382270812988281250e-01,-2.172403335571289062e+00,-9.701271057128906250e-01,2.529602047055672376e+00,3.438943849633013361e+00,2.744186702412586776e+00,-2.529602047055672376e+00,-3.438943849633013361e+00,-2.744186702412586776e+00
3.439999999999999858e+01,-5.254783630371093750e-01,-2.172609329223632812e+00,-9.699859619140625000e-01,2.529602047055672376e+00,3.438943849633013361e+00,2.744186702412586776e+00,-2.529602047055672376e+00,-3.438943849633013361e+00,-2.744186702412586776e+00
3.448000000000000398e+01,-5.131130218505859375e-01,-2.172813415527343750e+00,-9.698486328125000000e-01,2.529602047055672376e+00,3.438943849633013361e+00,2.744186702412586776e+00,-2.529602047055672376e+00,-3.438943849633013361e+00,-2.744186702412586776e+00
3.456000000000000227e+01,-5.013122558593750000e-01,-2.173014640808105469e+00,-9.697189331054687500e-01,2.529602047055672376e+00,3.438943849633013361e+00,2.744186702412586776e+00,-2.529602047055672376e+00,-3.438943849633013361e+00,-2.744186702412586776e+00
3.464000000000000057e+01,-4.901943206787109375e-01,-2.173213005065917969e+00,-9.695987701416015625e-01,2.529602047055672376e+00,3.438943849633013361e+00,2.744186702412586776e+00,-2.529602047055672376e+00,-3.438943849633013361e+00,-2.744186702412586776e+00
3.471999999999999886e+01,-4.798221588134765625e-01,-2.173408508300781250e+00,-9.694881439208984375e-01,2.529602047055672376e+00,3.438943849633013361e+00,2.744186702412586776e+00,-2.529602047055672376e+00,-3.438943849633013361e+00,-2.744186702412586776e+00
3.480000000000000426e+01,-4.702186584472656250e-01,-2.173601150512695312e+00,-9.693870544433593750e-01,2.529602047055672376e+00,3.438943849633013361e+00,2.744186702412586776e+00,-2.529602047055672376e+00,-3.438943849633013361e+00,-2.744186702412586776e+00
3.488000000000000256e+01,-4.606132507324218750e-01,-2.173791885375976562e+00,-9.692955017089843750e-01,2.529602047055672376e+00,3.438943849633013361e+00,2.744186702412586776e+00,-2.529602047055672376e+00,-3.438943849633013361e+00,-2.744186702412586776e+00
3.496000000000000085e+01,-4.513092041015625000e-01,-2.173978805541992188e+00,-9.692058563232421875e-01,2.529602047055672376e+00,3.438943849633013361e+00,2.744186702412586776e+00,-2.529602047055672376e+00,-3.438943849633013361e+00,-2.744186702412586776e+00
3.503999999999999915e+01,-4.425086975097656250e-01,-2.174161911010742188e+00,-9.691219329833984375e-01,2.529602047055672376e+00,3.438943849633013361e+00,2.744186702412586776e+00,-2.529602047055672376e+00,-3.438943849633013361e+00,-2.744186702412586776e+00
3.511999999999999744e+01,-4.343471527099609375e-01,-2.174343109130859375e+00,-9.690437316894531250e-01,2.529602047055672376e+00,3.438943849633013361e+00,2.744186702412586776e+00,-2.529602047055672376e+00,-3.438943849633013361e+00,-2.744186702412586776e+00
3.520000000000000284e+01,-4.268913269042968750e-01,-2.174520492553710938e+00,-9.689731597900390625e-01,2.529602047055672376e+00,3.438943849633013361e+00,2.744186702412586776e+00,-2.529602047055672376e+00,-3.438943849633013361e+00,-2.744186702412586776e+00
3.528000000000000114e+01,-4.201679229736328125e-01,-2.174694061279296875e+00,-9.689121246337890625e-01,2.529602047055672376e+00,3.438943849633013361e+00,2.744186702412586776e+00,-2.529602047055672376e+00,-3.438943849633013361e+00,-2.744186702412586776e+00
3.535999999999999943e+01,-4.133510589599609375e-01,-2.174865722656250000e+00,-9.688587188720703125e-01,2.529602047055672376e+00,3.438943849633013361e+00,2.744186702412586776e+00,-2.529602047055672376e+00,-3.438943849633013361e+00,-2.744186702412586776e+00
3.543999999999999773e+01,-4.067611694335937500e-01,-2.175033569335937500e+00,-9.688053131103515625e-01,2.529602047055672376e+00,3.438943849633013361e+00,2.744186702412586776e+00,-2.529602047055672376e+00,-3.438943849633013361e+00,-2.744186702412586776e+00
3.552000000000000313e+01,-4.006118774414062500e-01,-2.175197601318359375e+00,-9.687557220458984375e-01,2.529602047055672376e+00,3.438943849633013361e+00,2.744186702412586776e+00,-2.529602047055672376e+00,-3.438943849633013361e+00,-2.744186702412586776e+00
3.560000000000000142e+01,-3.950538635253906250e-01,-2.175357818603515625e+00,-9.687099456787109375e-01,2.529602047055672376e+00,3.438943849633013361e+00,2.744186702412586776e+00,-2.529602047055672376e+00,-3.438943849633013361e+00,-2.744186702412586776e+00
3.567999999999999972e+01,-3.901557922363281250e-01,-2.175514221191406250e+00,-9.686698913574218750e-01,2.529602047055672376e+00,3.438943849633013361e+00,2.744186702412586776e+00,-2.529602047055672376e+00,-3.438943849633013361e+00,-2.744186702412586776e+00
3.575999999999999801e+01,-3.859443664550781250e-01,-2.175668716430664062e+00,-9.686374664306640625e-01,2.529602047055672376e+00,3.438943849633013361e+00,2.744186702412586776e+00,-2.529602047055672376e+00,-3.438943849633013361e+00,-2.744186702412586776e+00
3.584000000000000341e+01,-3.824119567871093750e-01,-2.175819396972656250e+00,-9.686126708984375000e-01,2.529602047055672376e+00,3.438943849633013361e+00,2.744186702412586776e+00,-2.529602047055672376e+00,-3.438943849633013361e+00,-2.744186702412586776e+00
3.592000000000000171e+01,-3.786334991455078125e-01,-2.175966262817382812e+00,-9.685955047607421875e-01,2.529602047055672376e+00,3.438943849633013361e+00,2.744186702412586776e+00,-2.529602047055672376e+00,-3.438943849633013361e+00,-2.744186702412586776e+00
3.600000000000000000e+01,-3.749504089355468750e-01,-2.176109313964843750e+00,-9.685764312744140625e-01,2.529602047055672376e+00,3.438943849633013361e+00,2.744186702412586776e+00,-2.529602047055672376e+00,-3.438943849633013361e+00,-2.744186702412586776e+00
3.607999999999999829e+01,-3.715934753417968750e-01,-2.176248550415039062e+00,-9.685573577880859375e-01,2.529602047055672376e+00,3.438943849633013361e+00,2.744186702412586776e+00,-2.529602047055672376e+00,-3.438943849633013361e+00,-2.744186702412586776e+00
3.616000000000000369e+01,-3.687248229980468750e-01,-2.176383972167968750e+00,-9.685382843017578125e-01,2.529602047055672376e+00,3.438943849633013361e+00,2.744186702412586776e+00,-2.529602047055672376e+00,-3.438943849633013361e+00,-2.744186702412586776e+00
3.624000000000000199e+01,-3.664283752441406250e-01,-2.176515579223632812e+00,-9.685249328613281250e-01,2.529602047055672376e+00,3.438943849633013361e+00,2.744186702412586776e+00,-2.529602047055672376e+00,-3.438943849633013361e+00,-2.744186702412586776e+00
3.632000000000000028e+01,-3.647365570068359375e-01,-2.176643371582031250e+00,-9.685173034667968750e-01,2.529602047055672376e+00,3.438943849633013361e+00,2.744186702412586776e+00,-2.529602047055672376e+00,-3.438943849633013361e+00,-2.744186702412586776e+00
3.639999999999999858e+01,-3.626937866210937500e-01,-2.176769256591796875e+00,-9.685153961181640625e-01,2.529602047055672376e+00,3.438943849633013361e+00,2.744186702412586776e+00,-2.529602047055672376e+00,-3.438943849633013361e+00,-2.744186702412586776e+00
3.648000000000000398e+01,-3.606853485107421875e-01,-2.176891326904296875e+00,-9.685115814208984375e-01,2.529602047055672376e+00,3.438943849633013361e+00,2.744186702412586776e+00,-2.529602047055672376e+00,-3.438943849633013361e+00,-2.744186702412586776e+00
3.656000000000000227e+01,-3.589744567871093750e-01,-2.177009582519531250e+00,-9.685058593750000000e-01,2.529602047055672376e+00,3.438943849633013361e+00,2.744186702412586776e+00,-2.529602047055672376e+00,-3.438943849633013361e+00,-2.744186702412586776e+00
3.664000000000000057e+01,-3.577384948730468750e-01,-2.177124023437500000e+00,-9.685001373291015625e-01,2.529602047055672376e+00,3.438943849633013361e+00,2.744186702412586776e+00,-2.529602047055672376e+00,-3.438943849633013361e+00,-2.744186702412586776e+00
3.671999999999999886e+01,-3.570690155029296875e-01,-2.177236557006835938e+00,-9.684982299804687500e-01,2.529602047055672376e+00,3.438943849633013361e+00,2.744186702412586776e+00,-2.529602047055672376e+00,-3.438943849633013361e+00,-2.744186702412586776e+00
3.680000000000000426e+01,-3.570079803466796875e-01,-2.177345275878906250e+00,-9.685020446777343750e-01,2.529602047055672376e+00,3.438943849633013361e+00,2.744186702412586776e+00,-2.529602047055672376e+00,-3.438943849633013361e+00,-2.744186702412586776e+00
3.688000000000000256e+01,-3.575477600097656250e-01,-2.177450180053710938e+00,-9.685115814208984375e-01,2.529602047055672376e+00,3.438943849633013361e+00,2.744186702412586776e+00,-2.529602047055672376e+00,-3.438943849633013361e+00,-2.744186702412586776e+00
3.696000000000000085e+01,-3.576202392578125000e-01,-2.177553176879882812e+00,-9.685287475585937500e-01,2.529602047055672376e+00,3.438943849633013361e+00,2.744186702412586776e+00,-2.529602047055672376e+00,-3.438943849633013361e+00,-2.744186702412586776e+00
3.703999999999999915e+01,-3.576278686523437500e-01,-2.177652359008789062e+00,-9.685420989990234375e-01,2.529602047055672376e+00,3.438943849633013361e+00,2.744186702412586776e+00,-2.529602047055672376e+00,-3.438943849633013361e+00,-2.744186702412586776e+00
3.711999999999999744e+01,-3.578472137451171875e-01,-2.177747726440429688e+00,-9.685535430908203125e-01,2.529602047055672376e+00,3.438943849633013361e+00,2.744186702412586776e+00,-2.529602047055672376e+00,-3.438943849633013361e+00,-2.744186702412586776e+00
3.720000000000000284e+01,-3.584690093994140625e-01,-2.177839279174804688e+00,-9.685630798339843750e-01,2.529602047055672376e+00,3.438943849633013361e+00,2.744186702412586776e+00,-2.529602047055672376e+00,-3.438943849633013361e+00,-2.744186702412586776e+00
3.728000000000000114e+01,-3.596115112304687500e-01,-2.177928924560546875e+00,-9.685745239257812500e-01,2.529602047055672376e+00,3.438943849633013361e+00,2.744186702412586776e+00,-2.529602047055672376e+00,-3.438943849633013361e+00,-2.744186702412586776e+00
3.735999999999999943e+01,-3.613300323486328125e-01,-2.178014755249023438e+00,-9.685897827148437500e-01,2.529602047055672376e+00,3.438943849633013361e+00,2.744186702412586776e+00,-2.529602047055672376e+00,-3.438943849633013361e+00,-2.744186702412586776e+00
3.743999999999999773e+01,-3.636283874511718750e-01,-2.178098678588867188e+00,-9.686107635498046875e-01,2.529602047055672376e+00,3.438943849633013361e+00,2.744186702412586776e+00,-2.529602047055672376e+00,-3.438943849633013361e+00,-2.744186702412586776e+00
3.752000000000000313e+01,-3.653469085693359375e-01,-2.178178787231445312e+00,-9.686374664306640625e-01,2.529602047055672376e+00,3.438943849633013361e+00,2.744186702412586776e+00,-2.529602047055672376e+00,-3.438943849633013361e+00,-2.744186702412586776e+00
3.760000000000000142e+01,-3.669261932373046875e-01,-2.178256988525390625e+00,-9.686622619628906250e-01,2.529602047055672376e+00,3.438943849633013361e+00,2.744186702412586776e+00,-2.529602047055672376e+00,-3.438943849633013361e+00,-2.744186702412586776e+00
3.767999999999999972e+01,-3.686981201171875000e-01,-2.178331375122070312e+00,-9.686832427978515625e-01,2.529602047055672376e+00,3.438943849633013361e+00,2.744186702412586776e+00,-2.529602047055672376e+00,-3.438943849633013361e+00,-2.744186702412586776e+00
3.775999999999999801e+01,-3.709201812744140625e-01,-2.178403854370117188e+00,-9.687023162841796875e-01,2.529602047055672376e+00,3.438943849633013361e+00,2.744186702412586776e+00,-2.529602047055672376e+00,-3.438943849633013361e+00,-2.744186702412586776e+00
3.784000000000000341e+01,-3.737468719482421875e-01,-2.178472518920898438e+00,-9.687213897705078125e-01,2.529602047055672376e+00,3.438943849633013361e+00,2.744186702412586776e+00,-2.529602047055672376e+00,-3.438943849633013361e+00,-2.744186702412586776e+00
3.792000000000000171e+01,-3.772659301757812500e-01,-2.178539276123046875e+00,-9.687480926513671875e-01,2.529602047055672376e+00,3.438943849633013361e+00,2.744186702412586776e+00,-2.529602047055672376e+00,-3.438943849633013361e+00,-2.744186702412586776e+00
3.800000000000000000e+01,-3.815097808837890625e-01,-2.178604125976562500e+00,-9.687824249267578125e-01,2.529602047055672376e+00,3.438943849633013361e+00,2.744186702412586776e+00,-2.529602047055672376e+00,-3.438943849633013361e+00,-2.744186702412586776e+00
3.807999999999999829e+01,-3.851833343505859375e-01,-2.178665161132812500e+00,-9.688243865966796875e-01,2.529602047055672376e+00,3.438943849633013361e+00,2.744186702412586776e+00,-2.529602047055672376e+00,-3.438943849633013361e+00,-2.744186702412586776e+00
3.816000000000000369e+01,-3.887825012207031250e-01,-2.178724288940429688e+00,-9.688625335693359375e-01,2.529602047055672376e+00,3.438943849633013361e+00,2.744186702412586776e+00,-2.529602047055672376e+00,-3.438943849633013361e+00,-2.744186702412586776e+00
3.824000000000000199e+01,-3.926258087158203125e-01,-2.178779602050781250e+00,-9.688987731933593750e-01,2.529602047055672376e+00,3.438943849633013361e+00,2.744186702412586776e+00,-2.529602047055672376e+00,-3.438943849633013361e+00,-2.744186702412586776e+00
3.832000000000000028e+01,-3.968715667724609375e-01,-2.178831100463867188e+00,-9.689331054687500000e-01,2.529602047055672376e+00,3.438943849633013361e+00,2.744186702412586776e+00,-2.529602047055672376e+00,-3.438943849633013361e+00,-2.744186702412586776e+00
3.839999999999999858e+01,-4.015026092529296875e-01,-2.178880691528320312e+00,-9.689674377441406250e-01,2.529602047055672376e+00,3.438943849633013361e+00,2.744186702412586776e+00,-2.529602047055672376e+00,-3.438943849633013361e+00,-2.744186702412586776e+00
3.848000000000000398e+01,-4.063110351562500000e-01,-2.178928375244140625e+00,-9.690055847167968750e-01,2.529602047055672376e+00,3.438943849633013361e+00,2.744186702412586776e+00,-2.529602047055672376e+00,-3.438943849633013361e+00,-2.744186702412586776e+00
3.856000000000000227e+01,-4.108810424804687500e-01,-2.178974151611328125e+00,-9.690456390380859375e-01,2.529602047055672376e+00,3.438943849633013361e+00,2.744186702412586776e+00,-2.529602047055672376e+00,-3.438943849633013361e+00,-2.744186702412586776e+00
3.864000000000000057e+01,-4.136600494384765625e-01,-2.179016113281250000e+00,-9.690837860107421875e-01,2.529602047055672376e+00,3.438943849633013361e+00,2.744186702412586776e+00,-2.529602047055672376e+00,-3.438943849633013361e+00,-2.744186702412586776e+00
3.871999999999999886e+01,-4.144554138183593750e-01,-2.179056167602539062e+00,-9.691104888916015625e-01,2.529602047055672376e+00,3.438943849633013361e+00,2.744186702412586776e+00,-2.529602047055672376e+00,-3.438943849633013361e+00,-2.744186702412586776e+00
3.880000000000000426e+01,-4.127941131591796875e-01,-2.179094314575195312e+00,-9.691200256347656250e-01,2.529602047055672376e+00,3.438943849633013361e+00,2.744186702412586776e+00,-2.529602047055672376e+00,-3.438943849633013361e+00,-2.744186702412586776e+00
3.888000000000000256e+01,-4.079971313476562500e-01,-2.179130554199218750e+00,-9.691085815429687500e-01,2.529602047055672376e+00,3.438943849633013361e+00,2.744186702412586776e+00,-2.529602047055672376e+00,-3.438943849633013361e+00,-2.744186702412586776e+00
3.896000000000000085e+01,-3.992881774902343750e-01,-2.179166793823242188e+00,-9.690742492675781250e-01,2.529602047055672376e+00,3.438943849633013361e+00,2.744186702412586776e+00,-2.529602047055672376e+00,-3.438943849633013361e+00,-2.744186702412586776e+00
3.903999999999999915e+01,-3.859519958496093750e-01,-2.179204940795898438e+00,-9.690151214599609375e-01,2.529602047055672376e+00,3.438943849633013361e+00,2.744186702412586776e+00,-2.529602047055672376e+00,-3.438943849633013361e+00,-2.744186702412586776e+00
3.911999999999999744e+01,-3.675422668457031250e-01,-2.179246902465820312e+00,-9.689350128173828125e-01,2.529602047055672376e+00,3.438943849633013361e+00,2.744186702412586776e+00,-2.529602047055672376e+00,-3.438943849633013361e+00,-2.744186702412586776e+00
3.920000000000000284e+01,-3.440475463867187500e-01,-2.179292678833007812e+00,-9.688453674316406250e-01,2.529602047055672376e+00,3.438943849633013361e+00,2.744186702412586776e+00,-2.529602047055672376e+00,-3.438943849633013361e+00,-2.744186702412586776e+00
3.928000000000000114e+01,-3.165225982666015625e-01,-2.179347991943359375e+00,-9.687652587890625000e-01,2.529602047055672376e+00,3.438943849633013361e+00,2.744186702412586776e+00,-2.529602047055672376e+00,-3.438943849633013361e+00,-2.744186702412586776e+00
3.935999999999999943e+01,-2.867164611816406250e-01,-2.179412841796875000e+00,-9.687328338623046875e-01,2.529602047055672376e+00,3.438943849633013361e+00,2.744186702412586776e+00,-2.529602047055672376e+00,-3.438943849633013361e+00,-2.744186702412586776e+00
3.943999999999999773e+01,-2.565174102783203125e-01,-2.179491043090820312e+00,-9.687480926513671875e-01,2.529602047055672376e+00,3.438943849633013361e+00,2.744186702412586776e+00,-2.529602047055672376e+00,-3.438943849633013361e+00,-2.744186702412586776e+00
3.952000000000000313e+01,-2.276210784912109375e-01,-2.179584503173828125e+00,-9.687919616699218750e-01,2.529602047055672376e+00,3.438943849633013361e+00,2.744186702412586776e+00,-2.529602047055672376e+00,-3.438943849633013361e+00,-2.744186702412586776e+00
3.960000000000000142e+01,-2.002239227294921875e-01,-2.179695129394531250e+00,-9.688396453857421875e-01,2.529602047055672376e+00,3.438943849633013361e+00,2.744186702412586776e+00,-2.529602047055672376e+00,-3.438943849633013361e+00,-2.744186702412586776e+00
3.967999999999999972e+01,-1.743450164794921875e-01,-2.179821014404296875e+00,-9.688854217529296875e-01,2.529602047055672376e+00,3.438943849633013361e+00,2.744186702412586776e+00,-2.529602047055672376e+00,-3.438943849633013361e+00,-2.744186702412586776e+00
3.975999999999999801e+01,-1.499824523925781250e-01,-2.179960250854492188e+00,-9.689273834228515625e-01,2.529602047055672376e+00,3.438943849633013361e+00,2.744186702412586776e+00,-2.529602047055672376e+00,-3.438943849633013361e+00,-2.744186702412586776e+00
3.984000000000000341e+01,-1.271362304687500000e-01,-2.180110931396484375e+00,-9.689655303955078125e-01,2.529602047055672376e+00,3.438943849633013361e+00,2.744186702412586776e+00,-2.529602047055672376e+00,-3.438943849633013361e+00,-2.744186702412586776e+00
3.992000000000000171e+01,-1.057949066162109375e-01,-2.180271148681640625e+00,-9.689998626708984375e-01,2.529602047055672376e+00,3.438943849633013361e+00,2.744186702412586776e+00,-2.529602047055672376e+00,-3.438943849633013361e+00,-2.744186702412586776e+00
4.000000000000000000e+01,-8.594894409179687500e-02,-2.180437088012695312e+00,-9.690303802490234375e-01,2.529602047055672376e+00,3.438943849633013361e+00,2.744186702412586776e+00,-2.529602047055672376e+00,-3.438943849633013361e+00,-2.744186702412586776e+00
4.007999999999999829e+01,-6.758880615234375000e-02,-2.180608749389648438e+00,-9.690551757812500000e-01,2.529602047055672376e+00,3.438943849633013361e+00,2.744186702412586776e+00,-2.529602047055672376e+00,-3.438943849633013361e+00,-2.744186702412586776e+00
4.016000000000000369e+01,-5.069923400878906250e-02,-2.180784225463867188e+00,-9.690761566162109375e-01,2.529602047055672376e+00,3.438943849633013361e+00,2.744186702412586776e+00,-2.529602047055672376e+00,-3.438943849633013361e+00,-2.744186702412586776e+00
4.024000000000000199e+01,-3.526496887207031250e-02,-2.180963516235351562e+00,-9.690933227539062500e-01,2.529602047055672376e+00,3.438943849633013361e+00,2.744186702412586776e+00,-2.529602047055672376e+00,-3.438943849633013361e+00,-2.744186702412586776e+00
4.032000000000000028e+01,-2.127265930175781250e-02,-2.181142807006835938e+00,-9.691066741943359375e-01,2.529602047055672376e+00,3.438943849633013361e+00,2.744186702412586776e+00,-2.529602047055672376e+00,-3.438943849633013361e+00,-2.744186702412586776e+00
4.039999999999999858e+01,-8.707046508789062500e-03,-2.181322097778320312e+00,-9.691181182861328125e-01,2.529602047055672376e+00,3.438943849633013361e+00,2.744186702412586776e+00,-2.529602047055672376e+00,-3.438943849633013361e+00,-2.744186702412586776e+00
4.048000000000000398e+01,2.452850341796875000e-03,-2.181499481201171875e+00,-9.691257476806640625e-01,2.529602047055672376e+00,3.438943849633013361e+00,2.744186702412586776e+00,-2.529602047055672376e+00,-3.438943849633013361e+00,-2.744186702412586776e+00
4.056000000000000227e+01,1.222419738769531250e-02,-2.181673049926757812e+00,-9.691314697265625000e-01,2.529602047055672376e+00,3.438943849633013361e+00,2.744186702412586776e+00,-2.529602047055672376e+00,-3.438943849633013361e+00,-2.744186702412586776e+00
4.064000000000000057e+01,2.062416076660156250e-02,-2.181842803955078125e+00,-9.691352844238281250e-01,2.529602047055672376e+00,3.438943849633013361e+00,2.744186702412586776e+00,-2.529602047055672376e+00,-3.438943849633013361e+00,-2.744186702412586776e+00
4.071999999999999886e+01,2.767372131347656250e-02,-2.182008743286132812e+00,-9.691390991210937500e-01,2.529602047055672376e+00,3.438943849633013361e+00,2.744186702412586776e+00,-2.529602047055672376e+00,-3.438943849633013361e+00,-2.744186702412586776e+00
4.080000000000000426e+01,3.339385986328125000e-02,-2.182168960571289062e+00,-9.691429138183593750e-01,2.529602047055672376e+00,3.438943849633013361e+00,2.744186702412586776e+00,-2.529602047055672376e+00,-3.438943849633013361e+00,-2.744186702412586776e+00
4.088000000000000256e+01,3.780174255371093750e-02,-2.182321548461914062e+00,-9.691467285156250000e-01,2.529602047055672376e+00,3.438943849633013361e+00,2.744186702412586776e+00,-2.529602047055672376e+00,-3.438943849633013361e+00,-2.744186702412586776e+00
4.096000000000000085e+01,4.092025756835937500e-02,-2.182468414306640625e+00,-9.691524505615234375e-01,2.529602047055672376e+00,3.438943849633013361e+00,2.744186702412586776e+00,-2.529602047055672376e+00,-3.438943849633013361e+00,-2.744186702412586776e+00
4.103999999999999915e+01,4.277038574218750000e-02,-2.182607650756835938e+00,-9.691619873046875000e-01,2.529602047055672376e+00,3.438943849633013361e+00,2.744186702412586776e+00,-2.529602047055672376e+00,-3.438943849633013361e+00,-2.744186702412586776e+00
4.111999999999999744e+01,4.337501525878906250e-02,-2.182737350463867188e+00,-9.691734313964843750e-01,2.529602047055672376e+00,3.438943849633013361e+00,2.744186702412586776e+00,-2.529602047055672376e+00,-3.438943849633013361e+00,-2.744186702412586776e+00
4.120000000000000284e+01,4.275131225585937500e-02,-2.182859420776367188e+00,-9.691886901855468750e-01,2.529602047055672376e+00,3.438943849633013361e+00,2.744186702412586776e+00,-2.529602047055672376e+00,-3.438943849633013361e+00,-2.744186702412586776e+00
4.128000000000000114e+01,4.092216491699218750e-02,-2.182971954345703125e+00,-9.692077636718750000e-01,2.529602047055672376e+00,3.438943849633013361e+00,2.744186702412586776e+00,-2.529602047055672376e+00,-3.438943849633013361e+00,-2.744186702412586776e+00
4.135999999999999943e+01,3.790855407714843750e-02,-2.183074951171875000e+00,-9.692325592041015625e-01,2.529602047055672376e+00,3.438943849633013361e+00,2.744186702412586776e+00,-2.529602047055672376e+00,-3.438943849633013361e+00,-2.744186702412586776e+00
4.143999999999999773e+01,3.373336791992187500e-02,-2.183168411254882812e+00,-9.692611694335937500e-01,2.529602047055672376e+00,3.438943849633013361e+00,2.744186702412586776e+00,-2.529602047055672376e+00,-3.438943849633013361e+00,-2.744186702412586776e+00
4.152000000000000313e+01,2.841567993164062500e-02,-2.183252334594726562e+00,-9.692955017089843750e-01,2.529602047055672376e+00,3.438943849633013361e+00,2.744186702412586776e+00,-2.529602047055672376e+00,-3.438943849633013361e+00,-2.744186702412586776e+00
4.160000000000000142e+01,2.197837829589843750e-02,-2.183326721191406250e+00,-9.693355560302734375e-01,2.529602047055672376e+00,3.438943849633013361e+00,2.744186702412586776e+00,-2.529602047055672376e+00,-3.438943849633013361e+00,-2.744186702412586776e+00
4.167999999999999972e+01,1.444244384765625000e-02,-2.183391571044921875e+00,-9.693813323974609375e-01,2.529602047055672376e+00,3.438943849633013361e+00,2.744186702412586776e+00,-2.529602047055672376e+00,-3.438943849633013361e+00,-2.744186702412586776e+00
4.175999999999999801e+01,5.825042724609375000e-03,-2.183446884155273438e+00,-9.694347381591796875e-01,2.529602047055672376e+00,3.438943849633013361e+00,2.744186702412586776e+00,-2.529602047055672376e+00,-3.438943849633013361e+00,-2.744186702412586776e+00
4.184000000000000341e+01,-3.852844238281250000e-03,-2.183490753173828125e+00,-9.694938659667968750e-01,2.529602047055672376e+00,3.438943849633013361e+00,2.744186702412586776e+00,-2.529602047055672376e+00,-3.438943849633013361e+00,-2.744186702412586776e+00
4.192000000000000171e+01,-1.457214355468750000e-02,-2.183525085449218750e+00,-9.695606231689453125e-01,2.529602047055672376e+00,3.438943849633013361e+00,2.744186702412586776e+00,-2.529602047055672376e+00,-3.438943849633013361e+00,-2.744186702412586776e+00
4.200000000000000000e+01,-2.631187438964843750e-02,-2.183549880981445312e+00,-9.696369171142578125e-01,2.529602047055672376e+00,3.438943849633013361e+00,2.744186702412586776e+00,-2.529602047055672376e+00,-3.438943849633013361e+00,-2.744186702412586776e+00
4.207999999999999829e+01,-3.905677795410156250e-02,-2.183565139770507812e+00,-9.697208404541015625e-01,2.529602047055672376e+00,3.438943849633013361e+00,2.744186702412586776e+00,-2.529602047055672376e+00,-3.438943849633013361e+00,-2.744186702412586776e+00
4.216000000000000369e+01,-5.278587341308593750e-02,-2.183570861816406250e+00,-9.698143005371093750e-01,2.529602047055672376e+00,3.438943849633013361e+00,2.744186702412586776e+00,-2.529602047055672376e+00,-3.438943849633013361e+00,-2.744186702412586776e+00
4.224000000000000199e+01,-6.748199462890625000e-02,-2.183568954467773438e+00,-9.699153900146484375e-01,2.529602047055672376e+00,3.438943849633013361e+00,2.744186702412586776e+00,-2.529602047055672376e+00,-3.438943849633013361e+00,-2.744186702412586776e+00
4.232000000000000028e+01,-8.312797546386718750e-02,-2.183557510375976562e+00,-9.700260162353515625e-01,2.529602047055672376e+00,3.438943849633013361e+00,2.744186702412586776e+00,-2.529602047055672376e+00,-3.438943849633013361e+00,-2.744186702412586776e+00
4.239999999999999858e+01,-9.971237182617187500e-02,-2.183536529541015625e+00,-9.701480865478515625e-01,2.529602047055672376e+00,3.438943849633013361e+00,2.744186702412586776e+00,-2.529602047055672376e+00,-3.438943849633013361e+00,-2.744186702412586776e+00
4.248000000000000398e+01,-1.172122955322265625e-01,-2.183507919311523438e+00,-9.702796936035156250e-01,2.529602047055672376e+00,3.438943849633013361e+00,2.744186702412586776e+00,-2.529602047055672376e+00,-3.438943849633013361e+00,-2.744186702412586776e+00
4.256000000000000227e+01,-1.356182098388671875e-01,-2.183471679687500000e+00,-9.704227447509765625e-01,2.529602047055672376e+00,3.438943849633013361e+00,2.744186702412586776e+00,-2.529602047055672376e+00,-3.438943849633013361e+00,-2.744186702412586776e+00
4.264000000000000057e+01,-1.549129486083984375e-01,-2.183427810668945312e+00,-9.705772399902343750e-01,2.529602047055672376e+00,3.438943849633013361e+00,2.744186702412586776e+00,-2.529602047055672376e+00,-3.438943849633013361e+00,-2.744186702412586776e+00
4.271999999999999886e+01,-1.750850677490234375e-01,-2.183376312255859375e+00,-9.707431793212890625e-01,2.529602047055672376e+00,3.438943849633013361e+00,2.744186702412586776e+00,-2.529602047055672376e+00,-3.438943849633013361e+00,-2.744186702412586776e+00
4.280000000000000426e+01,-1.961193084716796875e-01,-2.183317184448242188e+00,-9.709205627441406250e-01,2.529602047055672376e+00,3.438943849633013361e+00,2.744186702412586776e+00,-2.529602047055672376e+00,-3.438943849633013361e+00,-2.744186702412586776e+00
4.288000000000000256e+01,-2.180080413818359375e-01,-2.183250427246093750e+00,-9.711112976074218750e-01,2.529602047055672376e+00,3.438943849633013361e+00,2.744186702412586776e+00,-2.529602047055672376e+00,-3.438943849633013361e+00,-2.744186702412586776e+00
4.296000000000000085e+01,-2.407360076904296875e-01,-2.183177947998046875e+00,-9.713153839111328125e-01,2.529602047055672376e+00,3.438943849633013361e+00,2.744186702412586776e+00,-2.529602047055672376e+00,-3.438943849633013361e+00,-2.744186702412586776e+00
4.303999999999999915e+01,-2.642974853515625000e-01,-2.183099746704101562e+00,-9.715328216552734375e-01,2.529602047055672376e+00,3.438943849633013361e+00,2.744186702412586776e+00,-2.529602047055672376e+00,-3.438943849633013361e+00,-2.744186702412586776e+00
4.311999999999999744e+01,-2.886791229248046875e-01,-2.183013916015625000e+00,-9.717655181884765625e-01,2.529602047055672376e+00,3.438943849633013361e+00,2.744186702412586776e+00,-2.529602047055672376e+00,-3.438943849633013361e+00,-2.744186702412586776e+00
4.320000000000000284e+01,-3.138751983642578125e-01,-2.182924270629882812e+00,-9.720134735107421875e-01,2.529602047055672376e+00,3.438943849633013361e+00,2.744186702412586776e+00,-2.529602047055672376e+00,-3.438943849633013361e+00,-2.744186702412586776e+00
4.328000000000000114e+01,-3.398780822753906250e-01,-2.182828903198242188e+00,-9.722766876220703125e-01,2.529602047055672376e+00,3.438943849633013361e+00,2.744186702412586776e+00,-2.529602047055672376e+00,-3.438943849633013361e+00,-2.744186702412586776e+00
4.335999999999999943e+01,-3.666801452636718750e-01,-2.182727813720703125e+00,-9.725570678710937500e-01,2.529602047055672376e+00,3.438943849633013361e+00,2.744186702412586776e+00,-2.529602047055672376e+00,-3.438943849633013361e+00,-2.744186702412586776e+00
4.343999999999999773e+01,-3.942813873291015625e-01,-2.182622909545898438e+00,-9.728546142578125000e-01,2.529602047055672376e+00,3.438943849633013361e+00,2.744186702412586776e+00,-2.529602047055672376e+00,-3.438943849633013361e+00,-2.744186702412586776e+00
4.352000000000000313e+01,-4.226722717285156250e-01,-2.182514190673828125e+00,-9.731693267822265625e-01,2.529602047055672376e+00,3.438943849633013361e+00,2.744186702412586776e+00,-2.529602047055672376e+00,-3.438943849633013361e+00,-2.744186702412586776e+00
4.360000000000000142e+01,-4.518547058105468750e-01,-2.182401657104492188e+00,-9.735031127929687500e-01,2.529602047055672376e+00,3.438943849633013361e+00,2.744186702412586776e+00,-2.529602047055672376e+00,-3.438943849633013361e+00,-2.744186702412586776e+00
4.367999999999999972e+01,-4.818229675292968750e-01,-2.182285308837890625e+00,-9.738559722900390625e-01,2.529602047055672376e+00,3.438943849633013361e+00,2.744186702412586776e+00,-2.529602047055672376e+00,-3.438943849633013361e+00,-2.744186702412586776e+00
4.375999999999999801e+01,-5.125808715820312500e-01,-2.182165145874023438e+00,-9.742298126220703125e-01,2.529602047055672376e+00,3.438943849633013361e+00,2.744186702412586776e+00,-2.529602047055672376e+00,-3.438943849633013361e+00,-2.744186702412586776e+00
4.384000000000000341e+01,-5.441303253173828125e-01,-2.182041168212890625e+00,-9.746265411376953125e-01,2.529602047055672376e+00,3.438943849633013361e+00,2.744186702412586776e+00,-2.529602047055672376e+00,-3.438943849633013361e+00,-2.744186702412586776e+00
4.392000000000000171e+01,-5.764694213867187500e-01,-2.181915283203125000e+00,-9.750442504882812500e-01,2.529602047055672376e+00,3.438943849633013361e+00,2.744186702412586776e+00,-2.529602047055672376e+00,-3.438943849633013361e+00,-2.744186702412586776e+00
4.400000000000000000e+01,-6.096057891845703125e-01,-2.181787490844726562e+00,-9.754867553710937500e-01,2.529602047055672376e+00,3.438943849633013361e+00,2.744186702412586776e+00,-2.529602047055672376e+00,-3.438943849633013361e+00,-2.744186702412586776e+00
4.407999999999999829e+01,-6.435451507568359375e-01,-2.181655883789062500e+00,-9.759540557861328125e-01,2.529602047055672376e+00,3.438943849633013361e+00,2.744186702412586776e+00,-2.529602047055672376e+00,-3.438943849633013361e+00,-2.744186702412586776e+00
4.416000000000000369e+01,-6.782951354980468750e-01,-2.181522369384765625e+00,-9.764480590820312500e-01,2.529602047055672376e+00,3.438943849633013361e+00,2.744186702412586776e+00,-2.529602047055672376e+00,-3.438943849633013361e+00,-2.744186702412586776e+00
4.424000000000000199e+01,-7.138652801513671875e-01,-2.181386947631835938e+00,-9.769706726074218750e-01,2.529602047055672376e+00,3.438943849633013361e+00,2.744186702412586776e+00,-2.529602047055672376e+00,-3.438943849633013361e+00,-2.744186702412586776e+00
4.432000000000000028e+01,-7.502670288085937500e-01,-2.181251525878906250e+00,-9.775218963623046875e-01,2.529602047055672376e+00,3.438943849633013361e+00,2.744186702412586776e+00,-2.529602047055672376e+00,-3.438943849633013361e+00,-2.744186702412586776e+00
4.439999999999999858e+01,-7.875118255615234375e-01,-2.181114196777343750e+00,-9.781036376953125000e-01,2.529602047055672376e+00,3.438943849633013361e+00,2.744186702412586776e+00,-2.529602047055672376e+00,-3.438943849633013361e+00,-2.744186702412586776e+00
4.448000000000000398e+01,-8.256187438964843750e-01,-2.180974960327148438e+00,-9.787197113037109375e-01,2.529602047055672376e+00,3.438943849633013361e+00,2.744186702412586776e+00,-2.529602047055672376e+00,-3.438943849633013361e+00,-2.744186702412586776e+00
4.456000000000000227e+01,-8.646011352539062500e-01,-2.180835723876953125e+00,-9.793701171875000000e-01,2.529602047055672376e+00,3.438943849633013361e+00,2.744186702412586776e+00,-2.529602047055672376e+00,-3.438943849633013361e+00,-2.744186702412586776e+00
4.464000000000000057e+01,-9.044837951660156250e-01,-2.180696487426757812e+00,-9.800567626953125000e-01,2.529602047055672376e+00,3.438943849633013361e+00,2.744186702412586776e+00,-2.529602047055672376e+00,-3.438943849633013361e+00,-2.744186702412586776e+00
4.471999999999999886e+01,-9.452896118164062500e-01,-2.180555343627929688e+00,-9.807815551757812500e-01,2.529602047055672376e+00,3.438943849633013361e+00,2.744186702412586776e+00,-2.529602047055672376e+00,-3.438943849633013361e+00,-2.744186702412586776e+00
4.480000000000000426e+01,-9.855327606201171875e-01,-2.180414199829101562e+00,-9.815483093261718750e-01,2.529602047055672376e+00,3.438943849633013361e+00,2.744186702412586776e+00,-2.529602047055672376e+00,-3.438943849633013361e+00,-2.744186702412586776e+00
4.488000000000000256e+01,-1.024948120117187500e+00,-2.180273056030273438e+00,-9.823074340820312500e-01,2.529602047055672376e+00,3.438943849633013361e+00,2.744186702412586776e+00,-2.529602047055672376e+00,-3.438943849633013361e+00,-2.744186702412586776e+00
4.496000000000000085e+01,-1.063512802124023438e+00,-2.180131912231445312e+00,-9.830493927001953125e-01,2.529602047055672376e+00,3.438943849633013361e+00,2.744186702412586776e+00,-2.529602047055672376e+00,-3.438943849633013361e+00,-2.744186702412586776e+00
4.503999999999999915e+01,-1.101224899291992188e+00,-2.179990768432617188e+00,-9.837665557861328125e-01,2.529602047055672376e+00,3.438943849633013361e+00,2.744186702412586776e+00,-2.529602047055672376e+00,-3.438943849633013361e+00,-2.744186702412586776e+00
4.511999999999999744e+01,-1.138076782226562500e+00,-2.179851531982421875e+00,-9.844551086425781250e-01,2.529602047055672376e+00,3.438943849633013361e+00,2.744186702412586776e+00,-2.529602047055672376e+00,-3.438943849633013361e+00,-2.744186702412586776e+00
4.520000000000000284e+01,-1.174072265625000000e+00,-2.179712295532226562e+00,-9.851150512695312500e-01,2.529602047055672376e+00,3.438943849633013361e+00,2.744186702412586776e+00,-2.529602047055672376e+00,-3.438943849633013361e+00,-2.744186702412586776e+00
4.528000000000000114e+01,-1.209207534790039062e+00,-2.179574966430664062e+00,-9.857444763183593750e-01,2.529602047055672376e+00,3.438943849633013361e+00,2.744186702412586776e+00,-2.529602047055672376e+00,-3.438943849633013361e+00,-2.744186702412586776e+00
4.535999999999999943e+01,-1.243488311767578125e+00,-2.179439544677734375e+00,-9.863452911376953125e-01,2.529602047055672376e+00,3.438943849633013361e+00,2.744186702412586776e+00,-2.529602047055672376e+00,-3.438943849633013361e+00,-2.744186702412586776e+00
4.543999999999999773e+01,-1.276918411254882812e+00,-2.179307937622070312e+00,-9.869155883789062500e-01,2.529602047055672376e+00,3.438943849633013361e+00,2.744186702412586776e+00,-2.529602047055672376e+00,-3.438943849633013361e+00,-2.744186702412586776e+00
4.552000000000000313e+01,-1.309501647949218750e+00,-2.179178237915039062e+00,-9.874572753906250000e-01,2.529602047055672376e+00,3.438943849633013361e+00,2.744186702412586776e+00,-2.529602047055672376e+00,-3.438943849633013361e+00,-2.744186702412586776e+00
4.560000000000000142e+01,-1.341243743896484375e+00,-2.179050445556640625e+00,-9.879722595214843750e-01,2.529602047055672376e+00,3.438943849633013361e+00,2.744186702412586776e+00,-2.529602047055672376e+00,-3.438943849633013361e+00,-2.744186702412586776e+00
4.567999999999999972e+01,-1.372152328491210938e+00,-2.178924560546875000e+00,-9.884624481201171875e-01,2.529602047055672376e+00,3.438943849633013361e+00,2.744186702412586776e+00,-2.529602047055672376e+00,-3.438943849633013361e+00,-2.744186702412586776e+00
4.575999999999999801e+01,-1.402235031127929688e+00,-2.178800582885742188e+00,-9.889278411865234375e-01,2.529602047055672376e+00,3.438943849633013361e+00,2.744186702412586776e+00,-2.529602047055672376e+00,-3.438943849633013361e+00,-2.744186702412586776e+00
4.584000000000000341e+01,-1.431499481201171875e+00,-2.178678512573242188e+00,-9.893722534179687500e-01,2.529602047055672376e+00,3.438943849633013361e+00,2.744186702412586776e+00,-2.529602047055672376e+00,-3.438943849633013361e+00,-2.744186702412586776e+00
4.592000000000000171e+01,-1.459955215454101562e+00,-2.178558349609375000e+00,-9.897937774658203125e-01,2.529602047055672376e+00,3.438943849633013361e+00,2.744186702412586776e+00,-2.529602047055672376e+00,-3.438943849633013361e+00,-2.744186702412586776e+00
4.600000000000000000e+01,-1.487611770629882812e+00,-2.178440093994140625e+00,-9.901962280273437500e-01,2.529602047055672376e+00,3.438943849633013361e+00,2.744186702412586776e+00,-2.529602047055672376e+00,-3.438943849633013361e+00,-2.744186702412586776e+00
4.607999999999999829e+01,-1.514478683471679688e+00,-2.178325653076171875e+00,-9.905796051025390625e-01,2.529602047055672376e+00,3.438943849633013361e+00,2.744186702412586776e+00,-2.529602047055672376e+00,-3.438943849633013361e+00,-2.744186702412586776e+00
4.616000000000000369e+01,-1.540569305419921875e+00,-2.178211212158203125e+00,-9.909458160400390625e-01,2.529602047055672376e+00,3.438943849633013361e+00,2.744186702412586776e+00,-2.529602047055672376e+00,-3.438943849633013361e+00,-2.744186702412586776e+00
4.624000000000000199e+01,-1.565893173217773438e+00,-2.178098678588867188e+00,-9.912967681884765625e-01,2.529602047055672376e+00,3.438943849633013361e+00,2.744186702412586776e+00,-2.529602047055672376e+00,-3.438943849633013361e+00,-2.744186702412586776e+00
4.632000000000000028e+01,-1.590463638305664062e+00,-2.177988052368164062e+00,-9.916324615478515625e-01,2.529602047055672376e+00,3.438943849633013361e+00,2.744186702412586776e+00,-2.529602047055672376e+00,-3.438943849633013361e+00,-2.744186702412586776e+00
4.639999999999999858e+01,-1.614292144775390625e+00,-2.177879333496093750e+00,-9.919548034667968750e-01,2.529602047055672376e+00,3.438943849633013361e+00,2.744186702412586776e+00,-2.529602047055672376e+00,-3.438943849633013361e+00,-2.744186702412586776e+00
4.648000000000000398e+01,-1.637390136718750000e+00,-2.177772521972656250e+00,-9.922637939453125000e-01,2.529602047055672376e+00,3.438943849633013361e+00,2.744186702412586776e+00,-2.529602047055672376e+00,-3.438943849633013361e+00,-2.744186702412586776e+00
4.656000000000000227e+01,-1.659770965576171875e+00,-2.177665710449218750e+00,-9.925613403320312500e-01,2.529602047055672376e+00,3.438943849633013361e+00,2.744186702412586776e+00,-2.529602047055672376e+00,-3.438943849633013361e+00,-2.744186702412586776e+00
4.664000000000000057e+01,-1.681449890136718750e+00,-2.177560806274414062e+00,-9.928474426269531250e-01,2.529602047055672376e+00,3.438943849633013361e+00,2.744186702412586776e+00,-2.529602047055672376e+00,-3.438943849633013361e+00,-2.744186702412586776e+00
4.671999999999999886e+01,-1.702438354492187500e+00,-2.177455902099609375e+00,-9.931221008300781250e-01,2.529602047055672376e+00,3.438943849633013361e+00,2.744186702412586776e+00,-2.529602047055672376e+00,-3.438943849633013361e+00,-2.744186702412586776e+00
4.680000000000000426e+01,-1.722749710083007812e+00,-2.177350997924804688e+00,-9.933891296386718750e-01,2.529602047055672376e+00,3.438943849633013361e+00,2.744186702412586776e+00,-2.529602047055672376e+00,-3.438943849633013361e+00,-2.744186702412586776e+00
4.688000000000000256e+01,-1.742399215698242188e+00,-2.177248001098632812e+00,-9.936466217041015625e-01,2.529602047055672376e+00,3.438943849633013361e+00,2.744186702412586776e+00,-2.529602047055672376e+00,-3.438943849633013361e+00,-2.744186702412586776e+00
4.696000000000000085e+01,-1.761400222778320312e+00,-2.177145004272460938e+00,-9.938964843750000000e-01,2.529602047055672376e+00,3.438943849633013361e+00,2.744186702412586776e+00,-2.529602047055672376e+00,-3.438943849633013361e+00,-2.744186702412586776e+00
4.703999999999999915e+01,-1.779766082763671875e+00,-2.177042007446289062e+00,-9.941387176513671875e-01,2.529602047055672376e+00,3.438943849633013361e+00,2.744186702412586776e+00,-2.529602047055672376e+00,-3.438943849633013361e+00,-2.744186702412586776e+00
4.711999999999999744e+01,-1.797510147094726562e+00,-2.176939010620117188e+00,-9.943733215332031250e-01,2.529602047055672376e+00,3.438943849633013361e+00,2.744186702412586776e+00,-2.529602047055672376e+00,-3.438943849633013361e+00,-2.744186702412586776e+00
4.720000000000000284e+01,-1.814647674560546875e+00,-2.176836013793945312e+00,-9.946022033691406250e-01,2.529602047055672376e+00,3.438943849633013361e+00,2.744186702412586776e+00,-2.529602047055672376e+00,-3.438943849633013361e+00,-2.744186702412586776e+00
4.728000000000000114e+01,-1.831192016601562500e+00,-2.176733016967773438e+00,-9.948234558105468750e-01,2.529602047055672376e+00,3.438943849633013361e+00,2.744186702412586776e+00,-2.529602047055672376e+00,-3.438943849633013361e+00,-2.744186702412586776e+00
4.735999999999999943e+01,-1.847156524658203125e+00,-2.176628112792968750e+00,-9.950389862060546875e-01,2.529602047055672376e+00,3.438943849633013361e+00,2.744186702412586776e+00,-2.529602047055672376e+00,-3.438943849633013361e+00,-2.744186702412586776e+00
4.743999999999999773e+01,-1.862556457519531250e+00,-2.176523208618164062e+00,-9.952507019042968750e-01,2.529602047055672376e+00,3.438943849633013361e+00,2.744186702412586776e+00,-2.529602047055672376e+00,-3.438943849633013361e+00,-2.744186702412586776e+00
4.752000000000000313e+01,-1.877405166625976562e+00,-2.176418304443359375e+00,-9.954566955566406250e-01,2.529602047055672376e+00,3.438943849633013361e+00,2.744186702412586776e+00,-2.529602047055672376e+00,-3.438943849633013361e+00,-2.744186702412586776e+00
4.760000000000000142e+01,-1.891716003417968750e+00,-2.176311492919921875e+00,-9.956588745117187500e-01,2.529602047055672376e+00,3.438943849633013361e+00,2.744186702412586776e+00,-2.529602047055672376e+00,-3.438943849633013361e+00,-2.744186702412586776e+00
4.767999999999999972e+01,-1.905504226684570312e+00,-2.176204681396484375e+00,-9.958553314208984375e-01,2.529602047055672376e+00,3.438943849633013361e+00,2.744186702412586776e+00,-2.529602047055672376e+00,-3.438943849633013361e+00,-2.744186702412586776e+00
4.775999999999999801e+01,-1.918783187866210938e+00,-2.176097869873046875e+00,-9.960479736328125000e-01,2.529602047055672376e+00,3.438943849633013361e+00,2.744186702412586776e+00,-2.529602047055672376e+00,-3.438943849633013361e+00,-2.744186702412586776e+00
4.784000000000000341e+01,-1.931564331054687500e+00,-2.175989151000976562e+00,-9.962368011474609375e-01,2.529602047055672376e+00,3.438943849633013361e+00,2.744186702412586776e+00,-2.529602047055672376e+00,-3.438943849633013361e+00,-2.744186702412586776e+00
4.792000000000000171e+01,-1.943862915039062500e+00,-2.175878524780273438e+00,-9.964218139648437500e-01,2.529602047055672376e+00,3.438943849633013361e+00,2.744186702412586776e+00,-2.529602047055672376e+00,-3.438943849633013361e+00,-2.744186702412586776e+00
4.800000000000000000e+01,-1.955692291259765625e+00,-2.175767898559570312e+00,-9.966049194335937500e-01,2.529602047055672376e+00,3.438943849633013361e+00,2.744186702412586776e+00,-2.529602047055672376e+00,-3.438943849633013361e+00,-2.744186702412586776e+00
4.807999999999999829e+01,-1.967065811157226562e+00,-2.175655364990234375e+00,-9.967842102050781250e-01,2.529602047055672376e+00,3.438943849633013361e+00,2.744186702412586776e+00,-2.529602047055672376e+00,-3.438943849633013361e+00,-2.744186702412586776e+00
4.816000000000000369e+01,-1.977994918823242188e+00,-2.175542831420898438e+00,-9.969596862792968750e-01,2.529602047055672376e+00,3.438943849633013361e+00,2.744186702412586776e+00,-2.529602047055672376e+00,-3.438943849633013361e+00,-2.744186702412586776e+00
4.824000000000000199e+01,-1.988492965698242188e+00,-2.175428390502929688e+00,-9.971332550048828125e-01,2.529602047055672376e+00,3.438943849633013361e+00,2.744186702412586776e+00,-2.529602047055672376e+00,-3.438943849633013361e+00,-2.744186702412586776e+00
4.832000000000000028e+01,-1.998573303222656250e+00,-2.175312042236328125e+00,-9.973030090332031250e-01,2.529602047055672376e+00,3.438943849633013361e+00,2.744186702412586776e+00,-2.529602047055672376e+00,-3.438943849633013361e+00,-2.744186702412586776e+00
4.839999999999999858e+01,-2.008247375488281250e+00,-2.175195693969726562e+00,-9.974708557128906250e-01,2.529602047055672376e+00,3.438943849633013361e+00,2.744186702412586776e+00,-2.529602047055672376e+00,-3.438943849633013361e+00,-2.744186702412586776e+00
4.848000000000000398e+01,-2.017526626586914062e+00,-2.175077438354492188e+00,-9.976348876953125000e-01,2.529602047055672376e+00,3.438943849633013361e+00,2.744186702412586776e+00,-2.529602047055672376e+00,-3.438943849633013361e+00,-2.744186702412586776e+00
4.856000000000000227e+01,-2.026424407958984375e+00,-2.174957275390625000e+00,-9.977970123291015625e-01,2.529602047055672376e+00,3.438943849633013361e+00,2.744186702412586776e+00,-2.529602047055672376e+00,-3.438943849633013361e+00,-2.744186702412586776e+00
4.864000000000000057e+01,-2.034952163696289062e+00,-2.174837112426757812e+00,-9.979572296142578125e-01,2.529602047055672376e+00,3.438943849633013361e+00,2.744186702412586776e+00,-2.529602047055672376e+00,-3.438943849633013361e+00,-2.744186702412586776e+00
4.871999999999999886e+01,-2.043121337890625000e+00,-2.174715042114257812e+00,-9.981136322021484375e-01,2.529602047055672376e+00,3.438943849633013361e+00,2.744186702412586776e+00,-2.529602047055672376e+00,-3.438943849633013361e+00,-2.744186702412586776e+00
4.880000000000000426e+01,-2.050943374633789062e+00,-2.174591064453125000e+00,-9.982681274414062500e-01,2.529602047055672376e+00,3.438943849633013361e+00,2.744186702412586776e+00,-2.529602047055672376e+00,-3.438943849633013361e+00,-2.744186702412586776e+00
4.888000000000000256e+01,-2.058429718017578125e+00,-2.174467086791992188e+00,-9.984207153320312500e-01,2.529602047055672376e+00,3.438943849633013361e+00,2.744186702412586776e+00,-2.529602047055672376e+00,-3.438943849633013361e+00,-2.744186702412586776e+00
4.896000000000000085e+01,-2.065591812133789062e+00,-2.174341201782226562e+00,-9.985713958740234375e-01,2.529602047055672376e+00,3.438943849633013361e+00,2.744186702412586776e+00,-2.529602047055672376e+00,-3.438943849633013361e+00,-2.744186702412586776e+00
4.903999999999999915e+01,-2.072439193725585938e+00,-2.174213409423828125e+00,-9.987182617187500000e-01,2.529602047055672376e+00,3.438943849633013361e+00,2.744186702412586776e+00,-2.529602047055672376e+00,-3.438943849633013361e+00,-2.744186702412586776e+00
4.912000000000000455e+01,-2.078983306884765625e+00,-2.174085617065429688e+00,-9.988632202148437500e-01,2.529602047055672376e+00,3.438943849633013361e+00,2.744186702412586776e+00,-2.529602047055672376e+00,-3.438943849633013361e+00,-2.744186702412586776e+00
4.920000000000000284e+01,-2.085233688354492188e+00,-2.173955917358398438e+00,-9.990081787109375000e-01,2.529602047055672376e+00,3.438943849633013361e+00,2.744186702412586776e+00,-2.529602047055672376e+00,-3.438943849633013361e+00,-2.744186702412586776e+00
4.928000000000000114e+01,-2.091199874877929688e+00,-2.173826217651367188e+00,-9.991493225097656250e-01,2.529602047055672376e+00,3.438943849633013361e+00,2.744186702412586776e+00,-2.529602047055672376e+00,-3.438943849633013361e+00,-2.744186702412586776e+00
4.935999999999999943e+01,-2.096891403198242188e+00,-2.173694610595703125e+00,-9.992866516113281250e-01,2.529602047055672376e+00,3.438943849633013361e+00,2.744186702412586776e+00,-2.529602047055672376e+00,-3.438943849633013361e+00,-2.744186702412586776e+00
4.943999999999999773e+01,-2.102319717407226562e+00,-2.173563003540039062e+00,-9.994239807128906250e-01,2.529602047055672376e+00,3.438943849633013361e+00,2.744186702412586776e+00,-2.529602047055672376e+00,-3.438943849633013361e+00,-2.744186702412586776e+00
4.952000000000000313e+01,-2.107492446899414062e+00,-2.173429489135742188e+00,-9.995574951171875000e-01,2.529602047055672376e+00,3.438943849633013361e+00,2.744186702412586776e+00,-2.529602047055672376e+00,-3.438943849633013361e+00,-2.744186702412586776e+00
4.960000000000000142e+01,-2.112419128417968750e+00,-2.173295974731445312e+00,-9.996910095214843750e-01,2.529602047055672376e+00,3.438943849633013361e+00,2.744186702412586776e+00,-2.529602047055672376e+00,-3.438943849633013361e+00,-2.744186702412586776e+00
4.967999999999999972e+01,-2.117109298706054688e+00,-2.173160552978515625e+00,-9.998207092285156250e-01,2.529602047055672376e+00,3.438943849633013361e+00,2.744186702412586776e+00,-2.529602047055672376e+00,-3.438943849633013361e+00,-2.744186702412586776e+00
4.975999999999999801e+01,-2.121570587158203125e+00,-2.173025131225585938e+00,-9.999465942382812500e-01,2.529602047055672376e+00,3.438943849633013361e+00,2.744186702412586776e+00,-2.529602047055672376e+00,-3.438943849633013361e+00,-2.744186702412586776e+00
4.984000000000000341e+01,-2.125810623168945312e+00,-2.172889709472656250e+00,-1.000072479248046875e+00,2.529602047055672376e+00,3.438943849633013361e+00,2.744186702412586776e+00,-2.529602047055672376e+00,-3.438943849633013361e+00,-2.744186702412586776e+00
4.992000000000000171e+01,-2.129838943481445312e+00,-2.172752380371093750e+00,-1.000194549560546875e+00,2.529602047055672376e+00,3.438943849633013361e+00,2.744186702412586776e+00,-2.529602047055672376e+00,-3.438943849633013361e+00,-2.744186702412586776e+00
5.000000000000000000e+01,-2.133663177490234375e+00,-2.172615051269531250e+00,-1.000316619873046875e+00,2.529602047055672376e+00,3.438943849633013361e+00,2.744186702412586776e+00,-2.529602047055672376e+00,-3.438943849633013361e+00,-2.744186702412586776e+00
5.007999999999999829e+01,-2.137290954589843750e+00,-2.172477722167968750e+00,-1.000434875488281250e+00,2.529602047055672376e+00,3.438943849633013361e+00,2.744186702412586776e+00,-2.529602047055672376e+00,-3.438943849633013361e+00,-2.744186702412586776e+00
5.016000000000000369e+01,-2.140729904174804688e+00,-2.172340393066406250e+00,-1.000553131103515625e+00,2.529602047055672376e+00,3.438943849633013361e+00,2.744186702412586776e+00,-2.529602047055672376e+00,-3.438943849633013361e+00,-2.744186702412586776e+00
5.024000000000000199e+01,-2.143987655639648438e+00,-2.172203063964843750e+00,-1.000667572021484375e+00,2.529602047055672376e+00,3.438943849633013361e+00,2.744186702412586776e+00,-2.529602047055672376e+00,-3.438943849633013361e+00,-2.744186702412586776e+00
5.032000000000000028e+01,-2.147071838378906250e+00,-2.172063827514648438e+00,-1.000778198242187500e+00,2.529602047055672376e+00,3.438943849633013361e+00,2.744186702412586776e+00,-2.529602047055672376e+00,-3.438943849633013361e+00,-2.744186702412586776e+00
5.039999999999999858e+01,-2.149988174438476562e+00,-2.171924591064453125e+00,-1.000888824462890625e+00,2.529602047055672376e+00,3.438943849633013361e+00,2.744186702412586776e+00,-2.529602047055672376e+00,-3.438943849633013361e+00,-2.744186702412586776e+00
5.048000000000000398e+01,-2.152744293212890625e+00,-2.171785354614257812e+00,-1.000995635986328125e+00,2.529602047055672376e+00,3.438943849633013361e+00,2.744186702412586776e+00,-2.529602047055672376e+00,-3.438943849633013361e+00,-2.744186702412586776e+00
5.056000000000000227e+01,-2.155345916748046875e+00,-2.171646118164062500e+00,-1.001102447509765625e+00,2.529602047055672376e+00,3.438943849633013361e+00,2.744186702412586776e+00,-2.529602047055672376e+00,-3.438943849633013361e+00,-2.744186702412586776e+00
5.064000000000000057e+01,-2.157800674438476562e+00,-2.171508789062500000e+00,-1.001205444335937500e+00,2.529602047055672376e+00,3.438943849633013361e+00,2.744186702412586776e+00,-2.529602047055672376e+00,-3.438943849633013361e+00,-2.744186702412586776e+00
5.071999999999999886e+01,-2.160112380981445312e+00,-2.171371459960937500e+00,-1.001308441162109375e+00,2.529602047055672376e+00,3.438943849633013361e+00,2.744186702412586776e+00,-2.529602047055672376e+00,-3.438943849633013361e+00,-2.744186702412586776e+00
5.080000000000000426e+01,-2.162288665771484375e+00,-2.171234130859375000e+00,-1.001407623291015625e+00,2.529602047055672376e+00,3.438943849633013361e+00,2.744186702412586776e+00,-2.529602047055672376e+00,-3.438943849633013361e+00,-2.744186702412586776e+00
5.088000000000000256e+01,-2.164335250854492188e+00,-2.171096801757812500e+00,-1.001506805419921875e+00,2.529602047055672376e+00,3.438943849633013361e+00,2.744186702412586776e+00,-2.529602047055672376e+00,-3.438943849633013361e+00,-2.744186702412586776e+00
5.096000000000000085e+01,-2.166257858276367188e+00,-2.170959472656250000e+00,-1.001602172851562500e+00,2.529602047055672376e+00,3.438943849633013361e+00,2.744186702412586776e+00,-2.529602047055672376e+00,-3.438943849633013361e+00,-2.744186702412586776e+00
5.103999999999999915e+01,-2.168060302734375000e+00,-2.170822143554687500e+00,-1.001693725585937500e+00,2.529602047055672376e+00,3.438943849633013361e+00,2.744186702412586776e+00,-2.529602047055672376e+00,-3.438943849633013361e+00,-2.744186702412586776e+00
5.112000000000000455e+01,-2.169750213623046875e+00,-2.170686721801757812e+00,-1.001785278320312500e+00,2.529602047055672376e+00,3.438943849633013361e+00,2.744186702412586776e+00,-2.529602047055672376e+00,-3.438943849633013361e+00,-2.744186702412586776e+00
5.120000000000000284e+01,-2.171331405639648438e+00,-2.170551300048828125e+00,-1.001873016357421875e+00,2.529602047055672376e+00,3.438943849633013361e+00,2.744186702412586776e+00,-2.529602047055672376e+00,-3.438943849633013361e+00,-2.744186702412586776e+00
5.128000000000000114e+01,-2.172807693481445312e+00,-2.170415878295898438e+00,-1.001960754394531250e+00,2.529602047055672376e+00,3.438943849633013361e+00,2.744186702412586776e+00,-2.529602047055672376e+00,-3.438943849633013361e+00,-2.744186702412586776e+00
5.135999999999999943e+01,-2.174184799194335938e+00,-2.170282363891601562e+00,-1.002044677734375000e+00,2.529602047055672376e+00,3.438943849633013361e+00,2.744186702412586776e+00,-2.529602047055672376e+00,-3.438943849633013361e+00,-2.744186702412586776e+00
5.143999999999999773e+01,-2.175466537475585938e+00,-2.170148849487304688e+00,-1.002128601074218750e+00,2.529602047055672376e+00,3.438943849633013361e+00,2.744186702412586776e+00,-2.529602047055672376e+00,-3.438943849633013361e+00,-2.744186702412586776e+00
5.152000000000000313e+01,-2.176658630371093750e+00,-2.170017242431640625e+00,-1.002208709716796875e+00,2.529602047055672376e+00,3.438943849633013361e+00,2.744186702412586776e+00,-2.529602047055672376e+00,-3.438943849633013361e+00,-2.744186702412586776e+00
5.160000000000000142e+01,-2.177764892578125000e+00,-2.169885635375976562e+00,-1.002288818359375000e+00,2.529602047055672376e+00,3.438943849633013361e+00,2.744186702412586776e+00,-2.529602047055672376e+00,-3.438943849633013361e+00,-2.744186702412586776e+00
5.167999999999999972e+01,-2.178789138793945312e+00,-2.169755935668945312e+00,-1.002365112304687500e+00,2.529602047055672376e+00,3.438943849633013361e+00,2.744186702412586776e+00,-2.529602047055672376e+00,-3.438943849633013361e+00,-2.744186702412586776e+00
5.175999999999999801e+01,-2.179735183715820312e+00,-2.169626235961914062e+00,-1.002441406250000000e+00,2.529602047055672376e+00,3.438943849633013361e+00,2.744186702412586776e+00,-2.529602047055672376e+00,-3.438943849633013361e+00,-2.744186702412586776e+00
5.184000000000000341e+01,-2.180606842041015625e+00,-2.169498443603515625e+00,-1.002513885498046875e+00,2.529602047055672376e+00,3.438943849633013361e+00,2.744186702412586776e+00,-2.529602047055672376e+00,-3.438943849633013361e+00,-2.744186702412586776e+00
5.192000000000000171e+01,-2.181407928466796875e+00,-2.169372558593750000e+00,-1.002586364746093750e+00,2.529602047055672376e+00,3.438943849633013361e+00,2.744186702412586776e+00,-2.529602047055672376e+00,-3.438943849633013361e+00,-2.744186702412586776e+00
5.200000000000000000e+01,-2.182140350341796875e+00,-2.169246673583984375e+00,-1.002655029296875000e+00,2.529602047055672376e+00,3.438943849633013361e+00,2.744186702412586776e+00,-2.529602047055672376e+00,-3.438943849633013361e+00,-2.744186702412586776e+00
5.207999999999999829e+01,-2.182809829711914062e+00,-2.169122695922851562e+00,-1.002723693847656250e+00,2.529602047055672376e+00,3.438943849633013361e+00,2.744186702412586776e+00,-2.529602047055672376e+00,-3.438943849633013361e+00,-2.744186702412586776e+00
5.216000000000000369e+01,-2.183418273925781250e+00,-2.169000625610351562e+00,-1.002788543701171875e+00,2.529602047055672376e+00,3.438943849633013361e+00,2.744186702412586776e+00,-2.529602047055672376e+00,-3.438943849633013361e+00,-2.744186702412586776e+00
5.224000000000000199e+01,-2.183969497680664062e+00,-2.168878555297851562e+00,-1.002853393554687500e+00,2.529602047055672376e+00,3.438943849633013361e+00,2.744186702412586776e+00,-2.529602047055672376e+00,-3.438943849633013361e+00,-2.744186702412586776e+00
5.232000000000000028e+01,-2.184467315673828125e+00,-2.168758392333984375e+00,-1.002914428710937500e+00,2.529602047055672376e+00,3.438943849633013361e+00,2.744186702412586776e+00,-2.529602047055672376e+00,-3.438943849633013361e+00,-2.744186702412586776e+00
5.239999999999999858e+01,-2.184911727905273438e+00,-2.168640136718750000e+00,-1.002975463867187500e+00,2.529602047055672376e+00,3.438943849633013361e+00,2.744186702412586776e+00,-2.529602047055672376e+00,-3.438943849633013361e+00,-2.744186702412586776e+00
5.248000000000000398e+01,-2.185308456420898438e+00,-2.168523788452148438e+00,-1.003036499023437500e+00,2.529602047055672376e+00,3.438943849633013361e+00,2.744186702412586776e+00,-2.529602047055672376e+00,-3.438943849633013361e+00,-2.744186702412586776e+00
5.256000000000000227e+01,-2.185659408569335938e+00,-2.168407440185546875e+00,-1.003093719482421875e+00,2.529602047055672376e+00,3.438943849633013361e+00,2.744186702412586776e+00,-2.529602047055672376e+00,-3.438943849633013361e+00,-2.744186702412586776e+00
5.264000000000000057e+01,-2.185966491699218750e+00,-2.168292999267578125e+00,-1.003150939941406250e+00,2.529602047055672376e+00,3.438943849633013361e+00,2.744186702412586776e+00,-2.529602047055672376e+00,-3.438943849633013361e+00,-2.744186702412586776e+00
5.271999999999999886e+01,-2.186231613159179688e+00,-2.168180465698242188e+00,-1.003204345703125000e+00,2.529602047055672376e+00,3.438943849633013361e+00,2.744186702412586776e+00,-2.529602047055672376e+00,-3.438943849633013361e+00,-2.744186702412586776e+00
5.280000000000000426e+01,-2.186458587646484375e+00,-2.168069839477539062e+00,-1.003257751464843750e+00,2.529602047055672376e+00,3.438943849633013361e+00,2.744186702412586776e+00,-2.529602047055672376e+00,-3.438943849633013361e+00,-2.744186702412586776e+00
5.288000000000000256e+01,-2.186649322509765625e+00,-2.167961120605468750e+00,-1.003307342529296875e+00,2.529602047055672376e+00,3.438943849633013361e+00,2.744186702412586776e+00,-2.529602047055672376e+00,-3.438943849633013361e+00,-2.744186702412586776e+00
5.296000000000000085e+01,-2.186805725097656250e+00,-2.167854309082031250e+00,-1.003356933593750000e+00,2.529602047055672376e+00,3.438943849633013361e+00,2.744186702412586776e+00,-2.529602047055672376e+00,-3.438943849633013361e+00,-2.744186702412586776e+00
5.303999999999999915e+01,-2.186929702758789062e+00,-2.167749404907226562e+00,-1.003406524658203125e+00,2.529602047055672376e+00,3.438943849633013361e+00,2.744186702412586776e+00,-2.529602047055672376e+00,-3.438943849633013361e+00,-2.744186702412586776e+00
5.312000000000000455e+01,-2.187023162841796875e+00,-2.167644500732421875e+00,-1.003452301025390625e+00,2.529602047055672376e+00,3.438943849633013361e+00,2.744186702412586776e+00,-2.529602047055672376e+00,-3.438943849633013361e+00,-2.744186702412586776e+00
5.320000000000000284e+01,-2.187088012695312500e+00,-2.167541503906250000e+00,-1.003498077392578125e+00,2.529602047055672376e+00,3.438943849633013361e+00,2.744186702412586776e+00,-2.529602047055672376e+00,-3.438943849633013361e+00,-2.744186702412586776e+00
5.328000000000000114e+01,-2.187126159667968750e+00,-2.167440414428710938e+00,-1.003543853759765625e+00,2.529602047055672376e+00,3.438943849633013361e+00,2.744186702412586776e+00,-2.529602047055672376e+00,-3.438943849633013361e+00,-2.744186702412586776e+00
5.335999999999999943e+01,-2.187139511108398438e+00,-2.167341232299804688e+00,-1.003585815429687500e+00,2.529602047055672376e+00,3.438943849633013361e+00,2.744186702412586776e+00,-2.529602047055672376e+00,-3.438943849633013361e+00,-2.744186702412586776e+00
5.343999999999999773e+01,-2.187129974365234375e+00,-2.167243957519531250e+00,-1.003627777099609375e+00,2.529602047055672376e+00,3.438943849633013361e+00,2.744186702412586776e+00,-2.529602047055672376e+00,-3.438943849633013361e+00,-2.744186702412586776e+00
5.352000000000000313e+01,-2.187099456787109375e+00,-2.167148590087890625e+00,-1.003665924072265625e+00,2.529602047055672376e+00,3.438943849633013361e+00,2.744186702412586776e+00,-2.529602047055672376e+00,-3.438943849633013361e+00,-2.744186702412586776e+00
5.360000000000000142e+01,-2.187047958374023438e+00,-2.167055130004882812e+00,-1.003704071044921875e+00,2.529602047055672376e+00,3.438943849633013361e+00,2.744186702412586776e+00,-2.529602047055672376e+00,-3.438943849633013361e+00,-2.744186702412586776e+00
5.367999999999999972e+01,-2.186977386474609375e+00,-2.166963577270507812e+00,-1.003742218017578125e+00,2.529602047055672376e+00,3.438943849633013361e+00,2.744186702412586776e+00,-2.529602047055672376e+00,-3.438943849633013361e+00,-2.744186702412586776e+00
5.375999999999999801e+01,-2.186889648437500000e+00,-2.166873931884765625e+00,-1.003776550292968750e+00,2.529602047055672376e+00,3.438943849633013361e+00,2.744186702412586776e+00,-2.529602047055672376e+00,-3.438943849633013361e+00,-2.744186702412586776e+00
5.384000000000000341e+01,-2.186786651611328125e+00,-2.166786193847656250e+00,-1.003810882568359375e+00,2.529602047055672376e+00,3.438943849633013361e+00,2.744186702412586776e+00,-2.529602047055672376e+00,-3.438943849633013361e+00,-2.744186702412586776e+00
5.392000000000000171e+01,-2.186668395996093750e+00,-2.166700363159179688e+00,-1.003845214843750000e+00,2.529602047055672376e+00,3.438943849633013361e+00,2.744186702412586776e+00,-2.529602047055672376e+00,-3.438943849633013361e+00,-2.744186702412586776e+00
5.400000000000000000e+01,-2.186536788940429688e+00,-2.166614532470703125e+00,-1.003879547119140625e+00,2.529602047055672376e+00,3.438943849633013361e+00,2.744186702412586776e+00,-2.529602047055672376e+00,-3.438943849633013361e+00,-2.744186702412586776e+00
5.407999999999999829e+01,-2.186393737792968750e+00,-2.166530609130859375e+00,-1.003910064697265625e+00,2.529602047055672376e+00,3.438943849633013361e+00,2.744186702412586776e+00,-2.529602047055672376e+00,-3.438943849633013361e+00,-2.744186702412586776e+00
5.416000000000000369e+01,-2.186239242553710938e+00,-2.166448593139648438e+00,-1.003940582275390625e+00,2.529602047055672376e+00,3.438943849633013361e+00,2.744186702412586776e+00,-2.529602047055672376e+00,-3.438943849633013361e+00,-2.744186702412586776e+00
5.424000000000000199e+01,-2.186073303222656250e+00,-2.166368484497070312e+00,-1.003971099853515625e+00,2.529602047055672376e+00,3.438943849633013361e+00,2.744186702412586776e+00,-2.529602047055672376e+00,-3.438943849633013361e+00,-2.744186702412586776e+00
5.432000000000000028e+01,-2.185897827148437500e+00,-2.166290283203125000e+00,-1.003997802734375000e+00,2.529602047055672376e+00,3.438943849633013361e+00,2.744186702412586776e+00,-2.529602047055672376e+00,-3.438943849633013361e+00,-2.744186702412586776e+00
5.439999999999999858e+01,-2.185714721679687500e+00,-2.166213989257812500e+00,-1.004024505615234375e+00,2.529602047055672376e+00,3.438943849633013361e+00,2.744186702412586776e+00,-2.529602047055672376e+00,-3.438943849633013361e+00,-2.744186702412586776e+00
5.448000000000000398e+01,-2.185523986816406250e+00,-2.166139602661132812e+00,-1.004051208496093750e+00,2.529602047055672376e+00,3.438943849633013361e+00,2.744186702412586776e+00,-2.529602047055672376e+00,-3.438943849633013361e+00,-2.744186702412586776e+00
5.456000000000000227e+01,-2.185325622558593750e+00,-2.166067123413085938e+00,-1.004077911376953125e+00,2.529602047055672376e+00,3.438943849633013361e+00,2.744186702412586776e+00,-2.529602047055672376e+00,-3.438943849633013361e+00,-2.744186702412586776e+00
5.464000000000000057e+01,-2.185121536254882812e+00,-2.165998458862304688e+00,-1.004100799560546875e+00,2.529602047055672376e+00,3.438943849633013361e+00,2.744186702412586776e+00,-2.529602047055672376e+00,-3.438943849633013361e+00,-2.744186702412586776e+00
5.471999999999999886e+01,-2.184911727905273438e+00,-2.165929794311523438e+00,-1.004123687744140625e+00,2.529602047055672376e+00,3.438943849633013361e+00,2.744186702412586776e+00,-2.529602047055672376e+00,-3.438943849633013361e+00,-2.744186702412586776e+00
5.480000000000000426e+01,-2.184698104858398438e+00,-2.165861129760742188e+00,-1.004146575927734375e+00,2.529602047055672376e+00,3.438943849633013361e+00,2.744186702412586776e+00,-2.529602047055672376e+00,-3.438943849633013361e+00,-2.744186702412586776e+00
5.488000000000000256e+01,-2.184480667114257812e+00,-2.165794372558593750e+00,-1.004169464111328125e+00,2.529602047055672376e+00,3.438943849633013361e+00,2.744186702412586776e+00,-2.529602047055672376e+00,-3.438943849633013361e+00,-2.744186702412586776e+00
5.496000000000000085e+01,-2.184259414672851562e+00,-2.165729522705078125e+00,-1.004192352294921875e+00,2.529602047055672376e+00,3.438943849633013361e+00,2.744186702412586776e+00,-2.529602047055672376e+00,-3.438943849633013361e+00,-2.744186702412586776e+00
5.503999999999999915e+01,-2.184034347534179688e+00,-2.165666580200195312e+00,-1.004211425781250000e+00,2.529602047055672376e+00,3.438943849633013361e+00,2.744186702412586776e+00,-2.529602047055672376e+00,-3.438943849633013361e+00,-2.744186702412586776e+00
5.512000000000000455e+01,-2.183807373046875000e+00,-2.165605545043945312e+00,-1.004230499267578125e+00,2.529602047055672376e+00,3.438943849633013361e+00,2.744186702412586776e+00,-2.529602047055672376e+00,-3.438943849633013361e+00,-2.744186702412586776e+00
5.520000000000000284e+01,-2.183578491210937500e+00,-2.165546417236328125e+00,-1.004249572753906250e+00,2.529602047055672376e+00,3.438943849633013361e+00,2.744186702412586776e+00,-2.529602047055672376e+00,-3.438943849633013361e+00,-2.744186702412586776e+00
5.528000000000000114e+01,-2.183349609375000000e+00,-2.165489196777343750e+00,-1.004268646240234375e+00,2.529602047055672376e+00,3.438943849633013361e+00,2.744186702412586776e+00,-2.529602047055672376e+00,-3.438943849633013361e+00,-2.744186702412586776e+00
5.535999999999999943e+01,-2.183118820190429688e+00,-2.165431976318359375e+00,-1.004287719726562500e+00,2.529602047055672376e+00,3.438943849633013361e+00,2.744186702412586776e+00,-2.529602047055672376e+00,-3.438943849633013361e+00,-2.744186702412586776e+00
5.543999999999999773e+01,-2.182888031005859375e+00,-2.165376663208007812e+00,-1.004302978515625000e+00,2.529602047055672376e+00,3.438943849633013361e+00,2.744186702412586776e+00,-2.529602047055672376e+00,-3.438943849633013361e+00,-2.744186702412586776e+00
5.552000000000000313e+01,-2.182657241821289062e+00,-2.165323257446289062e+00,-1.004318237304687500e+00,2.529602047055672376e+00,3.438943849633013361e+00,2.744186702412586776e+00,-2.529602047055672376e+00,-3.438943849633013361e+00,-2.744186702412586776e+00
5.560000000000000142e+01,-2.182426452636718750e+00,-2.165271759033203125e+00,-1.004333496093750000e+00,2.529602047055672376e+00,3.438943849633013361e+00,2.744186702412586776e+00,-2.529602047055672376e+00,-3.438943849633013361e+00,-2.744186702412586776e+00
5.567999999999999972e+01,-2.182197570800781250e+00,-2.165220260620117188e+00,-1.004348754882812500e+00,2.529602047055672376e+00,3.438943849633013361e+00,2.744186702412586776e+00,-2.529602047055672376e+00,-3.438943849633013361e+00,-2.744186702412586776e+00
5.575999999999999801e+01,-2.181968688964843750e+00,-2.165170669555664062e+00,-1.004364013671875000e+00,2.529602047055672376e+00,3.438943849633013361e+00,2.744186702412586776e+00,-2.529602047055672376e+00,-3.438943849633013361e+00,-2.744186702412586776e+00
5.584000000000000341e+01,-2.181741714477539062e+00,-2.165122985839843750e+00,-1.004375457763671875e+00,2.529602047055672376e+00,3.438943849633013361e+00,2.744186702412586776e+00,-2.529602047055672376e+00,-3.438943849633013361e+00,-2.744186702412586776e+00
5.592000000000000171e+01,-2.181516647338867188e+00,-2.165077209472656250e+00,-1.004386901855468750e+00,2.529602047055672376e+00,3.438943849633013361e+00,2.744186702412586776e+00,-2.529602047055672376e+00,-3.438943849633013361e+00,-2.744186702412586776e+00
5.600000000000000000e+01,-2.181293487548828125e+00,-2.165031433105468750e+00,-1.004398345947265625e+00,2.529602047055672376e+00,3.438943849633013361e+00,2.744186702412586776e+00,-2.529602047055672376e+00,-3.438943849633013361e+00,-2.744186702412586776e+00
5.607999999999999829e+01,-2.181072235107421875e+00,-2.164987564086914062e+00,-1.004409790039062500e+00,2.529602047055672376e+00,3.438943849633013361e+00,2.744186702412586776e+00,-2.529602047055672376e+00,-3.438943849633013361e+00,-2.744186702412586776e+00
5.616000000000000369e+01,-2.180852890014648438e+00,-2.164945602416992188e+00,-1.004421234130859375e+00,2.529602047055672376e+00,3.438943849633013361e+00,2.744186702412586776e+00,-2.529602047055672376e+00,-3.438943849633013361e+00,-2.744186702412586776e+00
5.624000000000000199e+01,-2.180635452270507812e+00,-2.164903640747070312e+00,-1.004432678222656250e+00,2.529602047055672376e+00,3.438943849633013361e+00,2.744186702412586776e+00,-2.529602047055672376e+00,-3.438943849633013361e+00,-2.744186702412586776e+00
5.632000000000000028e+01,-2.180419921875000000e+00,-2.164863586425781250e+00,-1.004444122314453125e+00,2.529602047055672376e+00,3.438943849633013361e+00,2.744186702412586776e+00,-2.529602047055672376e+00,-3.438943849633013361e+00,-2.744186702412586776e+00
5.639999999999999858e+01,-2.180208206176757812e+00,-2.164825439453125000e+00,-1.004455566406250000e+00,2.529602047055672376e+00,3.438943849633013361e+00,2.744186702412586776e+00,-2.529602047055672376e+00,-3.438943849633013361e+00,-2.744186702412586776e+00
5.648000000000000398e+01,-2.179998397827148438e+00,-2.164787292480468750e+00,-1.004463195800781250e+00,2.529602047055672376e+00,3.438943849633013361e+00,2.744186702412586776e+00,-2.529602047055672376e+00,-3.438943849633013361e+00,-2.744186702412586776e+00
5.656000000000000227e+01,-2.179792404174804688e+00,-2.164751052856445312e+00,-1.004470825195312500e+00,2.529602047055672376e+00,3.438943849633013361e+00,2.744186702412586776e+00,-2.529602047055672376e+00,-3.438943849633013361e+00,-2.744186702412586776e+00
5.664000000000000057e+01,-2.179590225219726562e+00,-2.164716720581054688e+00,-1.004478454589843750e+00,2.529602047055672376e+00,3.438943849633013361e+00,2.744186702412586776e+00,-2.529602047055672376e+00,-3.438943849633013361e+00,-2.744186702412586776e+00
5.671999999999999886e+01,-2.179389953613281250e+00,-2.164682388305664062e+00,-1.004486083984375000e+00,2.529602047055672376e+00,3.438943849633013361e+00,2.744186702412586776e+00,-2.529602047055672376e+00,-3.438943849633013361e+00,-2.744186702412586776e+00
5.680000000000000426e+01,-2.179193496704101562e+00,-2.164649963378906250e+00,-1.004493713378906250e+00,2.529602047055672376e+00,3.438943849633013361e+00,2.744186702412586776e+00,-2.529602047055672376e+00,-3.438943849633013361e+00,-2.744186702412586776e+00
5.688000000000000256e+01,-2.179000854492187500e+00,-2.164617538452148438e+00,-1.004501342773437500e+00,2.529602047055672376e+00,3.438943849633013361e+00,2.744186702412586776e+00,-2.529602047055672376e+00,-3.438943849633013361e+00,-2.744186702412586776e+00
5.696000000000000085e+01,-2.178812026977539062e+00,-2.164587020874023438e+00,-1.004508972167968750e+00,2.529602047055672376e+00,3.438943849633013361e+00,2.744186702412586776e+00,-2.529602047055672376e+00,-3.438943849633013361e+00,-2.744186702412586776e+00
5.703999999999999915e+01,-2.178627014160156250e+00,-2.164558410644531250e+00,-1.004516601562500000e+00,2.529602047055672376e+00,3.438943849633013361e+00,2.744186702412586776e+00,-2.529602047055672376e+00,-3.438943849633013361e+00,-2.744186702412586776e+00
5.712000000000000455e+01,-2.178445816040039062e+00,-2.164529800415039062e+00,-1.004524230957031250e+00,2.529602047055672376e+00,3.438943849633013361e+00,2.744186702412586776e+00,-2.529602047055672376e+00,-3.438943849633013361e+00,-2.744186702412586776e+00
5.720000000000000284e+01,-2.178266525268554688e+00,-2.164503097534179688e+00,-1.004531860351562500e+00,2.529602047055672376e+00,3.438943849633013361e+00,2.744186702412586776e+00,-2.529602047055672376e+00,-3.438943849633013361e+00,-2.744186702412586776e+00
5.728000000000000114e+01,-2.178091049194335938e+00,-2.164476394653320312e+00,-1.004539489746093750e+00,2.529602047055672376e+00,3.438943849633013361e+00,2.744186702412586776e+00,-2.529602047055672376e+00,-3.438943849633013361e+00,-2.744186702412586776e+00
5.735999999999999943e+01,-2.177919387817382812e+00,-2.164451599121093750e+00,-1.004543304443359375e+00,2.529602047055672376e+00,3.438943849633013361e+00,2.744186702412586776e+00,-2.529602047055672376e+00,-3.438943849633013361e+00,-2.744186702412586776e+00
5.743999999999999773e+01,-2.177751541137695312e+00,-2.164426803588867188e+00,-1.004547119140625000e+00,2.529602047055672376e+00,3.438943849633013361e+00,2.744186702412586776e+00,-2.529602047055672376e+00,-3.438943849633013361e+00,-2.744186702412586776e+00
5.752000000000000313e+01,-2.177587509155273438e+00,-2.164403915405273438e+00,-1.004550933837890625e+00,2.529602047055672376e+00,3.438943849633013361e+00,2.744186702412586776e+00,-2.529602047055672376e+00,-3.438943849633013361e+00,-2.744186702412586776e+00
5.760000000000000142e+01,-2.177427291870117188e+00,-2.164381027221679688e+00,-1.004554748535156250e+00,2.529602047055672376e+00,3.438943849633013361e+00,2.744186702412586776e+00,-2.529602047055672376e+00,-3.438943849633013361e+00,-2.744186702412586776e+00
5.767999999999999972e+01,-2.177270889282226562e+00,-2.164360046386718750e+00,-1.004558563232421875e+00,2.529602047055672376e+00,3.438943849633013361e+00,2.744186702412586776e+00,-2.529602047055672376e+00,-3.438943849633013361e+00,-2.744186702412586776e+00
5.775999999999999801e+01,-2.177118301391601562e+00,-2.164340972900390625e+00,-1.004562377929687500e+00,2.529602047055672376e+00,3.438943849633013361e+00,2.744186702412586776e+00,-2.529602047055672376e+00,-3.438943849633013361e+00,-2.744186702412586776e+00
5.784000000000000341e+01,-2.176969528198242188e+00,-2.164321899414062500e+00,-1.004566192626953125e+00,2.529602047055672376e+00,3.438943849633013361e+00,2.744186702412586776e+00,-2.529602047055672376e+00,-3.438943849633013361e+00,-2.744186702412586776e+00
5.792000000000000171e+01,-2.176824569702148438e+00,-2.164302825927734375e+00,-1.004570007324218750e+00,2.529602047055672376e+00,3.438943849633013361e+00,2.744186702412586776e+00,-2.529602047055672376e+00,-3.438943849633013361e+00,-2.744186702412586776e+00
5.800000000000000000e+01,-2.176683425903320312e+00,-2.164283752441406250e+00,-1.004573822021484375e+00,2.529602047055672376e+00,3.438943849633013361e+00,2.744186702412586776e+00,-2.529602047055672376e+00,-3.438943849633013361e+00,-2.744186702412586776e+00
5.807999999999999829e+01,-2.176546096801757812e+00,-2.164264678955078125e+00,-1.004577636718750000e+00,2.529602047055672376e+00,3.438943849633013361e+00,2.744186702412586776e+00,-2.529602047055672376e+00,-3.438943849633013361e+00,-2.744186702412586776e+00
5.816000000000000369e+01,-2.176412582397460938e+00,-2.164249420166015625e+00,-1.004581451416015625e+00,2.529602047055672376e+00,3.438943849633013361e+00,2.744186702412586776e+00,-2.529602047055672376e+00,-3.438943849633013361e+00,-2.744186702412586776e+00
5.824000000000000199e+01,-2.176282882690429688e+00,-2.164234161376953125e+00,-1.004585266113281250e+00,2.529602047055672376e+00,3.438943849633013361e+00,2.744186702412586776e+00,-2.529602047055672376e+00,-3.438943849633013361e+00,-2.744186702412586776e+00
5.832000000000000028e+01,-2.176156997680664062e+00,-2.164218902587890625e+00,-1.004589080810546875e+00,2.529602047055672376e+00,3.438943849633013361e+00,2.744186702412586776e+00,-2.529602047055672376e+00,-3.438943849633013361e+00,-2.744186702412586776e+00
5.839999999999999858e+01,-2.176033020019531250e+00,-2.164203643798828125e+00,-1.004592895507812500e+00,2.529602047055672376e+00,3.438943849633013361e+00,2.744186702412586776e+00,-2.529602047055672376e+00,-3.438943849633013361e+00,-2.744186702412586776e+00
5.848000000000000398e+01,-2.175912857055664062e+00,-2.164188385009765625e+00,-1.004596710205078125e+00,2.529602047055672376e+00,3.438943849633013361e+00,2.744186702412586776e+00,-2.529602047055672376e+00,-3.438943849633013361e+00,-2.744186702412586776e+00
5.856000000000000227e+01,-2.175796508789062500e+00,-2.164173126220703125e+00,-1.004600524902343750e+00,2.529602047055672376e+00,3.438943849633013361e+00,2.744186702412586776e+00,-2.529602047055672376e+00,-3.438943849633013361e+00,-2.744186702412586776e+00
5.864000000000000057e+01,-2.175683975219726562e+00,-2.164161682128906250e+00,-1.004604339599609375e+00,2.529602047055672376e+00,3.438943849633013361e+00,2.744186702412586776e+00,-2.529602047055672376e+00,-3.438943849633013361e+00,-2.744186702412586776e+00
5.871999999999999886e+01,-2.175575256347656250e+00,-2.164150238037109375e+00,-1.004608154296875000e+00,2.529602047055672376e+00,3.438943849633013361e+00,2.744186702412586776e+00,-2.529602047055672376e+00,-3.438943849633013361e+00,-2.744186702412586776e+00
5.880000000000000426e+01,-2.175468444824218750e+00,-2.164138793945312500e+00,-1.004608154296875000e+00,2.529602047055672376e+00,3.438943849633013361e+00,2.744186702412586776e+00,-2.529602047055672376e+00,-3.438943849633013361e+00,-2.744186702412586776e+00
5.888000000000000256e+01,-2.175365447998046875e+00,-2.164127349853515625e+00,-1.004608154296875000e+00,2.529602047055672376e+00,3.438943849633013361e+00,2.744186702412586776e+00,-2.529602047055672376e+00,-3.438943849633013361e+00,-2.744186702412586776e+00
5.896000000000000085e+01,-2.175266265869140625e+00,-2.164115905761718750e+00,-1.004608154296875000e+00,2.529602047055672376e+00,3.438943849633013361e+00,2.744186702412586776e+00,-2.529602047055672376e+00,-3.438943849633013361e+00,-2.744186702412586776e+00
5.903999999999999915e+01,-2.175168991088867188e+00,-2.164104461669921875e+00,-1.004608154296875000e+00,2.529602047055672376e+00,3.438943849633013361e+00,2.744186702412586776e+00,-2.529602047055672376e+00,-3.438943849633013361e+00,-2.744186702412586776e+00
5.912000000000000455e+01,-2.175075531005859375e+00,-2.164093017578125000e+00,-1.004608154296875000e+00,2.529602047055672376e+00,3.438943849633013361e+00,2.744186702412586776e+00,-2.529602047055672376e+00,-3.438943849633013361e+00,-2.744186702412586776e+00
5.920000000000000284e+01,-2.174983978271484375e+00,-2.164085388183593750e+00,-1.004608154296875000e+00,2.529602047055672376e+00,3.438943849633013361e+00,2.744186702412586776e+00,-2.529602047055672376e+00,-3.438943849633013361e+00,-2.744186702412586776e+00
5.928000000000000114e+01,-2.174896240234375000e+00,-2.164077758789062500e+00,-1.004608154296875000e+00,2.529602047055672376e+00,3.438943849633013361e+00,2.744186702412586776e+00,-2.529602047055672376e+00,-3.438943849633013361e+00,-2.744186702412586776e+00
5.935999999999999943e+01,-2.174812316894531250e+00,-2.164070129394531250e+00,-1.004608154296875000e+00,2.529602047055672376e+00,3.438943849633013361e+00,2.744186702412586776e+00,-2.529602047055672376e+00,-3.438943849633013361e+00,-2.744186702412586776e+00
5.943999999999999773e+01,-2.174730300903320312e+00,-2.164062500000000000e+00,-1.004608154296875000e+00,2.529602047055672376e+00,3.438943849633013361e+00,2.744186702412586776e+00,-2.529602047055672376e+00,-3.438943849633013361e+00,-2.744186702412586776e+00
5.952000000000000313e+01,-2.174650192260742188e+00,-2.164054870605468750e+00,-1.004608154296875000e+00,2.529602047055672376e+00,3.438943849633013361e+00,2.744186702412586776e+00,-2.529602047055672376e+00,-3.438943849633013361e+00,-2.744186702412586776e+00
5.960000000000000142e+01,-2.174573898315429688e+00,-2.164047241210937500e+00,-1.004608154296875000e+00,2.529602047055672376e+00,3.438943849633013361e+00,2.744186702412586776e+00,-2.529602047055672376e+00,-3.438943849633013361e+00,-2.744186702412586776e+00
5.967999999999999972e+01,-2.174499511718750000e+00,-2.164039611816406250e+00,-1.004608154296875000e+00,2.529602047055672376e+00,3.438943849633013361e+00,2.744186702412586776e+00,-2.529602047055672376e+00,-3.438943849633013361e+00,-2.744186702412586776e+00
5.975999999999999801e+01,-2.174428939819335938e+00,-2.164031982421875000e+00,-1.004608154296875000e+00,2.529602047055672376e+00,3.438943849633013361e+00,2.744186702412586776e+00,-2.529602047055672376e+00,-3.438943849633013361e+00,-2.744186702412586776e+00
5.984000000000000341e+01,-2.174360275268554688e+00,-2.164024353027343750e+00,-1.004608154296875000e+00,2.529602047055672376e+00,3.438943849633013361e+00,2.744186702412586776e+00,-2.529602047055672376e+00,-3.438943849633013361e+00,-2.744186702412586776e+00
5.992000000000000171e+01,-2.174293518066406250e+00,-2.164020538330078125e+00,-1.004608154296875000e+00,2.529602047055672376e+00,3.438943849633013361e+00,2.744186702412586776e+00,-2.529602047055672376e+00,-3.438943849633013361e+00,-2.744186702412586776e+00
6.000000000000000000e+01,-2.174228668212890625e+00,-2.164016723632812500e+00,-1.004608154296875000e+00,2.529602047055672376e+00,3.438943849633013361e+00,2.744186702412586776e+00,-2.529602047055672376e+00,-3.438943849633013361e+00,-2.744186702412586776e+00
6.007999999999999829e+01,-2.174167633056640625e+00,-2.164012908935546875e+00,-1.004608154296875000e+00,2.529602047055672376e+00,3.438943849633013361e+00,2.744186702412586776e+00,-2.529602047055672376e+00,-3.438943849633013361e+00,-2.744186702412586776e+00
6.016000000000000369e+01,-2.174108505249023438e+00,-2.164009094238281250e+00,-1.004608154296875000e+00,2.529602047055672376e+00,3.438943849633013361e+00,2.744186702412586776e+00,-2.529602047055672376e+00,-3.438943849633013361e+00,-2.744186702412586776e+00
6.024000000000000199e+01,-2.174051284790039062e+00,-2.164005279541015625e+00,-1.004608154296875000e+00,2.529602047055672376e+00,3.438943849633013361e+00,2.744186702412586776e+00,-2.529602047055672376e+00,-3.438943849633013361e+00,-2.744186702412586776e+00
6.032000000000000028e+01,-2.173995971679687500e+00,-2.164001464843750000e+00,-1.004608154296875000e+00,2.529602047055672376e+00,3.438943849633013361e+00,2.744186702412586776e+00,-2.529602047055672376e+00,-3.438943849633013361e+00,-2.744186702412586776e+00
6.039999999999999858e+01,-2.173942565917968750e+00,-2.163997650146484375e+00,-1.004608154296875000e+00,2.529602047055672376e+00,3.438943849633013361e+00,2.744186702412586776e+00,-2.529602047055672376e+00,-3.438943849633013361e+00,-2.744186702412586776e+00
6.048000000000000398e+01,-2.173891067504882812e+00,-2.163993835449218750e+00,-1.004608154296875000e+00,2.529602047055672376e+00,3.438943849633013361e+00,2.744186702412586776e+00,-2.529602047055672376e+00,-3.438943849633013361e+00,-2.744186702412586776e+00
6.056000000000000227e+01,-2.173841476440429688e+00,-2.163990020751953125e+00,-1.004608154296875000e+00,2.529602047055672376e+00,3.438943849633013361e+00,2.744186702412586776e+00,-2.529602047055672376e+00,-3.438943849633013361e+00,-2.744186702412586776e+00
6.064000000000000057e+01,-2.173793792724609375e+00,-2.163986206054687500e+00,-1.004608154296875000e+00,2.529602047055672376e+00,3.438943849633013361e+00,2.744186702412586776e+00,-2.529602047055672376e+00,-3.438943849633013361e+00,-2.744186702412586776e+00
6.071999999999999886e+01,-2.173748016357421875e+00,-2.163982391357421875e+00,-1.004608154296875000e+00,2.529602047055672376e+00,3.438943849633013361e+00,2.744186702412586776e+00,-2.529602047055672376e+00,-3.438943849633013361e+00,-2.744186702412586776e+00
6.080000000000000426e+01,-2.173706054687500000e+00,-2.163978576660156250e+00,-1.004608154296875000e+00,2.529602047055672376e+00,3.438943849633013361e+00,2.744186702412586776e+00,-2.529602047055672376e+00,-3.438943849633013361e+00,-2.744186702412586776e+00
6.088000000000000256e+01,-2.173664093017578125e+00,-2.163974761962890625e+00,-1.004608154296875000e+00,2.529602047055672376e+00,3.438943849633013361e+00,2.744186702412586776e+00,-2.529602047055672376e+00,-3.438943849633013361e+00,-2.744186702412586776e+00
6.096000000000000085e+01,-2.173625946044921875e+00,-2.163970947265625000e+00,-1.004608154296875000e+00,2.529602047055672376e+00,3.438943849633013361e+00,2.744186702412586776e+00,-2.529602047055672376e+00,-3.438943849633013361e+00,-2.744186702412586776e+00
6.103999999999999915e+01,-2.173587799072265625e+00,-2.163967132568359375e+00,-1.004608154296875000e+00,2.529602047055672376e+00,3.438943849633013361e+00,2.744186702412586776e+00,-2.529602047055672376e+00,-3.438943849633013361e+00,-2.744186702412586776e+00
6.112000000000000455e+01,-2.173549652099609375e+00,-2.163967132568359375e+00,-1.004608154296875000e+00,2.529602047055672376e+00,3.438943849633013361e+00,2.744186702412586776e+00,-2.529602047055672376e+00,-3.438943849633013361e+00,-2.744186702412586776e+00
6.120000000000000284e+01,-2.173515319824218750e+00,-2.163967132568359375e+00,-1.004608154296875000e+00,2.529602047055672376e+00,3.438943849633013361e+00,2.744186702412586776e+00,-2.529602047055672376e+00,-3.438943849633013361e+00,-2.744186702412586776e+00
6.128000000000000114e+01,-2.173480987548828125e+00,-2.163967132568359375e+00,-1.004608154296875000e+00,2.529602047055672376e+00,3.438943849633013361e+00,2.744186702412586776e+00,-2.529602047055672376e+00,-3.438943849633013361e+00,-2.744186702412586776e+00
6.135999999999999943e+01,-2.173450469970703125e+00,-2.163967132568359375e+00,-1.004608154296875000e+00,2.529602047055672376e+00,3.438943849633013361e+00,2.744186702412586776e+00,-2.529602047055672376e+00,-3.438943849633013361e+00,-2.744186702412586776e+00
6.143999999999999773e+01,-2.173419952392578125e+00,-2.163967132568359375e+00,-1.004608154296875000e+00,2.529602047055672376e+00,3.438943849633013361e+00,2.744186702412586776e+00,-2.529602047055672376e+00,-3.438943849633013361e+00,-2.744186702412586776e+00
6.152000000000000313e+01,-2.173389434814453125e+00,-2.163967132568359375e+00,-1.004608154296875000e+00,2.529602047055672376e+00,3.438943849633013361e+00,2.744186702412586776e+00,-2.529602047055672376e+00,-3.438943849633013361e+00,-2.744186702412586776e+00
6.160000000000000142e+01,-2.173362731933593750e+00,-2.163967132568359375e+00,-1.004608154296875000e+00,2.529602047055672376e+00,3.438943849633013361e+00,2.744186702412586776e+00,-2.529602047055672376e+00,-3.438943849633013361e+00,-2.744186702412586776e+00
6.167999999999999972e+01,-2.173336029052734375e+00,-2.163967132568359375e+00,-1.004608154296875000e+00,2.529602047055672376e+00,3.438943849633013361e+00,2.744186702412586776e+00,-2.529602047055672376e+00,-3.438943849633013361e+00,-2.744186702412586776e+00
6.175999999999999801e+01,-2.173309326171875000e+00,-2.163967132568359375e+00,-1.004608154296875000e+00,2.529602047055672376e+00,3.438943849633013361e+00,2.744186702412586776e+00,-2.529602047055672376e+00,-3.438943849633013361e+00,-2.744186702412586776e+00
6.184000000000000341e+01,-2.173286437988281250e+00,-2.163967132568359375e+00,-1.004608154296875000e+00,2.529602047055672376e+00,3.438943849633013361e+00,2.744186702412586776e+00,-2.529602047055672376e+00,-3.438943849633013361e+00,-2.744186702412586776e+00
6.192000000000000171e+01,-2.173263549804687500e+00,-2.163967132568359375e+00,-1.004608154296875000e+00,2.529602047055672376e+00,3.438943849633013361e+00,2.744186702412586776e+00,-2.529602047055672376e+00,-3.438943849633013361e+00,-2.744186702412586776e+00
6.200000000000000000e+01,-2.173240661621093750e+00,-2.163967132568359375e+00,-1.004608154296875000e+00,2.529602047055672376e+00,3.438943849633013361e+00,2.744186702412586776e+00,-2.529602047055672376e+00,-3.438943849633013361e+00,-2.744186702412586776e+00
6.207999999999999829e+01,-2.173217773437500000e+00,-2.163967132568359375e+00,-1.004608154296875000e+00,2.529602047055672376e+00,3.438943849633013361e+00,2.744186702412586776e+00,-2.529602047055672376e+00,-3.438943849633013361e+00,-2.744186702412586776e+00
6.216000000000000369e+01,-2.173198699951171875e+00,-2.163967132568359375e+00,-1.004608154296875000e+00,2.529602047055672376e+00,3.438943849633013361e+00,2.744186702412586776e+00,-2.529602047055672376e+00,-3.438943849633013361e+00,-2.744186702412586776e+00
6.224000000000000199e+01,-2.173179626464843750e+00,-2.163967132568359375e+00,-1.004608154296875000e+00,2.529602047055672376e+00,3.438943849633013361e+00,2.744186702412586776e+00,-2.529602047055672376e+00,-3.438943849633013361e+00,-2.744186702412586776e+00
6.232000000000000028e+01,-2.173160552978515625e+00,-2.163967132568359375e+00,-1.004608154296875000e+00,2.529602047055672376e+00,3.438943849633013361e+00,2.744186702412586776e+00,-2.529602047055672376e+00,-3.438943849633013361e+00,-2.744186702412586776e+00
6.239999999999999858e+01,-2.173141479492187500e+00,-2.163967132568359375e+00,-1.004608154296875000e+00,2.529602047055672376e+00,3.438943849633013361e+00,2.744186702412586776e+00,-2.529602047055672376e+00,-3.438943849633013361e+00,-2.744186702412586776e+00
6.248000000000000398e+01,-2.173126220703125000e+00,-2.163967132568359375e+00,-1.004608154296875000e+00,2.529602047055672376e+00,3.438943849633013361e+00,2.744186702412586776e+00,-2.529602047055672376e+00,-3.438943849633013361e+00,-2.744186702412586776e+00
6.256000000000000227e+01,-2.173110961914062500e+00,-2.163967132568359375e+00,-1.004608154296875000e+00,2.529602047055672376e+00,3.438943849633013361e+00,2.744186702412586776e+00,-2.529602047055672376e+00,-3.438943849633013361e+00,-2.744186702412586776e+00
6.264000000000000057e+01,-2.173095703125000000e+00,-2.163967132568359375e+00,-1.004608154296875000e+00,2.529602047055672376e+00,3.438943849633013361e+00,2.744186702412586776e+00,-2.529602047055672376e+00,-3.438943849633013361e+00,-2.744186702412586776e+00
6.271999999999999886e+01,-2.173080444335937500e+00,-2.163967132568359375e+00,-1.004608154296875000e+00,2.529602047055672376e+00,3.438943849633013361e+00,2.744186702412586776e+00,-2.529602047055672376e+00,-3.438943849633013361e+00,-2.744186702412586776e+00
6.280000000000000426e+01,-2.173069000244140625e+00,-2.163967132568359375e+00,-1.004608154296875000e+00,2.529602047055672376e+00,3.438943849633013361e+00,2.744186702412586776e+00,-2.529602047055672376e+00,-3.438943849633013361e+00,-2.744186702412586776e+00
6.288000000000000256e+01,-2.173057556152343750e+00,-2.163967132568359375e+00,-1.004608154296875000e+00,2.529602047055672376e+00,3.438943849633013361e+00,2.744186702412586776e+00,-2.529602047055672376e+00,-3.438943849633013361e+00,-2.744186702412586776e+00
6.296000000000000085e+01,-2.173046112060546875e+00,-2.163967132568359375e+00,-1.004608154296875000e+00,2.529602047055672376e+00,3.438943849633013361e+00,2.744186702412586776e+00,-2.529602047055672376e+00,-3.438943849633013361e+00,-2.744186702412586776e+00
6.303999999999999915e+01,-2.173034667968750000e+00,-2.163967132568359375e+00,-1.004608154296875000e+00,2.529602047055672376e+00,3.438943849633013361e+00,2.744186702412586776e+00,-2.529602047055672376e+00,-3.438943849633013361e+00,-2.744186702412586776e+00
6.312000000000000455e+01,-2.173023223876953125e+00,-2.163967132568359375e+00,-1.004608154296875000e+00,2.529602047055672376e+00,3.438943849633013361e+00,2.744186702412586776e+00,-2.529602047055672376e+00,-3.438943849633013361e+00,-2.744186702412586776e+00
6.320000000000000284e+01,-2.173011779785156250e+00,-2.163967132568359375e+00,-1.004608154296875000e+00,2.529602047055672376e+00,3.438943849633013361e+00,2.744186702412586776e+00,-2.529602047055672376e+00,-3.438943849633013361e+00,-2.744186702412586776e+00
6.328000000000000114e+01,-2.173004150390625000e+00,-2.163967132568359375e+00,-1.004608154296875000e+00,2.529602047055672376e+00,3.438943849633013361e+00,2.744186702412586776e+00,-2.529602047055672376e+00,-3.438943849633013361e+00,-2.744186702412586776e+00
6.335999999999999943e+01,-2.172996520996093750e+00,-2.163967132568359375e+00,-1.004608154296875000e+00,2.529602047055672376e+00,3.438943849633013361e+00,2.744186702412586776e+00,-2.529602047055672376e+00,-3.438943849633013361e+00,-2.744186702412586776e+00
6.344000000000000483e+01,-2.172988891601562500e+00,-2.163967132568359375e+00,-1.004608154296875000e+00,2.529602047055672376e+00,3.438943849633013361e+00,2.744186702412586776e+00,-2.529602047055672376e+00,-3.438943849633013361e+00,-2.744186702412586776e+00
6.352000000000000313e+01,-2.172981262207031250e+00,-2.163967132568359375e+00,-1.004608154296875000e+00,2.529602047055672376e+00,3.438943849633013361e+00,2.744186702412586776e+00,-2.529602047055672376e+00,-3.438943849633013361e+00,-2.744186702412586776e+00
6.360000000000000142e+01,-2.172973632812500000e+00,-2.163967132568359375e+00,-1.004608154296875000e+00,2.529602047055672376e+00,3.438943849633013361e+00,2.744186702412586776e+00,-2.529602047055672376e+00,-3.438943849633013361e+00,-2.744186702412586776e+00
6.367999999999999972e+01,-2.172966003417968750e+00,-2.163967132568359375e+00,-1.004608154296875000e+00,2.529602047055672376e+00,3.438943849633013361e+00,2.744186702412586776e+00,-2.529602047055672376e+00,-3.438943849633013361e+00,-2.744186702412586776e+00
6.375999999999999801e+01,-2.172958374023437500e+00,-2.163967132568359375e+00,-1.004608154296875000e+00,2.529602047055672376e+00,3.438943849633013361e+00,2.744186702412586776e+00,-2.529602047055672376e+00,-3.438943849633013361e+00,-2.744186702412586776e+00
6.384000000000000341e+01,-2.172950744628906250e+00,-2.163967132568359375e+00,-1.004608154296875000e+00,2.529602047055672376e+00,3.438943849633013361e+00,2.744186702412586776e+00,-2.529602047055672376e+00,-3.438943849633013361e+00,-2.744186702412586776e+00
6.392000000000000171e+01,-2.172946929931640625e+00,-2.163967132568359375e+00,-1.004608154296875000e+00,2.529602047055672376e+00,3.438943849633013361e+00,2.744186702412586776e+00,-2.529602047055672376e+00,-3.438943849633013361e+00,-2.744186702412586776e+00
6.400000000000000000e+01,-2.172943115234375000e+00,-2.163967132568359375e+00,-1.004608154296875000e+00,2.529602047055672376e+00,3.438943849633013361e+00,2.744186702412586776e+00,-2.529602047055672376e+00,-3.438943849633013361e+00,-2.744186702412586776e+00
6.407999999999999829e+01,-2.172939300537109375e+00,-2.163967132568359375e+00,-1.004608154296875000e+00,2.529602047055672376e+00,3.438943849633013361e+00,2.744186702412586776e+00,-2.529602047055672376e+00,-3.438943849633013361e+00,-2.744186702412586776e+00
6.415999999999999659e+01,-2.172935485839843750e+00,-2.163967132568359375e+00,-1.004608154296875000e+00,2.529602047055672376e+00,3.438943849633013361e+00,2.744186702412586776e+00,-2.529602047055672376e+00,-3.438943849633013361e+00,-2.744186702412586776e+00
6.423999999999999488e+01,-2.172931671142578125e+00,-2.163967132568359375e+00,-1.004608154296875000e+00,2.529602047055672376e+00,3.438943849633013361e+00,2.744186702412586776e+00,-2.529602047055672376e+00,-3.438943849633013361e+00,-2.744186702412586776e+00
6.432000000000000739e+01,-2.172927856445312500e+00,-2.163967132568359375e+00,-1.004608154296875000e+00,2.529602047055672376e+00,3.438943849633013361e+00,2.744186702412586776e+00,-2.529602047055672376e+00,-3.438943849633013361e+00,-2.744186702412586776e+00
6.440000000000000568e+01,-2.172924041748046875e+00,-2.163967132568359375e+00,-1.004608154296875000e+00,2.529602047055672376e+00,3.438943849633013361e+00,2.744186702412586776e+00,-2.529602047055672376e+00,-3.438943849633013361e+00,-2.744186702412586776e+00
6.448000000000000398e+01,-2.172920227050781250e+00,-2.163967132568359375e+00,-1.004608154296875000e+00,2.529602047055672376e+00,3.438943849633013361e+00,2.744186702412586776e+00,-2.529602047055672376e+00,-3.438943849633013361e+00,-2.744186702412586776e+00
6.456000000000000227e+01,-2.172916412353515625e+00,-2.163967132568359375e+00,-1.004608154296875000e+00,2.529602047055672376e+00,3.438943849633013361e+00,2.744186702412586776e+00,-2.529602047055672376e+00,-3.438943849633013361e+00,-2.744186702412586776e+00
6.464000000000000057e+01,-2.172912597656250000e+00,-2.163967132568359375e+00,-1.004608154296875000e+00,2.529602047055672376e+00,3.438943849633013361e+00,2.744186702412586776e+00,-2.529602047055672376e+00,-3.438943849633013361e+00,-2.744186702412586776e+00
6.471999999999999886e+01,-2.172908782958984375e+00,-2.163967132568359375e+00,-1.004608154296875000e+00,2.529602047055672376e+00,3.438943849633013361e+00,2.744186702412586776e+00,-2.529602047055672376e+00,-3.438943849633013361e+00,-2.744186702412586776e+00
6.479999999999999716e+01,-2.172904968261718750e+00,-2.163967132568359375e+00,-1.004608154296875000e+00,2.529602047055672376e+00,3.438943849633013361e+00,2.744186702412586776e+00,-2.529602047055672376e+00,-3.438943849633013361e+00,-2.744186702412586776e+00
6.487999999999999545e+01,-2.172901153564453125e+00,-2.163967132568359375e+00,-1.004608154296875000e+00,2.529602047055672376e+00,3.438943849633013361e+00,2.744186702412586776e+00,-2.529602047055672376e+00,-3.438943849633013361e+00,-2.744186702412586776e+00
6.496000000000000796e+01,-2.172901153564453125e+00,-2.163967132568359375e+00,-1.004608154296875000e+00,2.529602047055672376e+00,3.438943849633013361e+00,2.744186702412586776e+00,-2.529602047055672376e+00,-3.438943849633013361e+00,-2.744186702412586776e+00
6.504000000000000625e+01,-2.172901153564453125e+00,-2.163967132568359375e+00,-1.004608154296875000e+00,2.529602047055672376e+00,3.438943849633013361e+00,2.744186702412586776e+00,-2.529602047055672376e+00,-3.438943849633013361e+00,-2.744186702412586776e+00
6.512000000000000455e+01,-2.172901153564453125e+00,-2.163967132568359375e+00,-1.004608154296875000e+00,2.529602047055672376e+00,3.438943849633013361e+00,2.744186702412586776e+00,-2.529602047055672376e+00,-3.438943849633013361e+00,-2.744186702412586776e+00
6.520000000000000284e+01,-2.172901153564453125e+00,-2.163967132568359375e+00,-1.004608154296875000e+00,2.529602047055672376e+00,3.438943849633013361e+00,2.744186702412586776e+00,-2.529602047055672376e+00,-3.438943849633013361e+00,-2.744186702412586776e+00
6.528000000000000114e+01,-2.172901153564453125e+00,-2.163967132568359375e+00,-1.004608154296875000e+00,2.529602047055672376e+00,3.438943849633013361e+00,2.744186702412586776e+00,-2.529602047055672376e+00,-3.438943849633013361e+00,-2.744186702412586776e+00
6.535999999999999943e+01,-2.172901153564453125e+00,-2.163967132568359375e+00,-1.004608154296875000e+00,2.529602047055672376e+00,3.438943849633013361e+00,2.744186702412586776e+00,-2.529602047055672376e+00,-3.438943849633013361e+00,-2.744186702412586776e+00
6.543999999999999773e+01,-2.172901153564453125e+00,-2.163967132568359375e+00,-1.004608154296875000e+00,2.529602047055672376e+00,3.438943849633013361e+00,2.744186702412586776e+00,-2.529602047055672376e+00,-3.438943849633013361e+00,-2.744186702412586776e+00
6.551999999999999602e+01,-2.172901153564453125e+00,-2.163967132568359375e+00,-1.004608154296875000e+00,2.529602047055672376e+00,3.438943849633013361e+00,2.744186702412586776e+00,-2.529602047055672376e+00,-3.438943849633013361e+00,-2.744186702412586776e+00
6.559999999999999432e+01,-2.172901153564453125e+00,-2.163967132568359375e+00,-1.004608154296875000e+00,2.529602047055672376e+00,3.438943849633013361e+00,2.744186702412586776e+00,-2.529602047055672376e+00,-3.438943849633013361e+00,-2.744186702412586776e+00
6.568000000000000682e+01,-2.172901153564453125e+00,-2.163967132568359375e+00,-1.004608154296875000e+00,2.529602047055672376e+00,3.438943849633013361e+00,2.744186702412586776e+00,-2.529602047055672376e+00,-3.438943849633013361e+00,-2.744186702412586776e+00
6.576000000000000512e+01,-2.172901153564453125e+00,-2.163967132568359375e+00,-1.004608154296875000e+00,2.529602047055672376e+00,3.438943849633013361e+00,2.744186702412586776e+00,-2.529602047055672376e+00,-3.438943849633013361e+00,-2.744186702412586776e+00
6.584000000000000341e+01,-2.172901153564453125e+00,-2.163967132568359375e+00,-1.004608154296875000e+00,2.529602047055672376e+00,3.438943849633013361e+00,2.744186702412586776e+00,-2.529602047055672376e+00,-3.438943849633013361e+00,-2.744186702412586776e+00
6.592000000000000171e+01,-2.172901153564453125e+00,-2.163967132568359375e+00,-1.004608154296875000e+00,2.529602047055672376e+00,3.438943849633013361e+00,2.744186702412586776e+00,-2.529602047055672376e+00,-3.438943849633013361e+00,-2.744186702412586776e+00
6.600000000000000000e+01,-2.172901153564453125e+00,-2.163967132568359375e+00,-1.004608154296875000e+00,2.529602047055672376e+00,3.438943849633013361e+00,2.744186702412586776e+00,-2.529602047055672376e+00,-3.438943849633013361e+00,-2.744186702412586776e+00
6.607999999999999829e+01,-2.172901153564453125e+00,-2.163967132568359375e+00,-1.004608154296875000e+00,2.529602047055672376e+00,3.438943849633013361e+00,2.744186702412586776e+00,-2.529602047055672376e+00,-3.438943849633013361e+00,-2.744186702412586776e+00
6.615999999999999659e+01,-2.172901153564453125e+00,-2.163967132568359375e+00,-1.004608154296875000e+00,2.529602047055672376e+00,3.438943849633013361e+00,2.744186702412586776e+00,-2.529602047055672376e+00,-3.438943849633013361e+00,-2.744186702412586776e+00
6.623999999999999488e+01,-2.172901153564453125e+00,-2.163967132568359375e+00,-1.004608154296875000e+00,2.529602047055672376e+00,3.438943849633013361e+00,2.744186702412586776e+00,-2.529602047055672376e+00,-3.438943849633013361e+00,-2.744186702412586776e+00
6.632000000000000739e+01,-2.172901153564453125e+00,-2.163967132568359375e+00,-1.004608154296875000e+00,2.529602047055672376e+00,3.438943849633013361e+00,2.744186702412586776e+00,-2.529602047055672376e+00,-3.438943849633013361e+00,-2.744186702412586776e+00
6.640000000000000568e+01,-2.172901153564453125e+00,-2.163967132568359375e+00,-1.004608154296875000e+00,2.529602047055672376e+00,3.438943849633013361e+00,2.744186702412586776e+00,-2.529602047055672376e+00,-3.438943849633013361e+00,-2.744186702412586776e+00
6.648000000000000398e+01,-2.172901153564453125e+00,-2.163967132568359375e+00,-1.004608154296875000e+00,2.529602047055672376e+00,3.438943849633013361e+00,2.744186702412586776e+00,-2.529602047055672376e+00,-3.438943849633013361e+00,-2.744186702412586776e+00
6.656000000000000227e+01,-2.172901153564453125e+00,-2.163967132568359375e+00,-1.004608154296875000e+00,2.529602047055672376e+00,3.438943849633013361e+00,2.744186702412586776e+00,-2.529602047055672376e+00,-3.438943849633013361e+00,-2.744186702412586776e+00
6.664000000000000057e+01,-2.172901153564453125e+00,-2.163967132568359375e+00,-1.004608154296875000e+00,2.529602047055672376e+00,3.438943849633013361e+00,2.744186702412586776e+00,-2.529602047055672376e+00,-3.438943849633013361e+00,-2.744186702412586776e+00
6.671999999999999886e+01,-2.172901153564453125e+00,-2.163967132568359375e+00,-1.004608154296875000e+00,2.529602047055672376e+00,3.438943849633013361e+00,2.744186702412586776e+00,-2.529602047055672376e+00,-3.438943849633013361e+00,-2.744186702412586776e+00
6.679999999999999716e+01,-2.172901153564453125e+00,-2.163967132568359375e+00,-1.004608154296875000e+00,2.529602047055672376e+00,3.438943849633013361e+00,2.744186702412586776e+00,-2.529602047055672376e+00,-3.438943849633013361e+00,-2.744186702412586776e+00
6.687999999999999545e+01,-2.172901153564453125e+00,-2.163967132568359375e+00,-1.004608154296875000e+00,2.529602047055672376e+00,3.438943849633013361e+00,2.744186702412586776e+00,-2.529602047055672376e+00,-3.438943849633013361e+00,-2.744186702412586776e+00
6.696000000000000796e+01,-2.172901153564453125e+00,-2.163967132568359375e+00,-1.004608154296875000e+00,2.529602047055672376e+00,3.438943849633013361e+00,2.744186702412586776e+00,-2.529602047055672376e+00,-3.438943849633013361e+00,-2.744186702412586776e+00
6.704000000000000625e+01,-2.172901153564453125e+00,-2.163967132568359375e+00,-1.004608154296875000e+00,2.529602047055672376e+00,3.438943849633013361e+00,2.744186702412586776e+00,-2.529602047055672376e+00,-3.438943849633013361e+00,-2.744186702412586776e+00
6.712000000000000455e+01,-2.172901153564453125e+00,-2.163967132568359375e+00,-1.004608154296875000e+00,2.529602047055672376e+00,3.438943849633013361e+00,2.744186702412586776e+00,-2.529602047055672376e+00,-3.438943849633013361e+00,-2.744186702412586776e+00
6.720000000000000284e+01,-2.172901153564453125e+00,-2.163967132568359375e+00,-1.004608154296875000e+00,2.529602047055672376e+00,3.438943849633013361e+00,2.744186702412586776e+00,-2.529602047055672376e+00,-3.438943849633013361e+00,-2.744186702412586776e+00
6.728000000000000114e+01,-2.172901153564453125e+00,-2.163967132568359375e+00,-1.004608154296875000e+00,2.529602047055672376e+00,3.438943849633013361e+00,2.744186702412586776e+00,-2.529602047055672376e+00,-3.438943849633013361e+00,-2.744186702412586776e+00
6.735999999999999943e+01,-2.172901153564453125e+00,-2.163967132568359375e+00,-1.004608154296875000e+00,2.529602047055672376e+00,3.438943849633013361e+00,2.744186702412586776e+00,-2.529602047055672376e+00,-3.438943849633013361e+00,-2.744186702412586776e+00
6.743999999999999773e+01,-2.172901153564453125e+00,-2.163967132568359375e+00,-1.004608154296875000e+00,2.529602047055672376e+00,3.438943849633013361e+00,2.744186702412586776e+00,-2.529602047055672376e+00,-3.438943849633013361e+00,-2.744186702412586776e+00
6.751999999999999602e+01,-2.172901153564453125e+00,-2.163967132568359375e+00,-1.004608154296875000e+00,2.529602047055672376e+00,3.438943849633013361e+00,2.744186702412586776e+00,-2.529602047055672376e+00,-3.438943849633013361e+00,-2.744186702412586776e+00
6.759999999999999432e+01,-2.172901153564453125e+00,-2.163967132568359375e+00,-1.004608154296875000e+00,2.529602047055672376e+00,3.438943849633013361e+00,2.744186702412586776e+00,-2.529602047055672376e+00,-3.438943849633013361e+00,-2.744186702412586776e+00
6.768000000000000682e+01,-2.172901153564453125e+00,-2.163967132568359375e+00,-1.004608154296875000e+00,2.529602047055672376e+00,3.438943849633013361e+00,2.744186702412586776e+00,-2.529602047055672376e+00,-3.438943849633013361e+00,-2.744186702412586776e+00
6.776000000000000512e+01,-2.172901153564453125e+00,-2.163967132568359375e+00,-1.004608154296875000e+00,2.529602047055672376e+00,3.438943849633013361e+00,2.744186702412586776e+00,-2.529602047055672376e+00,-3.438943849633013361e+00,-2.744186702412586776e+00
6.784000000000000341e+01,-2.172901153564453125e+00,-2.163967132568359375e+00,-1.004608154296875000e+00,2.529602047055672376e+00,3.438943849633013361e+00,2.744186702412586776e+00,-2.529602047055672376e+00,-3.438943849633013361e+00,-2.744186702412586776e+00
6.792000000000000171e+01,-2.172901153564453125e+00,-2.163967132568359375e+00,-1.004608154296875000e+00,2.529602047055672376e+00,3.438943849633013361e+00,2.744186702412586776e+00,-2.529602047055672376e+00,-3.438943849633013361e+00,-2.744186702412586776e+00
6.800000000000000000e+01,-2.172901153564453125e+00,-2.163967132568359375e+00,-1.004608154296875000e+00,2.529602047055672376e+00,3.438943849633013361e+00,2.744186702412586776e+00,-2.529602047055672376e+00,-3.438943849633013361e+00,-2.744186702412586776e+00
6.807999999999999829e+01,-2.172901153564453125e+00,-2.163967132568359375e+00,-1.004608154296875000e+00,2.529602047055672376e+00,3.438943849633013361e+00,2.744186702412586776e+00,-2.529602047055672376e+00,-3.438943849633013361e+00,-2.744186702412586776e+00
6.815999999999999659e+01,-2.172901153564453125e+00,-2.163967132568359375e+00,-1.004608154296875000e+00,2.529602047055672376e+00,3.438943849633013361e+00,2.744186702412586776e+00,-2.529602047055672376e+00,-3.438943849633013361e+00,-2.744186702412586776e+00
6.823999999999999488e+01,-2.172901153564453125e+00,-2.163967132568359375e+00,-1.004608154296875000e+00,2.529602047055672376e+00,3.438943849633013361e+00,2.744186702412586776e+00,-2.529602047055672376e+00,-3.438943849633013361e+00,-2.744186702412586776e+00
6.832000000000000739e+01,-2.172901153564453125e+00,-2.163967132568359375e+00,-1.004608154296875000e+00,2.529602047055672376e+00,3.438943849633013361e+00,2.744186702412586776e+00,-2.529602047055672376e+00,-3.438943849633013361e+00,-2.744186702412586776e+00
6.840000000000000568e+01,-2.172901153564453125e+00,-2.163967132568359375e+00,-1.004608154296875000e+00,2.529602047055672376e+00,3.438943849633013361e+00,2.744186702412586776e+00,-2.529602047055672376e+00,-3.438943849633013361e+00,-2.744186702412586776e+00
6.848000000000000398e+01,-2.172901153564453125e+00,-2.163967132568359375e+00,-1.004608154296875000e+00,2.529602047055672376e+00,3.438943849633013361e+00,2.744186702412586776e+00,-2.529602047055672376e+00,-3.438943849633013361e+00,-2.744186702412586776e+00
6.856000000000000227e+01,-2.172901153564453125e+00,-2.163967132568359375e+00,-1.004608154296875000e+00,2.529602047055672376e+00,3.438943849633013361e+00,2.744186702412586776e+00,-2.529602047055672376e+00,-3.438943849633013361e+00,-2.744186702412586776e+00
6.864000000000000057e+01,-2.172901153564453125e+00,-2.163967132568359375e+00,-1.004608154296875000e+00,2.529602047055672376e+00,3.438943849633013361e+00,2.744186702412586776e+00,-2.529602047055672376e+00,-3.438943849633013361e+00,-2.744186702412586776e+00
6.871999999999999886e+01,-2.172901153564453125e+00,-2.163967132568359375e+00,-1.004608154296875000e+00,2.529602047055672376e+00,3.438943849633013361e+00,2.744186702412586776e+00,-2.529602047055672376e+00,-3.438943849633013361e+00,-2.744186702412586776e+00
6.879999999999999716e+01,-2.172901153564453125e+00,-2.163967132568359375e+00,-1.004608154296875000e+00,2.529602047055672376e+00,3.438943849633013361e+00,2.744186702412586776e+00,-2.529602047055672376e+00,-3.438943849633013361e+00,-2.744186702412586776e+00
6.887999999999999545e+01,-2.172901153564453125e+00,-2.163967132568359375e+00,-1.004608154296875000e+00,2.529602047055672376e+00,3.438943849633013361e+00,2.744186702412586776e+00,-2.529602047055672376e+00,-3.438943849633013361e+00,-2.744186702412586776e+00
6.896000000000000796e+01,-2.172901153564453125e+00,-2.163967132568359375e+00,-1.004608154296875000e+00,2.529602047055672376e+00,3.438943849633013361e+00,2.744186702412586776e+00,-2.529602047055672376e+00,-3.438943849633013361e+00,-2.744186702412586776e+00
6.904000000000000625e+01,-2.172901153564453125e+00,-2.163967132568359375e+00,-1.004608154296875000e+00,2.529602047055672376e+00,3.438943849633013361e+00,2.744186702412586776e+00,-2.529602047055672376e+00,-3.438943849633013361e+00,-2.744186702412586776e+00
6.912000000000000455e+01,-2.172901153564453125e+00,-2.163967132568359375e+00,-1.004608154296875000e+00,2.529602047055672376e+00,3.438943849633013361e+00,2.744186702412586776e+00,-2.529602047055672376e+00,-3.438943849633013361e+00,-2.744186702412586776e+00
6.920000000000000284e+01,-2.172901153564453125e+00,-2.163967132568359375e+00,-1.004608154296875000e+00,2.529602047055672376e+00,3.438943849633013361e+00,2.744186702412586776e+00,-2.529602047055672376e+00,-3.438943849633013361e+00,-2.744186702412586776e+00
6.928000000000000114e+01,-2.172901153564453125e+00,-2.163967132568359375e+00,-1.004608154296875000e+00,2.529602047055672376e+00,3.438943849633013361e+00,2.744186702412586776e+00,-2.529602047055672376e+00,-3.438943849633013361e+00,-2.744186702412586776e+00
6.935999999999999943e+01,-2.172901153564453125e+00,-2.163967132568359375e+00,-1.004608154296875000e+00,2.529602047055672376e+00,3.438943849633013361e+00,2.744186702412586776e+00,-2.529602047055672376e+00,-3.438943849633013361e+00,-2.744186702412586776e+00
6.943999999999999773e+01,-2.172901153564453125e+00,-2.163967132568359375e+00,-1.004608154296875000e+00,2.529602047055672376e+00,3.438943849633013361e+00,2.744186702412586776e+00,-2.529602047055672376e+00,-3.438943849633013361e+00,-2.744186702412586776e+00
6.951999999999999602e+01,-2.172901153564453125e+00,-2.163967132568359375e+00,-1.004608154296875000e+00,2.529602047055672376e+00,3.438943849633013361e+00,2.744186702412586776e+00,-2.529602047055672376e+00,-3.438943849633013361e+00,-2.744186702412586776e+00
6.960000000000000853e+01,-2.172901153564453125e+00,-2.163967132568359375e+00,-1.004608154296875000e+00,2.529602047055672376e+00,3.438943849633013361e+00,2.744186702412586776e+00,-2.529602047055672376e+00,-3.438943849633013361e+00,-2.744186702412586776e+00
6.968000000000000682e+01,-2.172901153564453125e+00,-2.163967132568359375e+00,-1.004608154296875000e+00,2.529602047055672376e+00,3.438943849633013361e+00,2.744186702412586776e+00,-2.529602047055672376e+00,-3.438943849633013361e+00,-2.744186702412586776e+00
6.976000000000000512e+01,-2.172901153564453125e+00,-2.163967132568359375e+00,-1.004608154296875000e+00,2.529602047055672376e+00,3.438943849633013361e+00,2.744186702412586776e+00,-2.529602047055672376e+00,-3.438943849633013361e+00,-2.744186702412586776e+00
6.984000000000000341e+01,-2.172901153564453125e+00,-2.163967132568359375e+00,-1.004608154296875000e+00,2.529602047055672376e+00,3.438943849633013361e+00,2.744186702412586776e+00,-2.529602047055672376e+00,-3.438943849633013361e+00,-2.744186702412586776e+00
6.992000000000000171e+01,-2.172901153564453125e+00,-2.163967132568359375e+00,-1.004608154296875000e+00,2.529602047055672376e+00,3.438943849633013361e+00,2.744186702412586776e+00,-2.529602047055672376e+00,-3.438943849633013361e+00,-2.744186702412586776e+00
7.000000000000000000e+01,-2.172901153564453125e+00,-2.163967132568359375e+00,-1.004608154296875000e+00,2.529602047055672376e+00,3.438943849633013361e+00,2.744186702412586776e+00,-2.529602047055672376e+00,-3.438943849633013361e+00,-2.744186702412586776e+00
7.007999999999999829e+01,-2.172901153564453125e+00,-2.163967132568359375e+00,-1.004608154296875000e+00,2.529602047055672376e+00,3.438943849633013361e+00,2.744186702412586776e+00,-2.529602047055672376e+00,-3.438943849633013361e+00,-2.744186702412586776e+00
7.015999999999999659e+01,-2.172901153564453125e+00,-2.163967132568359375e+00,-1.004608154296875000e+00,2.529602047055672376e+00,3.438943849633013361e+00,2.744186702412586776e+00,-2.529602047055672376e+00,-3.438943849633013361e+00,-2.744186702412586776e+00
7.023999999999999488e+01,-2.172901153564453125e+00,-2.163967132568359375e+00,-1.004608154296875000e+00,2.529602047055672376e+00,3.438943849633013361e+00,2.744186702412586776e+00,-2.529602047055672376e+00,-3.438943849633013361e+00,-2.744186702412586776e+00
7.032000000000000739e+01,-2.172901153564453125e+00,-2.163967132568359375e+00,-1.004608154296875000e+00,2.529602047055672376e+00,3.438943849633013361e+00,2.744186702412586776e+00,-2.529602047055672376e+00,-3.438943849633013361e+00,-2.744186702412586776e+00
7.040000000000000568e+01,-2.172901153564453125e+00,-2.163967132568359375e+00,-1.004608154296875000e+00,2.529602047055672376e+00,3.438943849633013361e+00,2.744186702412586776e+00,-2.529602047055672376e+00,-3.438943849633013361e+00,-2.744186702412586776e+00
7.048000000000000398e+01,-2.172901153564453125e+00,-2.163967132568359375e+00,-1.004608154296875000e+00,2.529602047055672376e+00,3.438943849633013361e+00,2.744186702412586776e+00,-2.529602047055672376e+00,-3.438943849633013361e+00,-2.744186702412586776e+00
7.056000000000000227e+01,-2.172901153564453125e+00,-2.163967132568359375e+00,-1.004608154296875000e+00,2.529602047055672376e+00,3.438943849633013361e+00,2.744186702412586776e+00,-2.529602047055672376e+00,-3.438943849633013361e+00,-2.744186702412586776e+00
7.064000000000000057e+01,-2.172901153564453125e+00,-2.163967132568359375e+00,-1.004608154296875000e+00,2.529602047055672376e+00,3.438943849633013361e+00,2.744186702412586776e+00,-2.529602047055672376e+00,-3.438943849633013361e+00,-2.744186702412586776e+00
7.071999999999999886e+01,-2.172901153564453125e+00,-2.163967132568359375e+00,-1.004608154296875000e+00,2.529602047055672376e+00,3.438943849633013361e+00,2.744186702412586776e+00,-2.529602047055672376e+00,-3.438943849633013361e+00,-2.744186702412586776e+00
7.079999999999999716e+01,-2.172901153564453125e+00,-2.163967132568359375e+00,-1.004608154296875000e+00,2.529602047055672376e+00,3.438943849633013361e+00,2.744186702412586776e+00,-2.529602047055672376e+00,-3.438943849633013361e+00,-2.744186702412586776e+00
7.087999999999999545e+01,-2.172901153564453125e+00,-2.163967132568359375e+00,-1.004608154296875000e+00,2.529602047055672376e+00,3.438943849633013361e+00,2.744186702412586776e+00,-2.529602047055672376e+00,-3.438943849633013361e+00,-2.744186702412586776e+00
7.096000000000000796e+01,-2.172901153564453125e+00,-2.163967132568359375e+00,-1.004608154296875000e+00,2.529602047055672376e+00,3.438943849633013361e+00,2.744186702412586776e+00,-2.529602047055672376e+00,-3.438943849633013361e+00,-2.744186702412586776e+00
7.104000000000000625e+01,-2.172901153564453125e+00,-2.163967132568359375e+00,-1.004608154296875000e+00,2.529602047055672376e+00,3.438943849633013361e+00,2.744186702412586776e+00,-2.529602047055672376e+00,-3.438943849633013361e+00,-2.744186702412586776e+00
7.112000000000000455e+01,-2.172901153564453125e+00,-2.163967132568359375e+00,-1.004608154296875000e+00,2.529602047055672376e+00,3.438943849633013361e+00,2.744186702412586776e+00,-2.529602047055672376e+00,-3.438943849633013361e+00,-2.744186702412586776e+00
7.120000000000000284e+01,-2.172901153564453125e+00,-2.163967132568359375e+00,-1.004608154296875000e+00,2.529602047055672376e+00,3.438943849633013361e+00,2.744186702412586776e+00,-2.529602047055672376e+00,-3.438943849633013361e+00,-2.744186702412586776e+00
7.128000000000000114e+01,-2.172901153564453125e+00,-2.163967132568359375e+00,-1.004608154296875000e+00,2.529602047055672376e+00,3.438943849633013361e+00,2.744186702412586776e+00,-2.529602047055672376e+00,-3.438943849633013361e+00,-2.744186702412586776e+00
7.135999999999999943e+01,-2.172901153564453125e+00,-2.163967132568359375e+00,-1.004608154296875000e+00,2.529602047055672376e+00,3.438943849633013361e+00,2.744186702412586776e+00,-2.529602047055672376e+00,-3.438943849633013361e+00,-2.744186702412586776e+00
7.143999999999999773e+01,-2.172901153564453125e+00,-2.163967132568359375e+00,-1.004608154296875000e+00,2.529602047055672376e+00,3.438943849633013361e+00,2.744186702412586776e+00,-2.529602047055672376e+00,-3.438943849633013361e+00,-2.744186702412586776e+00
7.151999999999999602e+01,-2.172901153564453125e+00,-2.163967132568359375e+00,-1.004608154296875000e+00,2.529602047055672376e+00,3.438943849633013361e+00,2.744186702412586776e+00,-2.529602047055672376e+00,-3.438943849633013361e+00,-2.744186702412586776e+00
7.160000000000000853e+01,-2.172901153564453125e+00,-2.163967132568359375e+00,-1.004608154296875000e+00,2.529602047055672376e+00,3.438943849633013361e+00,2.744186702412586776e+00,-2.529602047055672376e+00,-3.438943849633013361e+00,-2.744186702412586776e+00
7.168000000000000682e+01,-2.172901153564453125e+00,-2.163967132568359375e+00,-1.004608154296875000e+00,2.529602047055672376e+00,3.438943849633013361e+00,2.744186702412586776e+00,-2.529602047055672376e+00,-3.438943849633013361e+00,-2.744186702412586776e+00
7.176000000000000512e+01,-2.172901153564453125e+00,-2.163967132568359375e+00,-1.004608154296875000e+00,2.529602047055672376e+00,3.438943849633013361e+00,2.744186702412586776e+00,-2.529602047055672376e+00,-3.438943849633013361e+00,-2.744186702412586776e+00
7.184000000000000341e+01,-2.172901153564453125e+00,-2.163967132568359375e+00,-1.004608154296875000e+00,2.529602047055672376e+00,3.438943849633013361e+00,2.744186702412586776e+00,-2.529602047055672376e+00,-3.438943849633013361e+00,-2.744186702412586776e+00
7.192000000000000171e+01,-2.172901153564453125e+00,-2.163967132568359375e+00,-1.004608154296875000e+00,2.529602047055672376e+00,3.438943849633013361e+00,2.744186702412586776e+00,-2.529602047055672376e+00,-3.438943849633013361e+00,-2.744186702412586776e+00
7.200000000000000000e+01,-2.172901153564453125e+00,-2.163967132568359375e+00,-1.004608154296875000e+00,2.529602047055672376e+00,3.438943849633013361e+00,2.744186702412586776e+00,-2.529602047055672376e+00,-3.438943849633013361e+00,-2.744186702412586776e+00
7.207999999999999829e+01,-2.172901153564453125e+00,-2.163967132568359375e+00,-1.004497528076171875e+00,2.529602047055672376e+00,3.438943849633013361e+00,2.744186702412586776e+00,-2.529602047055672376e+00,-3.438943849633013361e+00,-2.744186702412586776e+00
7.215999999999999659e+01,-2.172901153564453125e+00,-2.163967132568359375e+00,-1.003276824951171875e+00,2.529602047055672376e+00,3.438943849633013361e+00,2.744186702412586776e+00,-2.529602047055672376e+00,-3.438943849633013361e+00,-2.744186702412586776e+00
7.223999999999999488e+01,-2.172901153564453125e+00,-2.163967132568359375e+00,-1.000637054443359375e+00,2.529602047055672376e+00,3.438943849633013361e+00,2.744186702412586776e+00,-2.529602047055672376e+00,-3.438943849633013361e+00,-2.744186702412586776e+00
7.232000000000000739e+01,-2.172901153564453125e+00,-2.161998748779296875e+00,-9.965667724609375000e-01,2.529602047055672376e+00,3.438943849633013361e+00,2.744186702412586776e+00,-2.529602047055672376e+00,-3.438943849633013361e+00,-2.744186702412586776e+00
7.240000000000000568e+01,-2.172904968261718750e+00,-2.154571533203125000e+00,-9.873085021972656250e-01,2.529602047055672376e+00,3.438943849633013361e+00,2.744186702412586776e+00,-2.529602047055672376e+00,-3.438943849633013361e+00,-2.744186702412586776e+00
7.248000000000000398e+01,-2.172908782958984375e+00,-2.142139434814453125e+00,-9.757690429687500000e-01,2.529602047055672376e+00,3.438943849633013361e+00,2.744186702412586776e+00,-2.529602047055672376e+00,-3.438943849633013361e+00,-2.744186702412586776e+00
7.256000000000000227e+01,-2.172920227050781250e+00,-2.125404357910156250e+00,-9.634895324707031250e-01,2.529602047055672376e+00,3.438943849633013361e+00,2.744186702412586776e+00,-2.529602047055672376e+00,-3.438943849633013361e+00,-2.744186702412586776e+00
7.264000000000000057e+01,-2.172946929931640625e+00,-2.105213165283203125e+00,-9.513778686523437500e-01,2.529602047055672376e+00,3.438943849633013361e+00,2.744186702412586776e+00,-2.529602047055672376e+00,-3.438943849633013361e+00,-2.744186702412586776e+00
7.271999999999999886e+01,-2.172988891601562500e+00,-2.082378387451171875e+00,-9.399871826171875000e-01,2.529602047055672376e+00,3.438943849633013361e+00,2.744186702412586776e+00,-2.529602047055672376e+00,-3.438943849633013361e+00,-2.744186702412586776e+00
7.279999999999999716e+01,-2.173053741455078125e+00,-2.055431365966796875e+00,-9.256935119628906250e-01,2.529602047055672376e+00,3.438943849633013361e+00,2.744186702412586776e+00,-2.529602047055672376e+00,-3.438943849633013361e+00,-2.744186702412586776e+00
7.287999999999999545e+01,-2.173141479492187500e+00,-2.026023864746093750e+00,-9.113807678222656250e-01,2.529602047055672376e+00,3.438943849633013361e+00,2.744186702412586776e+00,-2.529602047055672376e+00,-3.438943849633013361e+00,-2.744186702412586776e+00
7.296000000000000796e+01,-2.173252105712890625e+00,-1.995429992675781250e+00,-8.981742858886718750e-01,2.529602047055672376e+00,3.438943849633013361e+00,2.744186702412586776e+00,-2.529602047055672376e+00,-3.438943849633013361e+00,-2.744186702412586776e+00
7.304000000000000625e+01,-2.173389434814453125e+00,-1.964622497558593750e+00,-8.865203857421875000e-01,2.529602047055672376e+00,3.438943849633013361e+00,2.744186702412586776e+00,-2.529602047055672376e+00,-3.438943849633013361e+00,-2.744186702412586776e+00
7.312000000000000455e+01,-2.173553466796875000e+00,-1.932014465332031250e+00,-8.726844787597656250e-01,2.529602047055672376e+00,3.438943849633013361e+00,2.744186702412586776e+00,-2.529602047055672376e+00,-3.438943849633013361e+00,-2.744186702412586776e+00
7.320000000000000284e+01,-2.173744201660156250e+00,-1.899028778076171875e+00,-8.594589233398437500e-01,2.529602047055672376e+00,3.438943849633013361e+00,2.744186702412586776e+00,-2.529602047055672376e+00,-3.438943849633013361e+00,-2.744186702412586776e+00
7.328000000000000114e+01,-2.173957824707031250e+00,-1.866626739501953125e+00,-8.477630615234375000e-01,2.529602047055672376e+00,3.438943849633013361e+00,2.744186702412586776e+00,-2.529602047055672376e+00,-3.438943849633013361e+00,-2.744186702412586776e+00
7.335999999999999943e+01,-2.174194335937500000e+00,-1.833206176757812500e+00,-8.339958190917968750e-01,2.529602047055672376e+00,3.438943849633013361e+00,2.744186702412586776e+00,-2.529602047055672376e+00,-3.438943849633013361e+00,-2.744186702412586776e+00
7.343999999999999773e+01,-2.174453735351562500e+00,-1.800094604492187500e+00,-8.210906982421875000e-01,2.529602047055672376e+00,3.438943849633013361e+00,2.744186702412586776e+00,-2.529602047055672376e+00,-3.438943849633013361e+00,-2.744186702412586776e+00
7.351999999999999602e+01,-2.174736022949218750e+00,-1.768173217773437500e+00,-8.099479675292968750e-01,2.529602047055672376e+00,3.438943849633013361e+00,2.744186702412586776e+00,-2.529602047055672376e+00,-3.438943849633013361e+00,-2.744186702412586776e+00
7.360000000000000853e+01,-2.175041198730468750e+00,-1.735713958740234375e+00,-7.969665527343750000e-01,2.529602047055672376e+00,3.438943849633013361e+00,2.744186702412586776e+00,-2.529602047055672376e+00,-3.438943849633013361e+00,-2.744186702412586776e+00
7.368000000000000682e+01,-2.175365447998046875e+00,-1.703945159912109375e+00,-7.850532531738281250e-01,2.529602047055672376e+00,3.438943849633013361e+00,2.744186702412586776e+00,-2.529602047055672376e+00,-3.438943849633013361e+00,-2.744186702412586776e+00
7.376000000000000512e+01,-2.175708770751953125e+00,-1.673641204833984375e+00,-7.750434875488281250e-01,2.529602047055672376e+00,3.438943849633013361e+00,2.744186702412586776e+00,-2.529602047055672376e+00,-3.438943849633013361e+00,-2.744186702412586776e+00
7.384000000000000341e+01,-2.176067352294921875e+00,-1.643001556396484375e+00,-7.633018493652343750e-01,2.529602047055672376e+00,3.438943849633013361e+00,2.744186702412586776e+00,-2.529602047055672376e+00,-3.438943849633013361e+00,-2.744186702412586776e+00
7.392000000000000171e+01,-2.176445007324218750e+00,-1.613182067871093750e+00,-7.526969909667968750e-01,2.529602047055672376e+00,3.438943849633013361e+00,2.744186702412586776e+00,-2.529602047055672376e+00,-3.438943849633013361e+00,-2.744186702412586776e+00
7.400000000000000000e+01,-2.176837921142578125e+00,-1.584915161132812500e+00,-7.440261840820312500e-01,2.529602047055672376e+00,3.438943849633013361e+00,2.744186702412586776e+00,-2.529602047055672376e+00,-3.438943849633013361e+00,-2.744186702412586776e+00
7.407999999999999829e+01,-2.177249908447265625e+00,-1.556350708007812500e+00,-7.336120605468750000e-01,2.529602047055672376e+00,3.438943849633013361e+00,2.744186702412586776e+00,-2.529602047055672376e+00,-3.438943849633013361e+00,-2.744186702412586776e+00
7.415999999999999659e+01,-2.177669525146484375e+00,-1.526378631591796875e+00,-7.204399108886718750e-01,2.529602047055672376e+00,3.438943849633013361e+00,2.744186702412586776e+00,-2.529602047055672376e+00,-3.438943849633013361e+00,-2.744186702412586776e+00
7.423999999999999488e+01,-2.178108215332031250e+00,-1.494449615478515625e+00,-7.042465209960937500e-01,2.529602047055672376e+00,3.438943849633013361e+00,2.744186702412586776e+00,-2.529602047055672376e+00,-3.438943849633013361e+00,-2.744186702412586776e+00
7.432000000000000739e+01,-2.178554534912109375e+00,-1.460437774658203125e+00,-6.853027343750000000e-01,2.529602047055672376e+00,3.438943849633013361e+00,2.744186702412586776e+00,-2.529602047055672376e+00,-3.438943849633013361e+00,-2.744186702412586776e+00
7.440000000000000568e+01,-2.179023742675781250e+00,-1.424488067626953125e+00,-6.640968322753906250e-01,2.529602047055672376e+00,3.438943849633013361e+00,2.744186702412586776e+00,-2.529602047055672376e+00,-3.438943849633013361e+00,-2.744186702412586776e+00
7.448000000000000398e+01,-2.179496765136718750e+00,-1.386913299560546875e+00,-6.412696838378906250e-01,2.529602047055672376e+00,3.438943849633013361e+00,2.744186702412586776e+00,-2.529602047055672376e+00,-3.438943849633013361e+00,-2.744186702412586776e+00
7.456000000000000227e+01,-2.179992675781250000e+00,-1.348094940185546875e+00,-6.174125671386718750e-01,2.529602047055672376e+00,3.438943849633013361e+00,2.744186702412586776e+00,-2.529602047055672376e+00,-3.438943849633013361e+00,-2.744186702412586776e+00
7.464000000000000057e+01,-2.180492401123046875e+00,-1.308452606201171875e+00,-5.931167602539062500e-01,2.529602047055672376e+00,3.438943849633013361e+00,2.744186702412586776e+00,-2.529602047055672376e+00,-3.438943849633013361e+00,-2.744186702412586776e+00
7.471999999999999886e+01,-2.181015014648437500e+00,-1.268371582031250000e+00,-5.688018798828125000e-01,2.529602047055672376e+00,3.438943849633013361e+00,2.744186702412586776e+00,-2.529602047055672376e+00,-3.438943849633013361e+00,-2.744186702412586776e+00
7.479999999999999716e+01,-2.181537628173828125e+00,-1.228210449218750000e+00,-5.448760986328125000e-01,2.529602047055672376e+00,3.438943849633013361e+00,2.744186702412586776e+00,-2.529602047055672376e+00,-3.438943849633013361e+00,-2.744186702412586776e+00
7.487999999999999545e+01,-2.182086944580078125e+00,-1.188255310058593750e+00,-5.215568542480468750e-01,2.529602047055672376e+00,3.438943849633013361e+00,2.744186702412586776e+00,-2.529602047055672376e+00,-3.438943849633013361e+00,-2.744186702412586776e+00
7.496000000000000796e+01,-2.182632446289062500e+00,-1.148761749267578125e+00,-4.990768432617187500e-01,2.529602047055672376e+00,3.438943849633013361e+00,2.744186702412586776e+00,-2.529602047055672376e+00,-3.438943849633013361e+00,-2.744186702412586776e+00
7.504000000000000625e+01,-2.183204650878906250e+00,-1.109897613525390625e+00,-4.774780273437500000e-01,2.529602047055672376e+00,3.438943849633013361e+00,2.744186702412586776e+00,-2.529602047055672376e+00,-3.438943849633013361e+00,-2.744186702412586776e+00
7.512000000000000455e+01,-2.183773040771484375e+00,-1.071804046630859375e+00,-4.568939208984375000e-01,2.529602047055672376e+00,3.438943849633013361e+00,2.744186702412586776e+00,-2.529602047055672376e+00,-3.438943849633013361e+00,-2.744186702412586776e+00
7.520000000000000284e+01,-2.184368133544921875e+00,-1.034564971923828125e+00,-4.372406005859375000e-01,2.529602047055672376e+00,3.438943849633013361e+00,2.744186702412586776e+00,-2.529602047055672376e+00,-3.438943849633013361e+00,-2.744186702412586776e+00
7.528000000000000114e+01,-2.184955596923828125e+00,-9.982490539550781250e-01,-4.185981750488281250e-01,2.529602047055672376e+00,3.438943849633013361e+00,2.744186702412586776e+00,-2.529602047055672376e+00,-3.438943849633013361e+00,-2.744186702412586776e+00
7.535999999999999943e+01,-2.185573577880859375e+00,-9.628715515136718750e-01,-4.008178710937500000e-01,2.529602047055672376e+00,3.438943849633013361e+00,2.744186702412586776e+00,-2.529602047055672376e+00,-3.438943849633013361e+00,-2.744186702412586776e+00
7.543999999999999773e+01,-2.186180114746093750e+00,-9.284591674804687500e-01,-3.839721679687500000e-01,2.529602047055672376e+00,3.438943849633013361e+00,2.744186702412586776e+00,-2.529602047055672376e+00,-3.438943849633013361e+00,-2.744186702412586776e+00
7.551999999999999602e+01,-2.186820983886718750e+00,-8.949890136718750000e-01,-3.678703308105468750e-01,2.529602047055672376e+00,3.438943849633013361e+00,2.744186702412586776e+00,-2.529602047055672376e+00,-3.438943849633013361e+00,-2.744186702412586776e+00
7.560000000000000853e+01,-2.187442779541015625e+00,-8.624725341796875000e-01,-3.526039123535156250e-01,2.529602047055672376e+00,3.438943849633013361e+00,2.744186702412586776e+00,-2.529602047055672376e+00,-3.438943849633013361e+00,-2.744186702412586776e+00
7.568000000000000682e+01,-2.188106536865234375e+00,-8.308563232421875000e-01,-3.379516601562500000e-01,2.529602047055672376e+00,3.438943849633013361e+00,2.744186702412586776e+00,-2.529602047055672376e+00,-3.438943849633013361e+00,-2.744186702412586776e+00
7.576000000000000512e+01,-2.188743591308593750e+00,-8.001556396484375000e-01,-3.240623474121093750e-01,2.529602047055672376e+00,3.438943849633013361e+00,2.744186702412586776e+00,-2.529602047055672376e+00,-3.438943849633013361e+00,-2.744186702412586776e+00
7.584000000000000341e+01,-2.189430236816406250e+00,-7.703094482421875000e-01,-3.106689453125000000e-01,2.529602047055672376e+00,3.438943849633013361e+00,2.744186702412586776e+00,-2.529602047055672376e+00,-3.438943849633013361e+00,-2.744186702412586776e+00
7.592000000000000171e+01,-2.190082550048828125e+00,-7.413368225097656250e-01,-2.979850769042968750e-01,2.529602047055672376e+00,3.438943849633013361e+00,2.744186702412586776e+00,-2.529602047055672376e+00,-3.438943849633013361e+00,-2.744186702412586776e+00
7.600000000000000000e+01,-2.190788269042968750e+00,-7.131690979003906250e-01,-2.856903076171875000e-01,2.529602047055672376e+00,3.438943849633013361e+00,2.744186702412586776e+00,-2.529602047055672376e+00,-3.438943849633013361e+00,-2.744186702412586776e+00
7.607999999999999829e+01,-2.191448211669921875e+00,-6.858406066894531250e-01,-2.740783691406250000e-01,2.529602047055672376e+00,3.438943849633013361e+00,2.744186702412586776e+00,-2.529602047055672376e+00,-3.438943849633013361e+00,-2.744186702412586776e+00
7.615999999999999659e+01,-2.192173004150390625e+00,-6.592636108398437500e-01,-2.627563476562500000e-01,2.529602047055672376e+00,3.438943849633013361e+00,2.744186702412586776e+00,-2.529602047055672376e+00,-3.438943849633013361e+00,-2.744186702412586776e+00
7.623999999999999488e+01,-2.192844390869140625e+00,-6.335029602050781250e-01,-2.521095275878906250e-01,2.529602047055672376e+00,3.438943849633013361e+00,2.744186702412586776e+00,-2.529602047055672376e+00,-3.438943849633013361e+00,-2.744186702412586776e+00
7.632000000000000739e+01,-2.193584442138671875e+00,-6.084518432617187500e-01,-2.416610717773437500e-01,2.529602047055672376e+00,3.438943849633013361e+00,2.744186702412586776e+00,-2.529602047055672376e+00,-3.438943849633013361e+00,-2.744186702412586776e+00
7.640000000000000568e+01,-2.194259643554687500e+00,-5.841903686523437500e-01,-2.318954467773437500e-01,2.529602047055672376e+00,3.438943849633013361e+00,2.744186702412586776e+00,-2.529602047055672376e+00,-3.438943849633013361e+00,-2.744186702412586776e+00
7.648000000000000398e+01,-2.195014953613281250e+00,-5.606002807617187500e-01,-2.222404479980468750e-01,2.529602047055672376e+00,3.438943849633013361e+00,2.744186702412586776e+00,-2.529602047055672376e+00,-3.438943849633013361e+00,-2.744186702412586776e+00
7.656000000000000227e+01,-2.195693969726562500e+00,-5.377845764160156250e-01,-2.132911682128906250e-01,2.529602047055672376e+00,3.438943849633013361e+00,2.744186702412586776e+00,-2.529602047055672376e+00,-3.438943849633013361e+00,-2.744186702412586776e+00
7.664000000000000057e+01,-2.196460723876953125e+00,-5.155982971191406250e-01,-2.043647766113281250e-01,2.529602047055672376e+00,3.438943849633013361e+00,2.744186702412586776e+00,-2.529602047055672376e+00,-3.438943849633013361e+00,-2.744186702412586776e+00
7.671999999999999886e+01,-2.197139739990234375e+00,-4.941711425781250000e-01,-1.961708068847656250e-01,2.529602047055672376e+00,3.438943849633013361e+00,2.744186702412586776e+00,-2.529602047055672376e+00,-3.438943849633013361e+00,-2.744186702412586776e+00
7.679999999999999716e+01,-2.197914123535156250e+00,-4.733314514160156250e-01,-1.879501342773437500e-01,2.529602047055672376e+00,3.438943849633013361e+00,2.744186702412586776e+00,-2.529602047055672376e+00,-3.438943849633013361e+00,-2.744186702412586776e+00
7.687999999999999545e+01,-2.198593139648437500e+00,-4.532432556152343750e-01,-1.804504394531250000e-01,2.529602047055672376e+00,3.438943849633013361e+00,2.744186702412586776e+00,-2.529602047055672376e+00,-3.438943849633013361e+00,-2.744186702412586776e+00
7.696000000000000796e+01,-2.199367523193359375e+00,-4.337005615234375000e-01,-1.728973388671875000e-01,2.529602047055672376e+00,3.438943849633013361e+00,2.744186702412586776e+00,-2.529602047055672376e+00,-3.438943849633013361e+00,-2.744186702412586776e+00
7.704000000000000625e+01,-2.200042724609375000e+00,-4.148902893066406250e-01,-1.660346984863281250e-01,2.529602047055672376e+00,3.438943849633013361e+00,2.744186702412586776e+00,-2.529602047055672376e+00,-3.438943849633013361e+00,-2.744186702412586776e+00
7.712000000000000455e+01,-2.200817108154296875e+00,-3.965911865234375000e-01,-1.590995788574218750e-01,2.529602047055672376e+00,3.438943849633013361e+00,2.744186702412586776e+00,-2.529602047055672376e+00,-3.438943849633013361e+00,-2.744186702412586776e+00
7.720000000000000284e+01,-2.201488494873046875e+00,-3.790054321289062500e-01,-1.528205871582031250e-01,2.529602047055672376e+00,3.438943849633013361e+00,2.744186702412586776e+00,-2.529602047055672376e+00,-3.438943849633013361e+00,-2.744186702412586776e+00
7.728000000000000114e+01,-2.202259063720703125e+00,-3.619003295898437500e-01,-1.464462280273437500e-01,2.529602047055672376e+00,3.438943849633013361e+00,2.744186702412586776e+00,-2.529602047055672376e+00,-3.438943849633013361e+00,-2.744186702412586776e+00
7.735999999999999943e+01,-2.202922821044921875e+00,-3.454818725585937500e-01,-1.406936645507812500e-01,2.529602047055672376e+00,3.438943849633013361e+00,2.744186702412586776e+00,-2.529602047055672376e+00,-3.438943849633013361e+00,-2.744186702412586776e+00
7.743999999999999773e+01,-2.203685760498046875e+00,-3.295135498046875000e-01,-1.348304748535156250e-01,2.529602047055672376e+00,3.438943849633013361e+00,2.744186702412586776e+00,-2.529602047055672376e+00,-3.438943849633013361e+00,-2.744186702412586776e+00
7.751999999999999602e+01,-2.204341888427734375e+00,-3.142089843750000000e-01,-1.295585632324218750e-01,2.529602047055672376e+00,3.438943849633013361e+00,2.744186702412586776e+00,-2.529602047055672376e+00,-3.438943849633013361e+00,-2.744186702412586776e+00
7.760000000000000853e+01,-2.205097198486328125e+00,-2.993278503417968750e-01,-1.241607666015625000e-01,2.529602047055672376e+00,3.438943849633013361e+00,2.744186702412586776e+00,-2.529602047055672376e+00,-3.438943849633013361e+00,-2.744186702412586776e+00
7.768000000000000682e+01,-2.205741882324218750e+00,-2.850875854492187500e-01,-1.193275451660156250e-01,2.529602047055672376e+00,3.438943849633013361e+00,2.744186702412586776e+00,-2.529602047055672376e+00,-3.438943849633013361e+00,-2.744186702412586776e+00
7.776000000000000512e+01,-2.206485748291015625e+00,-2.712364196777343750e-01,-1.143569946289062500e-01,2.529602047055672376e+00,3.438943849633013361e+00,2.744186702412586776e+00,-2.529602047055672376e+00,-3.438943849633013361e+00,-2.744186702412586776e+00
7.784000000000000341e+01,-2.207118988037109375e+00,-2.580032348632812500e-01,-1.099243164062500000e-01,2.529602047055672376e+00,3.438943849633013361e+00,2.744186702412586776e+00,-2.529602047055672376e+00,-3.438943849633013361e+00,-2.744186702412586776e+00
7.792000000000000171e+01,-2.207847595214843750e+00,-2.451324462890625000e-01,-1.053466796875000000e-01,2.529602047055672376e+00,3.438943849633013361e+00,2.744186702412586776e+00,-2.529602047055672376e+00,-3.438943849633013361e+00,-2.744186702412586776e+00
7.800000000000000000e+01,-2.208465576171875000e+00,-2.328529357910156250e-01,-1.012840270996093750e-01,2.529602047055672376e+00,3.438943849633013361e+00,2.744186702412586776e+00,-2.529602047055672376e+00,-3.438943849633013361e+00,-2.744186702412586776e+00
7.807999999999999829e+01,-2.209178924560546875e+00,-2.209129333496093750e-01,-9.706497192382812500e-02,2.529602047055672376e+00,3.438943849633013361e+00,2.744186702412586776e+00,-2.529602047055672376e+00,-3.438943849633013361e+00,-2.744186702412586776e+00
7.815999999999999659e+01,-2.209781646728515625e+00,-2.095375061035156250e-01,-9.333801269531250000e-02,2.529602047055672376e+00,3.438943849633013361e+00,2.744186702412586776e+00,-2.529602047055672376e+00,-3.438943849633013361e+00,-2.744186702412586776e+00
7.823999999999999488e+01,-2.210479736328125000e+00,-1.984748840332031250e-01,-8.944702148437500000e-02,2.529602047055672376e+00,3.438943849633013361e+00,2.744186702412586776e+00,-2.529602047055672376e+00,-3.438943849633013361e+00,-2.744186702412586776e+00
7.832000000000000739e+01,-2.211063385009765625e+00,-1.879539489746093750e-01,-8.602905273437500000e-02,2.529602047055672376e+00,3.438943849633013361e+00,2.744186702412586776e+00,-2.529602047055672376e+00,-3.438943849633013361e+00,-2.744186702412586776e+00
7.840000000000000568e+01,-2.211742401123046875e+00,-1.777229309082031250e-01,-8.243942260742187500e-02,2.529602047055672376e+00,3.438943849633013361e+00,2.744186702412586776e+00,-2.529602047055672376e+00,-3.438943849633013361e+00,-2.744186702412586776e+00
7.848000000000000398e+01,-2.212306976318359375e+00,-1.680107116699218750e-01,-7.930374145507812500e-02,2.529602047055672376e+00,3.438943849633013361e+00,2.744186702412586776e+00,-2.529602047055672376e+00,-3.438943849633013361e+00,-2.744186702412586776e+00
7.856000000000000227e+01,-2.212966918945312500e+00,-1.585617065429687500e-01,-7.599258422851562500e-02,2.529602047055672376e+00,3.438943849633013361e+00,2.744186702412586776e+00,-2.529602047055672376e+00,-3.438943849633013361e+00,-2.744186702412586776e+00
7.864000000000000057e+01,-2.213512420654296875e+00,-1.496086120605468750e-01,-7.311630249023437500e-02,2.529602047055672376e+00,3.438943849633013361e+00,2.744186702412586776e+00,-2.529602047055672376e+00,-3.438943849633013361e+00,-2.744186702412586776e+00
7.871999999999999886e+01,-2.214153289794921875e+00,-1.408958435058593750e-01,-7.005691528320312500e-02,2.529602047055672376e+00,3.438943849633013361e+00,2.744186702412586776e+00,-2.529602047055672376e+00,-3.438943849633013361e+00,-2.744186702412586776e+00
7.879999999999999716e+01,-2.214679718017578125e+00,-1.326599121093750000e-01,-6.742095947265625000e-02,2.529602047055672376e+00,3.438943849633013361e+00,2.744186702412586776e+00,-2.529602047055672376e+00,-3.438943849633013361e+00,-2.744186702412586776e+00
7.887999999999999545e+01,-2.215297698974609375e+00,-1.246414184570312500e-01,-6.459426879882812500e-02,2.529602047055672376e+00,3.438943849633013361e+00,2.744186702412586776e+00,-2.529602047055672376e+00,-3.438943849633013361e+00,-2.744186702412586776e+00
7.896000000000000796e+01,-2.215805053710937500e+00,-1.170768737792968750e-01,-6.217575073242187500e-02,2.529602047055672376e+00,3.438943849633013361e+00,2.744186702412586776e+00,-2.529602047055672376e+00,-3.438943849633013361e+00,-2.744186702412586776e+00
7.904000000000000625e+01,-2.216403961181640625e+00,-1.097068786621093750e-01,-5.956649780273437500e-02,2.529602047055672376e+00,3.438943849633013361e+00,2.744186702412586776e+00,-2.529602047055672376e+00,-3.438943849633013361e+00,-2.744186702412586776e+00
7.912000000000000455e+01,-2.216888427734375000e+00,-1.027717590332031250e-01,-5.735015869140625000e-02,2.529602047055672376e+00,3.438943849633013361e+00,2.744186702412586776e+00,-2.529602047055672376e+00,-3.438943849633013361e+00,-2.744186702412586776e+00
7.920000000000000284e+01,-2.217464447021484375e+00,-9.601211547851562500e-02,-5.493545532226562500e-02,2.529602047055672376e+00,3.438943849633013361e+00,2.744186702412586776e+00,-2.529602047055672376e+00,-3.438943849633013361e+00,-2.744186702412586776e+00
7.928000000000000114e+01,-2.217926025390625000e+00,-8.966445922851562500e-02,-5.290603637695312500e-02,2.529602047055672376e+00,3.438943849633013361e+00,2.744186702412586776e+00,-2.529602047055672376e+00,-3.438943849633013361e+00,-2.744186702412586776e+00
7.935999999999999943e+01,-2.218479156494140625e+00,-8.347320556640625000e-02,-5.067443847656250000e-02,2.529602047055672376e+00,3.438943849633013361e+00,2.744186702412586776e+00,-2.529602047055672376e+00,-3.438943849633013361e+00,-2.744186702412586776e+00
7.943999999999999773e+01,-2.218921661376953125e+00,-7.767868041992187500e-02,-4.881286621093750000e-02,2.529602047055672376e+00,3.438943849633013361e+00,2.744186702412586776e+00,-2.529602047055672376e+00,-3.438943849633013361e+00,-2.744186702412586776e+00
7.951999999999999602e+01,-2.219451904296875000e+00,-7.201766967773437500e-02,-4.674530029296875000e-02,2.529602047055672376e+00,3.438943849633013361e+00,2.744186702412586776e+00,-2.529602047055672376e+00,-3.438943849633013361e+00,-2.744186702412586776e+00
7.960000000000000853e+01,-2.219871520996093750e+00,-6.673431396484375000e-02,-4.504013061523437500e-02,2.529602047055672376e+00,3.438943849633013361e+00,2.744186702412586776e+00,-2.529602047055672376e+00,-3.438943849633013361e+00,-2.744186702412586776e+00
7.968000000000000682e+01,-2.220382690429687500e+00,-6.157302856445312500e-02,-4.312896728515625000e-02,2.529602047055672376e+00,3.438943849633013361e+00,2.744186702412586776e+00,-2.529602047055672376e+00,-3.438943849633013361e+00,-2.744186702412586776e+00
7.976000000000000512e+01,-2.220779418945312500e+00,-5.677032470703125000e-02,-4.156875610351562500e-02,2.529602047055672376e+00,3.438943849633013361e+00,2.744186702412586776e+00,-2.529602047055672376e+00,-3.438943849633013361e+00,-2.744186702412586776e+00
7.984000000000000341e+01,-2.221267700195312500e+00,-5.207061767578125000e-02,-3.979492187500000000e-02,2.529602047055672376e+00,3.438943849633013361e+00,2.744186702412586776e+00,-2.529602047055672376e+00,-3.438943849633013361e+00,-2.744186702412586776e+00
7.992000000000000171e+01,-2.221645355224609375e+00,-4.771423339843750000e-02,-3.836822509765625000e-02,2.529602047055672376e+00,3.438943849633013361e+00,2.744186702412586776e+00,-2.529602047055672376e+00,-3.438943849633013361e+00,-2.744186702412586776e+00
8.000000000000000000e+01,-2.222110748291015625e+00,-4.344177246093750000e-02,-3.672409057617187500e-02,2.529602047055672376e+00,3.438943849633013361e+00,2.744186702412586776e+00,-2.529602047055672376e+00,-3.438943849633013361e+00,-2.744186702412586776e+00
8.007999999999999829e+01,-2.222465515136718750e+00,-3.949737548828125000e-02,-3.541946411132812500e-02,2.529602047055672376e+00,3.438943849633013361e+00,2.744186702412586776e+00,-2.529602047055672376e+00,-3.438943849633013361e+00,-2.744186702412586776e+00
8.015999999999999659e+01,-2.222908020019531250e+00,-3.562545776367187500e-02,-3.389739990234375000e-02,2.529602047055672376e+00,3.438943849633013361e+00,2.744186702412586776e+00,-2.529602047055672376e+00,-3.438943849633013361e+00,-2.744186702412586776e+00
8.023999999999999488e+01,-2.223239898681640625e+00,-3.206634521484375000e-02,-3.270339965820312500e-02,2.529602047055672376e+00,3.438943849633013361e+00,2.744186702412586776e+00,-2.529602047055672376e+00,-3.438943849633013361e+00,-2.744186702412586776e+00
8.032000000000000739e+01,-2.223663330078125000e+00,-2.856445312500000000e-02,-3.129196166992187500e-02,2.529602047055672376e+00,3.438943849633013361e+00,2.744186702412586776e+00,-2.529602047055672376e+00,-3.438943849633013361e+00,-2.744186702412586776e+00
8.040000000000000568e+01,-2.223976135253906250e+00,-2.536010742187500000e-02,-3.020095825195312500e-02,2.529602047055672376e+00,3.438943849633013361e+00,2.744186702412586776e+00,-2.529602047055672376e+00,-3.438943849633013361e+00,-2.744186702412586776e+00
8.048000000000000398e+01,-2.224376678466796875e+00,-2.219772338867187500e-02,-2.888870239257812500e-02,2.529602047055672376e+00,3.438943849633013361e+00,2.744186702412586776e+00,-2.529602047055672376e+00,-3.438943849633013361e+00,-2.744186702412586776e+00
8.056000000000000227e+01,-2.224670410156250000e+00,-1.932144165039062500e-02,-2.789306640625000000e-02,2.529602047055672376e+00,3.438943849633013361e+00,2.744186702412586776e+00,-2.529602047055672376e+00,-3.438943849633013361e+00,-2.744186702412586776e+00
8.064000000000000057e+01,-2.225051879882812500e+00,-1.647567749023437500e-02,-2.667617797851562500e-02,2.529602047055672376e+00,3.438943849633013361e+00,2.744186702412586776e+00,-2.529602047055672376e+00,-3.438943849633013361e+00,-2.744186702412586776e+00
8.071999999999999886e+01,-2.225322723388671875e+00,-1.390457153320312500e-02,-2.576828002929687500e-02,2.529602047055672376e+00,3.438943849633013361e+00,2.744186702412586776e+00,-2.529602047055672376e+00,-3.438943849633013361e+00,-2.744186702412586776e+00
8.079999999999999716e+01,-2.225685119628906250e+00,-1.134872436523437500e-02,-2.463531494140625000e-02,2.529602047055672376e+00,3.438943849633013361e+00,2.744186702412586776e+00,-2.529602047055672376e+00,-3.438943849633013361e+00,-2.744186702412586776e+00
8.087999999999999545e+01,-2.225936889648437500e+00,-9.056091308593750000e-03,-2.380752563476562500e-02,2.529602047055672376e+00,3.438943849633013361e+00,2.744186702412586776e+00,-2.529602047055672376e+00,-3.438943849633013361e+00,-2.744186702412586776e+00
8.096000000000000796e+01,-2.226280212402343750e+00,-6.771087646484375000e-03,-2.275466918945312500e-02,2.529602047055672376e+00,3.438943849633013361e+00,2.744186702412586776e+00,-2.529602047055672376e+00,-3.438943849633013361e+00,-2.744186702412586776e+00
8.104000000000000625e+01,-2.226512908935546875e+00,-4.737854003906250000e-03,-2.200317382812500000e-02,2.529602047055672376e+00,3.438943849633013361e+00,2.744186702412586776e+00,-2.529602047055672376e+00,-3.438943849633013361e+00,-2.744186702412586776e+00
8.112000000000000455e+01,-2.226837158203125000e+00,-2.696990966796875000e-03,-2.102279663085937500e-02,2.529602047055672376e+00,3.438943849633013361e+00,2.744186702412586776e+00,-2.529602047055672376e+00,-3.438943849633013361e+00,-2.744186702412586776e+00
8.120000000000000284e+01,-2.227054595947265625e+00,-9.002685546875000000e-04,-2.033996582031250000e-02,2.529602047055672376e+00,3.438943849633013361e+00,2.744186702412586776e+00,-2.529602047055672376e+00,-3.438943849633013361e+00,-2.744186702412586776e+00
8.128000000000000114e+01,-2.227359771728515625e+00,9.117126464843750000e-04,-1.942825317382812500e-02,2.529602047055672376e+00,3.438943849633013361e+00,2.744186702412586776e+00,-2.529602047055672376e+00,-3.438943849633013361e+00,-2.744186702412586776e+00
8.135999999999999943e+01,-2.227558135986328125e+00,2.494812011718750000e-03,-1.880645751953125000e-02,2.529602047055672376e+00,3.438943849633013361e+00,2.744186702412586776e+00,-2.529602047055672376e+00,-3.438943849633013361e+00,-2.744186702412586776e+00
8.143999999999999773e+01,-2.227848052978515625e+00,4.100799560546875000e-03,-1.795578002929687500e-02,2.529602047055672376e+00,3.438943849633013361e+00,2.744186702412586776e+00,-2.529602047055672376e+00,-3.438943849633013361e+00,-2.744186702412586776e+00
8.151999999999999602e+01,-2.228031158447265625e+00,5.485534667968750000e-03,-1.739120483398437500e-02,2.529602047055672376e+00,3.438943849633013361e+00,2.744186702412586776e+00,-2.529602047055672376e+00,-3.438943849633013361e+00,-2.744186702412586776e+00
8.160000000000000853e+01,-2.228305816650390625e+00,6.904602050781250000e-03,-1.659774780273437500e-02,2.529602047055672376e+00,3.438943849633013361e+00,2.744186702412586776e+00,-2.529602047055672376e+00,-3.438943849633013361e+00,-2.744186702412586776e+00
8.168000000000000682e+01,-2.228473663330078125e+00,8.106231689453125000e-03,-1.609039306640625000e-02,2.529602047055672376e+00,3.438943849633013361e+00,2.744186702412586776e+00,-2.529602047055672376e+00,-3.438943849633013361e+00,-2.744186702412586776e+00
8.176000000000000512e+01,-2.228733062744140625e+00,9.349822998046875000e-03,-1.535034179687500000e-02,2.529602047055672376e+00,3.438943849633013361e+00,2.744186702412586776e+00,-2.529602047055672376e+00,-3.438943849633013361e+00,-2.744186702412586776e+00
8.184000000000000341e+01,-2.228885650634765625e+00,1.038742065429687500e-02,-1.488876342773437500e-02,2.529602047055672376e+00,3.438943849633013361e+00,2.744186702412586776e+00,-2.529602047055672376e+00,-3.438943849633013361e+00,-2.744186702412586776e+00
8.192000000000000171e+01,-2.229129791259765625e+00,1.147460937500000000e-02,-1.419830322265625000e-02,2.529602047055672376e+00,3.438943849633013361e+00,2.744186702412586776e+00,-2.529602047055672376e+00,-3.438943849633013361e+00,-2.744186702412586776e+00
8.200000000000000000e+01,-2.229267120361328125e+00,1.236343383789062500e-02,-1.378250122070312500e-02,2.529602047055672376e+00,3.438943849633013361e+00,2.744186702412586776e+00,-2.529602047055672376e+00,-3.438943849633013361e+00,-2.744186702412586776e+00
8.207999999999999829e+01,-2.229496002197265625e+00,1.330947875976562500e-02,-1.313400268554687500e-02,2.529602047055672376e+00,3.438943849633013361e+00,2.744186702412586776e+00,-2.529602047055672376e+00,-3.438943849633013361e+00,-2.744186702412586776e+00
8.215999999999999659e+01,-2.229618072509765625e+00,1.406097412109375000e-02,-1.276397705078125000e-02,2.529602047055672376e+00,3.438943849633013361e+00,2.744186702412586776e+00,-2.529602047055672376e+00,-3.438943849633013361e+00,-2.744186702412586776e+00
8.223999999999999488e+01,-2.229831695556640625e+00,1.487731933593750000e-02,-1.215744018554687500e-02,2.529602047055672376e+00,3.438943849633013361e+00,2.744186702412586776e+00,-2.529602047055672376e+00,-3.438943849633013361e+00,-2.744186702412586776e+00
8.232000000000000739e+01,-2.229942321777343750e+00,1.550674438476562500e-02,-1.182556152343750000e-02,2.529602047055672376e+00,3.438943849633013361e+00,2.744186702412586776e+00,-2.529602047055672376e+00,-3.438943849633013361e+00,-2.744186702412586776e+00
8.240000000000000568e+01,-2.230144500732421875e+00,1.620483398437500000e-02,-1.125717163085937500e-02,2.529602047055672376e+00,3.438943849633013361e+00,2.744186702412586776e+00,-2.529602047055672376e+00,-3.438943849633013361e+00,-2.744186702412586776e+00
8.248000000000000398e+01,-2.230243682861328125e+00,1.672363281250000000e-02,-1.095962524414062500e-02,2.529602047055672376e+00,3.438943849633013361e+00,2.744186702412586776e+00,-2.529602047055672376e+00,-3.438943849633013361e+00,-2.744186702412586776e+00
8.256000000000000227e+01,-2.230434417724609375e+00,1.731872558593750000e-02,-1.042938232421875000e-02,2.529602047055672376e+00,3.438943849633013361e+00,2.744186702412586776e+00,-2.529602047055672376e+00,-3.438943849633013361e+00,-2.744186702412586776e+00
8.264000000000000057e+01,-2.230522155761718750e+00,1.773834228515625000e-02,-1.016616821289062500e-02,2.529602047055672376e+00,3.438943849633013361e+00,2.744186702412586776e+00,-2.529602047055672376e+00,-3.438943849633013361e+00,-2.744186702412586776e+00
8.271999999999999886e+01,-2.230701446533203125e+00,1.823806762695312500e-02,-9.666442871093750000e-03,2.529602047055672376e+00,3.438943849633013361e+00,2.744186702412586776e+00,-2.529602047055672376e+00,-3.438943849633013361e+00,-2.744186702412586776e+00
8.279999999999999716e+01,-2.230777740478515625e+00,1.856613159179687500e-02,-9.433746337890625000e-03,2.529602047055672376e+00,3.438943849633013361e+00,2.744186702412586776e+00,-2.529602047055672376e+00,-3.438943849633013361e+00,-2.744186702412586776e+00
8.287999999999999545e+01,-2.230945587158203125e+00,1.898193359375000000e-02,-8.964538574218750000e-03,2.529602047055672376e+00,3.438943849633013361e+00,2.744186702412586776e+00,-2.529602047055672376e+00,-3.438943849633013361e+00,-2.744186702412586776e+00
8.296000000000000796e+01,-2.231010437011718750e+00,1.922988891601562500e-02,-8.758544921875000000e-03,2.529602047055672376e+00,3.438943849633013361e+00,2.744186702412586776e+00,-2.529602047055672376e+00,-3.438943849633013361e+00,-2.744186702412586776e+00
8.304000000000000625e+01,-2.227725982666015625e+00,1.956939697265625000e-02,-8.316040039062500000e-03,2.529602047055672376e+00,3.438943849633013361e+00,2.744186702412586776e+00,-2.529602047055672376e+00,-3.438943849633013361e+00,-2.744186702412586776e+00
8.312000000000000455e+01,-2.218063354492187500e+00,1.974868774414062500e-02,-8.007049560546875000e-03,2.529602047055672376e+00,3.438943849633013361e+00,2.744186702412586776e+00,-2.529602047055672376e+00,-3.438943849633013361e+00,-2.744186702412586776e+00
8.320000000000000284e+01,-2.200897216796875000e+00,2.001953125000000000e-02,-7.381439208984375000e-03,2.529602047055672376e+00,3.438943849633013361e+00,2.744186702412586776e+00,-2.529602047055672376e+00,-3.438943849633013361e+00,-2.744186702412586776e+00
8.328000000000000114e+01,-2.175834655761718750e+00,2.013015747070312500e-02,-6.725311279296875000e-03,2.529602047055672376e+00,3.438943849633013361e+00,2.744186702412586776e+00,-2.529602047055672376e+00,-3.438943849633013361e+00,-2.744186702412586776e+00
8.335999999999999943e+01,-2.143604278564453125e+00,2.034378051757812500e-02,-5.737304687500000000e-03,2.529602047055672376e+00,3.438943849633013361e+00,2.744186702412586776e+00,-2.529602047055672376e+00,-3.438943849633013361e+00,-2.744186702412586776e+00
8.343999999999999773e+01,-2.104953765869140625e+00,2.038955688476562500e-02,-4.745483398437500000e-03,2.529602047055672376e+00,3.438943849633013361e+00,2.744186702412586776e+00,-2.529602047055672376e+00,-3.438943849633013361e+00,-2.744186702412586776e+00
8.351999999999999602e+01,-2.061244964599609375e+00,2.054977416992187500e-02,-3.467559814453125000e-03,2.529602047055672376e+00,3.438943849633013361e+00,2.744186702412586776e+00,-2.529602047055672376e+00,-3.438943849633013361e+00,-2.744186702412586776e+00
8.360000000000000853e+01,-2.013450622558593750e+00,2.053451538085937500e-02,-2.334594726562500000e-03,2.529602047055672376e+00,3.438943849633013361e+00,2.744186702412586776e+00,-2.529602047055672376e+00,-3.438943849633013361e+00,-2.744186702412586776e+00
8.368000000000000682e+01,-1.962924957275390625e+00,2.064132690429687500e-02,-9.422302246093750000e-04,2.529602047055672376e+00,3.438943849633013361e+00,2.744186702412586776e+00,-2.529602047055672376e+00,-3.438943849633013361e+00,-2.744186702412586776e+00
8.376000000000000512e+01,-1.910430908203125000e+00,2.056884765625000000e-02,2.288818359375000000e-04,2.529602047055672376e+00,3.438943849633013361e+00,2.744186702412586776e+00,-2.529602047055672376e+00,-3.438943849633013361e+00,-2.744186702412586776e+00
8.384000000000000341e+01,-1.857063293457031250e+00,2.062988281250000000e-02,1.644134521484375000e-03,2.529602047055672376e+00,3.438943849633013361e+00,2.744186702412586776e+00,-2.529602047055672376e+00,-3.438943849633013361e+00,-2.744186702412586776e+00
8.392000000000000171e+01,-1.803234100341796875e+00,2.050781250000000000e-02,2.815246582031250000e-03,2.529602047055672376e+00,3.438943849633013361e+00,2.744186702412586776e+00,-2.529602047055672376e+00,-3.438943849633013361e+00,-2.744186702412586776e+00
8.400000000000000000e+01,-1.749744415283203125e+00,2.052688598632812500e-02,4.219055175781250000e-03,2.529602047055672376e+00,3.438943849633013361e+00,2.744186702412586776e+00,-2.529602047055672376e+00,-3.438943849633013361e+00,-2.744186702412586776e+00
8.407999999999999829e+01,-1.696693420410156250e+00,2.035903930664062500e-02,5.374908447265625000e-03,2.529602047055672376e+00,3.438943849633013361e+00,2.744186702412586776e+00,-2.529602047055672376e+00,-3.438943849633013361e+00,-2.744186702412586776e+00
8.415999999999999659e+01,-1.644645690917968750e+00,2.033615112304687500e-02,6.752014160156250000e-03,2.529602047055672376e+00,3.438943849633013361e+00,2.744186702412586776e+00,-2.529602047055672376e+00,-3.438943849633013361e+00,-2.744186702412586776e+00
8.423999999999999488e+01,-1.593475341796875000e+00,2.013015747070312500e-02,7.873535156250000000e-03,2.529602047055672376e+00,3.438943849633013361e+00,2.744186702412586776e+00,-2.529602047055672376e+00,-3.438943849633013361e+00,-2.744186702412586776e+00
8.432000000000000739e+01,-1.543590545654296875e+00,2.007293701171875000e-02,9.208679199218750000e-03,2.529602047055672376e+00,3.438943849633013361e+00,2.744186702412586776e+00,-2.529602047055672376e+00,-3.438943849633013361e+00,-2.744186702412586776e+00
8.440000000000000568e+01,-1.494735717773437500e+00,1.983261108398437500e-02,1.029205322265625000e-02,2.529602047055672376e+00,3.438943849633013361e+00,2.744186702412586776e+00,-2.529602047055672376e+00,-3.438943849633013361e+00,-2.744186702412586776e+00
8.448000000000000398e+01,-1.447227478027343750e+00,1.974487304687500000e-02,1.157760620117187500e-02,2.529602047055672376e+00,3.438943849633013361e+00,2.744186702412586776e+00,-2.529602047055672376e+00,-3.438943849633013361e+00,-2.744186702412586776e+00
8.456000000000000227e+01,-1.400741577148437500e+00,1.947402954101562500e-02,1.261520385742187500e-02,2.529602047055672376e+00,3.438943849633013361e+00,2.744186702412586776e+00,-2.529602047055672376e+00,-3.438943849633013361e+00,-2.744186702412586776e+00
8.464000000000000057e+01,-1.355567932128906250e+00,1.935958862304687500e-02,1.384735107421875000e-02,2.529602047055672376e+00,3.438943849633013361e+00,2.744186702412586776e+00,-2.529602047055672376e+00,-3.438943849633013361e+00,-2.744186702412586776e+00
8.471999999999999886e+01,-1.311351776123046875e+00,1.906204223632812500e-02,1.483917236328125000e-02,2.529602047055672376e+00,3.438943849633013361e+00,2.744186702412586776e+00,-2.529602047055672376e+00,-3.438943849633013361e+00,-2.744186702412586776e+00
8.479999999999999716e+01,-1.268379211425781250e+00,1.892471313476562500e-02,1.601409912109375000e-02,2.529602047055672376e+00,3.438943849633013361e+00,2.744186702412586776e+00,-2.529602047055672376e+00,-3.438943849633013361e+00,-2.744186702412586776e+00
8.487999999999999545e+01,-1.226295471191406250e+00,1.860427856445312500e-02,1.696014404296875000e-02,2.529602047055672376e+00,3.438943849633013361e+00,2.744186702412586776e+00,-2.529602047055672376e+00,-3.438943849633013361e+00,-2.744186702412586776e+00
8.496000000000000796e+01,-1.185390472412109375e+00,1.844787597656250000e-02,1.808166503906250000e-02,2.529602047055672376e+00,3.438943849633013361e+00,2.744186702412586776e+00,-2.529602047055672376e+00,-3.438943849633013361e+00,-2.744186702412586776e+00
8.504000000000000625e+01,-1.145313262939453125e+00,1.810836791992187500e-02,1.897811889648437500e-02,2.529602047055672376e+00,3.438943849633013361e+00,2.744186702412586776e+00,-2.529602047055672376e+00,-3.438943849633013361e+00,-2.744186702412586776e+00
8.512000000000000455e+01,-1.106369018554687500e+00,1.793289184570312500e-02,2.004241943359375000e-02,2.529602047055672376e+00,3.438943849633013361e+00,2.744186702412586776e+00,-2.529602047055672376e+00,-3.438943849633013361e+00,-2.744186702412586776e+00
8.520000000000000284e+01,-1.068206787109375000e+00,1.757812500000000000e-02,2.089309692382812500e-02,2.529602047055672376e+00,3.438943849633013361e+00,2.744186702412586776e+00,-2.529602047055672376e+00,-3.438943849633013361e+00,-2.744186702412586776e+00
8.528000000000000114e+01,-1.031143188476562500e+00,1.738739013671875000e-02,2.190399169921875000e-02,2.529602047055672376e+00,3.438943849633013361e+00,2.744186702412586776e+00,-2.529602047055672376e+00,-3.438943849633013361e+00,-2.744186702412586776e+00
8.535999999999999943e+01,-9.948310852050781250e-01,1.701736450195312500e-02,2.270889282226562500e-02,2.529602047055672376e+00,3.438943849633013361e+00,2.744186702412586776e+00,-2.529602047055672376e+00,-3.438943849633013361e+00,-2.744186702412586776e+00
8.543999999999999773e+01,-9.595947265625000000e-01,1.681518554687500000e-02,2.366256713867187500e-02,2.529602047055672376e+00,3.438943849633013361e+00,2.744186702412586776e+00,-2.529602047055672376e+00,-3.438943849633013361e+00,-2.744186702412586776e+00
8.551999999999999602e+01,-9.250907897949218750e-01,1.643753051757812500e-02,2.442169189453125000e-02,2.529602047055672376e+00,3.438943849633013361e+00,2.744186702412586776e+00,-2.529602047055672376e+00,-3.438943849633013361e+00,-2.744186702412586776e+00
8.560000000000000853e+01,-8.916435241699218750e-01,1.622772216796875000e-02,2.532196044921875000e-02,2.529602047055672376e+00,3.438943849633013361e+00,2.744186702412586776e+00,-2.529602047055672376e+00,-3.438943849633013361e+00,-2.744186702412586776e+00
8.568000000000000682e+01,-8.589019775390625000e-01,1.584243774414062500e-02,2.603530883789062500e-02,2.529602047055672376e+00,3.438943849633013361e+00,2.744186702412586776e+00,-2.529602047055672376e+00,-3.438943849633013361e+00,-2.744186702412586776e+00
8.576000000000000512e+01,-8.272056579589843750e-01,1.562500000000000000e-02,2.688217163085937500e-02,2.529602047055672376e+00,3.438943849633013361e+00,2.744186702412586776e+00,-2.529602047055672376e+00,-3.438943849633013361e+00,-2.744186702412586776e+00
8.584000000000000341e+01,-7.961997985839843750e-01,1.523208618164062500e-02,2.754974365234375000e-02,2.529602047055672376e+00,3.438943849633013361e+00,2.744186702412586776e+00,-2.529602047055672376e+00,-3.438943849633013361e+00,-2.744186702412586776e+00
8.592000000000000171e+01,-7.662200927734375000e-01,1.501083374023437500e-02,2.834701538085937500e-02,2.529602047055672376e+00,3.438943849633013361e+00,2.744186702412586776e+00,-2.529602047055672376e+00,-3.438943849633013361e+00,-2.744186702412586776e+00
8.600000000000000000e+01,-7.369117736816406250e-01,1.461410522460937500e-02,2.897262573242187500e-02,2.529602047055672376e+00,3.438943849633013361e+00,2.744186702412586776e+00,-2.529602047055672376e+00,-3.438943849633013361e+00,-2.744186702412586776e+00
8.607999999999999829e+01,-7.086067199707031250e-01,1.438903808593750000e-02,2.972030639648437500e-02,2.529602047055672376e+00,3.438943849633013361e+00,2.744186702412586776e+00,-2.529602047055672376e+00,-3.438943849633013361e+00,-2.744186702412586776e+00
8.615999999999999659e+01,-6.809463500976562500e-01,1.398849487304687500e-02,3.030014038085937500e-02,2.529602047055672376e+00,3.438943849633013361e+00,2.744186702412586776e+00,-2.529602047055672376e+00,-3.438943849633013361e+00,-2.744186702412586776e+00
8.623999999999999488e+01,-6.542663574218750000e-01,1.376342773437500000e-02,3.099822998046875000e-02,2.529602047055672376e+00,3.438943849633013361e+00,2.744186702412586776e+00,-2.529602047055672376e+00,-3.438943849633013361e+00,-2.744186702412586776e+00
8.632000000000000739e+01,-6.282043457031250000e-01,1.336288452148437500e-02,3.153991699218750000e-02,2.529602047055672376e+00,3.438943849633013361e+00,2.744186702412586776e+00,-2.529602047055672376e+00,-3.438943849633013361e+00,-2.744186702412586776e+00
8.640000000000000568e+01,-6.030960083007812500e-01,1.313781738281250000e-02,3.218841552734375000e-02,2.529602047055672376e+00,3.438943849633013361e+00,2.744186702412586776e+00,-2.529602047055672376e+00,-3.438943849633013361e+00,-2.744186702412586776e+00
8.648000000000000398e+01,-5.785827636718750000e-01,1.274108886718750000e-02,3.268814086914062500e-02,2.529602047055672376e+00,3.438943849633013361e+00,2.744186702412586776e+00,-2.529602047055672376e+00,-3.438943849633013361e+00,-2.744186702412586776e+00
8.656000000000000227e+01,-5.549964904785156250e-01,1.251983642578125000e-02,3.329086303710937500e-02,2.529602047055672376e+00,3.438943849633013361e+00,2.744186702412586776e+00,-2.529602047055672376e+00,-3.438943849633013361e+00,-2.744186702412586776e+00
8.664000000000000057e+01,-5.319786071777343750e-01,1.212310791015625000e-02,3.375244140625000000e-02,2.529602047055672376e+00,3.438943849633013361e+00,2.744186702412586776e+00,-2.529602047055672376e+00,-3.438943849633013361e+00,-2.744186702412586776e+00
8.671999999999999886e+01,-5.098609924316406250e-01,1.190567016601562500e-02,3.431320190429687500e-02,2.529602047055672376e+00,3.438943849633013361e+00,2.744186702412586776e+00,-2.529602047055672376e+00,-3.438943849633013361e+00,-2.744186702412586776e+00
8.679999999999999716e+01,-4.882736206054687500e-01,1.151275634765625000e-02,3.473663330078125000e-02,2.529602047055672376e+00,3.438943849633013361e+00,2.744186702412586776e+00,-2.529602047055672376e+00,-3.438943849633013361e+00,-2.744186702412586776e+00
8.687999999999999545e+01,-4.675598144531250000e-01,1.129913330078125000e-02,3.525543212890625000e-02,2.529602047055672376e+00,3.438943849633013361e+00,2.744186702412586776e+00,-2.529602047055672376e+00,-3.438943849633013361e+00,-2.744186702412586776e+00
8.696000000000000796e+01,-4.473495483398437500e-01,1.091003417968750000e-02,3.564453125000000000e-02,2.529602047055672376e+00,3.438943849633013361e+00,2.744186702412586776e+00,-2.529602047055672376e+00,-3.438943849633013361e+00,-2.744186702412586776e+00
8.704000000000000625e+01,-4.279785156250000000e-01,1.070022583007812500e-02,3.612136840820312500e-02,2.529602047055672376e+00,3.438943849633013361e+00,2.744186702412586776e+00,-2.529602047055672376e+00,-3.438943849633013361e+00,-2.744186702412586776e+00
8.712000000000000455e+01,-4.090805053710937500e-01,1.031875610351562500e-02,3.647994995117187500e-02,2.529602047055672376e+00,3.438943849633013361e+00,2.744186702412586776e+00,-2.529602047055672376e+00,-3.438943849633013361e+00,-2.744186702412586776e+00
8.720000000000000284e+01,-3.909950256347656250e-01,1.011276245117187500e-02,3.691864013671875000e-02,2.529602047055672376e+00,3.438943849633013361e+00,2.744186702412586776e+00,-2.529602047055672376e+00,-3.438943849633013361e+00,-2.744186702412586776e+00
8.728000000000000114e+01,-3.733520507812500000e-01,9.735107421875000000e-03,3.724288940429687500e-02,2.529602047055672376e+00,3.438943849633013361e+00,2.744186702412586776e+00,-2.529602047055672376e+00,-3.438943849633013361e+00,-2.744186702412586776e+00
8.735999999999999943e+01,-3.564910888671875000e-01,9.536743164062500000e-03,3.764724731445312500e-02,2.529602047055672376e+00,3.438943849633013361e+00,2.744186702412586776e+00,-2.529602047055672376e+00,-3.438943849633013361e+00,-2.744186702412586776e+00
8.743999999999999773e+01,-3.400421142578125000e-01,9.166717529296875000e-03,3.794097900390625000e-02,2.529602047055672376e+00,3.438943849633013361e+00,2.744186702412586776e+00,-2.529602047055672376e+00,-3.438943849633013361e+00,-2.744186702412586776e+00
8.751999999999999602e+01,-3.243484497070312500e-01,8.975982666015625000e-03,3.831100463867187500e-02,2.529602047055672376e+00,3.438943849633013361e+00,2.744186702412586776e+00,-2.529602047055672376e+00,-3.438943849633013361e+00,-2.744186702412586776e+00
8.760000000000000853e+01,-3.090362548828125000e-01,8.609771728515625000e-03,3.857803344726562500e-02,2.529602047055672376e+00,3.438943849633013361e+00,2.744186702412586776e+00,-2.529602047055672376e+00,-3.438943849633013361e+00,-2.744186702412586776e+00
8.768000000000000682e+01,-2.944488525390625000e-01,8.422851562500000000e-03,3.891754150390625000e-02,2.529602047055672376e+00,3.438943849633013361e+00,2.744186702412586776e+00,-2.529602047055672376e+00,-3.438943849633013361e+00,-2.744186702412586776e+00
8.776000000000000512e+01,-2.802162170410156250e-01,8.064270019531250000e-03,3.915786743164062500e-02,2.529602047055672376e+00,3.438943849633013361e+00,2.744186702412586776e+00,-2.529602047055672376e+00,-3.438943849633013361e+00,-2.744186702412586776e+00
8.784000000000000341e+01,-2.666816711425781250e-01,7.884979248046875000e-03,3.946685791015625000e-02,2.529602047055672376e+00,3.438943849633013361e+00,2.744186702412586776e+00,-2.529602047055672376e+00,-3.438943849633013361e+00,-2.744186702412586776e+00
8.792000000000000171e+01,-2.534713745117187500e-01,7.534027099609375000e-03,3.968429565429687500e-02,2.529602047055672376e+00,3.438943849633013361e+00,2.744186702412586776e+00,-2.529602047055672376e+00,-3.438943849633013361e+00,-2.744186702412586776e+00
8.800000000000000000e+01,-2.409324645996093750e-01,7.362365722656250000e-03,3.996658325195312500e-02,2.529602047055672376e+00,3.438943849633013361e+00,2.744186702412586776e+00,-2.529602047055672376e+00,-3.438943849633013361e+00,-2.744186702412586776e+00
8.807999999999999829e+01,-2.286911010742187500e-01,7.019042968750000000e-03,4.016113281250000000e-02,2.529602047055672376e+00,3.438943849633013361e+00,2.744186702412586776e+00,-2.529602047055672376e+00,-3.438943849633013361e+00,-2.744186702412586776e+00
8.815999999999999659e+01,-2.170906066894531250e-01,6.855010986328125000e-03,4.041671752929687500e-02,2.529602047055672376e+00,3.438943849633013361e+00,2.744186702412586776e+00,-2.529602047055672376e+00,-3.438943849633013361e+00,-2.744186702412586776e+00
8.823999999999999488e+01,-2.057609558105468750e-01,6.519317626953125000e-03,4.058837890625000000e-02,2.529602047055672376e+00,3.438943849633013361e+00,2.744186702412586776e+00,-2.529602047055672376e+00,-3.438943849633013361e+00,-2.744186702412586776e+00
8.832000000000000739e+01,-1.950492858886718750e-01,6.362915039062500000e-03,4.082107543945312500e-02,2.529602047055672376e+00,3.438943849633013361e+00,2.744186702412586776e+00,-2.529602047055672376e+00,-3.438943849633013361e+00,-2.744186702412586776e+00
8.840000000000000568e+01,-1.845817565917968750e-01,6.034851074218750000e-03,4.097366333007812500e-02,2.529602047055672376e+00,3.438943849633013361e+00,2.744186702412586776e+00,-2.529602047055672376e+00,-3.438943849633013361e+00,-2.744186702412586776e+00
8.848000000000000398e+01,-1.747055053710937500e-01,5.886077880859375000e-03,4.118347167968750000e-02,2.529602047055672376e+00,3.438943849633013361e+00,2.744186702412586776e+00,-2.529602047055672376e+00,-3.438943849633013361e+00,-2.744186702412586776e+00
8.856000000000000227e+01,-1.650466918945312500e-01,5.565643310546875000e-03,4.131698608398437500e-02,2.529602047055672376e+00,3.438943849633013361e+00,2.744186702412586776e+00,-2.529602047055672376e+00,-3.438943849633013361e+00,-2.744186702412586776e+00
8.864000000000000057e+01,-1.559562683105468750e-01,5.424499511718750000e-03,4.150772094726562500e-02,2.529602047055672376e+00,3.438943849633013361e+00,2.744186702412586776e+00,-2.529602047055672376e+00,-3.438943849633013361e+00,-2.744186702412586776e+00
8.871999999999999886e+01,-1.470603942871093750e-01,5.111694335937500000e-03,4.162597656250000000e-02,2.529602047055672376e+00,3.438943849633013361e+00,2.744186702412586776e+00,-2.529602047055672376e+00,-3.438943849633013361e+00,-2.744186702412586776e+00
8.879999999999999716e+01,-1.387100219726562500e-01,4.978179931640625000e-03,4.179763793945312500e-02,2.529602047055672376e+00,3.438943849633013361e+00,2.744186702412586776e+00,-2.529602047055672376e+00,-3.438943849633013361e+00,-2.744186702412586776e+00
8.887999999999999545e+01,-1.305313110351562500e-01,4.673004150390625000e-03,4.190063476562500000e-02,2.529602047055672376e+00,3.438943849633013361e+00,2.744186702412586776e+00,-2.529602047055672376e+00,-3.438943849633013361e+00,-2.744186702412586776e+00
8.896000000000000796e+01,-1.228713989257812500e-01,4.547119140625000000e-03,4.205322265625000000e-02,2.529602047055672376e+00,3.438943849633013361e+00,2.744186702412586776e+00,-2.529602047055672376e+00,-3.438943849633013361e+00,-2.744186702412586776e+00
8.904000000000000625e+01,-1.153602600097656250e-01,4.249572753906250000e-03,4.214096069335937500e-02,2.529602047055672376e+00,3.438943849633013361e+00,2.744186702412586776e+00,-2.529602047055672376e+00,-3.438943849633013361e+00,-2.744186702412586776e+00
8.912000000000000455e+01,-1.083488464355468750e-01,4.131317138671875000e-03,4.227828979492187500e-02,2.529602047055672376e+00,3.438943849633013361e+00,2.744186702412586776e+00,-2.529602047055672376e+00,-3.438943849633013361e+00,-2.744186702412586776e+00
8.920000000000000284e+01,-1.014671325683593750e-01,3.841400146484375000e-03,4.235458374023437500e-02,2.529602047055672376e+00,3.438943849633013361e+00,2.744186702412586776e+00,-2.529602047055672376e+00,-3.438943849633013361e+00,-2.744186702412586776e+00
8.928000000000000114e+01,-9.506225585937500000e-02,3.730773925781250000e-03,4.248046875000000000e-02,2.529602047055672376e+00,3.438943849633013361e+00,2.744186702412586776e+00,-2.529602047055672376e+00,-3.438943849633013361e+00,-2.744186702412586776e+00
8.935999999999999943e+01,-8.876419067382812500e-02,3.448486328125000000e-03,4.254531860351562500e-02,2.529602047055672376e+00,3.438943849633013361e+00,2.744186702412586776e+00,-2.529602047055672376e+00,-3.438943849633013361e+00,-2.744186702412586776e+00
8.943999999999999773e+01,-8.292770385742187500e-02,3.345489501953125000e-03,4.265594482421875000e-02,2.529602047055672376e+00,3.438943849633013361e+00,2.744186702412586776e+00,-2.529602047055672376e+00,-3.438943849633013361e+00,-2.744186702412586776e+00
8.951999999999999602e+01,-7.717514038085937500e-02,3.070831298828125000e-03,4.270935058593750000e-02,2.529602047055672376e+00,3.438943849633013361e+00,2.744186702412586776e+00,-2.529602047055672376e+00,-3.438943849633013361e+00,-2.744186702412586776e+00
8.960000000000000853e+01,-7.186508178710937500e-02,2.975463867187500000e-03,4.280853271484375000e-02,2.529602047055672376e+00,3.438943849633013361e+00,2.744186702412586776e+00,-2.529602047055672376e+00,-3.438943849633013361e+00,-2.744186702412586776e+00
8.968000000000000682e+01,-6.662368774414062500e-02,2.708435058593750000e-03,4.285049438476562500e-02,2.529602047055672376e+00,3.438943849633013361e+00,2.744186702412586776e+00,-2.529602047055672376e+00,-3.438943849633013361e+00,-2.744186702412586776e+00
8.976000000000000512e+01,-6.180572509765625000e-02,2.620697021484375000e-03,4.293823242187500000e-02,2.529602047055672376e+00,3.438943849633013361e+00,2.744186702412586776e+00,-2.529602047055672376e+00,-3.438943849633013361e+00,-2.744186702412586776e+00
8.984000000000000341e+01,-5.703735351562500000e-02,2.361297607421875000e-03,4.297256469726562500e-02,2.529602047055672376e+00,3.438943849633013361e+00,2.744186702412586776e+00,-2.529602047055672376e+00,-3.438943849633013361e+00,-2.744186702412586776e+00
8.992000000000000171e+01,-5.267333984375000000e-02,2.281188964843750000e-03,4.305267333984375000e-02,2.529602047055672376e+00,3.438943849633013361e+00,2.744186702412586776e+00,-2.529602047055672376e+00,-3.438943849633013361e+00,-2.744186702412586776e+00
9.000000000000000000e+01,-4.834365844726562500e-02,2.029418945312500000e-03,4.307937622070312500e-02,2.529602047055672376e+00,3.438943849633013361e+00,2.744186702412586776e+00,-2.529602047055672376e+00,-3.438943849633013361e+00,-2.744186702412586776e+00
9.007999999999999829e+01,-4.440307617187500000e-02,1.953125000000000000e-03,4.314804077148437500e-02,2.529602047055672376e+00,3.438943849633013361e+00,2.744186702412586776e+00,-2.529602047055672376e+00,-3.438943849633013361e+00,-2.744186702412586776e+00
9.015999999999999659e+01,-4.048156738281250000e-02,1.708984375000000000e-03,4.316711425781250000e-02,2.529602047055672376e+00,3.438943849633013361e+00,2.744186702412586776e+00,-2.529602047055672376e+00,-3.438943849633013361e+00,-2.744186702412586776e+00
9.023999999999999488e+01,-3.693389892578125000e-02,1.640319824218750000e-03,4.322814941406250000e-02,2.529602047055672376e+00,3.438943849633013361e+00,2.744186702412586776e+00,-2.529602047055672376e+00,-3.438943849633013361e+00,-2.744186702412586776e+00
9.032000000000000739e+01,-3.339004516601562500e-02,1.399993896484375000e-03,4.323959350585937500e-02,2.529602047055672376e+00,3.438943849633013361e+00,2.744186702412586776e+00,-2.529602047055672376e+00,-3.438943849633013361e+00,-2.744186702412586776e+00
9.040000000000000568e+01,-3.020477294921875000e-02,1.338958740234375000e-03,4.329299926757812500e-02,2.529602047055672376e+00,3.438943849633013361e+00,2.744186702412586776e+00,-2.529602047055672376e+00,-3.438943849633013361e+00,-2.744186702412586776e+00
9.048000000000000398e+01,-2.700805664062500000e-02,1.106262207031250000e-03,4.330062866210937500e-02,2.529602047055672376e+00,3.438943849633013361e+00,2.744186702412586776e+00,-2.529602047055672376e+00,-3.438943849633013361e+00,-2.744186702412586776e+00
9.056000000000000227e+01,-2.415847778320312500e-02,1.052856445312500000e-03,4.335021972656250000e-02,2.529602047055672376e+00,3.438943849633013361e+00,2.744186702412586776e+00,-2.529602047055672376e+00,-3.438943849633013361e+00,-2.744186702412586776e+00
9.064000000000000057e+01,-2.128601074218750000e-02,8.277893066406250000e-04,4.335021972656250000e-02,2.529602047055672376e+00,3.438943849633013361e+00,2.744186702412586776e+00,-2.529602047055672376e+00,-3.438943849633013361e+00,-2.744186702412586776e+00
9.071999999999999886e+01,-1.874542236328125000e-02,7.781982421875000000e-04,4.339218139648437500e-02,2.529602047055672376e+00,3.438943849633013361e+00,2.744186702412586776e+00,-2.529602047055672376e+00,-3.438943849633013361e+00,-2.744186702412586776e+00
9.079999999999999716e+01,-1.616668701171875000e-02,5.569458007812500000e-04,4.338836669921875000e-02,2.529602047055672376e+00,3.438943849633013361e+00,2.744186702412586776e+00,-2.529602047055672376e+00,-3.438943849633013361e+00,-2.744186702412586776e+00
9.087999999999999545e+01,-1.391220092773437500e-02,5.149841308593750000e-04,4.342651367187500000e-02,2.529602047055672376e+00,3.438943849633013361e+00,2.744186702412586776e+00,-2.529602047055672376e+00,-3.438943849633013361e+00,-2.744186702412586776e+00
9.096000000000000796e+01,-1.160812377929687500e-02,3.013610839843750000e-04,4.341888427734375000e-02,2.529602047055672376e+00,3.438943849633013361e+00,2.744186702412586776e+00,-2.529602047055672376e+00,-3.438943849633013361e+00,-2.744186702412586776e+00
9.104000000000000625e+01,-9.613037109375000000e-03,2.632141113281250000e-04,4.345321655273437500e-02,2.529602047055672376e+00,3.438943849633013361e+00,2.744186702412586776e+00,-2.529602047055672376e+00,-3.438943849633013361e+00,-2.744186702412586776e+00
9.112000000000000455e+01,-7.560729980468750000e-03,5.340576171875000000e-05,4.344177246093750000e-02,2.529602047055672376e+00,3.438943849633013361e+00,2.744186702412586776e+00,-2.529602047055672376e+00,-3.438943849633013361e+00,-2.744186702412586776e+00
9.120000000000000284e+01,-5.805969238281250000e-03,2.288818359375000000e-05,4.347229003906250000e-02,2.529602047055672376e+00,3.438943849633013361e+00,2.744186702412586776e+00,-2.529602047055672376e+00,-3.438943849633013361e+00,-2.744186702412586776e+00
9.128000000000000114e+01,-3.982543945312500000e-03,-1.792907714843750000e-04,4.346084594726562500e-02,2.529602047055672376e+00,3.438943849633013361e+00,2.744186702412586776e+00,-2.529602047055672376e+00,-3.438943849633013361e+00,-2.744186702412586776e+00
9.135999999999999943e+01,-2.449035644531250000e-03,-2.059936523437500000e-04,4.348754882812500000e-02,2.529602047055672376e+00,3.438943849633013361e+00,2.744186702412586776e+00,-2.529602047055672376e+00,-3.438943849633013361e+00,-2.744186702412586776e+00
9.143999999999999773e+01,-8.354187011718750000e-04,-4.043579101562500000e-04,4.347229003906250000e-02,2.529602047055672376e+00,3.438943849633013361e+00,2.744186702412586776e+00,-2.529602047055672376e+00,-3.438943849633013361e+00,-2.744186702412586776e+00
9.151999999999999602e+01,4.997253417968750000e-04,-4.272460937500000000e-04,4.349517822265625000e-02,2.529602047055672376e+00,3.438943849633013361e+00,2.744186702412586776e+00,-2.529602047055672376e+00,-3.438943849633013361e+00,-2.744186702412586776e+00
9.160000000000000853e+01,1.922607421875000000e-03,-6.179809570312500000e-04,4.347610473632812500e-02,2.529602047055672376e+00,3.438943849633013361e+00,2.744186702412586776e+00,-2.529602047055672376e+00,-3.438943849633013361e+00,-2.744186702412586776e+00
9.168000000000000682e+01,3.074645996093750000e-03,-6.332397460937500000e-04,4.349899291992187500e-02,2.529602047055672376e+00,3.438943849633013361e+00,2.744186702412586776e+00,-2.529602047055672376e+00,-3.438943849633013361e+00,-2.744186702412586776e+00
9.176000000000000512e+01,4.322052001953125000e-03,-8.201599121093750000e-04,4.347991943359375000e-02,2.529602047055672376e+00,3.438943849633013361e+00,2.744186702412586776e+00,-2.529602047055672376e+00,-3.438943849633013361e+00,-2.744186702412586776e+00
9.184000000000000341e+01,5.306243896484375000e-03,-8.316040039062500000e-04,4.349899291992187500e-02,2.529602047055672376e+00,3.438943849633013361e+00,2.744186702412586776e+00,-2.529602047055672376e+00,-3.438943849633013361e+00,-2.744186702412586776e+00
9.192000000000000171e+01,6.397247314453125000e-03,-1.014709472656250000e-03,4.347610473632812500e-02,2.529602047055672376e+00,3.438943849633013361e+00,2.744186702412586776e+00,-2.529602047055672376e+00,-3.438943849633013361e+00,-2.744186702412586776e+00
9.200000000000000000e+01,7.232666015625000000e-03,-1.022338867187500000e-03,4.349517822265625000e-02,2.529602047055672376e+00,3.438943849633013361e+00,2.744186702412586776e+00,-2.529602047055672376e+00,-3.438943849633013361e+00,-2.744186702412586776e+00
9.207999999999999829e+01,8.178710937500000000e-03,-1.201629638671875000e-03,4.347229003906250000e-02,2.529602047055672376e+00,3.438943849633013361e+00,2.744186702412586776e+00,-2.529602047055672376e+00,-3.438943849633013361e+00,-2.744186702412586776e+00
9.215999999999999659e+01,8.876800537109375000e-03,-1.201629638671875000e-03,4.348754882812500000e-02,2.529602047055672376e+00,3.438943849633013361e+00,2.744186702412586776e+00,-2.529602047055672376e+00,-3.438943849633013361e+00,-2.744186702412586776e+00
9.223999999999999488e+01,9.693145751953125000e-03,-1.373291015625000000e-03,4.346466064453125000e-02,2.529602047055672376e+00,3.438943849633013361e+00,2.744186702412586776e+00,-2.529602047055672376e+00,-3.438943849633013361e+00,-2.744186702412586776e+00
9.232000000000000739e+01,1.026535034179687500e-02,-1.369476318359375000e-03,4.347991943359375000e-02,2.529602047055672376e+00,3.438943849633013361e+00,2.744186702412586776e+00,-2.529602047055672376e+00,-3.438943849633013361e+00,-2.744186702412586776e+00
9.240000000000000568e+01,1.096343994140625000e-02,-1.537322998046875000e-03,4.345703125000000000e-02,2.529602047055672376e+00,3.438943849633013361e+00,2.744186702412586776e+00,-2.529602047055672376e+00,-3.438943849633013361e+00,-2.744186702412586776e+00
9.248000000000000398e+01,1.142501831054687500e-02,-1.529693603515625000e-03,4.347229003906250000e-02,2.529602047055672376e+00,3.438943849633013361e+00,2.744186702412586776e+00,-2.529602047055672376e+00,-3.438943849633013361e+00,-2.744186702412586776e+00
9.256000000000000227e+01,1.201629638671875000e-02,-1.693725585937500000e-03,4.344558715820312500e-02,2.529602047055672376e+00,3.438943849633013361e+00,2.744186702412586776e+00,-2.529602047055672376e+00,-3.438943849633013361e+00,-2.744186702412586776e+00
9.264000000000000057e+01,1.237487792968750000e-02,-1.682281494140625000e-03,4.346084594726562500e-02,2.529602047055672376e+00,3.438943849633013361e+00,2.744186702412586776e+00,-2.529602047055672376e+00,-3.438943849633013361e+00,-2.744186702412586776e+00
9.271999999999999886e+01,1.287078857421875000e-02,-1.842498779296875000e-03,4.343414306640625000e-02,2.529602047055672376e+00,3.438943849633013361e+00,2.744186702412586776e+00,-2.529602047055672376e+00,-3.438943849633013361e+00,-2.744186702412586776e+00
9.279999999999999716e+01,1.314163208007812500e-02,-1.827239990234375000e-03,4.344558715820312500e-02,2.529602047055672376e+00,3.438943849633013361e+00,2.744186702412586776e+00,-2.529602047055672376e+00,-3.438943849633013361e+00,-2.744186702412586776e+00
9.287999999999999545e+01,1.355361938476562500e-02,-1.983642578125000000e-03,4.341888427734375000e-02,2.529602047055672376e+00,3.438943849633013361e+00,2.744186702412586776e+00,-2.529602047055672376e+00,-3.438943849633013361e+00,-2.744186702412586776e+00
9.296000000000000796e+01,1.374435424804687500e-02,-1.964569091796875000e-03,4.343032836914062500e-02,2.529602047055672376e+00,3.438943849633013361e+00,2.744186702412586776e+00,-2.529602047055672376e+00,-3.438943849633013361e+00,-2.744186702412586776e+00
9.304000000000000625e+01,1.408004760742187500e-02,-2.117156982421875000e-03,4.340362548828125000e-02,2.529602047055672376e+00,3.438943849633013361e+00,2.744186702412586776e+00,-2.529602047055672376e+00,-3.438943849633013361e+00,-2.744186702412586776e+00
9.312000000000000455e+01,1.419830322265625000e-02,-2.094268798828125000e-03,4.341506958007812500e-02,2.529602047055672376e+00,3.438943849633013361e+00,2.744186702412586776e+00,-2.529602047055672376e+00,-3.438943849633013361e+00,-2.744186702412586776e+00
9.320000000000000284e+01,1.446533203125000000e-02,-2.243041992187500000e-03,4.338836669921875000e-02,2.529602047055672376e+00,3.438943849633013361e+00,2.744186702412586776e+00,-2.529602047055672376e+00,-3.438943849633013361e+00,-2.744186702412586776e+00
9.328000000000000114e+01,1.451873779296875000e-02,-2.216339111328125000e-03,4.339981079101562500e-02,2.529602047055672376e+00,3.438943849633013361e+00,2.744186702412586776e+00,-2.529602047055672376e+00,-3.438943849633013361e+00,-2.744186702412586776e+00
9.335999999999999943e+01,1.472854614257812500e-02,-2.361297607421875000e-03,4.337310791015625000e-02,2.529602047055672376e+00,3.438943849633013361e+00,2.744186702412586776e+00,-2.529602047055672376e+00,-3.438943849633013361e+00,-2.744186702412586776e+00
9.343999999999999773e+01,1.472854614257812500e-02,-2.330780029296875000e-03,4.338455200195312500e-02,2.529602047055672376e+00,3.438943849633013361e+00,2.744186702412586776e+00,-2.529602047055672376e+00,-3.438943849633013361e+00,-2.744186702412586776e+00
9.351999999999999602e+01,1.488494873046875000e-02,-2.471923828125000000e-03,4.335784912109375000e-02,2.529602047055672376e+00,3.438943849633013361e+00,2.744186702412586776e+00,-2.529602047055672376e+00,-3.438943849633013361e+00,-2.744186702412586776e+00
9.360000000000000853e+01,1.483535766601562500e-02,-2.437591552734375000e-03,4.336929321289062500e-02,2.529602047055672376e+00,3.438943849633013361e+00,2.744186702412586776e+00,-2.529602047055672376e+00,-3.438943849633013361e+00,-2.744186702412586776e+00
9.368000000000000682e+01,1.494598388671875000e-02,-2.578735351562500000e-03,4.334259033203125000e-02,2.529602047055672376e+00,3.438943849633013361e+00,2.744186702412586776e+00,-2.529602047055672376e+00,-3.438943849633013361e+00,-2.744186702412586776e+00
9.376000000000000512e+01,1.485061645507812500e-02,-2.544403076171875000e-03,4.335403442382812500e-02,2.529602047055672376e+00,3.438943849633013361e+00,2.744186702412586776e+00,-2.529602047055672376e+00,-3.438943849633013361e+00,-2.744186702412586776e+00
9.384000000000000341e+01,1.491928100585937500e-02,-2.681732177734375000e-03,4.332733154296875000e-02,2.529602047055672376e+00,3.438943849633013361e+00,2.744186702412586776e+00,-2.529602047055672376e+00,-3.438943849633013361e+00,-2.744186702412586776e+00
9.392000000000000171e+01,1.478576660156250000e-02,-2.643585205078125000e-03,4.333877563476562500e-02,2.529602047055672376e+00,3.438943849633013361e+00,2.744186702412586776e+00,-2.529602047055672376e+00,-3.438943849633013361e+00,-2.744186702412586776e+00
9.400000000000000000e+01,1.482009887695312500e-02,-2.777099609375000000e-03,4.331207275390625000e-02,2.529602047055672376e+00,3.438943849633013361e+00,2.744186702412586776e+00,-2.529602047055672376e+00,-3.438943849633013361e+00,-2.744186702412586776e+00
9.407999999999999829e+01,1.465606689453125000e-02,-2.735137939453125000e-03,4.332351684570312500e-02,2.529602047055672376e+00,3.438943849633013361e+00,2.744186702412586776e+00,-2.529602047055672376e+00,-3.438943849633013361e+00,-2.744186702412586776e+00
9.415999999999999659e+01,1.465988159179687500e-02,-2.864837646484375000e-03,4.329681396484375000e-02,2.529602047055672376e+00,3.438943849633013361e+00,2.744186702412586776e+00,-2.529602047055672376e+00,-3.438943849633013361e+00,-2.744186702412586776e+00
9.423999999999999488e+01,1.446914672851562500e-02,-2.819061279296875000e-03,4.330825805664062500e-02,2.529602047055672376e+00,3.438943849633013361e+00,2.744186702412586776e+00,-2.529602047055672376e+00,-3.438943849633013361e+00,-2.744186702412586776e+00
9.432000000000000739e+01,1.444625854492187500e-02,-2.948760986328125000e-03,4.328155517578125000e-02,2.529602047055672376e+00,3.438943849633013361e+00,2.744186702412586776e+00,-2.529602047055672376e+00,-3.438943849633013361e+00,-2.744186702412586776e+00
9.440000000000000568e+01,1.422882080078125000e-02,-2.902984619140625000e-03,4.329299926757812500e-02,2.529602047055672376e+00,3.438943849633013361e+00,2.744186702412586776e+00,-2.529602047055672376e+00,-3.438943849633013361e+00,-2.744186702412586776e+00
9.448000000000000398e+01,1.418685913085937500e-02,-3.028869628906250000e-03,4.326629638671875000e-02,2.529602047055672376e+00,3.438943849633013361e+00,2.744186702412586776e+00,-2.529602047055672376e+00,-3.438943849633013361e+00,-2.744186702412586776e+00
9.456000000000000227e+01,1.395034790039062500e-02,-2.979278564453125000e-03,4.327774047851562500e-02,2.529602047055672376e+00,3.438943849633013361e+00,2.744186702412586776e+00,-2.529602047055672376e+00,-3.438943849633013361e+00,-2.744186702412586776e+00
9.464000000000000057e+01,1.388931274414062500e-02,-3.101348876953125000e-03,4.325103759765625000e-02,2.529602047055672376e+00,3.438943849633013361e+00,2.744186702412586776e+00,-2.529602047055672376e+00,-3.438943849633013361e+00,-2.744186702412586776e+00
9.471999999999999886e+01,1.363754272460937500e-02,-3.047943115234375000e-03,4.326629638671875000e-02,2.529602047055672376e+00,3.438943849633013361e+00,2.744186702412586776e+00,-2.529602047055672376e+00,-3.438943849633013361e+00,-2.744186702412586776e+00
9.479999999999999716e+01,1.356124877929687500e-02,-3.170013427734375000e-03,4.323959350585937500e-02,2.529602047055672376e+00,3.438943849633013361e+00,2.744186702412586776e+00,-2.529602047055672376e+00,-3.438943849633013361e+00,-2.744186702412586776e+00
9.487999999999999545e+01,1.329803466796875000e-02,-3.116607666015625000e-03,4.325485229492187500e-02,2.529602047055672376e+00,3.438943849633013361e+00,2.744186702412586776e+00,-2.529602047055672376e+00,-3.438943849633013361e+00,-2.744186702412586776e+00
9.496000000000000796e+01,1.321029663085937500e-02,-3.234863281250000000e-03,4.322814941406250000e-02,2.529602047055672376e+00,3.438943849633013361e+00,2.744186702412586776e+00,-2.529602047055672376e+00,-3.438943849633013361e+00,-2.744186702412586776e+00
9.504000000000000625e+01,1.293563842773437500e-02,-3.177642822265625000e-03,4.324340820312500000e-02,2.529602047055672376e+00,3.438943849633013361e+00,2.744186702412586776e+00,-2.529602047055672376e+00,-3.438943849633013361e+00,-2.744186702412586776e+00
9.512000000000000455e+01,1.284027099609375000e-02,-3.295898437500000000e-03,4.321670532226562500e-02,2.529602047055672376e+00,3.438943849633013361e+00,2.744186702412586776e+00,-2.529602047055672376e+00,-3.438943849633013361e+00,-2.744186702412586776e+00
9.520000000000000284e+01,1.255798339843750000e-02,-3.238677978515625000e-03,4.323196411132812500e-02,2.529602047055672376e+00,3.438943849633013361e+00,2.744186702412586776e+00,-2.529602047055672376e+00,-3.438943849633013361e+00,-2.744186702412586776e+00
9.528000000000000114e+01,1.245498657226562500e-02,-3.353118896484375000e-03,4.320526123046875000e-02,2.529602047055672376e+00,3.438943849633013361e+00,2.744186702412586776e+00,-2.529602047055672376e+00,-3.438943849633013361e+00,-2.744186702412586776e+00
9.535999999999999943e+01,1.216506958007812500e-02,-3.292083740234375000e-03,4.322052001953125000e-02,2.529602047055672376e+00,3.438943849633013361e+00,2.744186702412586776e+00,-2.529602047055672376e+00,-3.438943849633013361e+00,-2.744186702412586776e+00
9.543999999999999773e+01,1.205825805664062500e-02,-3.406524658203125000e-03,4.319763183593750000e-02,2.529602047055672376e+00,3.438943849633013361e+00,2.744186702412586776e+00,-2.529602047055672376e+00,-3.438943849633013361e+00,-2.744186702412586776e+00
9.551999999999999602e+01,1.176452636718750000e-02,-3.345489501953125000e-03,4.321289062500000000e-02,2.529602047055672376e+00,3.438943849633013361e+00,2.744186702412586776e+00,-2.529602047055672376e+00,-3.438943849633013361e+00,-2.744186702412586776e+00
9.560000000000000853e+01,1.165390014648437500e-02,-3.456115722656250000e-03,4.319000244140625000e-02,2.529602047055672376e+00,3.438943849633013361e+00,2.744186702412586776e+00,-2.529602047055672376e+00,-3.438943849633013361e+00,-2.744186702412586776e+00
9.568000000000000682e+01,1.136016845703125000e-02,-3.391265869140625000e-03,4.320526123046875000e-02,2.529602047055672376e+00,3.438943849633013361e+00,2.744186702412586776e+00,-2.529602047055672376e+00,-3.438943849633013361e+00,-2.744186702412586776e+00
9.576000000000000512e+01,1.124572753906250000e-02,-3.501892089843750000e-03,4.318237304687500000e-02,2.529602047055672376e+00,3.438943849633013361e+00,2.744186702412586776e+00,-2.529602047055672376e+00,-3.438943849633013361e+00,-2.744186702412586776e+00
9.584000000000000341e+01,1.094818115234375000e-02,-3.437042236328125000e-03,4.319763183593750000e-02,2.529602047055672376e+00,3.438943849633013361e+00,2.744186702412586776e+00,-2.529602047055672376e+00,-3.438943849633013361e+00,-2.744186702412586776e+00
9.592000000000000171e+01,1.083374023437500000e-02,-3.543853759765625000e-03,4.317474365234375000e-02,2.529602047055672376e+00,3.438943849633013361e+00,2.744186702412586776e+00,-2.529602047055672376e+00,-3.438943849633013361e+00,-2.744186702412586776e+00
9.600000000000000000e+01,1.054000854492187500e-02,-3.475189208984375000e-03,4.319000244140625000e-02,2.529602047055672376e+00,3.438943849633013361e+00,2.744186702412586776e+00,-2.529602047055672376e+00,-3.438943849633013361e+00,-2.744186702412586776e+00
9.607999999999999829e+01,1.042938232421875000e-02,-3.582000732421875000e-03,4.316711425781250000e-02,2.529602047055672376e+00,3.438943849633013361e+00,2.744186702412586776e+00,-2.529602047055672376e+00,-3.438943849633013361e+00,-2.744186702412586776e+00
9.615999999999999659e+01,1.013565063476562500e-02,-3.513336181640625000e-03,4.318237304687500000e-02,2.529602047055672376e+00,3.438943849633013361e+00,2.744186702412586776e+00,-2.529602047055672376e+00,-3.438943849633013361e+00,-2.744186702412586776e+00
9.624000000000000909e+01,1.002502441406250000e-02,-3.616333007812500000e-03,4.315948486328125000e-02,2.529602047055672376e+00,3.438943849633013361e+00,2.744186702412586776e+00,-2.529602047055672376e+00,-3.438943849633013361e+00,-2.744186702412586776e+00
9.632000000000000739e+01,9.735107421875000000e-03,-3.547668457031250000e-03,4.317474365234375000e-02,2.529602047055672376e+00,3.438943849633013361e+00,2.744186702412586776e+00,-2.529602047055672376e+00,-3.438943849633013361e+00,-2.744186702412586776e+00
9.640000000000000568e+01,9.628295898437500000e-03,-3.650665283203125000e-03,4.315185546875000000e-02,2.529602047055672376e+00,3.438943849633013361e+00,2.744186702412586776e+00,-2.529602047055672376e+00,-3.438943849633013361e+00,-2.744186702412586776e+00
9.648000000000000398e+01,9.342193603515625000e-03,-3.578186035156250000e-03,4.316711425781250000e-02,2.529602047055672376e+00,3.438943849633013361e+00,2.744186702412586776e+00,-2.529602047055672376e+00,-3.438943849633013361e+00,-2.744186702412586776e+00
9.656000000000000227e+01,9.239196777343750000e-03,-3.681182861328125000e-03,4.314422607421875000e-02,2.529602047055672376e+00,3.438943849633013361e+00,2.744186702412586776e+00,-2.529602047055672376e+00,-3.438943849633013361e+00,-2.744186702412586776e+00
9.664000000000000057e+01,8.956909179687500000e-03,-3.608703613281250000e-03,4.316329956054687500e-02,2.529602047055672376e+00,3.438943849633013361e+00,2.744186702412586776e+00,-2.529602047055672376e+00,-3.438943849633013361e+00,-2.744186702412586776e+00
9.671999999999999886e+01,8.857727050781250000e-03,-3.707885742187500000e-03,4.314041137695312500e-02,2.529602047055672376e+00,3.438943849633013361e+00,2.744186702412586776e+00,-2.529602047055672376e+00,-3.438943849633013361e+00,-2.744186702412586776e+00
9.679999999999999716e+01,8.579254150390625000e-03,-3.635406494140625000e-03,4.315948486328125000e-02,2.529602047055672376e+00,3.438943849633013361e+00,2.744186702412586776e+00,-2.529602047055672376e+00,-3.438943849633013361e+00,-2.744186702412586776e+00
9.687999999999999545e+01,8.487701416015625000e-03,-3.734588623046875000e-03,4.313659667968750000e-02,2.529602047055672376e+00,3.438943849633013361e+00,2.744186702412586776e+00,-2.529602047055672376e+00,-3.438943849633013361e+00,-2.744186702412586776e+00
9.696000000000000796e+01,8.216857910156250000e-03,-3.658294677734375000e-03,4.315567016601562500e-02,2.529602047055672376e+00,3.438943849633013361e+00,2.744186702412586776e+00,-2.529602047055672376e+00,-3.438943849633013361e+00,-2.744186702412586776e+00
9.704000000000000625e+01,8.129119873046875000e-03,-3.757476806640625000e-03,4.313278198242187500e-02,2.529602047055672376e+00,3.438943849633013361e+00,2.744186702412586776e+00,-2.529602047055672376e+00,-3.438943849633013361e+00,-2.744186702412586776e+00
9.712000000000000455e+01,7.862091064453125000e-03,-3.681182861328125000e-03,4.315185546875000000e-02,2.529602047055672376e+00,3.438943849633013361e+00,2.744186702412586776e+00,-2.529602047055672376e+00,-3.438943849633013361e+00,-2.744186702412586776e+00
9.720000000000000284e+01,7.781982421875000000e-03,-3.780364990234375000e-03,4.312896728515625000e-02,2.529602047055672376e+00,3.438943849633013361e+00,2.744186702412586776e+00,-2.529602047055672376e+00,-3.438943849633013361e+00,-2.744186702412586776e+00
9.728000000000000114e+01,7.522583007812500000e-03,-3.704071044921875000e-03,4.314804077148437500e-02,2.529602047055672376e+00,3.438943849633013361e+00,2.744186702412586776e+00,-2.529602047055672376e+00,-3.438943849633013361e+00,-2.744186702412586776e+00
9.735999999999999943e+01,7.446289062500000000e-03,-3.799438476562500000e-03,4.312515258789062500e-02,2.529602047055672376e+00,3.438943849633013361e+00,2.744186702412586776e+00,-2.529602047055672376e+00,-3.438943849633013361e+00,-2.744186702412586776e+00
9.743999999999999773e+01,7.190704345703125000e-03,-3.723144531250000000e-03,4.314422607421875000e-02,2.529602047055672376e+00,3.438943849633013361e+00,2.744186702412586776e+00,-2.529602047055672376e+00,-3.438943849633013361e+00,-2.744186702412586776e+00
9.751999999999999602e+01,7.122039794921875000e-03,-3.818511962890625000e-03,4.312133789062500000e-02,2.529602047055672376e+00,3.438943849633013361e+00,2.744186702412586776e+00,-2.529602047055672376e+00,-3.438943849633013361e+00,-2.744186702412586776e+00
9.760000000000000853e+01,6.874084472656250000e-03,-3.738403320312500000e-03,4.314041137695312500e-02,2.529602047055672376e+00,3.438943849633013361e+00,2.744186702412586776e+00,-2.529602047055672376e+00,-3.438943849633013361e+00,-2.744186702412586776e+00
9.768000000000000682e+01,6.813049316406250000e-03,-3.833770751953125000e-03,4.311752319335937500e-02,2.529602047055672376e+00,3.438943849633013361e+00,2.744186702412586776e+00,-2.529602047055672376e+00,-3.438943849633013361e+00,-2.744186702412586776e+00
9.776000000000000512e+01,6.572723388671875000e-03,-3.753662109375000000e-03,4.313659667968750000e-02,2.529602047055672376e+00,3.438943849633013361e+00,2.744186702412586776e+00,-2.529602047055672376e+00,-3.438943849633013361e+00,-2.744186702412586776e+00
9.784000000000000341e+01,6.515502929687500000e-03,-3.849029541015625000e-03,4.311370849609375000e-02,2.529602047055672376e+00,3.438943849633013361e+00,2.744186702412586776e+00,-2.529602047055672376e+00,-3.438943849633013361e+00,-2.744186702412586776e+00
9.792000000000000171e+01,6.278991699218750000e-03,-3.768920898437500000e-03,4.313278198242187500e-02,2.529602047055672376e+00,3.438943849633013361e+00,2.744186702412586776e+00,-2.529602047055672376e+00,-3.438943849633013361e+00,-2.744186702412586776e+00
9.800000000000000000e+01,6.229400634765625000e-03,-3.860473632812500000e-03,4.310989379882812500e-02,2.529602047055672376e+00,3.438943849633013361e+00,2.744186702412586776e+00,-2.529602047055672376e+00,-3.438943849633013361e+00,-2.744186702412586776e+00
9.807999999999999829e+01,6.000518798828125000e-03,-3.780364990234375000e-03,4.312896728515625000e-02,2.529602047055672376e+00,3.438943849633013361e+00,2.744186702412586776e+00,-2.529602047055672376e+00,-3.438943849633013361e+00,-2.744186702412586776e+00
9.815999999999999659e+01,5.958557128906250000e-03,-3.871917724609375000e-03,4.310607910156250000e-02,2.529602047055672376e+00,3.438943849633013361e+00,2.744186702412586776e+00,-2.529602047055672376e+00,-3.438943849633013361e+00,-2.744186702412586776e+00
9.824000000000000909e+01,5.737304687500000000e-03,-3.791809082031250000e-03,4.312515258789062500e-02,2.529602047055672376e+00,3.438943849633013361e+00,2.744186702412586776e+00,-2.529602047055672376e+00,-3.438943849633013361e+00,-2.744186702412586776e+00
9.832000000000000739e+01,5.702972412109375000e-03,-3.883361816406250000e-03,4.310226440429687500e-02,2.529602047055672376e+00,3.438943849633013361e+00,2.744186702412586776e+00,-2.529602047055672376e+00,-3.438943849633013361e+00,-2.744186702412586776e+00
9.840000000000000568e+01,5.485534667968750000e-03,-3.799438476562500000e-03,4.312133789062500000e-02,2.529602047055672376e+00,3.438943849633013361e+00,2.744186702412586776e+00,-2.529602047055672376e+00,-3.438943849633013361e+00,-2.744186702412586776e+00
9.848000000000000398e+01,5.455017089843750000e-03,-3.890991210937500000e-03,4.309844970703125000e-02,2.529602047055672376e+00,3.438943849633013361e+00,2.744186702412586776e+00,-2.529602047055672376e+00,-3.438943849633013361e+00,-2.744186702412586776e+00
9.856000000000000227e+01,5.245208740234375000e-03,-3.807067871093750000e-03,4.311752319335937500e-02,2.529602047055672376e+00,3.438943849633013361e+00,2.744186702412586776e+00,-2.529602047055672376e+00,-3.438943849633013361e+00,-2.744186702412586776e+00
9.864000000000000057e+01,5.222320556640625000e-03,-3.898620605468750000e-03,4.309463500976562500e-02,2.529602047055672376e+00,3.438943849633013361e+00,2.744186702412586776e+00,-2.529602047055672376e+00,-3.438943849633013361e+00,-2.744186702412586776e+00
9.871999999999999886e+01,5.020141601562500000e-03,-3.814697265625000000e-03,4.311370849609375000e-02,2.529602047055672376e+00,3.438943849633013361e+00,2.744186702412586776e+00,-2.529602047055672376e+00,-3.438943849633013361e+00,-2.744186702412586776e+00
9.879999999999999716e+01,5.001068115234375000e-03,-3.906250000000000000e-03,4.309463500976562500e-02,2.529602047055672376e+00,3.438943849633013361e+00,2.744186702412586776e+00,-2.529602047055672376e+00,-3.438943849633013361e+00,-2.744186702412586776e+00
9.887999999999999545e+01,4.802703857421875000e-03,-3.822326660156250000e-03,4.311370849609375000e-02,2.529602047055672376e+00,3.438943849633013361e+00,2.744186702412586776e+00,-2.529602047055672376e+00,-3.438943849633013361e+00,-2.744186702412586776e+00
9.896000000000000796e+01,4.791259765625000000e-03,-3.913879394531250000e-03,4.309463500976562500e-02,2.529602047055672376e+00,3.438943849633013361e+00,2.744186702412586776e+00,-2.529602047055672376e+00,-3.438943849633013361e+00,-2.744186702412586776e+00
9.904000000000000625e+01,4.600524902343750000e-03,-3.829956054687500000e-03,4.311370849609375000e-02,2.529602047055672376e+00,3.438943849633013361e+00,2.744186702412586776e+00,-2.529602047055672376e+00,-3.438943849633013361e+00,-2.744186702412586776e+00
9.912000000000000455e+01,4.596710205078125000e-03,-3.917694091796875000e-03,4.309463500976562500e-02,2.529602047055672376e+00,3.438943849633013361e+00,2.744186702412586776e+00,-2.529602047055672376e+00,-3.438943849633013361e+00,-2.744186702412586776e+00
9.920000000000000284e+01,4.409790039062500000e-03,-3.833770751953125000e-03,4.311370849609375000e-02,2.529602047055672376e+00,3.438943849633013361e+00,2.744186702412586776e+00,-2.529602047055672376e+00,-3.438943849633013361e+00,-2.744186702412586776e+00
9.928000000000000114e+01,4.409790039062500000e-03,-3.921508789062500000e-03,4.309463500976562500e-02,2.529602047055672376e+00,3.438943849633013361e+00,2.744186702412586776e+00,-2.529602047055672376e+00,-3.438943849633013361e+00,-2.744186702412586776e+00
9.935999999999999943e+01,4.230499267578125000e-03,-3.837585449218750000e-03,4.311370849609375000e-02,2.529602047055672376e+00,3.438943849633013361e+00,2.744186702412586776e+00,-2.529602047055672376e+00,-3.438943849633013361e+00,-2.744186702412586776e+00
9.943999999999999773e+01,4.238128662109375000e-03,-3.925323486328125000e-03,4.309463500976562500e-02,2.529602047055672376e+00,3.438943849633013361e+00,2.744186702412586776e+00,-2.529602047055672376e+00,-3.438943849633013361e+00,-2.744186702412586776e+00
9.951999999999999602e+01,4.062652587890625000e-03,-3.841400146484375000e-03,4.311370849609375000e-02,2.529602047055672376e+00,3.438943849633013361e+00,2.744186702412586776e+00,-2.529602047055672376e+00,-3.438943849633013361e+00,-2.744186702412586776e+00
9.960000000000000853e+01,4.074096679687500000e-03,-3.929138183593750000e-03,4.309463500976562500e-02,2.529602047055672376e+00,3.438943849633013361e+00,2.744186702412586776e+00,-2.529602047055672376e+00,-3.438943849633013361e+00,-2.744186702412586776e+00
9.968000000000000682e+01,3.906250000000000000e-03,-3.845214843750000000e-03,4.311370849609375000e-02,2.529602047055672376e+00,3.438943849633013361e+00,2.744186702412586776e+00,-2.529602047055672376e+00,-3.438943849633013361e+00,-2.744186702412586776e+00
9.976000000000000512e+01,3.921508789062500000e-03,-3.932952880859375000e-03,4.309463500976562500e-02,2.529602047055672376e+00,3.438943849633013361e+00,2.744186702412586776e+00,-2.529602047055672376e+00,-3.438943849633013361e+00,-2.744186702412586776e+00
9.984000000000000341e+01,3.757476806640625000e-03,-3.845214843750000000e-03,4.311370849609375000e-02,2.529602047055672376e+00,3.438943849633013361e+00,2.744186702412586776e+00,-2.529602047055672376e+00,-3.438943849633013361e+00,-2.744186702412586776e+00
9.992000000000000171e+01,3.776550292968750000e-03,-3.932952880859375000e-03,4.309463500976562500e-02,2.529602047055672376e+00,3.438943849633013361e+00,2.744186702412586776e+00,-2.529602047055672376e+00,-3.438943849633013361e+00,-2.744186702412586776e+00
