time,V,E_value
0.000000000000000000e+00,6.506856880150735378e-04,0.000000000000000000e+00
4.000000000000000083e-02,6.652637966908514500e-04,1.959141627594362944e-05
8.000000000000000167e-02,7.289723143912851810e-04,6.967456283746287227e-05
1.199999999999999956e-01,8.210760424844920635e-04,1.428032992407679558e-04
1.600000000000000033e-01,9.338670060969889164e-04,2.315642195753753185e-04
2.000000000000000111e-01,1.059855450876057148e-03,3.306632279418408871e-04
2.399999999999999911e-01,1.193747273646295071e-03,4.359521262813359499e-04
2.800000000000000266e-01,1.331570325419306755e-03,5.443426198326051235e-04
3.200000000000000067e-01,1.470413175411522388e-03,6.535231368616223335e-04
3.599999999999999867e-01,1.608197228051722050e-03,7.618195377290248871e-04
4.000000000000000222e-01,1.743472530506551266e-03,8.680445607751607895e-04
4.400000000000000022e-01,1.875278423540294170e-03,9.713942999951541424e-04
4.799999999999999822e-01,2.003022003918886185e-03,1.071360544301569462e-03
5.200000000000000178e-01,2.126399427652359009e-03,1.167670008726418018e-03
5.600000000000000533e-01,2.245311159640550613e-03,1.260221586562693119e-03
5.999999999999999778e-01,2.359823789447546005e-03,1.349057420156896114e-03
6.400000000000000133e-01,2.470116596668958664e-03,1.434320234693586826e-03
6.800000000000000488e-01,2.576452447101473808e-03,1.516226795502007008e-03
7.199999999999999734e-01,2.679158467799425125e-03,1.595059642568230629e-03
7.600000000000000089e-01,2.778596244752407074e-03,1.671135541982948780e-03
8.000000000000000444e-01,2.875157166272401810e-03,1.744802109897136688e-03
8.399999999999999689e-01,2.969242632389068604e-03,1.816423027776181698e-03
8.800000000000000044e-01,3.061253577470779419e-03,1.886364421807229519e-03
9.200000000000000400e-01,3.151591867208480835e-03,1.954995095729827881e-03
9.599999999999999645e-01,3.240648191422224045e-03,2.022678265348076820e-03
1.000000000000000000e+00,3.326865145936608315e-03,2.087465953081846237e-03
1.040000000000000036e+00,3.411438548937439919e-03,2.150668762624263763e-03
1.080000000000000071e+00,3.495818702504038811e-03,2.213929779827594757e-03
1.120000000000000107e+00,3.580842399969696999e-03,2.278174972161650658e-03
1.159999999999999920e+00,3.667005337774753571e-03,2.343935193493962288e-03
1.199999999999999956e+00,3.754618810489773750e-03,2.411530818790197372e-03
1.239999999999999991e+00,3.843911457806825638e-03,2.481175120919942856e-03
1.280000000000000027e+00,3.935036249458789825e-03,2.553005469962954521e-03
1.320000000000000062e+00,4.028125200420618057e-03,2.627130597829818726e-03
1.360000000000000098e+00,4.123279359191656113e-03,2.703623613342642784e-03
1.400000000000000133e+00,4.220522008836269379e-03,2.782471943646669388e-03
1.439999999999999947e+00,4.319414496421813965e-03,2.863084664568305016e-03
1.479999999999999982e+00,4.420129116624593735e-03,2.945638028904795647e-03
1.520000000000000018e+00,4.522829782217741013e-03,3.030290594324469566e-03
1.560000000000000053e+00,4.627647344022989273e-03,3.117180196568369865e-03
1.600000000000000089e+00,4.734702873975038528e-03,3.206422552466392517e-03
1.640000000000000124e+00,4.844096023589372635e-03,3.298121970146894455e-03
1.679999999999999938e+00,4.955913871526718140e-03,3.392363199964165688e-03
1.719999999999999973e+00,5.070228129625320435e-03,3.489217953756451607e-03
1.760000000000000009e+00,5.187101662158966064e-03,3.588750958442687988e-03
1.800000000000000044e+00,5.306582432240247726e-03,3.691009944304823875e-03
1.840000000000000080e+00,5.428712815046310425e-03,3.796038916334509850e-03
1.880000000000000115e+00,5.553528666496276855e-03,3.903870470821857452e-03
1.919999999999999929e+00,5.681055132299661636e-03,4.014535341411828995e-03
1.959999999999999964e+00,5.811312235891819000e-03,4.128052387386560440e-03
2.000000000000000000e+00,5.944321863353252411e-03,4.244443960487842560e-03
2.040000000000000036e+00,6.080091930925846100e-03,4.363722633570432663e-03
2.080000000000000071e+00,6.218635011464357376e-03,4.485896788537502289e-03
2.120000000000000107e+00,6.359957158565521240e-03,4.610977135598659515e-03
2.160000000000000142e+00,6.504061631858348846e-03,4.738970194011926651e-03
2.200000000000000178e+00,6.650951225310564041e-03,4.869877360761165619e-03
2.240000000000000213e+00,6.800628267228603363e-03,5.003703758120536804e-03
2.280000000000000249e+00,6.953099742531776428e-03,5.140453577041625977e-03
2.319999999999999840e+00,7.108355872333049774e-03,5.280126351863145828e-03
2.359999999999999876e+00,7.266399450600147247e-03,5.422725342214107513e-03
2.399999999999999911e+00,7.427233271300792694e-03,5.568250082433223724e-03
2.439999999999999947e+00,7.590860128402709961e-03,5.716708954423666000e-03
2.479999999999999982e+00,7.757271174341440201e-03,5.868095904588699341e-03
2.520000000000000018e+00,7.926476188004016876e-03,6.022418849170207977e-03
2.560000000000000053e+00,8.098470047116279602e-03,6.179678253829479218e-03
2.600000000000000089e+00,8.273257873952388763e-03,6.339881569147109985e-03
2.640000000000000124e+00,8.450841531157493591e-03,6.503029260784387589e-03
2.680000000000000160e+00,8.631217293441295624e-03,6.669121794402599335e-03
2.720000000000000195e+00,8.814400993287563324e-03,6.838172674179077148e-03
2.760000000000000231e+00,9.000383317470550537e-03,7.010184228420257568e-03
2.800000000000000266e+00,9.189173579216003418e-03,7.185158785432577133e-03
2.839999999999999858e+00,9.380779229104518890e-03,7.363107986748218536e-03
2.879999999999999893e+00,9.575200267136096954e-03,7.544036488980054855e-03
2.919999999999999929e+00,9.772446937859058380e-03,7.727948948740959167e-03
2.959999999999999964e+00,9.972518309950828552e-03,7.914857938885688782e-03
3.000000000000000000e+00,1.017542835325002670e-02,8.104770444333553314e-03
3.040000000000000036e+00,1.038117613643407822e-02,8.297687396407127380e-03
3.080000000000000071e+00,1.058976911008358002e-02,8.493621833622455597e-03
3.120000000000000107e+00,1.080121472477912903e-02,8.692581206560134888e-03
3.160000000000000142e+00,1.101551763713359833e-02,8.894573897123336792e-03
3.200000000000000178e+00,1.123267970979213715e-02,9.099605493247509003e-03
3.240000000000000213e+00,1.145272795110940933e-02,9.307689964771270752e-03
3.280000000000000249e+00,1.167564280331134796e-02,9.518827311694622040e-03
3.320000000000000284e+00,1.190144475549459457e-02,9.733029641211032867e-03
3.359999999999999876e+00,1.213013473898172379e-02,9.950302541255950928e-03
3.399999999999999911e+00,1.236171927303075790e-02,1.017065159976482391e-02
3.439999999999999947e+00,1.259620022028684616e-02,1.039408892393112183e-02
3.479999999999999982e+00,1.283359155058860779e-02,1.062061637639999390e-02
3.520000000000000018e+00,1.307388953864574432e-02,1.085024140775203705e-02
3.560000000000000053e+00,1.331710442900657654e-02,1.108296960592269897e-02
3.600000000000000089e+00,1.356323715299367905e-02,1.131880655884742737e-02
3.640000000000000124e+00,1.381229422986507416e-02,1.155775692313909531e-02
3.680000000000000160e+00,1.406427286565303802e-02,1.179982908070087433e-02
3.720000000000000195e+00,1.431918703019618988e-02,1.204502116888761520e-02
3.760000000000000231e+00,1.457703299820423126e-02,1.229334250092506409e-02
3.800000000000000266e+00,1.483781356364488602e-02,1.254479866474866867e-02
3.839999999999999858e+00,1.510152965784072876e-02,1.279938407242298126e-02
3.879999999999999893e+00,1.536818873137235641e-02,1.305710989981889725e-02
3.919999999999999929e+00,1.563778892159461975e-02,1.331797521561384201e-02
3.959999999999999964e+00,1.591033115983009338e-02,1.358198188245296478e-02
4.000000000000000000e+00,1.618581824004650116e-02,1.384913362562656403e-02
4.040000000000000036e+00,1.646424084901809692e-02,1.411942858248949051e-02
4.080000000000000071e+00,1.674561761319637299e-02,1.439287513494491577e-02
4.120000000000000107e+00,1.702993735671043396e-02,1.466946396976709366e-02
4.160000000000000142e+00,1.731719262897968292e-02,1.494920253753662109e-02
4.200000000000000178e+00,1.760740205645561218e-02,1.523209083825349808e-02
4.240000000000000213e+00,1.790054701268672943e-02,1.551812421530485153e-02
4.280000000000000249e+00,1.819663494825363159e-02,1.580730639398097992e-02
4.320000000000000284e+00,1.849566027522087097e-02,1.609963551163673401e-02
4.360000000000000320e+00,1.879761554300785065e-02,1.639510504901409149e-02
4.400000000000000355e+00,1.910251379013061523e-02,1.669371686875820160e-02
4.440000000000000391e+00,1.941034570336341858e-02,1.699547283351421356e-02
4.480000000000000426e+00,1.972109824419021606e-02,1.730036921799182892e-02
4.520000000000000462e+00,2.003477886319160461e-02,1.760840043425559998e-02
4.560000000000000497e+00,2.035138010978698730e-02,1.791956648230552673e-02
4.600000000000000533e+00,2.067091129720211029e-02,1.823386363685131073e-02
4.639999999999999680e+00,2.099335379898548126e-02,1.855129189789295197e-02
4.679999999999999716e+00,2.131870575249195099e-02,1.887184008955955505e-02
4.719999999999999751e+00,2.164696156978607178e-02,1.919551007449626923e-02
4.759999999999999787e+00,2.197812497615814209e-02,1.952229812741279602e-02
4.799999999999999822e+00,2.231218852102756500e-02,1.985219866037368774e-02
4.839999999999999858e+00,2.264913916587829590e-02,2.018520422279834747e-02
4.879999999999999893e+00,2.298898249864578247e-02,2.052131853997707367e-02
4.919999999999999929e+00,2.333170548081398010e-02,2.086053416132926941e-02
4.959999999999999964e+00,2.367730811238288879e-02,2.120284549891948700e-02
5.000000000000000000e+00,2.402577921748161316e-02,2.154823951423168182e-02
5.040000000000000036e+00,2.437712438404560089e-02,2.189671993255615234e-02
5.080000000000000071e+00,2.473132312297821045e-02,2.224828116595745087e-02
5.120000000000000107e+00,2.508837543427944183e-02,2.260291017591953278e-02
5.160000000000000142e+00,2.544827386736869812e-02,2.296060509979724884e-02
5.200000000000000178e+00,2.581101842224597931e-02,2.332136407494544983e-02
5.240000000000000213e+00,2.617659419775009155e-02,2.368517592549324036e-02
5.280000000000000249e+00,2.654500119388103485e-02,2.405203878879547119e-02
5.320000000000000284e+00,2.691622078418731689e-02,2.442193217575550079e-02
5.360000000000000320e+00,2.729025483131408691e-02,2.479486539959907532e-02
5.400000000000000355e+00,2.766709774732589722e-02,2.517082914710044861e-02
5.440000000000000391e+00,2.804673649370670319e-02,2.554981037974357605e-02
5.480000000000000426e+00,2.842917107045650482e-02,2.593180537223815918e-02
5.520000000000000462e+00,2.881438471376895905e-02,2.631681039929389954e-02
5.560000000000000497e+00,2.920237742364406586e-02,2.670481614768505096e-02
5.600000000000000533e+00,2.959313616156578064e-02,2.709581144154071808e-02
5.639999999999999680e+00,2.998665161430835724e-02,2.748979069292545319e-02
5.679999999999999716e+00,3.038291819393634796e-02,2.788674272596836090e-02
5.719999999999999751e+00,3.078193217515945435e-02,2.828666195273399353e-02
5.759999999999999787e+00,3.118367493152618408e-02,2.868953719735145569e-02
5.799999999999999822e+00,3.158814832568168640e-02,2.909536659717559814e-02
5.839999999999999858e+00,3.199534118175506592e-02,2.950414083898067474e-02
5.879999999999999893e+00,3.240524604916572571e-02,2.991585433483123779e-02
5.919999999999999929e+00,3.281784802675247192e-02,3.033048845827579498e-02
5.959999999999999964e+00,3.323313221335411072e-02,3.074803762137889862e-02
6.000000000000000000e+00,3.365110233426094055e-02,3.116849809885025024e-02
6.040000000000000036e+00,3.407175466418266296e-02,3.159186244010925293e-02
6.080000000000000071e+00,3.449506312608718872e-02,3.201811388134956360e-02
6.120000000000000107e+00,3.492102399468421936e-02,3.244725242257118225e-02
6.160000000000000142e+00,3.534963354468345642e-02,3.287925571203231812e-02
6.200000000000000178e+00,3.578087314963340759e-02,3.331413492560386658e-02
6.240000000000000213e+00,3.621474653482437134e-02,3.375185653567314148e-02
6.280000000000000249e+00,3.665123134851455688e-02,3.419243171811103821e-02
6.320000000000000284e+00,3.709033131599426270e-02,3.463584557175636292e-02
6.360000000000000320e+00,3.753203153610229492e-02,3.508208319544792175e-02
6.400000000000000355e+00,3.797631710767745972e-02,3.553114458918571472e-02
6.440000000000000391e+00,3.842318058013916016e-02,3.598300740122795105e-02
6.480000000000000426e+00,3.887261450290679932e-02,3.643767163157463074e-02
6.520000000000000462e+00,3.932459652423858643e-02,3.689512610435485840e-02
6.560000000000000497e+00,3.977914899587631226e-02,3.735535964369773865e-02
6.600000000000000533e+00,4.023622348904609680e-02,3.781836107373237610e-02
6.640000000000000568e+00,4.069583490490913391e-02,3.828412294387817383e-02
6.679999999999999716e+00,4.115796089172363281e-02,3.875264152884483337e-02
6.719999999999999751e+00,4.162259772419929504e-02,3.922389075160026550e-02
6.759999999999999787e+00,4.208973050117492676e-02,3.969787061214447021e-02
6.799999999999999822e+00,4.255934804677963257e-02,4.017456620931625366e-02
6.839999999999999858e+00,4.303143918514251709e-02,4.065397381782531738e-02
6.879999999999999893e+00,4.350600391626358032e-02,4.113608598709106445e-02
6.919999999999999929e+00,4.398302733898162842e-02,4.162088781595230103e-02
6.959999999999999964e+00,4.446250572800636292e-02,4.210836440324783325e-02
7.000000000000000000e+00,4.494440928101539612e-02,4.259851574897766113e-02
7.040000000000000036e+00,4.542874917387962341e-02,4.309131950139999390e-02
7.080000000000000071e+00,4.591549560427665710e-02,4.358677566051483154e-02
7.120000000000000107e+00,4.640464857220649719e-02,4.408488422632217407e-02
7.160000000000000142e+00,4.689620807766914368e-02,4.458560794591903687e-02
7.200000000000000178e+00,4.739014804363250732e-02,4.508894681930541992e-02
7.240000000000000213e+00,4.788644611835479736e-02,4.559489712119102478e-02
7.280000000000000249e+00,4.838511720299720764e-02,4.610344767570495605e-02
7.320000000000000284e+00,4.888615012168884277e-02,4.661458730697631836e-02
7.360000000000000320e+00,4.938952997326850891e-02,4.712829366326332092e-02
7.400000000000000355e+00,4.989522323012351990e-02,4.764457046985626221e-02
7.440000000000000391e+00,5.040325224399566650e-02,4.816340655088424683e-02
7.480000000000000426e+00,5.091359093785285950e-02,4.868479818105697632e-02
7.520000000000000462e+00,5.142622813582420349e-02,4.920870810747146606e-02
7.560000000000000497e+00,5.194116383790969849e-02,4.973515495657920837e-02
7.600000000000000533e+00,5.245837196707725525e-02,5.026412382721900940e-02
7.640000000000000568e+00,5.297784879803657532e-02,5.079559236764907837e-02
7.679999999999999716e+00,5.349959433078765869e-02,5.132954940199851990e-02
7.719999999999999751e+00,5.402357876300811768e-02,5.186600238084793091e-02
7.759999999999999787e+00,5.454981327056884766e-02,5.240491777658462524e-02
7.799999999999999822e+00,5.507826432585716248e-02,5.294629186391830444e-02
7.839999999999999858e+00,5.560892447829246521e-02,5.349011719226837158e-02
7.879999999999999893e+00,5.614179372787475586e-02,5.403640493750572205e-02
7.919999999999999929e+00,5.667687952518463135e-02,5.458509922027587891e-02
7.959999999999999964e+00,5.721412971615791321e-02,5.513622984290122986e-02
8.000000000000000000e+00,5.775355547666549683e-02,5.568977445363998413e-02
8.040000000000000924e+00,5.829514935612678528e-02,5.624570325016975403e-02
8.080000000000000071e+00,5.883889272809028625e-02,5.680403485894203186e-02
8.120000000000000995e+00,5.938478931784629822e-02,5.736475065350532532e-02
8.160000000000000142e+00,5.993282049894332886e-02,5.792782828211784363e-02
8.199999999999999289e+00,6.048294901847839355e-02,5.849325656890869141e-02
8.240000000000000213e+00,6.103523448109626770e-02,5.906105414032936096e-02
8.279999999999999361e+00,6.158958375453948975e-02,5.963118374347686768e-02
8.320000000000000284e+00,6.214604154229164124e-02,6.020362675189971924e-02
8.359999999999999432e+00,6.270456314086914062e-02,6.077840924263000488e-02
8.400000000000000355e+00,6.326518207788467407e-02,6.135547533631324768e-02
8.439999999999999503e+00,6.382784247398376465e-02,6.193485856056213379e-02
8.480000000000000426e+00,6.439255177974700928e-02,6.251653283834457397e-02
8.519999999999999574e+00,6.495930254459381104e-02,6.310046464204788208e-02
8.560000000000000497e+00,6.552809476852416992e-02,6.368668377399444580e-02
8.599999999999999645e+00,6.609889864921569824e-02,6.427515298128128052e-02
8.640000000000000568e+00,6.667169928550720215e-02,6.486586481332778931e-02
8.679999999999999716e+00,6.724651157855987549e-02,6.545881927013397217e-02
8.720000000000000639e+00,6.782332807779312134e-02,6.605400145053863525e-02
8.759999999999999787e+00,6.840208172798156738e-02,6.665138155221939087e-02
8.800000000000000711e+00,6.898283958435058594e-02,6.725098192691802979e-02
8.839999999999999858e+00,6.956555694341659546e-02,6.785279512405395508e-02
8.880000000000000782e+00,7.015021145343780518e-02,6.845678389072418213e-02
8.919999999999999929e+00,7.073679566383361816e-02,6.906293332576751709e-02
8.960000000000000853e+00,7.132530212402343750e-02,6.967125833034515381e-02
9.000000000000000000e+00,7.191574573516845703e-02,7.028173655271530151e-02
9.040000000000000924e+00,7.250808179378509521e-02,7.089435309171676636e-02
9.080000000000000071e+00,7.310231029987335205e-02,7.150912284851074219e-02
9.120000000000000995e+00,7.369843125343322754e-02,7.212600111961364746e-02
9.160000000000000142e+00,7.429642230272293091e-02,7.274499535560607910e-02
9.200000000000001066e+00,7.489630579948425293e-02,7.336612045764923096e-02
9.240000000000000213e+00,7.549804449081420898e-02,7.398934662342071533e-02
9.279999999999999361e+00,7.610160112380981445e-02,7.461461424827575684e-02
9.320000000000000284e+00,7.670701295137405396e-02,7.524200528860092163e-02
9.359999999999999432e+00,7.731427252292633057e-02,7.587145268917083740e-02
9.400000000000000355e+00,7.792332768440246582e-02,7.650294154882431030e-02
9.439999999999999503e+00,7.853420823812484741e-02,7.713648676872253418e-02
9.480000000000000426e+00,7.914687693119049072e-02,7.777208089828491211e-02
9.519999999999999574e+00,7.976132631301879883e-02,7.840970158576965332e-02
9.560000000000000497e+00,8.037757128477096558e-02,7.904932647943496704e-02
9.599999999999999645e+00,8.099553734064102173e-02,7.969097048044204712e-02
9.640000000000000568e+00,8.161534368991851807e-02,8.033459633588790894e-02
9.679999999999999716e+00,8.223684877157211304e-02,8.098021894693374634e-02
9.720000000000000639e+00,8.286011219024658203e-02,8.162783086299896240e-02
9.759999999999999787e+00,8.348508924245834351e-02,8.227740973234176636e-02
9.800000000000000711e+00,8.411180973052978516e-02,8.292894810438156128e-02
9.839999999999999858e+00,8.474023640155792236e-02,8.358243852853775024e-02
9.880000000000000782e+00,8.537036180496215820e-02,8.423787355422973633e-02
9.919999999999999929e+00,8.600217849016189575e-02,8.489524573087692261e-02
9.960000000000000853e+00,8.663570135831832886e-02,8.555456250905990601e-02
1.000000000000000000e+01,8.727085590362548828e-02,8.621577173471450806e-02
1.004000000000000092e+01,8.790773153305053711e-02,8.687889575958251953e-02
1.008000000000000007e+01,8.854624629020690918e-02,8.754390478134155273e-02
1.012000000000000099e+01,8.918640017509460449e-02,8.821079879999160767e-02
1.016000000000000014e+01,8.982818573713302612e-02,8.887958526611328125e-02
1.020000000000000107e+01,9.047159552574157715e-02,8.955021947622299194e-02
1.024000000000000021e+01,9.111664444208145142e-02,9.022272378206253052e-02
1.027999999999999936e+01,9.176328033208847046e-02,9.089708328247070312e-02
1.032000000000000028e+01,9.241154789924621582e-02,9.157329797744750977e-02
1.035999999999999943e+01,9.306138008832931519e-02,9.225130826234817505e-02
1.040000000000000036e+01,9.371279925107955933e-02,9.293115139007568359e-02
1.043999999999999950e+01,9.436579048633575439e-02,9.361281991004943848e-02
1.048000000000000043e+01,9.502034634351730347e-02,9.429627656936645508e-02
1.051999999999999957e+01,9.567647427320480347e-02,9.498152136802673340e-02
1.056000000000000050e+01,9.633411467075347900e-02,9.566857665777206421e-02
1.059999999999999964e+01,9.699331223964691162e-02,9.635738283395767212e-02
1.064000000000000057e+01,9.765400737524032593e-02,9.704796224832534790e-02
1.067999999999999972e+01,9.831623733043670654e-02,9.774029254913330078e-02
1.072000000000000064e+01,9.898000210523605347e-02,9.843438118696212769e-02
1.075999999999999979e+01,9.964527189731597900e-02,9.913022816181182861e-02
1.080000000000000071e+01,1.003120169043540955e-01,9.982778877019882202e-02
1.083999999999999986e+01,1.009802669286727905e-01,1.005271151661872864e-01
1.088000000000000078e+01,1.016499772667884827e-01,1.012281328439712524e-01
1.091999999999999993e+01,1.023211628198623657e-01,1.019308418035507202e-01
1.096000000000000085e+01,1.029937714338302612e-01,1.026352569460868835e-01
1.100000000000000000e+01,1.036678701639175415e-01,1.033413559198379517e-01
1.104000000000000092e+01,1.043433994054794312e-01,1.040491312742233276e-01
1.108000000000000007e+01,1.050203591585159302e-01,1.047585979104042053e-01
1.112000000000000099e+01,1.056987494230270386e-01,1.054697260260581970e-01
1.116000000000000014e+01,1.063785105943679810e-01,1.061825007200241089e-01
1.120000000000000107e+01,1.070597171783447266e-01,1.068969070911407471e-01
1.124000000000000021e+01,1.077423319220542908e-01,1.076129749417304993e-01
1.127999999999999936e+01,1.084263026714324951e-01,1.083306521177291870e-01
1.132000000000000028e+01,1.091117113828659058e-01,1.090499684214591980e-01
1.135999999999999943e+01,1.097984611988067627e-01,1.097709015011787415e-01
1.140000000000000036e+01,1.104865819215774536e-01,1.104934215545654297e-01
1.143999999999999950e+01,1.111760288476943970e-01,1.112175509333610535e-01
1.148000000000000043e+01,1.118668317794799805e-01,1.119432374835014343e-01
1.151999999999999957e+01,1.125589758157730103e-01,1.126704961061477661e-01
1.156000000000000050e+01,1.132524535059928894e-01,1.133993491530418396e-01
1.159999999999999964e+01,1.139472499489784241e-01,1.141297593712806702e-01
1.164000000000000057e+01,1.146433502435684204e-01,1.148616969585418701e-01
1.167999999999999972e+01,1.153407767415046692e-01,1.155952215194702148e-01
1.172000000000000064e+01,1.160395145416259766e-01,1.163302734494209290e-01
1.175999999999999979e+01,1.167395189404487610e-01,1.170668303966522217e-01
1.180000000000000071e+01,1.174408197402954102e-01,1.178049370646476746e-01
1.183999999999999986e+01,1.181433796882629395e-01,1.185445189476013184e-01
1.188000000000000078e+01,1.188471987843513489e-01,1.192856207489967346e-01
1.191999999999999993e+01,1.195522844791412354e-01,1.200281903147697449e-01
1.196000000000000085e+01,1.202586144208908081e-01,1.207722872495651245e-01
1.200000000000000000e+01,1.209661513566970825e-01,1.215178295969963074e-01
1.204000000000000092e+01,1.216749548912048340e-01,1.222648769617080688e-01
1.208000000000000007e+01,1.223850175738334656e-01,1.230133622884750366e-01
1.212000000000000099e+01,1.230962425470352173e-01,1.237633228302001953e-01
1.216000000000000014e+01,1.238086968660354614e-01,1.245147287845611572e-01
1.220000000000000107e+01,1.245223358273506165e-01,1.252675354480743408e-01
1.224000000000000021e+01,1.252371817827224731e-01,1.260218024253845215e-01
1.228000000000000114e+01,1.259532123804092407e-01,1.267774701118469238e-01
1.232000000000000028e+01,1.266704052686691284e-01,1.275345683097839355e-01
1.235999999999999943e+01,1.273887753486633301e-01,1.282930970191955566e-01
1.240000000000000036e+01,1.281083226203918457e-01,1.290529966354370117e-01
1.243999999999999950e+01,1.288290470838546753e-01,1.298142820596694946e-01
1.248000000000000043e+01,1.295508444309234619e-01,1.305769532918930054e-01
1.251999999999999957e+01,1.302737891674041748e-01,1.313410103321075439e-01
1.256000000000000050e+01,1.309978961944580078e-01,1.321063637733459473e-01
1.259999999999999964e+01,1.317231059074401855e-01,1.328731328248977661e-01
1.264000000000000057e+01,1.324494332075119019e-01,1.336412727832794189e-01
1.267999999999999972e+01,1.331768631935119629e-01,1.344107240438461304e-01
1.272000000000000064e+01,1.339053809642791748e-01,1.351815015077590942e-01
1.275999999999999979e+01,1.346350312232971191e-01,1.359535902738571167e-01
1.280000000000000071e+01,1.353657096624374390e-01,1.367270052433013916e-01
1.283999999999999986e+01,1.360974609851837158e-01,1.375017762184143066e-01
1.288000000000000078e+01,1.368303298950195312e-01,1.382777988910675049e-01
1.291999999999999993e+01,1.375642418861389160e-01,1.390551328659057617e-01
1.296000000000000085e+01,1.382991820573806763e-01,1.398337930440902710e-01
1.300000000000000000e+01,1.390352249145507812e-01,1.406137049198150635e-01
1.304000000000000092e+01,1.397722661495208740e-01,1.413948982954025269e-01
1.308000000000000007e+01,1.405102908611297607e-01,1.421772986650466919e-01
1.312000000000000099e+01,1.412494033575057983e-01,1.429610401391983032e-01
1.316000000000000014e+01,1.419895142316818237e-01,1.437459886074066162e-01
1.320000000000000107e+01,1.427306234836578369e-01,1.445321589708328247e-01
1.324000000000000021e+01,1.434727162122726440e-01,1.453195810317993164e-01
1.328000000000000114e+01,1.442158371210098267e-01,1.461082547903060913e-01
1.332000000000000028e+01,1.449599564075469971e-01,1.468981504440307617e-01
1.335999999999999943e+01,1.457050144672393799e-01,1.476892083883285522e-01
1.340000000000000036e+01,1.464510560035705566e-01,1.484814882278442383e-01
1.343999999999999950e+01,1.471980363130569458e-01,1.492749601602554321e-01
1.348000000000000043e+01,1.479460150003433228e-01,1.500696986913681030e-01
1.351999999999999957e+01,1.486949622631072998e-01,1.508655548095703125e-01
1.356000000000000050e+01,1.494448035955429077e-01,1.516625434160232544e-01
1.359999999999999964e+01,1.501955837011337280e-01,1.524607688188552856e-01
1.364000000000000057e+01,1.509473174810409546e-01,1.532601416110992432e-01
1.367999999999999972e+01,1.516999006271362305e-01,1.540606468915939331e-01
1.372000000000000064e+01,1.524534970521926880e-01,1.548623144626617432e-01
1.375999999999999979e+01,1.532079577445983887e-01,1.556650996208190918e-01
1.380000000000000071e+01,1.539632678031921387e-01,1.564690023660659790e-01
1.383999999999999986e+01,1.547195017337799072e-01,1.572740375995635986e-01
1.388000000000000078e+01,1.554766297340393066e-01,1.580801904201507568e-01
1.391999999999999993e+01,1.562346071004867554e-01,1.588874459266662598e-01
1.396000000000000085e+01,1.569934189319610596e-01,1.596957892179489136e-01
1.400000000000000000e+01,1.577531546354293823e-01,1.605052053928375244e-01
1.404000000000000092e+01,1.585137099027633667e-01,1.613157242536544800e-01
1.408000000000000007e+01,1.592751294374465942e-01,1.621273010969161987e-01
1.412000000000000099e+01,1.600373834371566772e-01,1.629400104284286499e-01
1.416000000000000014e+01,1.608005017042160034e-01,1.637537479400634766e-01
1.420000000000000107e+01,1.615644097328186035e-01,1.645685583353042603e-01
1.424000000000000021e+01,1.623291671276092529e-01,1.653844416141510010e-01
1.428000000000000114e+01,1.630947738885879517e-01,1.662013530731201172e-01
1.432000000000000028e+01,1.638611108064651489e-01,1.670192629098892212e-01
1.435999999999999943e+01,1.646282374858856201e-01,1.678382158279418945e-01
1.440000000000000036e+01,1.653962433338165283e-01,1.686581969261169434e-01
1.443999999999999950e+01,1.661649644374847412e-01,1.694792360067367554e-01
1.448000000000000043e+01,1.669344902038574219e-01,1.703011840581893921e-01
1.451999999999999957e+01,1.677047312259674072e-01,1.711241453886032104e-01
1.456000000000000050e+01,1.684757918119430542e-01,1.719481647014617920e-01
1.459999999999999964e+01,1.692476570606231689e-01,1.727731078863143921e-01
1.464000000000000057e+01,1.700201332569122314e-01,1.735990047454833984e-01
1.467999999999999972e+01,1.707933992147445679e-01,1.744258850812911987e-01
1.472000000000000064e+01,1.715674251317977905e-01,1.752537339925765991e-01
1.475999999999999979e+01,1.723421514034271240e-01,1.760825365781784058e-01
1.480000000000000071e+01,1.731176078319549561e-01,1.769122928380966187e-01
1.483999999999999986e+01,1.738938391208648682e-01,1.777430325746536255e-01
1.488000000000000078e+01,1.746707409620285034e-01,1.785746812820434570e-01
1.491999999999999993e+01,1.754483580589294434e-01,1.794072687625885010e-01
1.496000000000000085e+01,1.762266606092453003e-01,1.802407056093215942e-01
1.500000000000000000e+01,1.770056635141372681e-01,1.810751557350158691e-01
1.504000000000000092e+01,1.777853518724441528e-01,1.819104701280593872e-01
1.508000000000000007e+01,1.785656660795211792e-01,1.827466636896133423e-01
1.512000000000000099e+01,1.793466657400131226e-01,1.835837811231613159e-01
1.516000000000000014e+01,1.801283657550811768e-01,1.844217479228973389e-01
1.520000000000000107e+01,1.809106320142745972e-01,1.852605491876602173e-01
1.524000000000000021e+01,1.816936433315277100e-01,1.861003041267395020e-01
1.528000000000000114e+01,1.824772506952285767e-01,1.869408786296844482e-01
1.532000000000000028e+01,1.832614541053771973e-01,1.877823323011398315e-01
1.535999999999999943e+01,1.840463876724243164e-01,1.886246055364608765e-01
1.540000000000000036e+01,1.848318576812744141e-01,1.894677579402923584e-01
1.543999999999999950e+01,1.856179535388946533e-01,1.903117299079895020e-01
1.548000000000000043e+01,1.864047199487686157e-01,1.911565363407135010e-01
1.551999999999999957e+01,1.871919929981231689e-01,1.920021474361419678e-01
1.556000000000000050e+01,1.879798620939254761e-01,1.928485482931137085e-01
1.559999999999999964e+01,1.887684166431427002e-01,1.936957836151123047e-01
1.564000000000000057e+01,1.895574629306793213e-01,1.945438086986541748e-01
1.567999999999999972e+01,1.903471350669860840e-01,1.953926831483840942e-01
1.572000000000000064e+01,1.911373734474182129e-01,1.962423324584960938e-01
1.575999999999999979e+01,1.919281184673309326e-01,1.970927417278289795e-01
1.580000000000000071e+01,1.927195191383361816e-01,1.979438811540603638e-01
1.583999999999999986e+01,1.935114115476608276e-01,1.987958550453186035e-01
1.588000000000000078e+01,1.943038702011108398e-01,1.996486037969589233e-01
1.591999999999999993e+01,1.950967758893966675e-01,2.005020231008529663e-01
1.596000000000000085e+01,1.958902776241302490e-01,2.013562023639678955e-01
1.600000000000000000e+01,1.966842859983444214e-01,2.022111117839813232e-01
1.603999999999999915e+01,1.974788010120391846e-01,2.030668109655380249e-01
1.608000000000000185e+01,1.982738971710205078e-01,2.039232403039932251e-01
1.612000000000000099e+01,1.990694701671600342e-01,2.047803252935409546e-01
1.616000000000000014e+01,1.998655050992965698e-01,2.056381404399871826e-01
1.619999999999999929e+01,2.006620168685913086e-01,2.064966857433319092e-01
1.624000000000000199e+01,2.014591097831726074e-01,2.073559761047363281e-01
1.628000000000000114e+01,2.022565752267837524e-01,2.082158923149108887e-01
1.632000000000000028e+01,2.030545920133590698e-01,2.090765237808227539e-01
1.635999999999999943e+01,2.038530260324478149e-01,2.099378257989883423e-01
1.639999999999999858e+01,2.046519070863723755e-01,2.107997387647628784e-01
1.644000000000000128e+01,2.054512053728103638e-01,2.116623371839523315e-01
1.648000000000000043e+01,2.062510251998901367e-01,2.125256657600402832e-01
1.651999999999999957e+01,2.070513069629669189e-01,2.133896350860595703e-01
1.655999999999999872e+01,2.078519910573959351e-01,2.142542302608489990e-01
1.660000000000000142e+01,2.086530625820159912e-01,2.151194512844085693e-01
1.664000000000000057e+01,2.094545960426330566e-01,2.159852981567382812e-01
1.667999999999999972e+01,2.102565765380859375e-01,2.168518155813217163e-01
1.671999999999999886e+01,2.110589444637298584e-01,2.177188992500305176e-01
1.676000000000000156e+01,2.118616402149200439e-01,2.185865789651870728e-01
1.680000000000000071e+01,2.126647531986236572e-01,2.194548696279525757e-01
1.683999999999999986e+01,2.134682685136795044e-01,2.203237265348434448e-01
1.687999999999999901e+01,2.142722010612487793e-01,2.211932539939880371e-01
1.692000000000000171e+01,2.150764614343643188e-01,2.220633327960968018e-01
1.696000000000000085e+01,2.158811539411544800e-01,2.229339927434921265e-01
1.700000000000000000e+01,2.166862189769744873e-01,2.238052189350128174e-01
1.703999999999999915e+01,2.174916118383407593e-01,2.246770709753036499e-01
1.708000000000000185e+01,2.182974070310592651e-01,2.255494445562362671e-01
1.712000000000000099e+01,2.191036045551300049e-01,2.264224439859390259e-01
1.716000000000000014e+01,2.199099808931350708e-01,2.272958904504776001e-01
1.719999999999999929e+01,2.207168191671371460e-01,2.281699329614639282e-01
1.724000000000000199e+01,2.215239256620407104e-01,2.290444523096084595e-01
1.728000000000000114e+01,2.223313748836517334e-01,2.299195379018783569e-01
1.732000000000000028e+01,2.231391221284866333e-01,2.307951599359512329e-01
1.735999999999999943e+01,2.239471673965454102e-01,2.316712588071823120e-01
1.740000000000000213e+01,2.247555553913116455e-01,2.325478643178939819e-01
1.744000000000000128e+01,2.255642116069793701e-01,2.334249615669250488e-01
1.748000000000000043e+01,2.263731658458709717e-01,2.343025654554367065e-01
1.751999999999999957e+01,2.271824479103088379e-01,2.351807206869125366e-01
1.755999999999999872e+01,2.279920279979705811e-01,2.360592931509017944e-01
1.760000000000000142e+01,2.288018465042114258e-01,2.369384169578552246e-01
1.764000000000000057e+01,2.296118736267089844e-01,2.378179430961608887e-01
1.767999999999999972e+01,2.304221987724304199e-01,2.386978417634963989e-01
1.771999999999999886e+01,2.312328368425369263e-01,2.395783662796020508e-01
1.776000000000000156e+01,2.320436835289001465e-01,2.404592633247375488e-01
1.780000000000000071e+01,2.328547686338424683e-01,2.413405478000640869e-01
1.783999999999999986e+01,2.336661070585250854e-01,2.422223687171936035e-01
1.787999999999999901e+01,2.344776690006256104e-01,2.431045770645141602e-01
1.792000000000000171e+01,2.352894991636276245e-01,2.439871877431869507e-01
1.796000000000000085e+01,2.361015975475311279e-01,2.448702752590179443e-01
1.800000000000000000e+01,2.369138300418853760e-01,2.457537502050399780e-01
1.803999999999999915e+01,2.377262860536575317e-01,2.466376423835754395e-01
1.808000000000000185e+01,2.385389357805252075e-01,2.475218623876571655e-01
1.812000000000000099e+01,2.393517792224884033e-01,2.484065443277359009e-01
1.816000000000000014e+01,2.401648461818695068e-01,2.492915987968444824e-01
1.819999999999999929e+01,2.409780770540237427e-01,2.501769959926605225e-01
1.824000000000000199e+01,2.417915016412734985e-01,2.510628402233123779e-01
1.828000000000000114e+01,2.426051050424575806e-01,2.519490122795104980e-01
1.832000000000000028e+01,2.434188723564147949e-01,2.528355419635772705e-01
1.835999999999999943e+01,2.442328184843063354e-01,2.537224590778350830e-01
1.840000000000000213e+01,2.450469583272933960e-01,2.546096742153167725e-01
1.844000000000000128e+01,2.458611577749252319e-01,2.554972171783447266e-01
1.848000000000000043e+01,2.466755211353302002e-01,2.563851773738861084e-01
1.851999999999999957e+01,2.474900782108306885e-01,2.572734057903289795e-01
1.855999999999999872e+01,2.483047395944595337e-01,2.581619620323181152e-01
1.860000000000000142e+01,2.491196095943450928e-01,2.590508759021759033e-01
1.864000000000000057e+01,2.499344944953918457e-01,2.599400579929351807e-01
1.867999999999999972e+01,2.507496178150177002e-01,2.608296275138854980e-01
1.871999999999999886e+01,2.515647411346435547e-01,2.617194056510925293e-01
1.876000000000000156e+01,2.523799836635589600e-01,2.626094818115234375e-01
1.880000000000000071e+01,2.531953454017639160e-01,2.634997963905334473e-01
1.883999999999999986e+01,2.540107965469360352e-01,2.643904089927673340e-01
1.887999999999999901e+01,2.548263370990753174e-01,2.652813494205474854e-01
1.892000000000000171e+01,2.556419372558593750e-01,2.661724984645843506e-01
1.896000000000000085e+01,2.564576864242553711e-01,2.670639753341674805e-01
1.900000000000000000e+01,2.572734355926513672e-01,2.679556906223297119e-01
1.903999999999999915e+01,2.580893933773040771e-01,2.688477039337158203e-01
1.908000000000000185e+01,2.589053213596343994e-01,2.697399556636810303e-01
1.912000000000000099e+01,2.597212791442871094e-01,2.706323564052581787e-01
1.916000000000000014e+01,2.605373263359069824e-01,2.715250551700592041e-01
1.919999999999999929e+01,2.613534033298492432e-01,2.724179327487945557e-01
1.924000000000000199e+01,2.621695995330810547e-01,2.733111381530761719e-01
1.928000000000000114e+01,2.629857063293457031e-01,2.742044329643249512e-01
1.932000000000000028e+01,2.638019025325775146e-01,2.750979363918304443e-01
1.935999999999999943e+01,2.646181583404541016e-01,2.759916484355926514e-01
1.940000000000000213e+01,2.654343545436859131e-01,2.768855690956115723e-01
1.944000000000000128e+01,2.662504911422729492e-01,2.777796387672424316e-01
1.948000000000000043e+01,2.670667469501495361e-01,2.786739468574523926e-01
1.951999999999999957e+01,2.678829729557037354e-01,2.795684039592742920e-01
1.955999999999999872e+01,2.686992287635803223e-01,2.804630994796752930e-01
1.960000000000000142e+01,2.695154845714569092e-01,2.813578546047210693e-01
1.964000000000000057e+01,2.703317105770111084e-01,2.822528183460235596e-01
1.967999999999999972e+01,2.711479067802429199e-01,2.831479310989379883e-01
1.971999999999999886e+01,2.719640731811523438e-01,2.840431630611419678e-01
1.976000000000000156e+01,2.727801799774169922e-01,2.849385738372802734e-01
1.980000000000000071e+01,2.735963165760040283e-01,2.858340740203857422e-01
1.983999999999999986e+01,2.744123935699462891e-01,2.867297530174255371e-01
1.987999999999999901e+01,2.752284407615661621e-01,2.876256108283996582e-01
1.992000000000000171e+01,2.760444581508636475e-01,2.885215282440185547e-01
1.996000000000000085e+01,2.768603861331939697e-01,2.894175350666046143e-01
2.000000000000000000e+01,2.776762247085571289e-01,2.903137505054473877e-01
2.003999999999999915e+01,2.784920334815979004e-01,2.912099361419677734e-01
2.008000000000000185e+01,2.793076932430267334e-01,2.921062111854553223e-01
2.012000000000000099e+01,2.801233828067779541e-01,2.930026352405548096e-01
2.016000000000000014e+01,2.809389829635620117e-01,2.938991487026214600e-01
2.019999999999999929e+01,2.817544639110565186e-01,2.947957217693328857e-01
2.024000000000000199e+01,2.825698554515838623e-01,2.956924140453338623e-01
2.028000000000000114e+01,2.833851873874664307e-01,2.965891063213348389e-01
2.032000000000000028e+01,2.842003107070922852e-01,2.974858582019805908e-01
2.035999999999999943e+01,2.850153446197509766e-01,2.983825504779815674e-01
2.040000000000000213e+01,2.858302295207977295e-01,2.992793023586273193e-01
2.044000000000000128e+01,2.866449952125549316e-01,3.001760840415954590e-01
2.048000000000000043e+01,2.874597012996673584e-01,3.010730445384979248e-01
2.051999999999999957e+01,2.882743477821350098e-01,3.019699752330780029e-01
2.055999999999999872e+01,2.890888154506683350e-01,3.028670251369476318e-01
2.060000000000000142e+01,2.899031937122344971e-01,3.037641346454620361e-01
2.064000000000000057e+01,2.907173335552215576e-01,3.046611249446868896e-01
2.067999999999999972e+01,2.915313839912414551e-01,3.055581152439117432e-01
2.071999999999999886e+01,2.923451960086822510e-01,3.064551055431365967e-01
2.076000000000000156e+01,2.931589484214782715e-01,3.073521554470062256e-01
2.080000000000000071e+01,2.939724326133728027e-01,3.082490861415863037e-01
2.083999999999999986e+01,2.947859466075897217e-01,3.091461658477783203e-01
2.087999999999999901e+01,2.955990731716156006e-01,3.100430965423583984e-01
2.092000000000000171e+01,2.964119315147399902e-01,3.109399080276489258e-01
2.096000000000000085e+01,2.972249090671539307e-01,3.118368685245513916e-01
2.100000000000000000e+01,2.980375885963439941e-01,3.127337396144866943e-01
2.103999999999999915e+01,2.988499999046325684e-01,3.136305510997772217e-01
2.108000000000000185e+01,2.996622920036315918e-01,3.145273327827453613e-01
2.112000000000000099e+01,3.004742860794067383e-01,3.154240250587463379e-01
2.116000000000000014e+01,3.012861311435699463e-01,3.163206577301025391e-01
2.119999999999999929e+01,3.020977973937988281e-01,3.172172307968139648e-01
2.124000000000000199e+01,3.029091656208038330e-01,3.181137442588806152e-01
2.128000000000000114e+01,3.037203252315521240e-01,3.190100491046905518e-01
2.132000000000000028e+01,3.045311570167541504e-01,3.199063539505004883e-01
2.135999999999999943e+01,3.053418993949890137e-01,3.208026289939880371e-01
2.140000000000000213e+01,3.061522841453552246e-01,3.216986656188964844e-01
2.144000000000000128e+01,3.069624602794647217e-01,3.225946128368377686e-01
2.148000000000000043e+01,3.077723681926727295e-01,3.234904110431671143e-01
2.151999999999999957e+01,3.085820078849792480e-01,3.243862092494964600e-01
2.155999999999999872e+01,3.093914687633514404e-01,3.252818882465362549e-01
2.160000000000000142e+01,3.102007806301116943e-01,3.261775076389312744e-01
2.164000000000000057e+01,3.110095858573913574e-01,3.270729482173919678e-01
2.167999999999999972e+01,3.118182420730590820e-01,3.279682397842407227e-01
2.171999999999999886e+01,3.126266002655029297e-01,3.288632929325103760e-01
2.176000000000000156e+01,3.134345710277557373e-01,3.297581970691680908e-01
2.180000000000000071e+01,3.142423033714294434e-01,3.306529521942138672e-01
2.183999999999999986e+01,3.150496780872344971e-01,3.315475583076477051e-01
2.187999999999999901e+01,3.158568441867828369e-01,3.324420750141143799e-01
2.192000000000000171e+01,3.166637718677520752e-01,3.333363533020019531e-01
2.196000000000000085e+01,3.174703419208526611e-01,3.342304825782775879e-01
2.200000000000000000e+01,3.182765841484069824e-01,3.351245522499084473e-01
2.203999999999999915e+01,3.190826475620269775e-01,3.360185027122497559e-01
2.208000000000000185e+01,3.198883235454559326e-01,3.369120359420776367e-01
2.212000000000000099e+01,3.206936419010162354e-01,3.378054797649383545e-01
2.216000000000000014e+01,3.214985728263854980e-01,3.386986851692199707e-01
2.219999999999999929e+01,3.223033249378204346e-01,3.395917415618896484e-01
2.224000000000000199e+01,3.231075406074523926e-01,3.404844701290130615e-01
2.228000000000000114e+01,3.239115476608276367e-01,3.413771092891693115e-01
2.232000000000000028e+01,3.247150480747222900e-01,3.422694206237792969e-01
2.235999999999999943e+01,3.255183696746826172e-01,3.431615531444549561e-01
2.240000000000000213e+01,3.263212442398071289e-01,3.440534770488739014e-01
2.244000000000000128e+01,3.271238207817077637e-01,3.449452221393585205e-01
2.248000000000000043e+01,3.279261291027069092e-01,3.458366990089416504e-01
2.251999999999999957e+01,3.287279009819030762e-01,3.467278480529785156e-01
2.255999999999999872e+01,3.295293748378753662e-01,3.476188182830810547e-01
2.260000000000000142e+01,3.303304910659790039e-01,3.485094904899597168e-01
2.264000000000000057e+01,3.311310410499572754e-01,3.493997752666473389e-01
2.267999999999999972e+01,3.319313526153564453e-01,3.502899110317230225e-01
2.271999999999999886e+01,3.327311873435974121e-01,3.511797189712524414e-01
2.276000000000000156e+01,3.335307240486145020e-01,3.520693182945251465e-01
2.280000000000000071e+01,3.343297243118286133e-01,3.529585003852844238e-01
2.283999999999999986e+01,3.351282775402069092e-01,3.538474440574645996e-01
2.287999999999999901e+01,3.359265327453613281e-01,3.547360599040985107e-01
2.292000000000000171e+01,3.367242813110351562e-01,3.556244373321533203e-01
2.296000000000000085e+01,3.375217318534851074e-01,3.565124273300170898e-01
2.300000000000000000e+01,3.383187651634216309e-01,3.574002087116241455e-01
2.303999999999999915e+01,3.391152024269104004e-01,3.582876026630401611e-01
2.308000000000000185e+01,3.399112522602081299e-01,3.591746091842651367e-01
2.312000000000000099e+01,3.407068252563476562e-01,3.600612878799438477e-01
2.316000000000000014e+01,3.415021300315856934e-01,3.609477579593658447e-01
2.319999999999999929e+01,3.422968983650207520e-01,3.618338704109191895e-01
2.324000000000000199e+01,3.430911898612976074e-01,3.627196252346038818e-01
2.328000000000000114e+01,3.438851535320281982e-01,3.636049926280975342e-01
2.332000000000000028e+01,3.446784317493438721e-01,3.644900023937225342e-01
2.335999999999999943e+01,3.454713523387908936e-01,3.653745353221893311e-01
2.340000000000000213e+01,3.462637066841125488e-01,3.662588000297546387e-01
2.344000000000000128e+01,3.470556139945983887e-01,3.671426475048065186e-01
2.348000000000000043e+01,3.478471934795379639e-01,3.680261373519897461e-01
2.351999999999999957e+01,3.486381471157073975e-01,3.689093589782714844e-01
2.355999999999999872e+01,3.494286835193634033e-01,3.697921037673950195e-01
2.360000000000000142e+01,3.502184450626373291e-01,3.706742823123931885e-01
2.364000000000000057e+01,3.510079383850097656e-01,3.715561032295227051e-01
2.367999999999999972e+01,3.517969846725463867e-01,3.724377751350402832e-01
2.371999999999999886e+01,3.525854647159576416e-01,3.733188807964324951e-01
2.376000000000000156e+01,3.533734977245330811e-01,3.741997182369232178e-01
2.380000000000000071e+01,3.541610240936279297e-01,3.750799596309661865e-01
2.383999999999999986e+01,3.549480140209197998e-01,3.759599030017852783e-01
2.387999999999999901e+01,3.557344377040863037e-01,3.768393993377685547e-01
2.392000000000000171e+01,3.565202653408050537e-01,3.777183592319488525e-01
2.396000000000000085e+01,3.573056757450103760e-01,3.785969316959381104e-01
2.400000000000000000e+01,3.580904304981231689e-01,3.794749379158020020e-01
2.403999999999999915e+01,3.588746786117553711e-01,3.803525865077972412e-01
2.408000000000000185e+01,3.596585094928741455e-01,3.812299370765686035e-01
2.412000000000000099e+01,3.604416847229003906e-01,3.821066617965698242e-01
2.416000000000000014e+01,3.612244129180908203e-01,3.829829990863800049e-01
2.419999999999999929e+01,3.620065152645111084e-01,3.838588595390319824e-01
2.424000000000000199e+01,3.627880811691284180e-01,3.847343325614929199e-01
2.428000000000000114e+01,3.635691106319427490e-01,3.856092393398284912e-01
2.432000000000000028e+01,3.643495738506317139e-01,3.864837288856506348e-01
2.435999999999999943e+01,3.651294112205505371e-01,3.873575627803802490e-01
2.440000000000000213e+01,3.659087419509887695e-01,3.882311284542083740e-01
2.444000000000000128e+01,3.666872978210449219e-01,3.891040086746215820e-01
2.448000000000000043e+01,3.674654066562652588e-01,3.899762928485870361e-01
2.451999999999999957e+01,3.682429492473602295e-01,3.908483684062957764e-01
2.456000000000000227e+01,3.690199255943298340e-01,3.917198181152343750e-01
2.460000000000000142e+01,3.697962462902069092e-01,3.925907611846923828e-01
2.464000000000000057e+01,3.705720305442810059e-01,3.934611678123474121e-01
2.467999999999999972e+01,3.713472187519073486e-01,3.943310379981994629e-01
2.471999999999999886e+01,3.721216917037963867e-01,3.952003419399261475e-01
2.476000000000000156e+01,3.728954792022705078e-01,3.960691094398498535e-01
2.480000000000000071e+01,3.736687004566192627e-01,3.969371616840362549e-01
2.483999999999999986e+01,3.744412958621978760e-01,3.978048563003540039e-01
2.487999999999999901e+01,3.752134144306182861e-01,3.986720740795135498e-01
2.492000000000000171e+01,3.759848177433013916e-01,3.995386660099029541e-01
2.496000000000000085e+01,3.767555058002471924e-01,4.004045426845550537e-01
2.500000000000000000e+01,3.775255680084228516e-01,4.012699723243713379e-01
2.503999999999999915e+01,3.782948851585388184e-01,4.021347165107727051e-01
2.508000000000000185e+01,3.790635764598846436e-01,4.029987752437591553e-01
2.512000000000000099e+01,3.798318505287170410e-01,4.038624763488769531e-01
2.516000000000000014e+01,3.805993795394897461e-01,4.047256410121917725e-01
2.519999999999999929e+01,3.813660144805908203e-01,4.055879414081573486e-01
2.524000000000000199e+01,3.821322917938232422e-01,4.064499437808990479e-01
2.528000000000000114e+01,3.828978538513183594e-01,4.073112905025482178e-01
2.532000000000000028e+01,3.836627602577209473e-01,4.081720113754272461e-01
2.535999999999999943e+01,3.844269514083862305e-01,4.090321063995361328e-01
2.540000000000000213e+01,3.851904571056365967e-01,4.098914861679077148e-01
2.544000000000000128e+01,3.859532177448272705e-01,4.107505083084106445e-01
2.548000000000000043e+01,3.867155611515045166e-01,4.116087257862091064e-01
2.551999999999999957e+01,3.874769210815429688e-01,4.124662280082702637e-01
2.556000000000000227e+01,3.882375955581665039e-01,4.133232533931732178e-01
2.560000000000000142e+01,3.889976739883422852e-01,4.141795337200164795e-01
2.564000000000000057e+01,3.897570967674255371e-01,4.150352180004119873e-01
2.567999999999999972e+01,3.905155062675476074e-01,4.158900976181030273e-01
2.571999999999999886e+01,3.912734985351562500e-01,4.167443811893463135e-01
2.576000000000000156e+01,3.920306265354156494e-01,4.175980687141418457e-01
2.580000000000000071e+01,3.927872180938720703e-01,4.184512197971343994e-01
2.583999999999999986e+01,3.935430347919464111e-01,4.193036258220672607e-01
2.587999999999999901e+01,3.942982554435729980e-01,4.201554358005523682e-01
2.592000000000000171e+01,3.950525224208831787e-01,4.210062623023986816e-01
2.596000000000000085e+01,3.958061337471008301e-01,4.218566119670867920e-01
2.600000000000000000e+01,3.965590596199035645e-01,4.227063655853271484e-01
2.603999999999999915e+01,3.973110318183898926e-01,4.235552847385406494e-01
2.608000000000000185e+01,3.980624973773956299e-01,4.244036078453063965e-01
2.612000000000000099e+01,3.988132476806640625e-01,4.252511560916900635e-01
2.616000000000000014e+01,3.995631635189056396e-01,4.260980188846588135e-01
2.619999999999999929e+01,4.003122448921203613e-01,4.269441068172454834e-01
2.624000000000000199e+01,4.010605216026306152e-01,4.277894198894500732e-01
2.628000000000000114e+01,4.018080830574035645e-01,4.286341369152069092e-01
2.632000000000000028e+01,4.025550484657287598e-01,4.294782578945159912e-01
2.635999999999999943e+01,4.033011794090270996e-01,4.303214848041534424e-01
2.640000000000000213e+01,4.040464758872985840e-01,4.311640262603759766e-01
2.644000000000000128e+01,4.047911167144775391e-01,4.320058822631835938e-01
2.648000000000000043e+01,4.055349826812744141e-01,4.328469634056091309e-01
2.651999999999999957e+01,4.062778949737548828e-01,4.336872100830078125e-01
2.656000000000000227e+01,4.070201218128204346e-01,4.345268011093139648e-01
2.660000000000000142e+01,4.077615737915039062e-01,4.353656172752380371e-01
2.664000000000000057e+01,4.085022807121276855e-01,4.362037479877471924e-01
2.667999999999999972e+01,4.092421233654022217e-01,4.370410740375518799e-01
2.671999999999999886e+01,4.099809825420379639e-01,4.378774166107177734e-01
2.676000000000000156e+01,4.107193052768707275e-01,4.387131631374359131e-01
2.680000000000000071e+01,4.114568233489990234e-01,4.395482540130615234e-01
2.683999999999999986e+01,4.121934473514556885e-01,4.403825700283050537e-01
2.687999999999999901e+01,4.129292666912078857e-01,4.412158429622650146e-01
2.692000000000000171e+01,4.136641919612884521e-01,4.420484006404876709e-01
2.696000000000000085e+01,4.143983423709869385e-01,4.428802132606506348e-01
2.700000000000000000e+01,4.151318371295928955e-01,4.437114596366882324e-01
2.703999999999999915e+01,4.158643186092376709e-01,4.445416033267974854e-01
2.708000000000000185e+01,4.165959358215332031e-01,4.453708529472351074e-01
2.712000000000000099e+01,4.173267483711242676e-01,4.461995065212249756e-01
2.716000000000000014e+01,4.180567264556884766e-01,4.470271468162536621e-01
2.719999999999999929e+01,4.187858998775482178e-01,4.478540718555450439e-01
2.724000000000000199e+01,4.195142388343811035e-01,4.486803114414215088e-01
2.728000000000000114e+01,4.202418029308319092e-01,4.495056271553039551e-01
2.732000000000000028e+01,4.209683537483215332e-01,4.503299295902252197e-01
2.735999999999999943e+01,4.216940701007843018e-01,4.511535763740539551e-01
2.740000000000000213e+01,4.224190413951873779e-01,4.519764780998229980e-01
2.744000000000000128e+01,4.231431782245635986e-01,4.527985155582427979e-01
2.748000000000000043e+01,4.238663315773010254e-01,4.536195993423461914e-01
2.751999999999999957e+01,4.245887398719787598e-01,4.544398188591003418e-01
2.756000000000000227e+01,4.253103435039520264e-01,4.552592933177947998e-01
2.760000000000000142e+01,4.260308742523193359e-01,4.560778141021728516e-01
2.764000000000000057e+01,4.267506599426269531e-01,4.568955004215240479e-01
2.767999999999999972e+01,4.274694323539733887e-01,4.577122926712036133e-01
2.771999999999999886e+01,4.281874001026153564e-01,4.585282802581787109e-01
2.776000000000000156e+01,4.289044141769409180e-01,4.593432843685150146e-01
2.780000000000000071e+01,4.296205639839172363e-01,4.601572751998901367e-01
2.783999999999999986e+01,4.303357899188995361e-01,4.609704911708831787e-01
2.787999999999999901e+01,4.310500621795654297e-01,4.617827236652374268e-01
2.792000000000000171e+01,4.317634403705596924e-01,4.625941514968872070e-01
2.796000000000000085e+01,4.324760437011718750e-01,4.634047150611877441e-01
2.800000000000000000e+01,4.331876337528228760e-01,4.642142653465270996e-01
2.803999999999999915e+01,4.338982999324798584e-01,4.650229215621948242e-01
2.808000000000000185e+01,4.346080422401428223e-01,4.658306837081909180e-01
2.812000000000000099e+01,4.353169798851013184e-01,4.666375219821929932e-01
2.816000000000000014e+01,4.360249340534210205e-01,4.674434363842010498e-01
2.819999999999999929e+01,4.367319643497467041e-01,4.682485461235046387e-01
2.824000000000000199e+01,4.374380707740783691e-01,4.690524935722351074e-01
2.828000000000000114e+01,4.381432533264160156e-01,4.698557257652282715e-01
2.832000000000000028e+01,4.388475418090820312e-01,4.706580042839050293e-01
2.835999999999999943e+01,4.395508766174316406e-01,4.714592993259429932e-01
2.840000000000000213e+01,4.402533173561096191e-01,4.722596406936645508e-01
2.844000000000000128e+01,4.409546852111816406e-01,4.730589091777801514e-01
2.848000000000000043e+01,4.416551887989044189e-01,4.738574326038360596e-01
2.851999999999999957e+01,4.423547983169555664e-01,4.746548533439636230e-01
2.856000000000000227e+01,4.430533647537231445e-01,4.754514694213867188e-01
2.860000000000000142e+01,4.437511861324310303e-01,4.762470424175262451e-01
2.864000000000000057e+01,4.444478452205657959e-01,4.770416617393493652e-01
2.867999999999999972e+01,4.451435804367065430e-01,4.778353273868560791e-01
2.871999999999999886e+01,4.458382725715637207e-01,4.786278605461120605e-01
2.876000000000000156e+01,4.465321898460388184e-01,4.794195890426635742e-01
2.880000000000000071e+01,4.472250342369079590e-01,4.802102148532867432e-01
2.883999999999999986e+01,4.479168355464935303e-01,4.809998273849487305e-01
2.887999999999999901e+01,4.486076533794403076e-01,4.817884564399719238e-01
2.892000000000000171e+01,4.492975473403930664e-01,4.825759828090667725e-01
2.896000000000000085e+01,4.499863982200622559e-01,4.833626449108123779e-01
2.900000000000000000e+01,4.506742656230926514e-01,4.841481745243072510e-01
2.903999999999999915e+01,4.513611793518066406e-01,4.849328696727752686e-01
2.908000000000000185e+01,4.520472288131713867e-01,4.857164621353149414e-01
2.912000000000000099e+01,4.527322053909301758e-01,4.864991009235382080e-01
2.916000000000000014e+01,4.534163177013397217e-01,4.872808158397674561e-01
2.919999999999999929e+01,4.540991485118865967e-01,4.880613088607788086e-01
2.924000000000000199e+01,4.547810554504394531e-01,4.888407886028289795e-01
2.928000000000000114e+01,4.554619789123535156e-01,4.896192848682403564e-01
2.932000000000000028e+01,4.561418294906616211e-01,4.903964698314666748e-01
2.935999999999999943e+01,4.568209052085876465e-01,4.911731183528900146e-01
2.940000000000000213e+01,4.574987888336181641e-01,4.919485747814178467e-01
2.944000000000000128e+01,4.581756591796875000e-01,4.927228689193725586e-01
2.948000000000000043e+01,4.588515162467956543e-01,4.934959709644317627e-01
2.951999999999999957e+01,4.595263004302978516e-01,4.942681491374969482e-01
2.956000000000000227e+01,4.602001309394836426e-01,4.950392544269561768e-01
2.960000000000000142e+01,4.608730077743530273e-01,4.958094358444213867e-01
2.964000000000000057e+01,4.615448415279388428e-01,4.965785443782806396e-01
2.967999999999999972e+01,4.622156023979187012e-01,4.973465502262115479e-01
2.971999999999999886e+01,4.628852009773254395e-01,4.981132447719573975e-01
2.976000000000000156e+01,4.635536670684814453e-01,4.988787770271301270e-01
2.980000000000000071e+01,4.642212986946105957e-01,4.996435046195983887e-01
2.983999999999999986e+01,4.648879766464233398e-01,5.004071593284606934e-01
2.987999999999999901e+01,4.655537009239196777e-01,5.011699199676513672e-01
2.992000000000000171e+01,4.662179946899414062e-01,5.019311308860778809e-01
2.996000000000000085e+01,4.668813347816467285e-01,5.026914477348327637e-01
3.000000000000000000e+01,4.675435423851013184e-01,5.034504532814025879e-01
3.003999999999999915e+01,4.682049155235290527e-01,5.042087435722351074e-01
3.008000000000000185e+01,4.688651859760284424e-01,5.049657225608825684e-01
3.012000000000000099e+01,4.695242047309875488e-01,5.057215094566345215e-01
3.016000000000000014e+01,4.701822996139526367e-01,5.064762234687805176e-01
3.019999999999999929e+01,4.708392620086669922e-01,5.072297453880310059e-01
3.024000000000000199e+01,4.714951515197753906e-01,5.079821944236755371e-01
3.028000000000000114e+01,4.721499681472778320e-01,5.087332725524902344e-01
3.032000000000000028e+01,4.728035628795623779e-01,5.094835162162780762e-01
3.035999999999999943e+01,4.734562635421752930e-01,5.102325677871704102e-01
3.040000000000000213e+01,4.741077423095703125e-01,5.109804868698120117e-01
3.044000000000000128e+01,4.747582972049713135e-01,5.117272734642028809e-01
3.048000000000000043e+01,4.754076600074768066e-01,5.124728083610534668e-01
3.051999999999999957e+01,4.760558605194091797e-01,5.132171511650085449e-01
3.056000000000000227e+01,4.767031073570251465e-01,5.139605402946472168e-01
3.060000000000000142e+01,4.773492515087127686e-01,5.147027373313903809e-01
3.064000000000000057e+01,4.779942929744720459e-01,5.154439210891723633e-01
3.067999999999999972e+01,4.786381125450134277e-01,5.161835551261901855e-01
3.071999999999999886e+01,4.792808294296264648e-01,5.169220566749572754e-01
3.076000000000000156e+01,4.799225330352783203e-01,5.176596641540527344e-01
3.080000000000000071e+01,4.805631041526794434e-01,5.183960795402526855e-01
3.083999999999999986e+01,4.812024533748626709e-01,5.191309452056884766e-01
3.087999999999999901e+01,4.818409085273742676e-01,5.198650360107421875e-01
3.092000000000000171e+01,4.824780225753784180e-01,5.205975174903869629e-01
3.096000000000000085e+01,4.831139445304870605e-01,5.213290452957153320e-01
3.100000000000000000e+01,4.837490320205688477e-01,5.220595598220825195e-01
3.103999999999999915e+01,4.843828678131103516e-01,5.227885842323303223e-01
3.108000000000000185e+01,4.850156307220458984e-01,5.235167145729064941e-01
3.112000000000000099e+01,4.856472611427307129e-01,5.242435932159423828e-01
3.116000000000000014e+01,4.862778782844543457e-01,5.249692797660827637e-01
3.119999999999999929e+01,4.869071245193481445e-01,5.256937146186828613e-01
3.124000000000000199e+01,4.875353574752807617e-01,5.264168381690979004e-01
3.128000000000000114e+01,4.881625473499298096e-01,5.271388888359069824e-01
3.132000000000000028e+01,4.887884557247161865e-01,5.278597474098205566e-01
3.135999999999999943e+01,4.894130527973175049e-01,5.285788774490356445e-01
3.140000000000000213e+01,4.900362789630889893e-01,5.292968750000000000e-01
3.144000000000000128e+01,4.906589388847351074e-01,5.300140380859375000e-01
3.148000000000000043e+01,4.912802875041961670e-01,5.307298898696899414e-01
3.151999999999999957e+01,4.919002652168273926e-01,5.314442515373229980e-01
3.156000000000000227e+01,4.925191402435302734e-01,5.321574807167053223e-01
3.160000000000000142e+01,4.931367337703704834e-01,5.328691601753234863e-01
3.164000000000000057e+01,4.937530755996704102e-01,5.335797071456909180e-01
3.167999999999999972e+01,4.943686425685882568e-01,5.342893600463867188e-01
3.172000000000000242e+01,4.949831664562225342e-01,5.349979400634765625e-01
3.176000000000000156e+01,4.955962896347045898e-01,5.357051491737365723e-01
3.180000000000000071e+01,4.962083697319030762e-01,5.364110469818115234e-01
3.183999999999999986e+01,4.968189895153045654e-01,5.371152162551879883e-01
3.187999999999999901e+01,4.974282085895538330e-01,5.378181338310241699e-01
3.192000000000000171e+01,4.980366230010986328e-01,5.385199189186096191e-01
3.196000000000000085e+01,4.986436069011688232e-01,5.392203927040100098e-01
3.200000000000000000e+01,4.992496669292449951e-01,5.399199128150939941e-01
3.203999999999999915e+01,4.998546540737152100e-01,5.406180620193481445e-01
3.207999999999999829e+01,5.004584193229675293e-01,5.413150787353515625e-01
3.211999999999999744e+01,5.010607242584228516e-01,5.420104861259460449e-01
3.216000000000000369e+01,5.016620159149169922e-01,5.427046418190002441e-01
3.220000000000000284e+01,5.022620558738708496e-01,5.433976054191589355e-01
3.224000000000000199e+01,5.028606057167053223e-01,5.440889000892639160e-01
3.228000000000000114e+01,5.034581422805786133e-01,5.447792410850524902e-01
3.232000000000000028e+01,5.040546655654907227e-01,5.454683899879455566e-01
3.235999999999999943e+01,5.046498179435729980e-01,5.461558103561401367e-01
3.239999999999999858e+01,5.052437186241149902e-01,5.468422174453735352e-01
3.243999999999999773e+01,5.058364272117614746e-01,5.475270748138427734e-01
3.248000000000000398e+01,5.064278244972229004e-01,5.482107996940612793e-01
3.252000000000000313e+01,5.070179700851440430e-01,5.488929152488708496e-01
3.256000000000000227e+01,5.076071619987487793e-01,5.495740175247192383e-01
3.260000000000000142e+01,5.081949830055236816e-01,5.502536296844482422e-01
3.264000000000000057e+01,5.087815523147583008e-01,5.509321093559265137e-01
3.267999999999999972e+01,5.093670487403869629e-01,5.516091585159301758e-01
3.271999999999999886e+01,5.099511146545410156e-01,5.522846579551696777e-01
3.275999999999999801e+01,5.105341672897338867e-01,5.529591441154479980e-01
3.279999999999999716e+01,5.111157894134521484e-01,5.536321401596069336e-01
3.284000000000000341e+01,5.116963386535644531e-01,5.543037652969360352e-01
3.288000000000000256e+01,5.122755169868469238e-01,5.549739003181457520e-01
3.292000000000000171e+01,5.128533840179443359e-01,5.556430816650390625e-01
3.296000000000000085e+01,5.134302973747253418e-01,5.563107132911682129e-01
3.300000000000000000e+01,5.140058398246765137e-01,5.569771528244018555e-01
3.303999999999999915e+01,5.145800113677978516e-01,5.576419234275817871e-01
3.307999999999999829e+01,5.151529312133789062e-01,5.583052039146423340e-01
3.311999999999999744e+01,5.157246589660644531e-01,5.589673519134521484e-01
3.316000000000000369e+01,5.162949562072753906e-01,5.596280097961425781e-01
3.320000000000000284e+01,5.168641805648803711e-01,5.602872967720031738e-01
3.324000000000000199e+01,5.174322128295898438e-01,5.609453320503234863e-01
3.328000000000000114e+01,5.179988741874694824e-01,5.616018176078796387e-01
3.332000000000000028e+01,5.185644030570983887e-01,5.622570514678955078e-01
3.335999999999999943e+01,5.191286206245422363e-01,5.629111528396606445e-01
3.339999999999999858e+01,5.196918249130249023e-01,5.635638236999511719e-01
3.343999999999999773e+01,5.202533602714538574e-01,5.642148256301879883e-01
3.348000000000000398e+01,5.208137035369873047e-01,5.648644566535949707e-01
3.352000000000000313e+01,5.213729739189147949e-01,5.655128359794616699e-01
3.356000000000000227e+01,5.219308733940124512e-01,5.661598443984985352e-01
3.360000000000000142e+01,5.224872827529907227e-01,5.668051838874816895e-01
3.364000000000000057e+01,5.230425000190734863e-01,5.674491524696350098e-01
3.367999999999999972e+01,5.235965251922607422e-01,5.680918097496032715e-01
3.371999999999999886e+01,5.241491198539733887e-01,5.687329173088073730e-01
3.375999999999999801e+01,5.247004032135009766e-01,5.693725943565368652e-01
3.379999999999999716e+01,5.252506136894226074e-01,5.700110793113708496e-01
3.384000000000000341e+01,5.257993340492248535e-01,5.706477761268615723e-01
3.388000000000000256e+01,5.263470411300659180e-01,5.712834596633911133e-01
3.392000000000000171e+01,5.268931388854980469e-01,5.719175338745117188e-01
3.396000000000000085e+01,5.274382233619689941e-01,5.725502371788024902e-01
3.400000000000000000e+01,5.279819369316101074e-01,5.731815099716186523e-01
3.403999999999999915e+01,5.285241603851318359e-01,5.738111138343811035e-01
3.407999999999999829e+01,5.290650129318237305e-01,5.744393467903137207e-01
3.411999999999999744e+01,5.296047925949096680e-01,5.750662684440612793e-01
3.416000000000000369e+01,5.301432609558105469e-01,5.756915807723999023e-01
3.420000000000000284e+01,5.306805372238159180e-01,5.763158202171325684e-01
3.424000000000000199e+01,5.312162041664123535e-01,5.769382119178771973e-01
3.428000000000000114e+01,5.317506194114685059e-01,5.775593519210815430e-01
3.432000000000000028e+01,5.322837233543395996e-01,5.781786441802978516e-01
3.435999999999999943e+01,5.328155159950256348e-01,5.787968635559082031e-01
3.439999999999999858e+01,5.333461165428161621e-01,5.794137716293334961e-01
3.443999999999999773e+01,5.338754653930664062e-01,5.800287723541259766e-01
3.448000000000000398e+01,5.344033241271972656e-01,5.806426405906677246e-01
3.452000000000000313e+01,5.349299907684326172e-01,5.812550187110900879e-01
3.456000000000000227e+01,5.354549884796142578e-01,5.818654894828796387e-01
3.460000000000000142e+01,5.359788537025451660e-01,5.824748277664184570e-01
3.464000000000000057e+01,5.365013480186462402e-01,5.830824971199035645e-01
3.467999999999999972e+01,5.370225906372070312e-01,5.836889147758483887e-01
3.471999999999999886e+01,5.375427007675170898e-01,5.842939615249633789e-01
3.475999999999999801e+01,5.380614399909973145e-01,5.848975777626037598e-01
3.480000000000000426e+01,5.385790467262268066e-01,5.854998230934143066e-01
3.484000000000000341e+01,5.390951037406921387e-01,5.861004590988159180e-01
3.488000000000000256e+01,5.396094918251037598e-01,5.866991877555847168e-01
3.492000000000000171e+01,5.401223897933959961e-01,5.872961878776550293e-01
3.496000000000000085e+01,5.406345129013061523e-01,5.878922939300537109e-01
3.500000000000000000e+01,5.411453843116760254e-01,5.884870886802673340e-01
3.503999999999999915e+01,5.416545867919921875e-01,5.890800952911376953e-01
3.507999999999999829e+01,5.421625375747680664e-01,5.896714329719543457e-01
3.511999999999999744e+01,5.426692366600036621e-01,5.902614593505859375e-01
3.516000000000000369e+01,5.431740880012512207e-01,5.908498167991638184e-01
3.520000000000000284e+01,5.436779260635375977e-01,5.914363861083984375e-01
3.524000000000000199e+01,5.441803336143493652e-01,5.920217633247375488e-01
3.528000000000000114e+01,5.446815490722656250e-01,5.926056504249572754e-01
3.532000000000000028e+01,5.451810359954833984e-01,5.931876897811889648e-01
3.535999999999999943e+01,5.456793308258056641e-01,5.937683582305908203e-01
3.539999999999999858e+01,5.461760759353637695e-01,5.943474173545837402e-01
3.543999999999999773e+01,5.466716885566711426e-01,5.949250459671020508e-01
3.548000000000000398e+01,5.471658706665039062e-01,5.955008864402770996e-01
3.552000000000000313e+01,5.476585626602172852e-01,5.960752964019775391e-01
3.556000000000000227e+01,5.481498837471008301e-01,5.966482162475585938e-01
3.560000000000000142e+01,5.486400127410888672e-01,5.972197055816650391e-01
3.564000000000000057e+01,5.491284728050231934e-01,5.977893471717834473e-01
3.567999999999999972e+01,5.496161580085754395e-01,5.983579158782958984e-01
3.571999999999999886e+01,5.501018762588500977e-01,5.989246368408203125e-01
3.575999999999999801e+01,5.505865216255187988e-01,5.994898080825805664e-01
3.580000000000000426e+01,5.510697364807128906e-01,6.000536084175109863e-01
3.584000000000000341e+01,5.515514016151428223e-01,6.006155014038085938e-01
3.588000000000000256e+01,5.520315766334533691e-01,6.011758446693420410e-01
3.592000000000000171e+01,5.525105595588684082e-01,6.017347574234008789e-01
3.596000000000000085e+01,5.529882907867431641e-01,6.022923588752746582e-01
3.600000000000000000e+01,5.534646511077880859e-01,6.028482913970947266e-01
3.603999999999999915e+01,5.539395809173583984e-01,6.034026145935058594e-01
3.607999999999999829e+01,5.544131994247436523e-01,6.039556264877319336e-01
3.611999999999999744e+01,5.548852682113647461e-01,6.045066714286804199e-01
3.616000000000000369e+01,5.553560853004455566e-01,6.050564050674438477e-01
3.620000000000000284e+01,5.558250546455383301e-01,6.056039929389953613e-01
3.624000000000000199e+01,5.562927722930908203e-01,6.061500906944274902e-01
3.628000000000000114e+01,5.567589998245239258e-01,6.066948175430297852e-01
3.632000000000000028e+01,5.572239160537719727e-01,6.072378158569335938e-01
3.635999999999999943e+01,5.576872825622558594e-01,6.077789664268493652e-01
3.639999999999999858e+01,5.581493377685546875e-01,6.083188056945800781e-01
3.643999999999999773e+01,5.586100220680236816e-01,6.088569164276123047e-01
3.648000000000000398e+01,5.590695142745971680e-01,6.093940734863281250e-01
3.652000000000000313e+01,5.595275759696960449e-01,6.099292039871215820e-01
3.656000000000000227e+01,5.599842071533203125e-01,6.104629039764404297e-01
3.660000000000000142e+01,5.604395270347595215e-01,6.109949946403503418e-01
3.664000000000000057e+01,5.608931779861450195e-01,6.115252971649169922e-01
3.667999999999999972e+01,5.613458156585693359e-01,6.120544075965881348e-01
3.671999999999999886e+01,5.617967844009399414e-01,6.125815510749816895e-01
3.675999999999999801e+01,5.622463822364807129e-01,6.131073236465454102e-01
3.680000000000000426e+01,5.626943707466125488e-01,6.136310100555419922e-01
3.684000000000000341e+01,5.631408691406250000e-01,6.141532659530639648e-01
3.688000000000000256e+01,5.635861158370971680e-01,6.146740317344665527e-01
3.692000000000000171e+01,5.640299916267395020e-01,6.151931285858154297e-01
3.696000000000000085e+01,5.644723773002624512e-01,6.157107353210449219e-01
3.700000000000000000e+01,5.649136900901794434e-01,6.162267327308654785e-01
3.703999999999999915e+01,5.653530359268188477e-01,6.167409420013427734e-01
3.707999999999999829e+01,5.657911896705627441e-01,6.172535419464111328e-01
3.711999999999999744e+01,5.662279129028320312e-01,6.177645325660705566e-01
3.716000000000000369e+01,5.666633844375610352e-01,6.182740926742553711e-01
3.720000000000000284e+01,5.670969486236572266e-01,6.187815666198730469e-01
3.724000000000000199e+01,5.675292611122131348e-01,6.192875504493713379e-01
3.728000000000000114e+01,5.679602026939392090e-01,6.197918057441711426e-01
3.732000000000000028e+01,5.683892965316772461e-01,6.202940940856933594e-01
3.735999999999999943e+01,5.688170194625854492e-01,6.207947731018066406e-01
3.739999999999999858e+01,5.692436695098876953e-01,6.212943792343139648e-01
3.743999999999999773e+01,5.696690082550048828e-01,6.217923164367675781e-01
3.748000000000000398e+01,5.700926780700683594e-01,6.222883462905883789e-01
3.752000000000000313e+01,5.705144405364990234e-01,6.227824091911315918e-01
3.756000000000000227e+01,5.709350109100341797e-01,6.232749819755554199e-01
3.760000000000000142e+01,5.713542103767395020e-01,6.237658262252807617e-01
3.764000000000000057e+01,5.717720389366149902e-01,6.242551803588867188e-01
3.767999999999999972e+01,5.721883773803710938e-01,6.247430443763732910e-01
3.771999999999999886e+01,5.726033449172973633e-01,6.252292394638061523e-01
3.775999999999999801e+01,5.730171203613281250e-01,6.257140040397644043e-01
3.780000000000000426e+01,5.734291672706604004e-01,6.261966228485107422e-01
3.784000000000000341e+01,5.738396048545837402e-01,6.266776919364929199e-01
3.788000000000000256e+01,5.742487311363220215e-01,6.271572113037109375e-01
3.792000000000000171e+01,5.746563076972961426e-01,6.276347637176513672e-01
3.796000000000000085e+01,5.750623941421508789e-01,6.281107068061828613e-01
3.800000000000000000e+01,5.754673480987548828e-01,6.285853981971740723e-01
3.803999999999999915e+01,5.758705735206604004e-01,6.290581226348876953e-01
3.807999999999999829e+01,5.762723684310913086e-01,6.295292377471923828e-01
3.811999999999999744e+01,5.766724348068237305e-01,6.299982666969299316e-01
3.816000000000000369e+01,5.770715475082397461e-01,6.304661631584167480e-01
3.820000000000000284e+01,5.774687528610229492e-01,6.309320926666259766e-01
3.824000000000000199e+01,5.778648257255554199e-01,6.313963532447814941e-01
3.828000000000000114e+01,5.782592892646789551e-01,6.318590641021728516e-01
3.832000000000000028e+01,5.786526203155517578e-01,6.323202848434448242e-01
3.835999999999999943e+01,5.790437459945678711e-01,6.327791213989257812e-01
3.839999999999999858e+01,5.794336795806884766e-01,6.332365274429321289e-01
3.843999999999999773e+01,5.798223614692687988e-01,6.336923837661743164e-01
3.848000000000000398e+01,5.802092552185058594e-01,6.341463327407836914e-01
3.852000000000000313e+01,5.805945396423339844e-01,6.345983743667602539e-01
3.856000000000000227e+01,5.809782743453979492e-01,6.350487470626831055e-01
3.860000000000000142e+01,5.813609361648559570e-01,6.354975700378417969e-01
3.864000000000000057e+01,5.817421078681945801e-01,6.359447836875915527e-01
3.867999999999999972e+01,5.821217298507690430e-01,6.363904476165771484e-01
3.871999999999999886e+01,5.824999213218688965e-01,6.368344426155090332e-01
3.875999999999999801e+01,5.828765034675598145e-01,6.372763514518737793e-01
3.880000000000000426e+01,5.832515954971313477e-01,6.377167105674743652e-01
3.884000000000000341e+01,5.836251974105834961e-01,6.381554603576660156e-01
3.888000000000000256e+01,5.839975476264953613e-01,6.385924816131591797e-01
3.892000000000000171e+01,5.843679904937744141e-01,6.390274167060852051e-01
3.896000000000000085e+01,5.847371220588684082e-01,6.394606232643127441e-01
3.900000000000000000e+01,5.851047039031982422e-01,6.398922204971313477e-01
3.903999999999999915e+01,5.854707956314086914e-01,6.403221487998962402e-01
3.907999999999999829e+01,5.858354568481445312e-01,6.407504081726074219e-01
3.911999999999999744e+01,5.861982107162475586e-01,6.411765813827514648e-01
3.916000000000000369e+01,5.865599513053894043e-01,6.416012048721313477e-01
3.920000000000000284e+01,5.869199037551879883e-01,6.420240402221679688e-01
3.924000000000000199e+01,5.872784852981567383e-01,6.424453258514404297e-01
3.928000000000000114e+01,5.876353383064270020e-01,6.428645253181457520e-01
3.932000000000000028e+01,5.879907011985778809e-01,6.432818770408630371e-01
3.935999999999999943e+01,5.883446931838989258e-01,6.436977982521057129e-01
3.939999999999999858e+01,5.886971950531005859e-01,6.441120505332946777e-01
3.943999999999999773e+01,5.890483260154724121e-01,6.445246338844299316e-01
3.948000000000000398e+01,5.893977284431457520e-01,6.449352502822875977e-01
3.952000000000000313e+01,5.897457003593444824e-01,6.453441381454467773e-01
3.956000000000000227e+01,5.900920629501342773e-01,6.457511186599731445e-01
3.960000000000000142e+01,5.904371142387390137e-01,6.461565494537353516e-01
3.964000000000000057e+01,5.907802581787109375e-01,6.465599536895751953e-01
3.967999999999999972e+01,5.911223292350769043e-01,6.469619870185852051e-01
3.971999999999999886e+01,5.914626121520996094e-01,6.473619937896728516e-01
3.975999999999999801e+01,5.918015837669372559e-01,6.477603912353515625e-01
3.980000000000000426e+01,5.921389460563659668e-01,6.481569409370422363e-01
3.984000000000000341e+01,5.924744606018066406e-01,6.485515236854553223e-01
3.988000000000000256e+01,5.928089618682861328e-01,6.489447355270385742e-01
3.992000000000000171e+01,5.931416153907775879e-01,6.493358016014099121e-01
3.996000000000000085e+01,5.934730172157287598e-01,6.497254371643066406e-01
4.000000000000000000e+01,5.938022136688232422e-01,6.501126289367675781e-01
4.003999999999999915e+01,5.941305756568908691e-01,6.504986286163330078e-01
4.007999999999999829e+01,5.944573879241943359e-01,6.508830785751342773e-01
4.011999999999999744e+01,5.947824120521545410e-01,6.512653231620788574e-01
4.016000000000000369e+01,5.951060056686401367e-01,6.516457796096801758e-01
4.020000000000000284e+01,5.954279303550720215e-01,6.520246267318725586e-01
4.024000000000000199e+01,5.957485437393188477e-01,6.524016261100769043e-01
4.028000000000000114e+01,5.960674881935119629e-01,6.527768373489379883e-01
4.032000000000000028e+01,5.963847637176513672e-01,6.531502008438110352e-01
4.035999999999999943e+01,5.967006683349609375e-01,6.535216569900512695e-01
4.039999999999999858e+01,5.970153808593750000e-01,6.538917422294616699e-01
4.043999999999999773e+01,5.973281860351562500e-01,6.542600393295288086e-01
4.048000000000000398e+01,5.976393222808837891e-01,6.546258926391601562e-01
4.052000000000000313e+01,5.979487895965576172e-01,6.549901962280273438e-01
4.056000000000000227e+01,5.982570052146911621e-01,6.553527712821960449e-01
4.060000000000000142e+01,5.985637307167053223e-01,6.557136774063110352e-01
4.064000000000000057e+01,5.988689661026000977e-01,6.560729146003723145e-01
4.067999999999999972e+01,5.991724133491516113e-01,6.564301252365112305e-01
4.071999999999999886e+01,5.994745492935180664e-01,6.567854881286621094e-01
4.075999999999999801e+01,5.997750759124755859e-01,6.571391820907592773e-01
4.080000000000000426e+01,6.000737547874450684e-01,6.574906706809997559e-01
4.084000000000000341e+01,6.003708243370056152e-01,6.578404307365417480e-01
4.088000000000000256e+01,6.006667613983154297e-01,6.581888198852539062e-01
4.092000000000000171e+01,6.009609699249267578e-01,6.585350036621093750e-01
4.096000000000000085e+01,6.012537479400634766e-01,6.588796973228454590e-01
4.100000000000000000e+01,6.015447378158569336e-01,6.592222452163696289e-01
4.103999999999999915e+01,6.018343567848205566e-01,6.595631837844848633e-01
4.107999999999999829e+01,6.021224856376647949e-01,6.599023938179016113e-01
4.111999999999999744e+01,6.024091839790344238e-01,6.602399349212646484e-01
4.116000000000000369e+01,6.026940345764160156e-01,6.605754494667053223e-01
4.120000000000000284e+01,6.029773354530334473e-01,6.609087586402893066e-01
4.124000000000000199e+01,6.032593250274658203e-01,6.612408161163330078e-01
4.128000000000000114e+01,6.035394072532653809e-01,6.615706682205200195e-01
4.132000000000000028e+01,6.038179993629455566e-01,6.618987321853637695e-01
4.135999999999999943e+01,6.040948033332824707e-01,6.622245311737060547e-01
4.139999999999999858e+01,6.043704748153686523e-01,6.625491976737976074e-01
4.143999999999999773e+01,6.046447157859802246e-01,6.628718972206115723e-01
4.148000000000000398e+01,6.049169301986694336e-01,6.631926894187927246e-01
4.152000000000000313e+01,6.051879525184631348e-01,6.635118126869201660e-01
4.156000000000000227e+01,6.054572463035583496e-01,6.638290286064147949e-01
4.160000000000000142e+01,6.057248711585998535e-01,6.641440987586975098e-01
4.164000000000000057e+01,6.059907078742980957e-01,6.644573211669921875e-01
4.167999999999999972e+01,6.062552332878112793e-01,6.647687554359436035e-01
4.171999999999999886e+01,6.065182089805603027e-01,6.650785207748413086e-01
4.175999999999999801e+01,6.067797541618347168e-01,6.653865575790405273e-01
4.180000000000000426e+01,6.070392727851867676e-01,6.656922101974487305e-01
4.184000000000000341e+01,6.072975397109985352e-01,6.659964323043823242e-01
4.188000000000000256e+01,6.075541973114013672e-01,6.662988066673278809e-01
4.192000000000000171e+01,6.078094244003295898e-01,6.665992140769958496e-01
4.196000000000000085e+01,6.080629825592041016e-01,6.668981313705444336e-01
4.200000000000000000e+01,6.083151698112487793e-01,6.671950817108154297e-01
4.203999999999999915e+01,6.085653305053710938e-01,6.674898266792297363e-01
4.207999999999999829e+01,6.088142395019531250e-01,6.677829027175903320e-01
4.211999999999999744e+01,6.090614795684814453e-01,6.680743098258972168e-01
4.216000000000000369e+01,6.093071699142456055e-01,6.683639287948608398e-01
4.220000000000000284e+01,6.095516681671142578e-01,6.686517000198364258e-01
4.224000000000000199e+01,6.097944974899291992e-01,6.689377427101135254e-01
4.228000000000000114e+01,6.100354194641113281e-01,6.692216396331787109e-01
4.232000000000000028e+01,6.102749109268188477e-01,6.695038676261901855e-01
4.235999999999999943e+01,6.105124950408935547e-01,6.697836518287658691e-01
4.239999999999999858e+01,6.107488274574279785e-01,6.700620651245117188e-01
4.243999999999999773e+01,6.109833717346191406e-01,6.703382134437561035e-01
4.248000000000000398e+01,6.112161874771118164e-01,6.706126928329467773e-01
4.252000000000000313e+01,6.114476323127746582e-01,6.708853244781494141e-01
4.256000000000000227e+01,6.116777062416076660e-01,6.711562275886535645e-01
4.260000000000000142e+01,6.119060516357421875e-01,6.714254617691040039e-01
4.264000000000000057e+01,6.121326684951782227e-01,6.716924309730529785e-01
4.267999999999999972e+01,6.123579740524291992e-01,6.719578504562377930e-01
4.271999999999999886e+01,6.125817298889160156e-01,6.722213625907897949e-01
4.275999999999999801e+01,6.128036975860595703e-01,6.724830269813537598e-01
4.280000000000000426e+01,6.130243539810180664e-01,6.727429032325744629e-01
4.284000000000000341e+01,6.132435798645019531e-01,6.730012297630310059e-01
4.288000000000000256e+01,6.134607195854187012e-01,6.732569336891174316e-01
4.292000000000000171e+01,6.136760711669921875e-01,6.735107898712158203e-01
4.296000000000000085e+01,6.138902902603149414e-01,6.737631559371948242e-01
4.300000000000000000e+01,6.141025424003601074e-01,6.740131974220275879e-01
4.303999999999999915e+01,6.143131852149963379e-01,6.742613911628723145e-01
4.307999999999999829e+01,6.145223975181579590e-01,6.745077967643737793e-01
4.311999999999999744e+01,6.147300004959106445e-01,6.747524738311767578e-01
4.316000000000000369e+01,6.149360537528991699e-01,6.749951839447021484e-01
4.320000000000000284e+01,6.151404976844787598e-01,6.752358078956604004e-01
4.324000000000000199e+01,6.153430938720703125e-01,6.754746437072753906e-01
4.328000000000000114e+01,6.155442595481872559e-01,6.757116913795471191e-01
4.332000000000000028e+01,6.157439947128295898e-01,6.759470105171203613e-01
4.335999999999999943e+01,6.159420609474182129e-01,6.761803627014160156e-01
4.339999999999999858e+01,6.161387562751770020e-01,6.764121055603027344e-01
4.343999999999999773e+01,6.163338422775268555e-01,6.766418218612670898e-01
4.348000000000000398e+01,6.165270805358886719e-01,6.768694519996643066e-01
4.352000000000000313e+01,6.167187094688415527e-01,6.770951151847839355e-01
4.356000000000000227e+01,6.169089078903198242e-01,6.773192286491394043e-01
4.360000000000000142e+01,6.170976758003234863e-01,6.775414347648620605e-01
4.364000000000000057e+01,6.172846555709838867e-01,6.777617335319519043e-01
4.367999999999999972e+01,6.174702048301696777e-01,6.779803037643432617e-01
4.371999999999999886e+01,6.176538467407226562e-01,6.781966686248779297e-01
4.375999999999999801e+01,6.178361177444458008e-01,6.784109473228454590e-01
4.380000000000000426e+01,6.180164813995361328e-01,6.786238551139831543e-01
4.384000000000000341e+01,6.181956529617309570e-01,6.788347363471984863e-01
4.388000000000000256e+01,6.183729767799377441e-01,6.790434122085571289e-01
4.392000000000000171e+01,6.185485124588012695e-01,6.792501807212829590e-01
4.396000000000000085e+01,6.187226176261901855e-01,6.794551014900207520e-01
4.400000000000000000e+01,6.188949346542358398e-01,6.796579957008361816e-01
4.403999999999999915e+01,6.190660595893859863e-01,6.798594594001770020e-01
4.407999999999999829e+01,6.192353367805480957e-01,6.800586581230163574e-01
4.411999999999999744e+01,6.194028258323669434e-01,6.802558898925781250e-01
4.416000000000000369e+01,6.195684671401977539e-01,6.804510354995727539e-01
4.420000000000000284e+01,6.197329759597778320e-01,6.806445121765136719e-01
4.424000000000000199e+01,6.198961138725280762e-01,6.808364987373352051e-01
4.428000000000000114e+01,6.200572252273559570e-01,6.810261607170104980e-01
4.432000000000000028e+01,6.202167868614196777e-01,6.812139749526977539e-01
4.435999999999999943e+01,6.203743815422058105e-01,6.813995838165283203e-01
4.439999999999999858e+01,6.205307841300964355e-01,6.815835833549499512e-01
4.443999999999999773e+01,6.206858158111572266e-01,6.817660927772521973e-01
4.448000000000000398e+01,6.208392381668090820e-01,6.819466352462768555e-01
4.452000000000000313e+01,6.209908127784729004e-01,6.821246147155761719e-01
4.456000000000000227e+01,6.211407184600830078e-01,6.823011636734008789e-01
4.460000000000000142e+01,6.212890148162841797e-01,6.824756860733032227e-01
4.464000000000000057e+01,6.214359402656555176e-01,6.826484799385070801e-01
4.467999999999999972e+01,6.215810179710388184e-01,6.828190684318542480e-01
4.471999999999999886e+01,6.217242479324340820e-01,6.829876303672790527e-01
4.475999999999999801e+01,6.218659281730651855e-01,6.831544041633605957e-01
4.480000000000000426e+01,6.220065355300903320e-01,6.833194494247436523e-01
4.484000000000000341e+01,6.221451759338378906e-01,6.834825277328491211e-01
4.488000000000000256e+01,6.222822666168212891e-01,6.836438179016113281e-01
4.492000000000000171e+01,6.224176287651062012e-01,6.838029623031616211e-01
4.496000000000000085e+01,6.225515604019165039e-01,6.839602589607238770e-01
4.500000000000000000e+01,6.226838827133178711e-01,6.841156482696533203e-01
4.503999999999999915e+01,6.228140592575073242e-01,6.842687129974365234e-01
4.507999999999999829e+01,6.229428648948669434e-01,6.844201683998107910e-01
4.511999999999999744e+01,6.230702996253967285e-01,6.845699548721313477e-01
4.516000000000000369e+01,6.231961250305175781e-01,6.847175955772399902e-01
4.520000000000000284e+01,6.233203411102294922e-01,6.848634481430053711e-01
4.524000000000000199e+01,6.234424114227294922e-01,6.850068569183349609e-01
4.528000000000000114e+01,6.235635280609130859e-01,6.851490736007690430e-01
4.532000000000000028e+01,6.236824989318847656e-01,6.852887868881225586e-01
4.535999999999999943e+01,6.238002181053161621e-01,6.854268312454223633e-01
4.539999999999999858e+01,6.239162683486938477e-01,6.855629682540893555e-01
4.543999999999999773e+01,6.240304112434387207e-01,6.856968998908996582e-01
4.548000000000000398e+01,6.241431832313537598e-01,6.858293414115905762e-01
4.552000000000000313e+01,6.242540478706359863e-01,6.859595179557800293e-01
4.556000000000000227e+01,6.243636012077331543e-01,6.860877871513366699e-01
4.560000000000000142e+01,6.244713664054870605e-01,6.862141489982604980e-01
4.564000000000000057e+01,6.245776414871215820e-01,6.863389015197753906e-01
4.567999999999999972e+01,6.246821284294128418e-01,6.864612102508544922e-01
4.571999999999999886e+01,6.247849464416503906e-01,6.865816712379455566e-01
4.575999999999999801e+01,6.248861551284790039e-01,6.867002248764038086e-01
4.580000000000000426e+01,6.249855160713195801e-01,6.868167519569396973e-01
4.584000000000000341e+01,6.250834465026855469e-01,6.869313120841979980e-01
4.588000000000000256e+01,6.251800060272216797e-01,6.870444416999816895e-01
4.592000000000000171e+01,6.252751350402832031e-01,6.871557235717773438e-01
4.596000000000000085e+01,6.253685951232910156e-01,6.872651576995849609e-01
4.600000000000000000e+01,6.254600286483764648e-01,6.873722672462463379e-01
4.603999999999999915e+01,6.255497932434082031e-01,6.874772310256958008e-01
4.607999999999999829e+01,6.256379485130310059e-01,6.875801682472229004e-01
4.611999999999999744e+01,6.257244944572448730e-01,6.876813769340515137e-01
4.616000000000000369e+01,6.258095502853393555e-01,6.877806782722473145e-01
4.620000000000000284e+01,6.258931159973144531e-01,6.878782510757446289e-01
4.624000000000000199e+01,6.259751319885253906e-01,6.879739761352539062e-01
4.628000000000000114e+01,6.260554790496826172e-01,6.880679726600646973e-01
4.632000000000000028e+01,6.261340975761413574e-01,6.881596446037292480e-01
4.635999999999999943e+01,6.262110471725463867e-01,6.882492899894714355e-01
4.639999999999999858e+01,6.262863874435424805e-01,6.883372068405151367e-01
4.643999999999999773e+01,6.263598203659057617e-01,6.884227395057678223e-01
4.648000000000000398e+01,6.264317035675048828e-01,6.885064840316772461e-01
4.652000000000000313e+01,6.265025138854980469e-01,6.885887384414672852e-01
4.656000000000000227e+01,6.265711784362792969e-01,6.886689066886901855e-01
4.660000000000000142e+01,6.266383528709411621e-01,6.887469291687011719e-01
4.664000000000000057e+01,6.267036199569702148e-01,6.888229250907897949e-01
4.667999999999999972e+01,6.267676949501037598e-01,6.888973116874694824e-01
4.671999999999999886e+01,6.268298029899597168e-01,6.889695525169372559e-01
4.675999999999999801e+01,6.268907189369201660e-01,6.890400052070617676e-01
4.680000000000000426e+01,6.269497871398925781e-01,6.891083121299743652e-01
4.684000000000000341e+01,6.270072460174560547e-01,6.891750097274780273e-01
4.688000000000000256e+01,6.270630359649658203e-01,6.892397403717041016e-01
4.692000000000000171e+01,6.271170377731323242e-01,6.893022656440734863e-01
4.696000000000000085e+01,6.271697282791137695e-01,6.893633008003234863e-01
4.700000000000000000e+01,6.272206306457519531e-01,6.894219517707824707e-01
4.703999999999999915e+01,6.272700428962707520e-01,6.894789338111877441e-01
4.707999999999999829e+01,6.273176074028015137e-01,6.895335912704467773e-01
4.711999999999999744e+01,6.273635625839233398e-01,6.895866394042968750e-01
4.716000000000000369e+01,6.274082660675048828e-01,6.896379590034484863e-01
4.720000000000000284e+01,6.274508237838745117e-01,6.896869540214538574e-01
4.724000000000000199e+01,6.274920105934143066e-01,6.897341609001159668e-01
4.728000000000000114e+01,6.275315284729003906e-01,6.897792816162109375e-01
4.732000000000000028e+01,6.275693178176879883e-01,6.898226737976074219e-01
4.735999999999999943e+01,6.276054978370666504e-01,6.898637413978576660e-01
4.739999999999999858e+01,6.276400685310363770e-01,6.899029612541198730e-01
4.743999999999999773e+01,6.276727914810180664e-01,6.899402737617492676e-01
4.748000000000000398e+01,6.277040243148803711e-01,6.899756789207458496e-01
4.752000000000000313e+01,6.277337670326232910e-01,6.900091171264648438e-01
4.756000000000000227e+01,6.277617812156677246e-01,6.900407075881958008e-01
4.760000000000000142e+01,6.277883052825927734e-01,6.900703310966491699e-01
4.764000000000000057e+01,6.278131008148193359e-01,6.900975704193115234e-01
4.767999999999999972e+01,6.278359293937683105e-01,6.901229023933410645e-01
4.771999999999999886e+01,6.278573274612426758e-01,6.901463270187377930e-01
4.775999999999999801e+01,6.278772354125976562e-01,6.901682019233703613e-01
4.780000000000000426e+01,6.278952956199645996e-01,6.901875734329223633e-01
4.784000000000000341e+01,6.279117465019226074e-01,6.902052164077758789e-01
4.788000000000000256e+01,6.279265880584716797e-01,6.902211308479309082e-01
4.792000000000000171e+01,6.279396414756774902e-01,6.902346611022949219e-01
4.796000000000000085e+01,6.279514431953430176e-01,6.902467012405395508e-01
4.800000000000000000e+01,6.279613375663757324e-01,6.902567148208618164e-01
4.803999999999999915e+01,6.279693245887756348e-01,6.902640461921691895e-01
4.807999999999999829e+01,6.279759407043457031e-01,6.902700066566467285e-01
4.812000000000000455e+01,6.279811263084411621e-01,6.902743577957153320e-01
4.816000000000000369e+01,6.279843449592590332e-01,6.902760863304138184e-01
4.820000000000000284e+01,6.279857158660888672e-01,6.902756690979003906e-01
4.824000000000000199e+01,6.279860734939575195e-01,6.902741789817810059e-01
4.828000000000000114e+01,6.279846429824829102e-01,6.902705430984497070e-01
4.832000000000000028e+01,6.279817223548889160e-01,6.902651786804199219e-01
4.835999999999999943e+01,6.279768347740173340e-01,6.902574300765991211e-01
4.839999999999999858e+01,6.279703974723815918e-01,6.902478933334350586e-01
4.843999999999999773e+01,6.279621720314025879e-01,6.902359724044799805e-01
4.848000000000000398e+01,6.279528141021728516e-01,6.902230381965637207e-01
4.852000000000000313e+01,6.279418468475341797e-01,6.902079582214355469e-01
4.856000000000000227e+01,6.279291510581970215e-01,6.901908516883850098e-01
4.860000000000000142e+01,6.279148459434509277e-01,6.901719570159912109e-01
4.864000000000000057e+01,6.278987526893615723e-01,6.901507377624511719e-01
4.867999999999999972e+01,6.278810501098632812e-01,6.901279091835021973e-01
4.871999999999999886e+01,6.278620362281799316e-01,6.901031732559204102e-01
4.875999999999999801e+01,6.278410553932189941e-01,6.900763511657714844e-01
4.880000000000000426e+01,6.278181672096252441e-01,6.900473833084106445e-01
4.884000000000000341e+01,6.277939081192016602e-01,6.900164484977722168e-01
4.888000000000000256e+01,6.277679800987243652e-01,6.899835467338562012e-01
4.892000000000000171e+01,6.277405619621276855e-01,6.899489164352416992e-01
4.896000000000000085e+01,6.277116537094116211e-01,6.899126172065734863e-01
4.900000000000000000e+01,6.276810765266418457e-01,6.898744702339172363e-01
4.903999999999999915e+01,6.276490092277526855e-01,6.898342370986938477e-01
4.907999999999999829e+01,6.276144385337829590e-01,6.897913813591003418e-01
4.912000000000000455e+01,6.275784969329833984e-01,6.897464394569396973e-01
4.916000000000000369e+01,6.275409460067749023e-01,6.896998286247253418e-01
4.920000000000000284e+01,6.275019645690917969e-01,6.896514892578125000e-01
4.924000000000000199e+01,6.274613738059997559e-01,6.896011233329772949e-01
4.928000000000000114e+01,6.274191141128540039e-01,6.895490288734436035e-01
4.932000000000000028e+01,6.273754239082336426e-01,6.894949674606323242e-01
4.935999999999999943e+01,6.273296475410461426e-01,6.894387006759643555e-01
4.939999999999999858e+01,6.272826194763183594e-01,6.893806457519531250e-01
4.943999999999999773e+01,6.272337436676025391e-01,6.893207430839538574e-01
4.948000000000000398e+01,6.271835565567016602e-01,6.892588734626770020e-01
4.952000000000000313e+01,6.271321177482604980e-01,6.891958117485046387e-01
4.956000000000000227e+01,6.270782351493835449e-01,6.891298890113830566e-01
4.960000000000000142e+01,6.270228624343872070e-01,6.890619993209838867e-01
4.964000000000000057e+01,6.269663572311401367e-01,6.889928579330444336e-01
4.967999999999999972e+01,6.269075274467468262e-01,6.889209151268005371e-01
4.971999999999999886e+01,6.268475055694580078e-01,6.888474822044372559e-01
4.975999999999999801e+01,6.267858743667602539e-01,6.887722611427307129e-01
4.980000000000000426e+01,6.267222166061401367e-01,6.886945366859436035e-01
4.984000000000000341e+01,6.266571879386901855e-01,6.886153221130371094e-01
4.988000000000000256e+01,6.265908479690551758e-01,6.885346174240112305e-01
4.992000000000000171e+01,6.265223026275634766e-01,6.884510517120361328e-01
4.996000000000000085e+01,6.264525651931762695e-01,6.883661150932312012e-01
5.000000000000000000e+01,6.263809204101562500e-01,6.882789731025695801e-01
5.003999999999999915e+01,6.263077259063720703e-01,6.881898641586303711e-01
5.007999999999999829e+01,6.262333393096923828e-01,6.880994439125061035e-01
5.012000000000000455e+01,6.261569261550903320e-01,6.880064606666564941e-01
5.016000000000000369e+01,6.260792613029479980e-01,6.879122853279113770e-01
5.020000000000000284e+01,6.259995698928833008e-01,6.878156065940856934e-01
5.024000000000000199e+01,6.259188652038574219e-01,6.877173781394958496e-01
5.028000000000000114e+01,6.258357763290405273e-01,6.876168847084045410e-01
5.032000000000000028e+01,6.257516145706176758e-01,6.875149607658386230e-01
5.035999999999999943e+01,6.256657242774963379e-01,6.874107122421264648e-01
5.039999999999999858e+01,6.255779266357421875e-01,6.873043775558471680e-01
5.043999999999999773e+01,6.254884600639343262e-01,6.871961951255798340e-01
5.048000000000000398e+01,6.253975629806518555e-01,6.870860457420349121e-01
5.052000000000000313e+01,6.253052949905395508e-01,6.869744062423706055e-01
5.056000000000000227e+01,6.252111196517944336e-01,6.868605017662048340e-01
5.060000000000000142e+01,6.251150369644165039e-01,6.867441534996032715e-01
5.064000000000000057e+01,6.250178217887878418e-01,6.866267919540405273e-01
5.067999999999999972e+01,6.249187588691711426e-01,6.865069866180419922e-01
5.071999999999999886e+01,6.248177289962768555e-01,6.863848567008972168e-01
5.075999999999999801e+01,6.247153282165527344e-01,6.862612366676330566e-01
5.080000000000000426e+01,6.246114969253540039e-01,6.861358284950256348e-01
5.084000000000000341e+01,6.245058774948120117e-01,6.860082149505615234e-01
5.088000000000000256e+01,6.243989467620849609e-01,6.858792901039123535e-01
5.092000000000000171e+01,6.242902874946594238e-01,6.857481002807617188e-01
5.096000000000000085e+01,6.241798400878906250e-01,6.856148242950439453e-01
5.100000000000000000e+01,6.240676045417785645e-01,6.854794025421142578e-01
5.103999999999999915e+01,6.239540576934814453e-01,6.853423714637756348e-01
5.107999999999999829e+01,6.238390803337097168e-01,6.852039694786071777e-01
5.112000000000000455e+01,6.237221956253051758e-01,6.850630044937133789e-01
5.116000000000000369e+01,6.236038208007812500e-01,6.849203705787658691e-01
5.120000000000000284e+01,6.234838962554931641e-01,6.847757101058959961e-01
5.124000000000000199e+01,6.233618855476379395e-01,6.846289634704589844e-01
5.128000000000000114e+01,6.232390999794006348e-01,6.844809651374816895e-01
5.132000000000000028e+01,6.231139898300170898e-01,6.843304634094238281e-01
5.135999999999999943e+01,6.229874491691589355e-01,6.841780543327331543e-01
5.139999999999999858e+01,6.228593587875366211e-01,6.840237379074096680e-01
5.143999999999999773e+01,6.227296590805053711e-01,6.838677525520324707e-01
5.148000000000000398e+01,6.225984692573547363e-01,6.837099790573120117e-01
5.152000000000000313e+01,6.224654912948608398e-01,6.835501790046691895e-01
5.156000000000000227e+01,6.223307251930236816e-01,6.833877563476562500e-01
5.160000000000000142e+01,6.221940517425537109e-01,6.832234263420104980e-01
5.164000000000000057e+01,6.220560669898986816e-01,6.830573081970214844e-01
5.167999999999999972e+01,6.219161748886108398e-01,6.828893423080444336e-01
5.171999999999999886e+01,6.217750906944274902e-01,6.827196478843688965e-01
5.175999999999999801e+01,6.216321587562561035e-01,6.825479269027709961e-01
5.180000000000000426e+01,6.214877367019653320e-01,6.823745369911193848e-01
5.184000000000000341e+01,6.213420033454895020e-01,6.821992397308349609e-01
5.188000000000000256e+01,6.211945414543151855e-01,6.820221543312072754e-01
5.192000000000000171e+01,6.210456490516662598e-01,6.818431615829467773e-01
5.196000000000000085e+01,6.208951473236083984e-01,6.816626787185668945e-01
5.200000000000000000e+01,6.207424402236938477e-01,6.814790964126586914e-01
5.203999999999999915e+01,6.205880641937255859e-01,6.812939047813415527e-01
5.207999999999999829e+01,6.204322576522827148e-01,6.811068058013916016e-01
5.212000000000000455e+01,6.202750205993652344e-01,6.809181571006774902e-01
5.216000000000000369e+01,6.201161742210388184e-01,6.807275414466857910e-01
5.220000000000000284e+01,6.199554800987243652e-01,6.805348396301269531e-01
5.224000000000000199e+01,6.197929382324218750e-01,6.803396344184875488e-01
5.228000000000000114e+01,6.196293234825134277e-01,6.801434755325317383e-01
5.232000000000000028e+01,6.194642782211303711e-01,6.799454689025878906e-01
5.235999999999999943e+01,6.192978620529174805e-01,6.797459721565246582e-01
5.239999999999999858e+01,6.191291213035583496e-01,6.795435547828674316e-01
5.243999999999999773e+01,6.189587712287902832e-01,6.793394088745117188e-01
5.248000000000000398e+01,6.187868714332580566e-01,6.791331768035888672e-01
5.252000000000000313e+01,6.186133623123168945e-01,6.789252161979675293e-01
5.256000000000000227e+01,6.184381246566772461e-01,6.787153482437133789e-01
5.260000000000000142e+01,6.182616353034973145e-01,6.785037517547607422e-01
5.264000000000000057e+01,6.180828809738159180e-01,6.782895922660827637e-01
5.267999999999999972e+01,6.179032325744628906e-01,6.780743002891540527e-01
5.271999999999999886e+01,6.177224516868591309e-01,6.778576374053955078e-01
5.275999999999999801e+01,6.175391077995300293e-01,6.776381731033325195e-01
5.280000000000000426e+01,6.173551678657531738e-01,6.774178147315979004e-01
5.284000000000000341e+01,6.171694993972778320e-01,6.771955490112304688e-01
5.288000000000000256e+01,6.169815063476562500e-01,6.769703626632690430e-01
5.292000000000000171e+01,6.167926788330078125e-01,6.767444610595703125e-01
5.296000000000000085e+01,6.166017651557922363e-01,6.765158772468566895e-01
5.300000000000000000e+01,6.164093017578125000e-01,6.762853860855102539e-01
5.303999999999999915e+01,6.162153482437133789e-01,6.760531663894653320e-01
5.307999999999999829e+01,6.160198450088500977e-01,6.758192181587219238e-01
5.312000000000000455e+01,6.158227324485778809e-01,6.755835413932800293e-01
5.316000000000000369e+01,6.156240701675415039e-01,6.753458976745605469e-01
5.320000000000000284e+01,6.154232621192932129e-01,6.751055121421813965e-01
5.324000000000000199e+01,6.152215600013732910e-01,6.748644113540649414e-01
5.328000000000000114e+01,6.150177717208862305e-01,6.746206283569335938e-01
5.332000000000000028e+01,6.148123741149902344e-01,6.743748784065246582e-01
5.335999999999999943e+01,6.146054267883300781e-01,6.741274595260620117e-01
5.339999999999999858e+01,6.143970489501953125e-01,6.738782525062561035e-01
5.343999999999999773e+01,6.141869425773620605e-01,6.736271977424621582e-01
5.348000000000000398e+01,6.139754652976989746e-01,6.733744740486145020e-01
5.352000000000000313e+01,6.137625575065612793e-01,6.731198430061340332e-01
5.356000000000000227e+01,6.135480403900146484e-01,6.728634834289550781e-01
5.360000000000000142e+01,6.133319139480590820e-01,6.726053357124328613e-01
5.364000000000000057e+01,6.131138205528259277e-01,6.723446846008300781e-01
5.367999999999999972e+01,6.128939390182495117e-01,6.720818877220153809e-01
5.371999999999999886e+01,6.126734018325805664e-01,6.718184947967529297e-01
5.375999999999999801e+01,6.124506592750549316e-01,6.715523600578308105e-01
5.380000000000000426e+01,6.122264266014099121e-01,6.712846159934997559e-01
5.384000000000000341e+01,6.120006442070007324e-01,6.710148453712463379e-01
5.388000000000000256e+01,6.117733716964721680e-01,6.707434654235839844e-01
5.392000000000000171e+01,6.115446090698242188e-01,6.704704165458679199e-01
5.396000000000000085e+01,6.113142967224121094e-01,6.701954007148742676e-01
5.400000000000000000e+01,6.110817790031433105e-01,6.699178218841552734e-01
5.403999999999999915e+01,6.108477115631103516e-01,6.696383357048034668e-01
5.407999999999999829e+01,6.106121540069580078e-01,6.693572998046875000e-01
5.412000000000000455e+01,6.103757619857788086e-01,6.690752506256103516e-01
5.416000000000000369e+01,6.101381182670593262e-01,6.687914729118347168e-01
5.420000000000000284e+01,6.098979711532592773e-01,6.685050725936889648e-01
5.424000000000000199e+01,6.096564531326293945e-01,6.682168841361999512e-01
5.428000000000000114e+01,6.094133257865905762e-01,6.679269075393676758e-01
5.432000000000000028e+01,6.091687083244323730e-01,6.676350831985473633e-01
5.435999999999999943e+01,6.089226603507995605e-01,6.673415303230285645e-01
5.439999999999999858e+01,6.086749434471130371e-01,6.670463085174560547e-01
5.443999999999999773e+01,6.084251999855041504e-01,6.667482852935791016e-01
5.448000000000000398e+01,6.081738471984863281e-01,6.664485931396484375e-01
5.452000000000000313e+01,6.079211235046386719e-01,6.661471724510192871e-01
5.456000000000000227e+01,6.076667308807373047e-01,6.658439636230468750e-01
5.460000000000000142e+01,6.074109077453613281e-01,6.655390262603759766e-01
5.464000000000000057e+01,6.071535944938659668e-01,6.652323603630065918e-01
5.467999999999999972e+01,6.068948507308959961e-01,6.649239659309387207e-01
5.471999999999999886e+01,6.066344380378723145e-01,6.646136045455932617e-01
5.475999999999999801e+01,6.063725352287292480e-01,6.643016338348388672e-01
5.480000000000000426e+01,6.061094403266906738e-01,6.639879345893859863e-01
5.484000000000000341e+01,6.058446168899536133e-01,6.636724472045898438e-01
5.488000000000000256e+01,6.055777072906494141e-01,6.633544564247131348e-01
5.492000000000000171e+01,6.053091883659362793e-01,6.630347371101379395e-01
5.496000000000000085e+01,6.050391793251037598e-01,6.627132892608642578e-01
5.500000000000000000e+01,6.047677397727966309e-01,6.623896956443786621e-01
5.503999999999999915e+01,6.044948101043701172e-01,6.620647907257080078e-01
5.507999999999999829e+01,6.042209863662719727e-01,6.617388725280761719e-01
5.512000000000000455e+01,6.039449572563171387e-01,6.614103317260742188e-01
5.516000000000000369e+01,6.036677360534667969e-01,6.610801815986633301e-01
5.520000000000000284e+01,6.033889055252075195e-01,6.607481241226196289e-01
5.524000000000000199e+01,6.031076908111572266e-01,6.604135632514953613e-01
5.528000000000000114e+01,6.028249859809875488e-01,6.600769758224487305e-01
5.532000000000000028e+01,6.025415062904357910e-01,6.597397923469543457e-01
5.535999999999999943e+01,6.022568345069885254e-01,6.594009995460510254e-01
5.539999999999999858e+01,6.019697785377502441e-01,6.590594649314880371e-01
5.543999999999999773e+01,6.016811132431030273e-01,6.587159037590026855e-01
5.548000000000000398e+01,6.013911962509155273e-01,6.583711504936218262e-01
5.552000000000000313e+01,6.010998487472534180e-01,6.580244898796081543e-01
5.556000000000000227e+01,6.008068919181823730e-01,6.576762199401855469e-01
5.560000000000000142e+01,6.005117297172546387e-01,6.573250889778137207e-01
5.564000000000000057e+01,6.002155542373657227e-01,6.569731235504150391e-01
5.567999999999999972e+01,5.999183058738708496e-01,6.566196084022521973e-01
5.571999999999999886e+01,5.996189713478088379e-01,6.562636494636535645e-01
5.575999999999999801e+01,5.993188023567199707e-01,6.559067964553833008e-01
5.580000000000000426e+01,5.990164279937744141e-01,6.555473804473876953e-01
5.584000000000000341e+01,5.987124443054199219e-01,6.551862359046936035e-01
5.588000000000000256e+01,5.984069705009460449e-01,6.548231244087219238e-01
5.592000000000000171e+01,5.981000661849975586e-01,6.544584035873413086e-01
5.596000000000000085e+01,5.977917313575744629e-01,6.540918946266174316e-01
5.600000000000000000e+01,5.974817276000976562e-01,6.537237167358398438e-01
5.603999999999999915e+01,5.971702933311462402e-01,6.533537507057189941e-01
5.607999999999999829e+01,5.968573689460754395e-01,6.529819965362548828e-01
5.612000000000000455e+01,5.965422391891479492e-01,6.526076197624206543e-01
5.616000000000000369e+01,5.962258577346801758e-01,6.522318720817565918e-01
5.620000000000000284e+01,5.959079861640930176e-01,6.518541574478149414e-01
5.624000000000000199e+01,5.955884456634521484e-01,6.514749526977539062e-01
5.628000000000000114e+01,5.952683091163635254e-01,6.510948538780212402e-01
5.632000000000000028e+01,5.949460864067077637e-01,6.507123112678527832e-01
5.635999999999999943e+01,5.946224331855773926e-01,6.503280401229858398e-01
5.639999999999999858e+01,5.942972898483276367e-01,6.499420404434204102e-01
5.643999999999999773e+01,5.939705967903137207e-01,6.495543122291564941e-01
5.648000000000000398e+01,5.936419367790222168e-01,6.491643190383911133e-01
5.652000000000000313e+01,5.933125019073486328e-01,6.487733125686645508e-01
5.656000000000000227e+01,5.929816961288452148e-01,6.483809351921081543e-01
5.660000000000000142e+01,5.926488041877746582e-01,6.479859352111816406e-01
5.664000000000000057e+01,5.923143029212951660e-01,6.475892066955566406e-01
5.667999999999999972e+01,5.919792056083679199e-01,6.471917629241943359e-01
5.671999999999999886e+01,5.916420817375183105e-01,6.467917561531066895e-01
5.675999999999999801e+01,5.913031101226806641e-01,6.463899016380310059e-01
5.680000000000000426e+01,5.909628868103027344e-01,6.459864377975463867e-01
5.684000000000000341e+01,5.906210541725158691e-01,6.455812454223632812e-01
5.688000000000000256e+01,5.902774930000305176e-01,6.451737880706787109e-01
5.692000000000000171e+01,5.899330377578735352e-01,6.447653770446777344e-01
5.696000000000000085e+01,5.895869731903076172e-01,6.443551778793334961e-01
5.700000000000000000e+01,5.892395377159118652e-01,6.439433693885803223e-01
5.703999999999999915e+01,5.888898968696594238e-01,6.435291767120361328e-01
5.707999999999999829e+01,5.885386466979980469e-01,6.431130170822143555e-01
5.712000000000000455e+01,5.881861448287963867e-01,6.426951885223388672e-01
5.716000000000000369e+01,5.878320932388305664e-01,6.422758102416992188e-01
5.720000000000000284e+01,5.874768495559692383e-01,6.418548226356506348e-01
5.724000000000000199e+01,5.871199965476989746e-01,6.414321660995483398e-01
5.728000000000000114e+01,5.867618322372436523e-01,6.410079002380371094e-01
5.732000000000000028e+01,5.864017009735107422e-01,6.405813694000244141e-01
5.735999999999999943e+01,5.860397815704345703e-01,6.401529312133789062e-01
5.739999999999999858e+01,5.856766700744628906e-01,6.397228837013244629e-01
5.743999999999999773e+01,5.853118300437927246e-01,6.392907500267028809e-01
5.748000000000000398e+01,5.849456787109375000e-01,6.388573050498962402e-01
5.752000000000000313e+01,5.845782160758972168e-01,6.384223699569702148e-01
5.756000000000000227e+01,5.842092037200927734e-01,6.379854679107666016e-01
5.760000000000000142e+01,5.838387608528137207e-01,6.375471949577331543e-01
5.764000000000000057e+01,5.834667086601257324e-01,6.371070146560668945e-01
5.767999999999999972e+01,5.830935835838317871e-01,6.366652846336364746e-01
5.771999999999999886e+01,5.827180743217468262e-01,6.362210512161254883e-01
5.775999999999999801e+01,5.823413133621215820e-01,6.357753276824951172e-01
5.780000000000000426e+01,5.819632411003112793e-01,6.353281736373901367e-01
5.784000000000000341e+01,5.815837979316711426e-01,6.348792314529418945e-01
5.788000000000000256e+01,5.812035202980041504e-01,6.344296932220458984e-01
5.792000000000000171e+01,5.808218717575073242e-01,6.339783668518066406e-01
5.796000000000000085e+01,5.804382562637329102e-01,6.335247755050659180e-01
5.800000000000000000e+01,5.800530314445495605e-01,6.330693960189819336e-01
5.803999999999999915e+01,5.796663761138916016e-01,6.326121091842651367e-01
5.807999999999999829e+01,5.792783498764038086e-01,6.321535706520080566e-01
5.812000000000000455e+01,5.788881778717041016e-01,6.316924095153808594e-01
5.816000000000000369e+01,5.784975886344909668e-01,6.312307119369506836e-01
5.820000000000000284e+01,5.781052112579345703e-01,6.307671666145324707e-01
5.824000000000000199e+01,5.777111649513244629e-01,6.303015351295471191e-01
5.828000000000000114e+01,5.773156285285949707e-01,6.298341751098632812e-01
5.832000000000000028e+01,5.769189000129699707e-01,6.293656826019287109e-01
5.835999999999999943e+01,5.765204429626464844e-01,6.288949847221374512e-01
5.839999999999999858e+01,5.761206150054931641e-01,6.284227967262268066e-01
5.843999999999999773e+01,5.757187008857727051e-01,6.279479861259460449e-01
5.848000000000000398e+01,5.753158926963806152e-01,6.274724602699279785e-01
5.852000000000000313e+01,5.749118328094482422e-01,6.269953846931457520e-01
5.856000000000000227e+01,5.745056867599487305e-01,6.265158653259277344e-01
5.860000000000000142e+01,5.740989446640014648e-01,6.260357499122619629e-01
5.864000000000000057e+01,5.736899375915527344e-01,6.255530118942260742e-01
5.867999999999999972e+01,5.732795000076293945e-01,6.250684857368469238e-01
5.871999999999999886e+01,5.728678703308105469e-01,6.245827078819274902e-01
5.875999999999999801e+01,5.724549293518066406e-01,6.240953207015991211e-01
5.880000000000000426e+01,5.720404386520385742e-01,6.236065030097961426e-01
5.884000000000000341e+01,5.716247558593750000e-01,6.231160759925842285e-01
5.888000000000000256e+01,5.712075233459472656e-01,6.226239800453186035e-01
5.892000000000000171e+01,5.707893371582031250e-01,6.221306920051574707e-01
5.896000000000000085e+01,5.703692436218261719e-01,6.216354966163635254e-01
5.900000000000000000e+01,5.699479579925537109e-01,6.211385726928710938e-01
5.903999999999999915e+01,5.695251822471618652e-01,6.206401586532592773e-01
5.907999999999999829e+01,5.691004991531372070e-01,6.201392412185668945e-01
5.912000000000000455e+01,5.686748027801513672e-01,6.196375489234924316e-01
5.916000000000000369e+01,5.682474374771118164e-01,6.191338300704956055e-01
5.920000000000000284e+01,5.678187012672424316e-01,6.186284422874450684e-01
5.924000000000000199e+01,5.673884749412536621e-01,6.181216239929199219e-01
5.928000000000000114e+01,5.669570565223693848e-01,6.176131963729858398e-01
5.932000000000000028e+01,5.665233135223388672e-01,6.171022653579711914e-01
5.935999999999999943e+01,5.660889148712158203e-01,6.165905594825744629e-01
5.939999999999999858e+01,5.656533241271972656e-01,6.160773634910583496e-01
5.943999999999999773e+01,5.652154088020324707e-01,6.155616641044616699e-01
5.948000000000000398e+01,5.647761821746826172e-01,6.150442957878112793e-01
5.952000000000000313e+01,5.643362998962402344e-01,6.145263910293579102e-01
5.956000000000000227e+01,5.638943910598754883e-01,6.140061616897583008e-01
5.960000000000000142e+01,5.634511113166809082e-01,6.134841442108154297e-01
5.964000000000000057e+01,5.630065798759460449e-01,6.129609346389770508e-01
5.967999999999999972e+01,5.625607967376708984e-01,6.124362349510192871e-01
5.971999999999999886e+01,5.621130466461181641e-01,6.119092106819152832e-01
5.975999999999999801e+01,5.616644620895385742e-01,6.113813519477844238e-01
5.980000000000000426e+01,5.612146854400634766e-01,6.108521819114685059e-01
5.984000000000000341e+01,5.607634186744689941e-01,6.103212833404541016e-01
5.988000000000000256e+01,5.603100657463073730e-01,6.097880005836486816e-01
5.992000000000000171e+01,5.598556995391845703e-01,6.092534661293029785e-01
5.996000000000000085e+01,5.593999028205871582e-01,6.087175607681274414e-01
6.000000000000000000e+01,5.589424967765808105e-01,6.081796884536743164e-01
6.003999999999999915e+01,5.584836602210998535e-01,6.076402068138122559e-01
6.007999999999999829e+01,5.580238699913024902e-01,6.070995926856994629e-01
6.012000000000000455e+01,5.575620532035827637e-01,6.065565943717956543e-01
6.016000000000000369e+01,5.570986866950988770e-01,6.060120463371276855e-01
6.020000000000000284e+01,5.566341876983642578e-01,6.054660081863403320e-01
6.024000000000000199e+01,5.561684370040893555e-01,6.049187779426574707e-01
6.028000000000000114e+01,5.557012557983398438e-01,6.043696999549865723e-01
6.032000000000000028e+01,5.552326440811157227e-01,6.038190722465515137e-01
6.035999999999999943e+01,5.547626614570617676e-01,6.032670736312866211e-01
6.039999999999999858e+01,5.542916655540466309e-01,6.027137637138366699e-01
6.043999999999999773e+01,5.538190007209777832e-01,6.021586060523986816e-01
6.048000000000000398e+01,5.533451437950134277e-01,6.016024947166442871e-01
6.052000000000000313e+01,5.528702735900878906e-01,6.010445952415466309e-01
6.056000000000000227e+01,5.523937344551086426e-01,6.004853248596191406e-01
6.060000000000000142e+01,5.519153475761413574e-01,5.999237298965454102e-01
6.064000000000000057e+01,5.514354705810546875e-01,5.993604063987731934e-01
6.067999999999999972e+01,5.509543418884277344e-01,5.987956523895263672e-01
6.071999999999999886e+01,5.504719018936157227e-01,5.982295870780944824e-01
6.075999999999999801e+01,5.499888658523559570e-01,5.976628065109252930e-01
6.080000000000000426e+01,5.495041608810424805e-01,5.970941185951232910e-01
6.084000000000000341e+01,5.490176677703857422e-01,5.965235233306884766e-01
6.088000000000000256e+01,5.485303401947021484e-01,5.959517359733581543e-01
6.092000000000000171e+01,5.480412244796752930e-01,5.953782200813293457e-01
6.096000000000000085e+01,5.475504398345947266e-01,5.948026180267333984e-01
6.100000000000000000e+01,5.470589995384216309e-01,5.942264795303344727e-01
6.103999999999999915e+01,5.465663671493530273e-01,5.936489105224609375e-01
6.107999999999999829e+01,5.460717082023620605e-01,5.930689573287963867e-01
6.112000000000000455e+01,5.455756187438964844e-01,5.924875736236572266e-01
6.116000000000000369e+01,5.450781583786010742e-01,5.919045805931091309e-01
6.120000000000000284e+01,5.445795059204101562e-01,5.913202762603759766e-01
6.124000000000000199e+01,5.440796017646789551e-01,5.907343626022338867e-01
6.128000000000000114e+01,5.435782670974731445e-01,5.901471376419067383e-01
6.132000000000000028e+01,5.430759787559509277e-01,5.895588397979736328e-01
6.135999999999999943e+01,5.425721406936645508e-01,5.889686942100524902e-01
6.139999999999999858e+01,5.420665740966796875e-01,5.883765220642089844e-01
6.143999999999999773e+01,5.415600538253784180e-01,5.877834558486938477e-01
6.148000000000000398e+01,5.410519838333129883e-01,5.871886014938354492e-01
6.152000000000000313e+01,5.405424237251281738e-01,5.865922570228576660e-01
6.156000000000000227e+01,5.400315523147583008e-01,5.859941840171813965e-01
6.160000000000000142e+01,5.395196080207824707e-01,5.853949189186096191e-01
6.164000000000000057e+01,5.390065312385559082e-01,5.847946405410766602e-01
6.167999999999999972e+01,5.384919643402099609e-01,5.841924548149108887e-01
6.171999999999999886e+01,5.379755496978759766e-01,5.835880637168884277e-01
6.175999999999999801e+01,5.374584794044494629e-01,5.829833149909973145e-01
6.180000000000000426e+01,5.369396805763244629e-01,5.823764801025390625e-01
6.184000000000000341e+01,5.364197492599487305e-01,5.817685723304748535e-01
6.188000000000000256e+01,5.358985662460327148e-01,5.811589360237121582e-01
6.192000000000000171e+01,5.353757143020629883e-01,5.805476903915405273e-01
6.196000000000000085e+01,5.348516702651977539e-01,5.799351334571838379e-01
6.200000000000000000e+01,5.343267917633056641e-01,5.793215632438659668e-01
6.203999999999999915e+01,5.338008999824523926e-01,5.787069201469421387e-01
6.207999999999999829e+01,5.332732200622558594e-01,5.780903100967407227e-01
6.212000000000000455e+01,5.327441096305847168e-01,5.774721503257751465e-01
6.216000000000000369e+01,5.322135686874389648e-01,5.768520832061767578e-01
6.220000000000000284e+01,5.316821932792663574e-01,5.762314796447753906e-01
6.224000000000000199e+01,5.311496853828430176e-01,5.756095051765441895e-01
6.228000000000000114e+01,5.306148529052734375e-01,5.749848484992980957e-01
6.232000000000000028e+01,5.300787687301635742e-01,5.743588209152221680e-01
6.235999999999999943e+01,5.295424461364746094e-01,5.737326741218566895e-01
6.239999999999999858e+01,5.290042757987976074e-01,5.731043219566345215e-01
6.244000000000000483e+01,5.284646749496459961e-01,5.724744796752929688e-01
6.248000000000000398e+01,5.279238820075988770e-01,5.718433260917663574e-01
6.252000000000000313e+01,5.273811817169189453e-01,5.712099671363830566e-01
6.256000000000000227e+01,5.268379449844360352e-01,5.705760121345520020e-01
6.260000000000000142e+01,5.262938737869262695e-01,5.699412822723388672e-01
6.264000000000000057e+01,5.257484316825866699e-01,5.693051218986511230e-01
6.267999999999999972e+01,5.252011418342590332e-01,5.686667561531066895e-01
6.271999999999999886e+01,5.246524810791015625e-01,5.680270791053771973e-01
6.275999999999999801e+01,5.241027474403381348e-01,5.673859119415283203e-01
6.280000000000000426e+01,5.235517024993896484e-01,5.667433738708496094e-01
6.284000000000000341e+01,5.229992866516113281e-01,5.660995841026306152e-01
6.288000000000000256e+01,5.224458575248718262e-01,5.654544830322265625e-01
6.292000000000000171e+01,5.218905806541442871e-01,5.648072957992553711e-01
6.296000000000000085e+01,5.213339328765869141e-01,5.641585588455200195e-01
6.300000000000000000e+01,5.207762122154235840e-01,5.635085701942443848e-01
6.303999999999999915e+01,5.202170014381408691e-01,5.628571510314941406e-01
6.307999999999999829e+01,5.196567773818969727e-01,5.622045397758483887e-01
6.312000000000000455e+01,5.190955996513366699e-01,5.615508556365966797e-01
6.316000000000000369e+01,5.185331702232360840e-01,5.608959197998046875e-01
6.320000000000000284e+01,5.179694890975952148e-01,5.602396130561828613e-01
6.324000000000000199e+01,5.174046158790588379e-01,5.595820546150207520e-01
6.328000000000000114e+01,5.168386101722717285e-01,5.589231848716735840e-01
6.332000000000000028e+01,5.162712931632995605e-01,5.582628250122070312e-01
6.335999999999999943e+01,5.157029628753662109e-01,5.576013326644897461e-01
6.339999999999999858e+01,5.151333808898925781e-01,5.569385290145874023e-01
6.344000000000000483e+01,5.145618915557861328e-01,5.562736988067626953e-01
6.348000000000000398e+01,5.139890909194946289e-01,5.556073188781738281e-01
6.352000000000000313e+01,5.134152173995971680e-01,5.549398064613342285e-01
6.356000000000000227e+01,5.128402709960937500e-01,5.542712807655334473e-01
6.360000000000000142e+01,5.122643709182739258e-01,5.536015629768371582e-01
6.364000000000000057e+01,5.116868615150451660e-01,5.529302358627319336e-01
6.367999999999999972e+01,5.111081600189208984e-01,5.522574186325073242e-01
6.371999999999999886e+01,5.105286836624145508e-01,5.515837669372558594e-01
6.375999999999999801e+01,5.099479556083679199e-01,5.509089827537536621e-01
6.380000000000000426e+01,5.093654394149780273e-01,5.502319931983947754e-01
6.384000000000000341e+01,5.087816715240478516e-01,5.495537519454956055e-01
6.388000000000000256e+01,5.081973075866699219e-01,5.488750338554382324e-01
6.392000000000000171e+01,5.076113939285278320e-01,5.481942892074584961e-01
6.396000000000000085e+01,5.070244073867797852e-01,5.475125908851623535e-01
6.400000000000000000e+01,5.064358711242675781e-01,5.468293428421020508e-01
6.404000000000000625e+01,5.058466792106628418e-01,5.461452007293701172e-01
6.407999999999999829e+01,5.052562952041625977e-01,5.454598069190979004e-01
6.412000000000000455e+01,5.046643614768981934e-01,5.447727441787719727e-01
6.415999999999999659e+01,5.040709972381591797e-01,5.440840125083923340e-01
6.420000000000000284e+01,5.034770965576171875e-01,5.433948636054992676e-01
6.423999999999999488e+01,5.028812885284423828e-01,5.427036285400390625e-01
6.428000000000000114e+01,5.022842884063720703e-01,5.420111417770385742e-01
6.432000000000000739e+01,5.016862154006958008e-01,5.413174033164978027e-01
6.435999999999999943e+01,5.010870695114135742e-01,5.406224131584167480e-01
6.440000000000000568e+01,5.004876255989074707e-01,5.399273633956909180e-01
6.443999999999999773e+01,4.998862743377685547e-01,5.392301678657531738e-01
6.448000000000000398e+01,4.992833137512207031e-01,5.385310649871826172e-01
6.451999999999999602e+01,4.986794590950012207e-01,5.378311872482299805e-01
6.456000000000000227e+01,4.980742335319519043e-01,5.371297597885131836e-01
6.459999999999999432e+01,4.974682033061981201e-01,5.364274978637695312e-01
6.464000000000000057e+01,4.968606829643249512e-01,5.357236266136169434e-01
6.468000000000000682e+01,4.962527155876159668e-01,5.350193381309509277e-01
6.471999999999999886e+01,4.956430494785308838e-01,5.343130826950073242e-01
6.476000000000000512e+01,4.950321316719055176e-01,5.336055755615234375e-01
6.479999999999999716e+01,4.944201111793518066e-01,5.328969955444335938e-01
6.484000000000000341e+01,4.938069581985473633e-01,5.321871042251586914e-01
6.487999999999999545e+01,4.931924641132354736e-01,5.314756631851196289e-01
6.492000000000000171e+01,4.925771355628967285e-01,5.307633876800537109e-01
6.496000000000000796e+01,4.919603466987609863e-01,5.300496816635131836e-01
6.500000000000000000e+01,4.913423359394073486e-01,5.293345451354980469e-01
6.504000000000000625e+01,4.907239675521850586e-01,5.286191701889038086e-01
6.507999999999999829e+01,4.901039898395538330e-01,5.279019474983215332e-01
6.512000000000000455e+01,4.894826114177703857e-01,5.271834731101989746e-01
6.515999999999999659e+01,4.888602495193481445e-01,5.264636278152465820e-01
6.520000000000000284e+01,4.882369339466094971e-01,5.257428288459777832e-01
6.523999999999999488e+01,4.876123070716857910e-01,5.250209569931030273e-01
6.528000000000000114e+01,4.869871139526367188e-01,5.242981314659118652e-01
6.532000000000000739e+01,4.863598644733428955e-01,5.235730409622192383e-01
6.535999999999999943e+01,4.857313334941864014e-01,5.228466987609863281e-01
6.540000000000000568e+01,4.851027131080627441e-01,5.221204161643981934e-01
6.543999999999999773e+01,4.844730198383331299e-01,5.213931202888488770e-01
6.548000000000000398e+01,4.838415384292602539e-01,5.206636190414428711e-01
6.551999999999999602e+01,4.832088351249694824e-01,5.199327468872070312e-01
6.556000000000000227e+01,4.825752973556518555e-01,5.192013382911682129e-01
6.559999999999999432e+01,4.819406867027282715e-01,5.184686183929443359e-01
6.564000000000000057e+01,4.813050627708435059e-01,5.177349448204040527e-01
6.568000000000000682e+01,4.806677997112274170e-01,5.169992446899414062e-01
6.571999999999999886e+01,4.800296127796173096e-01,5.162627696990966797e-01
6.576000000000000512e+01,4.793904125690460205e-01,5.155252218246459961e-01
6.579999999999999716e+01,4.787498116493225098e-01,5.147863030433654785e-01
6.584000000000000341e+01,4.781082868576049805e-01,5.140460729598999023e-01
6.587999999999999545e+01,4.774656295776367188e-01,5.133048892021179199e-01
6.592000000000000171e+01,4.768218994140625000e-01,5.125625729560852051e-01
6.596000000000000796e+01,4.761774837970733643e-01,5.118195414543151855e-01
6.600000000000000000e+01,4.755320549011230469e-01,5.110753774642944336e-01
6.604000000000000625e+01,4.748855829238891602e-01,5.103302001953125000e-01
6.607999999999999829e+01,4.742380976676940918e-01,5.095840096473693848e-01
6.612000000000000455e+01,4.735895395278930664e-01,5.088366866111755371e-01
6.615999999999999659e+01,4.729399681091308594e-01,5.080882310867309570e-01
6.620000000000000284e+01,4.722893238067626953e-01,5.073388218879699707e-01
6.623999999999999488e+01,4.716377258300781250e-01,5.065882802009582520e-01
6.628000000000000114e+01,4.709845185279846191e-01,5.058359503746032715e-01
6.632000000000000739e+01,4.703300893306732178e-01,5.050824880599975586e-01
6.635999999999999943e+01,4.696746468544006348e-01,5.043279528617858887e-01
6.640000000000000568e+01,4.690182805061340332e-01,5.035724043846130371e-01
6.643999999999999773e+01,4.683611392974853516e-01,5.028160214424133301e-01
6.648000000000000398e+01,4.677024483680725098e-01,5.020580291748046875e-01
6.651999999999999602e+01,4.670426249504089355e-01,5.012987852096557617e-01
6.656000000000000227e+01,4.663818478584289551e-01,5.005386471748352051e-01
6.659999999999999432e+01,4.657207131385803223e-01,4.997782707214355469e-01
6.664000000000000057e+01,4.650580883026123047e-01,4.990161061286926270e-01
6.668000000000000682e+01,4.643943011760711670e-01,4.982528984546661377e-01
6.671999999999999886e+01,4.637297093868255615e-01,4.974889755249023438e-01
6.676000000000000512e+01,4.630637168884277344e-01,4.967233240604400635e-01
6.679999999999999716e+01,4.623972773551940918e-01,4.959574043750762939e-01
6.684000000000000341e+01,4.617296457290649414e-01,4.951902329921722412e-01
6.687999999999999545e+01,4.610602557659149170e-01,4.944211244583129883e-01
6.692000000000000171e+01,4.603900909423828125e-01,4.936513602733612061e-01
6.696000000000000796e+01,4.597197771072387695e-01,4.928813278675079346e-01
6.700000000000000000e+01,4.590477943420410156e-01,4.921095967292785645e-01
6.704000000000000625e+01,4.583747684955596924e-01,4.913368225097656250e-01
6.707999999999999829e+01,4.577008187770843506e-01,4.905630946159362793e-01
6.712000000000000455e+01,4.570260643959045410e-01,4.897884726524353027e-01
6.715999999999999659e+01,4.563495814800262451e-01,4.890121221542358398e-01
6.720000000000000284e+01,4.556730985641479492e-01,4.882358312606811523e-01
6.723999999999999488e+01,4.549953937530517578e-01,4.874582588672637939e-01
6.728000000000000114e+01,4.543160796165466309e-01,4.866790175437927246e-01
6.732000000000000739e+01,4.536359608173370361e-01,4.858989715576171875e-01
6.735999999999999943e+01,4.529550969600677490e-01,4.851180613040924072e-01
6.740000000000000568e+01,4.522727727890014648e-01,4.843358099460601807e-01
6.743999999999999773e+01,4.515898227691650391e-01,4.835529923439025879e-01
6.748000000000000398e+01,4.509060978889465332e-01,4.827690720558166504e-01
6.751999999999999602e+01,4.502210915088653564e-01,4.819839894771575928e-01
6.756000000000000227e+01,4.495354294776916504e-01,4.811983108520507812e-01
6.759999999999999432e+01,4.488482475280761719e-01,4.804109930992126465e-01
6.764000000000000057e+01,4.481605887413024902e-01,4.796234369277954102e-01
6.768000000000000682e+01,4.474716484546661377e-01,4.788342416286468506e-01
6.771999999999999886e+01,4.467819035053253174e-01,4.780444502830505371e-01
6.776000000000000512e+01,4.460911452770233154e-01,4.772535264492034912e-01
6.779999999999999716e+01,4.453995525836944580e-01,4.764618873596191406e-01
6.784000000000000341e+01,4.447069168090820312e-01,4.756690263748168945e-01
6.787999999999999545e+01,4.440136253833770752e-01,4.748756587505340576e-01
6.792000000000000171e+01,4.433193802833557129e-01,4.740813672542572021e-01
6.796000000000000796e+01,4.426236450672149658e-01,4.732854366302490234e-01
6.800000000000000000e+01,4.419269263744354248e-01,4.724885225296020508e-01
6.804000000000000625e+01,4.412298798561096191e-01,4.716913998126983643e-01
6.807999999999999829e+01,4.405314922332763672e-01,4.708927869796752930e-01
6.812000000000000455e+01,4.398322701454162598e-01,4.700932800769805908e-01
6.815999999999999659e+01,4.391322135925292969e-01,4.692931473255157471e-01
6.820000000000000284e+01,4.384311139583587646e-01,4.684919118881225586e-01
6.823999999999999488e+01,4.377294778823852539e-01,4.676901400089263916e-01
6.828000000000000114e+01,4.370266795158386230e-01,4.668872058391571045e-01
6.832000000000000739e+01,4.363229572772979736e-01,4.660831987857818604e-01
6.835999999999999943e+01,4.356185793876647949e-01,4.652786552906036377e-01
6.840000000000000568e+01,4.349125623703002930e-01,4.644723236560821533e-01
6.843999999999999773e+01,4.342058002948760986e-01,4.636654555797576904e-01
6.848000000000000398e+01,4.334981441497802734e-01,4.628577232360839844e-01
6.851999999999999602e+01,4.327895343303680420e-01,4.620487689971923828e-01
6.856000000000000227e+01,4.320802688598632812e-01,4.612393677234649658e-01
6.860000000000000853e+01,4.313702583312988281e-01,4.604291915893554688e-01
6.864000000000000057e+01,4.306589066982269287e-01,4.596177935600280762e-01
6.868000000000000682e+01,4.299466013908386230e-01,4.588051438331604004e-01
6.871999999999999886e+01,4.292332828044891357e-01,4.579916894435882568e-01
6.876000000000000512e+01,4.285195469856262207e-01,4.571777284145355225e-01
6.879999999999999716e+01,4.278048872947692871e-01,4.563630819320678711e-01
6.884000000000000341e+01,4.270894527435302734e-01,4.555475413799285889e-01
6.887999999999999545e+01,4.263729155063629150e-01,4.547308981418609619e-01
6.892000000000000171e+01,4.256557822227478027e-01,4.539137780666351318e-01
6.896000000000000796e+01,4.249379038810729980e-01,4.530958831310272217e-01
6.900000000000000000e+01,4.242191016674041748e-01,4.522770941257476807e-01
6.904000000000000625e+01,4.234996438026428223e-01,4.514577090740203857e-01
6.907999999999999829e+01,4.227795004844665527e-01,4.506377577781677246e-01
6.912000000000000455e+01,4.220577478408813477e-01,4.498159587383270264e-01
6.915999999999999659e+01,4.213351011276245117e-01,4.489933252334594727e-01
6.920000000000000284e+01,4.206115901470184326e-01,4.481698274612426758e-01
6.923999999999999488e+01,4.198873043060302734e-01,4.473456144332885742e-01
6.928000000000000114e+01,4.191622436046600342e-01,4.465207159519195557e-01
6.932000000000000739e+01,4.184360802173614502e-01,4.456945955753326416e-01
6.935999999999999943e+01,4.177097976207733154e-01,4.448685050010681152e-01
6.940000000000000568e+01,4.169827401638031006e-01,4.440416991710662842e-01
6.943999999999999773e+01,4.162548780441284180e-01,4.432141482830047607e-01
6.948000000000000398e+01,4.155256152153015137e-01,4.423850476741790771e-01
6.951999999999999602e+01,4.147954881191253662e-01,4.415552914142608643e-01
6.956000000000000227e+01,4.140647351741790771e-01,4.407247900962829590e-01
6.960000000000000853e+01,4.133330881595611572e-01,4.398936331272125244e-01
6.964000000000000057e+01,4.126007854938507080e-01,4.390616118907928467e-01
6.968000000000000682e+01,4.118676781654357910e-01,4.382290542125701904e-01
6.971999999999999886e+01,4.111333489418029785e-01,4.373948872089385986e-01
6.976000000000000512e+01,4.103986918926239014e-01,4.365609288215637207e-01
6.979999999999999716e+01,4.096636474132537842e-01,4.357264339923858643e-01
6.984000000000000341e+01,4.089272320270538330e-01,4.348905980587005615e-01
6.987999999999999545e+01,4.081903994083404541e-01,4.340544342994689941e-01
6.992000000000000171e+01,4.074522852897644043e-01,4.332168996334075928e-01
6.996000000000000796e+01,4.067136645317077637e-01,4.323789775371551514e-01
7.000000000000000000e+01,4.059742391109466553e-01,4.315402805805206299e-01
7.004000000000000625e+01,4.052342176437377930e-01,4.307009577751159668e-01
7.007999999999999829e+01,4.044927060604095459e-01,4.298602938652038574e-01
7.012000000000000455e+01,4.037511348724365234e-01,4.290195405483245850e-01
7.015999999999999659e+01,4.030083417892456055e-01,4.281775355339050293e-01
7.020000000000000284e+01,4.022652804851531982e-01,4.273355603218078613e-01
7.023999999999999488e+01,4.015212953090667725e-01,4.264924824237823486e-01
7.028000000000000114e+01,4.007765352725982666e-01,4.256488084793090820e-01
7.032000000000000739e+01,4.000311195850372314e-01,4.248045086860656738e-01
7.035999999999999943e+01,3.992846608161926270e-01,4.239591658115386963e-01
7.040000000000000568e+01,3.985378146171569824e-01,4.231135845184326172e-01
7.043999999999999773e+01,3.977897167205810547e-01,4.222665429115295410e-01
7.048000000000000398e+01,3.970413506031036377e-01,4.214195907115936279e-01
7.051999999999999602e+01,3.962925374507904053e-01,4.205720722675323486e-01
7.056000000000000227e+01,3.955424129962921143e-01,4.197234213352203369e-01
7.060000000000000853e+01,3.947921991348266602e-01,4.188747406005859375e-01
7.064000000000000057e+01,3.940406441688537598e-01,4.180245995521545410e-01
7.068000000000000682e+01,3.932886421680450439e-01,4.171742796897888184e-01
7.071999999999999886e+01,3.925358057022094727e-01,4.163230657577514648e-01
7.076000000000000512e+01,3.917822837829589844e-01,4.154712557792663574e-01
7.079999999999999716e+01,3.910283744335174561e-01,4.146191477775573730e-01
7.084000000000000341e+01,3.902730047702789307e-01,4.137654006481170654e-01
7.087999999999999545e+01,3.895171582698822021e-01,4.129113256931304932e-01
7.092000000000000171e+01,3.887612223625183105e-01,4.120575189590454102e-01
7.096000000000000796e+01,3.880043029785156250e-01,4.112024903297424316e-01
7.100000000000000000e+01,3.872464597225189209e-01,4.103467464447021484e-01
7.104000000000000625e+01,3.864880204200744629e-01,4.094904661178588867e-01
7.107999999999999829e+01,3.857290446758270264e-01,4.086336493492126465e-01
7.112000000000000455e+01,3.849693536758422852e-01,4.077761769294738770e-01
7.115999999999999659e+01,3.842092752456665039e-01,4.069185256958007812e-01
7.120000000000000284e+01,3.834484517574310303e-01,4.060600399971008301e-01
7.123999999999999488e+01,3.826872706413269043e-01,4.052013456821441650e-01
7.128000000000000114e+01,3.819246590137481689e-01,4.043412208557128906e-01
7.132000000000000739e+01,3.811615705490112305e-01,4.034807980060577393e-01
7.135999999999999943e+01,3.803977370262145996e-01,4.026195406913757324e-01
7.140000000000000568e+01,3.796334266662597656e-01,4.017580151557922363e-01
7.143999999999999773e+01,3.788686096668243408e-01,4.008961021900177002e-01
7.148000000000000398e+01,3.781031966209411621e-01,4.000335335731506348e-01
7.151999999999999602e+01,3.773372173309326172e-01,3.991705179214477539e-01
7.156000000000000227e+01,3.765700757503509521e-01,3.983063995838165283e-01
7.160000000000000853e+01,3.758022785186767578e-01,3.974415659904479980e-01
7.164000000000000057e+01,3.750338256359100342e-01,3.965764045715332031e-01
7.168000000000000682e+01,3.742649257183074951e-01,3.957106769084930420e-01
7.171999999999999886e+01,3.734954595565795898e-01,3.948444724082946777e-01
7.176000000000000512e+01,3.727254271507263184e-01,3.939779102802276611e-01
7.179999999999999716e+01,3.719549477100372314e-01,3.931110501289367676e-01
7.184000000000000341e+01,3.711837530136108398e-01,3.922434151172637939e-01
7.187999999999999545e+01,3.704119622707366943e-01,3.913752138614654541e-01
7.192000000000000171e+01,3.696392476558685303e-01,3.905063867568969727e-01
7.196000000000000796e+01,3.688660860061645508e-01,3.896369338035583496e-01
7.200000000000000000e+01,3.680922985076904297e-01,3.887670636177062988e-01
7.204000000000000625e+01,3.673181533813476562e-01,3.878968656063079834e-01
7.207999999999999829e+01,3.665433526039123535e-01,3.870262503623962402e-01
7.212000000000000455e+01,3.657685816287994385e-01,3.861558139324188232e-01
7.215999999999999659e+01,3.649927973747253418e-01,3.852844238281250000e-01
7.220000000000000284e+01,3.642163276672363281e-01,3.844124078750610352e-01
7.223999999999999488e+01,3.634397983551025391e-01,3.835402727127075195e-01
7.228000000000000114e+01,3.626625835895538330e-01,3.826678395271301270e-01
7.232000000000000739e+01,3.618842065334320068e-01,3.817940056324005127e-01
7.235999999999999943e+01,3.611051738262176514e-01,3.809197545051574707e-01
7.240000000000000568e+01,3.603264987468719482e-01,3.800460696220397949e-01
7.243999999999999773e+01,3.595468997955322266e-01,3.791713118553161621e-01
7.248000000000000398e+01,3.587665557861328125e-01,3.782961368560791016e-01
7.251999999999999602e+01,3.579858839511871338e-01,3.774205446243286133e-01
7.256000000000000227e+01,3.572046756744384766e-01,3.765446245670318604e-01
7.260000000000000853e+01,3.564230501651763916e-01,3.756684660911560059e-01
7.264000000000000057e+01,3.556404709815979004e-01,3.747912049293518066e-01
7.268000000000000682e+01,3.548572957515716553e-01,3.739134967327117920e-01
7.271999999999999886e+01,3.540741503238677979e-01,3.730362057685852051e-01
7.276000000000000512e+01,3.532900214195251465e-01,3.721578717231750488e-01
7.279999999999999716e+01,3.525054156780242920e-01,3.712790012359619141e-01
7.284000000000000341e+01,3.517203330993652344e-01,3.703998327255249023e-01
7.287999999999999545e+01,3.509349226951599121e-01,3.695204257965087891e-01
7.292000000000000171e+01,3.501485586166381836e-01,3.686402142047882080e-01
7.296000000000000796e+01,3.493623733520507812e-01,3.677603304386138916e-01
7.300000000000000000e+01,3.485751748085021973e-01,3.668795526027679443e-01
7.304000000000000625e+01,3.477881848812103271e-01,3.659989535808563232e-01
7.307999999999999829e+01,3.470001518726348877e-01,3.651176095008850098e-01
7.312000000000000455e+01,3.462121784687042236e-01,3.642364144325256348e-01
7.315999999999999659e+01,3.454233407974243164e-01,3.633543550968170166e-01
7.320000000000000284e+01,3.446339964866638184e-01,3.624719679355621338e-01
7.323999999999999488e+01,3.438444137573242188e-01,3.615893721580505371e-01
7.328000000000000114e+01,3.430544435977935791e-01,3.607064783573150635e-01
7.332000000000000739e+01,3.422639667987823486e-01,3.598234057426452637e-01
7.335999999999999943e+01,3.414732515811920166e-01,3.589402139186859131e-01
7.340000000000000568e+01,3.406817615032196045e-01,3.580562174320220947e-01
7.343999999999999773e+01,3.398900926113128662e-01,3.571722805500030518e-01
7.348000000000000398e+01,3.390974998474121094e-01,3.562873899936676025e-01
7.351999999999999602e+01,3.383045196533203125e-01,3.554021418094635010e-01
7.356000000000000227e+01,3.375105261802673340e-01,3.545160591602325439e-01
7.360000000000000853e+01,3.367169797420501709e-01,3.536306321620941162e-01
7.364000000000000057e+01,3.359231054782867432e-01,3.527450859546661377e-01
7.368000000000000682e+01,3.351283967494964600e-01,3.518586158752441406e-01
7.371999999999999886e+01,3.343332111835479736e-01,3.509719073772430420e-01
7.376000000000000512e+01,3.335382938385009766e-01,3.500855267047882080e-01
7.379999999999999716e+01,3.327426910400390625e-01,3.491986393928527832e-01
7.384000000000000341e+01,3.319464325904846191e-01,3.483113050460815430e-01
7.387999999999999545e+01,3.311499953269958496e-01,3.474237620830535889e-01
7.392000000000000171e+01,3.303525447845458984e-01,3.465353250503540039e-01
7.396000000000000796e+01,3.295555114746093750e-01,3.456475436687469482e-01
7.400000000000000000e+01,3.287582397460937500e-01,3.447597324848175049e-01
7.404000000000000625e+01,3.279603421688079834e-01,3.438714146614074707e-01
7.407999999999999829e+01,3.271624743938446045e-01,3.429831862449645996e-01
7.412000000000000455e+01,3.263637423515319824e-01,3.420940637588500977e-01
7.415999999999999659e+01,3.255642950534820557e-01,3.412045836448669434e-01
7.420000000000000284e+01,3.247648775577545166e-01,3.403151929378509521e-01
7.423999999999999488e+01,3.239651322364807129e-01,3.394255936145782471e-01
7.428000000000000114e+01,3.231650888919830322e-01,3.385357856750488281e-01
7.432000000000000739e+01,3.223648369312286377e-01,3.376459479331970215e-01
7.435999999999999943e+01,3.215636312961578369e-01,3.367552757263183594e-01
7.440000000000000568e+01,3.207624256610870361e-01,3.358646035194396973e-01
7.443999999999999773e+01,3.199606835842132568e-01,3.349737524986267090e-01
7.448000000000000398e+01,3.191588819026947021e-01,3.340828716754913330e-01
7.451999999999999602e+01,3.183566331863403320e-01,3.331916034221649170e-01
7.456000000000000227e+01,3.175540268421173096e-01,3.323003649711608887e-01
7.460000000000000853e+01,3.167515099048614502e-01,3.314091265201568604e-01
7.464000000000000057e+01,3.159484863281250000e-01,3.305176198482513428e-01
7.468000000000000682e+01,3.151454627513885498e-01,3.296263515949249268e-01
7.471999999999999886e+01,3.143419623374938965e-01,3.287346065044403076e-01
7.476000000000000512e+01,3.135378956794738770e-01,3.278423547744750977e-01
7.479999999999999716e+01,3.127337098121643066e-01,3.269503414630889893e-01
7.484000000000000341e+01,3.119291961193084717e-01,3.260580301284790039e-01
7.487999999999999545e+01,3.111245930194854736e-01,3.251658678054809570e-01
7.492000000000000171e+01,3.103195726871490479e-01,3.242734372615814209e-01
7.496000000000000796e+01,3.095140457153320312e-01,3.233804404735565186e-01
7.500000000000000000e+01,3.087086379528045654e-01,3.224878907203674316e-01
7.504000000000000625e+01,3.079030513763427734e-01,3.215952813625335693e-01
7.507999999999999829e+01,3.070974647998809814e-01,3.207029104232788086e-01
7.512000000000000455e+01,3.062909543514251709e-01,3.198095858097076416e-01
7.515999999999999659e+01,3.054843842983245850e-01,3.189164996147155762e-01
7.520000000000000284e+01,3.046776056289672852e-01,3.180232942104339600e-01
7.523999999999999488e+01,3.038707971572875977e-01,3.171301782131195068e-01
7.528000000000000114e+01,3.030636906623840332e-01,3.162370026111602783e-01
7.532000000000000739e+01,3.022565245628356934e-01,3.153439462184906006e-01
7.535999999999999943e+01,3.014490604400634766e-01,3.144506514072418213e-01
7.540000000000000568e+01,3.006410598754882812e-01,3.135569095611572266e-01
7.543999999999999773e+01,2.998332679271697998e-01,3.126636147499084473e-01
7.548000000000000398e+01,2.990247905254364014e-01,3.117697834968566895e-01
7.551999999999999602e+01,2.982161641120910645e-01,3.108760118484497070e-01
7.556000000000000227e+01,2.974074482917785645e-01,3.099821507930755615e-01
7.560000000000000853e+01,2.965987622737884521e-01,3.090886771678924561e-01
7.564000000000000057e+01,2.957897782325744629e-01,3.081949353218078613e-01
7.568000000000000682e+01,2.949801385402679443e-01,3.073005974292755127e-01
7.571999999999999886e+01,2.941710650920867920e-01,3.064072132110595703e-01
7.576000000000000512e+01,2.933614552021026611e-01,3.055133223533630371e-01
7.579999999999999716e+01,2.925521731376647949e-01,3.046200275421142578e-01
7.584000000000000341e+01,2.917423546314239502e-01,3.037263751029968262e-01
7.587999999999999545e+01,2.909323275089263916e-01,3.028325736522674561e-01
7.592000000000000171e+01,2.901221513748168945e-01,3.019387722015380859e-01
7.596000000000000796e+01,2.893113791942596436e-01,3.010444939136505127e-01
7.600000000000000000e+01,2.885010838508605957e-01,3.001509606838226318e-01
7.604000000000000625e+01,2.876901626586914062e-01,2.992569208145141602e-01
7.607999999999999829e+01,2.868796885013580322e-01,2.983635962009429932e-01
7.612000000000000455e+01,2.860688865184783936e-01,2.974700629711151123e-01
7.615999999999999659e+01,2.852579653263092041e-01,2.965765595436096191e-01
7.620000000000000284e+01,2.844470441341400146e-01,2.956832051277160645e-01
7.623999999999999488e+01,2.836360335350036621e-01,2.947899401187896729e-01
7.628000000000000114e+01,2.828244566917419434e-01,2.938962578773498535e-01
7.632000000000000739e+01,2.820133268833160400e-01,2.930033206939697266e-01
7.635999999999999943e+01,2.812022566795349121e-01,2.921105325222015381e-01
7.640000000000000568e+01,2.803905904293060303e-01,2.912172973155975342e-01
7.643999999999999773e+01,2.795793712139129639e-01,2.903247475624084473e-01
7.648000000000000398e+01,2.787676453590393066e-01,2.894317507743835449e-01
7.651999999999999602e+01,2.779560685157775879e-01,2.885391712188720703e-01
7.656000000000000227e+01,2.771444916725158691e-01,2.876468002796173096e-01
7.660000000000000853e+01,2.763329744338989258e-01,2.867546379566192627e-01
7.664000000000000057e+01,2.755213379859924316e-01,2.858626246452331543e-01
7.668000000000000682e+01,2.747097313404083252e-01,2.849707007408142090e-01
7.671999999999999886e+01,2.738973796367645264e-01,2.840781211853027344e-01
7.676000000000000512e+01,2.730849981307983398e-01,2.831856906414031982e-01
7.679999999999999716e+01,2.722728550434112549e-01,2.822935581207275391e-01
7.684000000000000341e+01,2.714610099792480469e-01,2.814022600650787354e-01
7.687999999999999545e+01,2.706488370895385742e-01,2.805105447769165039e-01
7.692000000000000171e+01,2.698367834091186523e-01,2.796193361282348633e-01
7.696000000000000796e+01,2.690248489379882812e-01,2.787283658981323242e-01
7.700000000000000000e+01,2.682128548622131348e-01,2.778375446796417236e-01
7.704000000000000625e+01,2.674009799957275391e-01,2.769469320774078369e-01
7.707999999999999829e+01,2.665886580944061279e-01,2.760560214519500732e-01
7.712000000000000455e+01,2.657764554023742676e-01,2.751655578613281250e-01
7.715999999999999659e+01,2.649641931056976318e-01,2.742750346660614014e-01
7.720000000000000284e+01,2.641520202159881592e-01,2.733848989009857178e-01
7.723999999999999488e+01,2.633398473262786865e-01,2.724949121475219727e-01
7.728000000000000114e+01,2.625279724597930908e-01,2.716054618358612061e-01
7.732000000000000739e+01,2.617163062095642090e-01,2.707164287567138672e-01
7.735999999999999943e+01,2.609044015407562256e-01,2.698272466659545898e-01
7.740000000000000568e+01,2.600927054882049561e-01,2.689385116100311279e-01
7.743999999999999773e+01,2.592812776565551758e-01,2.680503427982330322e-01
7.748000000000000398e+01,2.584699988365173340e-01,2.671624422073364258e-01
7.751999999999999602e+01,2.576586604118347168e-01,2.662746906280517578e-01
7.756000000000000227e+01,2.568470537662506104e-01,2.653869092464447021e-01
7.760000000000000853e+01,2.560355961322784424e-01,2.644993662834167480e-01
7.764000000000000057e+01,2.552242875099182129e-01,2.636121809482574463e-01
7.768000000000000682e+01,2.544131278991699219e-01,2.627253234386444092e-01
7.771999999999999886e+01,2.536020576953887939e-01,2.618388533592224121e-01
7.776000000000000512e+01,2.527908384799957275e-01,2.609522938728332520e-01
7.779999999999999716e+01,2.519795596599578857e-01,2.600658535957336426e-01
7.784000000000000341e+01,2.511683702468872070e-01,2.591797411441802979e-01
7.787999999999999545e+01,2.503576278686523438e-01,2.582943141460418701e-01
7.792000000000000171e+01,2.495468556880950928e-01,2.574089765548706055e-01
7.796000000000000796e+01,2.487359493970870972e-01,2.565237879753112793e-01
7.800000000000000000e+01,2.479254305362701416e-01,2.556390464305877686e-01
7.804000000000000625e+01,2.471154034137725830e-01,2.547551691532135010e-01
7.807999999999999829e+01,2.463051229715347290e-01,2.538710832595825195e-01
7.812000000000000455e+01,2.454949319362640381e-01,2.529874145984649658e-01
7.815999999999999659e+01,2.446849495172500610e-01,2.521041333675384521e-01
7.820000000000000284e+01,2.438751906156539917e-01,2.512211203575134277e-01
7.823999999999999488e+01,2.430656850337982178e-01,2.503387033939361572e-01
7.828000000000000114e+01,2.422563135623931885e-01,2.494566291570663452e-01
7.832000000000000739e+01,2.414467483758926392e-01,2.485744804143905640e-01
7.835999999999999943e+01,2.406377494335174561e-01,2.476931959390640259e-01
7.840000000000000568e+01,2.398288697004318237e-01,2.468121647834777832e-01
7.843999999999999773e+01,2.390199452638626099e-01,2.459313571453094482e-01
7.848000000000000398e+01,2.382119446992874146e-01,2.450516223907470703e-01
7.851999999999999602e+01,2.374036014080047607e-01,2.441717535257339478e-01
7.856000000000000227e+01,2.365954518318176270e-01,2.432923465967178345e-01
7.860000000000000853e+01,2.357877492904663086e-01,2.424134910106658936e-01
7.864000000000000057e+01,2.349801361560821533e-01,2.415350228548049927e-01
7.868000000000000682e+01,2.341730445623397827e-01,2.406572848558425903e-01
7.871999999999999886e+01,2.333661317825317383e-01,2.397799491882324219e-01
7.876000000000000512e+01,2.325591295957565308e-01,2.389026433229446411e-01
7.879999999999999716e+01,2.317523360252380371e-01,2.380258291959762573e-01
7.884000000000000341e+01,2.309458404779434204e-01,2.371494174003601074e-01
7.887999999999999545e+01,2.301397025585174561e-01,2.362736612558364868e-01
7.892000000000000171e+01,2.293338775634765625e-01,2.353983372449874878e-01
7.896000000000000796e+01,2.285283207893371582e-01,2.345236539840698242e-01
7.900000000000000000e+01,2.277226448059082031e-01,2.336488664150238037e-01
7.904000000000000625e+01,2.269177287817001343e-01,2.327751815319061279e-01
7.907999999999999829e+01,2.261127680540084839e-01,2.319016009569168091e-01
7.912000000000000455e+01,2.253080308437347412e-01,2.310284823179244995e-01
7.915999999999999659e+01,2.245038300752639771e-01,2.301561534404754639e-01
7.920000000000000284e+01,2.236999869346618652e-01,2.292843312025070190e-01
7.923999999999999488e+01,2.228965461254119873e-01,2.284131944179534912e-01
7.928000000000000114e+01,2.220932990312576294e-01,2.275424152612686157e-01
7.932000000000000739e+01,2.212903648614883423e-01,2.266722023487091064e-01
7.935999999999999943e+01,2.204875946044921875e-01,2.258022725582122803e-01
7.940000000000000568e+01,2.196850925683975220e-01,2.249328494071960449e-01
7.943999999999999773e+01,2.188830077648162842e-01,2.240641117095947266e-01
7.948000000000000398e+01,2.180813550949096680e-01,2.231960594654083252e-01
7.951999999999999602e+01,2.172800749540328979e-01,2.223285436630249023e-01
7.956000000000000227e+01,2.164793908596038818e-01,2.214618623256683350e-01
7.960000000000000853e+01,2.156792134046554565e-01,2.205959558486938477e-01
7.964000000000000057e+01,2.148789018392562866e-01,2.197300791740417480e-01
7.968000000000000682e+01,2.140787839889526367e-01,2.188646495342254639e-01
7.971999999999999886e+01,2.132796198129653931e-01,2.180003076791763306e-01
7.976000000000000512e+01,2.124809026718139648e-01,2.171366810798645020e-01
7.979999999999999716e+01,2.116821855306625366e-01,2.162732779979705811e-01
7.984000000000000341e+01,2.108838111162185669e-01,2.154103666543960571e-01
7.987999999999999545e+01,2.100859582424163818e-01,2.145482748746871948e-01
7.992000000000000171e+01,2.092887461185455322e-01,2.136870771646499634e-01
7.996000000000000796e+01,2.084920108318328857e-01,2.128265649080276489e-01
8.000000000000000000e+01,2.076957523822784424e-01,2.119668126106262207e-01
8.004000000000000625e+01,2.068995386362075806e-01,2.111072093248367310e-01
8.007999999999999829e+01,2.061037272214889526e-01,2.102482318878173828e-01
8.012000000000000455e+01,2.053084671497344971e-01,2.093899846076965332e-01
8.015999999999999659e+01,2.045136690139770508e-01,2.085326164960861206e-01
8.020000000000000284e+01,2.037193775177001953e-01,2.076758593320846558e-01
8.023999999999999488e+01,2.029255330562591553e-01,2.068198323249816895e-01
8.028000000000000114e+01,2.021322846412658691e-01,2.059646099805831909e-01
8.032000000000000739e+01,2.013390958309173584e-01,2.051095366477966309e-01
8.035999999999999943e+01,2.005465626716613770e-01,2.042554616928100586e-01
8.040000000000000568e+01,1.997545957565307617e-01,2.034021764993667603e-01
8.043999999999999773e+01,1.989631801843643188e-01,2.025496661663055420e-01
8.048000000000000398e+01,1.981723755598068237e-01,2.016980499029159546e-01
8.051999999999999602e+01,1.973818838596343994e-01,2.008469253778457642e-01
8.056000000000000227e+01,1.965921521186828613e-01,1.999968141317367554e-01
8.060000000000000853e+01,1.958025693893432617e-01,1.991470009088516235e-01
8.064000000000000057e+01,1.950135082006454468e-01,1.982980072498321533e-01
8.068000000000000682e+01,1.942250281572341919e-01,1.974498480558395386e-01
8.071999999999999886e+01,1.934372931718826294e-01,1.966027021408081055e-01
8.076000000000000512e+01,1.926499605178833008e-01,1.957561075687408447e-01
8.079999999999999716e+01,1.918632835149765015e-01,1.949103325605392456e-01
8.084000000000000341e+01,1.910771727561950684e-01,1.940654367208480835e-01
8.087999999999999545e+01,1.902918964624404907e-01,1.932216584682464600e-01
8.092000000000000171e+01,1.895065903663635254e-01,1.923779845237731934e-01
8.096000000000000796e+01,1.887218952178955078e-01,1.915352195501327515e-01
8.100000000000000000e+01,1.879384219646453857e-01,1.906939297914505005e-01
8.104000000000000625e+01,1.871550381183624268e-01,1.898528784513473511e-01
8.107999999999999829e+01,1.863723993301391602e-01,1.890128701925277710e-01
8.112000000000000455e+01,1.855904161930084229e-01,1.881737262010574341e-01
8.115999999999999659e+01,1.848089396953582764e-01,1.873352676630020142e-01
8.120000000000000284e+01,1.840282678604125977e-01,1.864979118108749390e-01
8.123999999999999488e+01,1.832479089498519897e-01,1.856611073017120361e-01
8.128000000000000114e+01,1.824685782194137573e-01,1.848255544900894165e-01
8.132000000000000739e+01,1.816895008087158203e-01,1.839905381202697754e-01
8.135999999999999943e+01,1.809111386537551880e-01,1.831564009189605713e-01
8.140000000000000568e+01,1.801334619522094727e-01,1.823232024908065796e-01
8.143999999999999773e+01,1.793565452098846436e-01,1.814909428358078003e-01
8.148000000000000398e+01,1.785798370838165283e-01,1.806592345237731934e-01
8.151999999999999602e+01,1.778042465448379517e-01,1.798288375139236450e-01
8.156000000000000227e+01,1.770291477441787720e-01,1.789992004632949829e-01
8.160000000000000853e+01,1.762550473213195801e-01,1.781708002090454102e-01
8.164000000000000057e+01,1.754814535379409790e-01,1.773431003093719482e-01
8.168000000000000682e+01,1.747084408998489380e-01,1.765162050724029541e-01
8.171999999999999886e+01,1.739362478256225586e-01,1.756904423236846924e-01
8.176000000000000512e+01,1.731648445129394531e-01,1.748656481504440308e-01
8.179999999999999716e+01,1.723942160606384277e-01,1.740418821573257446e-01
8.184000000000000341e+01,1.716239154338836670e-01,1.732186824083328247e-01
8.187999999999999545e+01,1.708548367023468018e-01,1.723970025777816772e-01
8.192000000000000171e+01,1.700861304998397827e-01,1.715758889913558960e-01
8.196000000000000796e+01,1.693181842565536499e-01,1.707557439804077148e-01
8.200000000000000000e+01,1.685514301061630249e-01,1.699372082948684692e-01
8.204000000000000625e+01,1.677851378917694092e-01,1.691191941499710083e-01
8.207999999999999829e+01,1.670197695493698120e-01,1.683024466037750244e-01
8.212000000000000455e+01,1.662550419569015503e-01,1.674864739179611206e-01
8.215999999999999659e+01,1.654911488294601440e-01,1.666716635227203369e-01
8.220000000000000284e+01,1.647282242774963379e-01,1.658580601215362549e-01
8.223999999999999488e+01,1.639656126499176025e-01,1.650449931621551514e-01
8.228000000000000114e+01,1.632037758827209473e-01,1.642328947782516479e-01
8.232000000000000739e+01,1.624433398246765137e-01,1.634225249290466309e-01
8.235999999999999943e+01,1.616834253072738647e-01,1.626129597425460815e-01
8.240000000000000568e+01,1.609241813421249390e-01,1.618041545152664185e-01
8.243999999999999773e+01,1.601659655570983887e-01,1.609967499971389771e-01
8.248000000000000398e+01,1.594081819057464600e-01,1.601899117231369019e-01
8.251999999999999602e+01,1.586513221263885498e-01,1.593842804431915283e-01
8.256000000000000227e+01,1.578954458236694336e-01,1.585799604654312134e-01
8.260000000000000853e+01,1.571407765150070190e-01,1.577770560979843140e-01
8.264000000000000057e+01,1.563866734504699707e-01,1.569749563932418823e-01
8.268000000000000682e+01,1.556334197521209717e-01,1.561738997697830200e-01
8.271999999999999886e+01,1.548810750246047974e-01,1.553740799427032471e-01
8.276000000000000512e+01,1.541297584772109985e-01,1.545755565166473389e-01
8.279999999999999716e+01,1.533794403076171875e-01,1.537782251834869385e-01
8.284000000000000341e+01,1.526298969984054565e-01,1.529819816350936890e-01
8.287999999999999545e+01,1.518808752298355103e-01,1.521863341331481934e-01
8.292000000000000171e+01,1.511327922344207764e-01,1.513919830322265625e-01
8.296000000000000796e+01,1.503856629133224487e-01,1.505987942218780518e-01
8.300000000000000000e+01,1.496396809816360474e-01,1.498070806264877319e-01
8.304000000000000625e+01,1.488942652940750122e-01,1.490161567926406860e-01
8.307999999999999829e+01,1.481497883796691895e-01,1.482263803482055664e-01
8.312000000000000455e+01,1.474063396453857422e-01,1.474379152059555054e-01
8.315999999999999659e+01,1.466638743877410889e-01,1.466506272554397583e-01
8.320000000000000284e+01,1.459224522113800049e-01,1.458646655082702637e-01
8.323999999999999488e+01,1.451820433139801025e-01,1.450800299644470215e-01
8.328000000000000114e+01,1.444425880908966064e-01,1.442965716123580933e-01
8.332000000000000739e+01,1.437041908502578735e-01,1.435143798589706421e-01
8.335999999999999943e+01,1.429668068885803223e-01,1.427334398031234741e-01
8.340000000000000568e+01,1.422301232814788818e-01,1.419534683227539062e-01
8.343999999999999773e+01,1.414944380521774292e-01,1.411747187376022339e-01
8.348000000000000398e+01,1.407597810029983521e-01,1.403972804546356201e-01
8.351999999999999602e+01,1.400261521339416504e-01,1.396210938692092896e-01
8.356000000000000227e+01,1.392936706542968750e-01,1.388463079929351807e-01
8.360000000000000853e+01,1.385623514652252197e-01,1.380730122327804565e-01
8.364000000000000057e+01,1.378321647644042969e-01,1.373011171817779541e-01
8.368000000000000682e+01,1.371030509471893311e-01,1.365304887294769287e-01
8.371999999999999886e+01,1.363746523857116699e-01,1.357608437538146973e-01
8.376000000000000512e+01,1.356473416090011597e-01,1.349924951791763306e-01
8.379999999999999716e+01,1.349210739135742188e-01,1.342254281044006348e-01
8.384000000000000341e+01,1.341963708400726318e-01,1.334602683782577515e-01
8.387999999999999545e+01,1.334726065397262573e-01,1.326962858438491821e-01
8.392000000000000171e+01,1.327497661113739014e-01,1.319334954023361206e-01
8.396000000000000796e+01,1.320277154445648193e-01,1.311716586351394653e-01
8.400000000000000000e+01,1.313071101903915405e-01,1.304115653038024902e-01
8.404000000000000625e+01,1.305878758430480957e-01,1.296531707048416138e-01
8.407999999999999829e+01,1.298694461584091187e-01,1.288957595825195312e-01
8.412000000000000455e+01,1.291524469852447510e-01,1.281400918960571289e-01
8.415999999999999659e+01,1.284362673759460449e-01,1.273854076862335205e-01
8.420000000000000284e+01,1.277212798595428467e-01,1.266322582960128784e-01
8.423999999999999488e+01,1.270075142383575439e-01,1.258805245161056519e-01
8.428000000000000114e+01,1.262949705123901367e-01,1.251303255558013916e-01
8.432000000000000739e+01,1.255832612514495850e-01,1.243811771273612976e-01
8.435999999999999943e+01,1.248730421066284180e-01,1.236338242888450623e-01
8.440000000000000568e+01,1.241638138890266418e-01,1.228876635432243347e-01
8.443999999999999773e+01,1.234560683369636536e-01,1.221432760357856750e-01
8.448000000000000398e+01,1.227492690086364746e-01,1.214000210165977478e-01
8.451999999999999602e+01,1.220436692237854004e-01,1.206582263112068176e-01
8.456000000000000227e+01,1.213392987847328186e-01,1.199180334806442261e-01
8.460000000000000853e+01,1.206358373165130615e-01,1.191789284348487854e-01
8.464000000000000057e+01,1.199341043829917908e-01,1.184418275952339172e-01
8.468000000000000682e+01,1.192332059144973755e-01,1.177057549357414246e-01
8.471999999999999886e+01,1.185335516929626465e-01,1.169712468981742859e-01
8.476000000000000512e+01,1.178352832794189453e-01,1.162384003400802612e-01
8.479999999999999716e+01,1.171382442116737366e-01,1.155069842934608459e-01
8.484000000000000341e+01,1.164422407746315002e-01,1.147768422961235046e-01
8.487999999999999545e+01,1.157477200031280518e-01,1.140484437346458435e-01
8.492000000000000171e+01,1.150546893477439880e-01,1.133218780159950256e-01
8.496000000000000796e+01,1.143626347184181213e-01,1.125965043902397156e-01
8.500000000000000000e+01,1.136722192168235779e-01,1.118730157613754272e-01
8.504000000000000625e+01,1.129828467965126038e-01,1.111508235335350037e-01
8.507999999999999829e+01,1.122948005795478821e-01,1.104302257299423218e-01
8.512000000000000455e+01,1.116080731153488159e-01,1.097111925482749939e-01
8.515999999999999659e+01,1.109223812818527222e-01,1.089934259653091431e-01
8.520000000000000284e+01,1.102384775876998901e-01,1.082777827978134155e-01
8.523999999999999488e+01,1.095558926463127136e-01,1.075636968016624451e-01
8.528000000000000114e+01,1.088748648762702942e-01,1.068514809012413025e-01
8.532000000000000739e+01,1.081947162747383118e-01,1.061403155326843262e-01
8.535999999999999943e+01,1.075158938765525818e-01,1.054307296872138977e-01
8.540000000000000568e+01,1.068386733531951904e-01,1.047230288386344910e-01
8.543999999999999773e+01,1.061626970767974854e-01,1.040168255567550659e-01
8.548000000000000398e+01,1.054879277944564819e-01,1.033120602369308472e-01
8.551999999999999602e+01,1.048149093985557556e-01,1.026093438267707825e-01
8.556000000000000227e+01,1.041432619094848633e-01,1.019082590937614441e-01
8.560000000000000853e+01,1.034731343388557434e-01,1.012089699506759644e-01
8.564000000000000057e+01,1.028044670820236206e-01,1.005113795399665833e-01
8.568000000000000682e+01,1.021373197436332703e-01,9.981558471918106079e-02
8.571999999999999886e+01,1.014712452888488770e-01,9.912111610174179077e-02
8.576000000000000512e+01,1.008066609501838684e-01,9.842835366725921631e-02
8.579999999999999716e+01,1.001435518264770508e-01,9.773739427328109741e-02
8.584000000000000341e+01,9.948158264160156250e-02,9.704778343439102173e-02
8.587999999999999545e+01,9.882104396820068359e-02,9.635985642671585083e-02
8.592000000000000171e+01,9.816209226846694946e-02,9.567379206418991089e-02
8.596000000000000796e+01,9.750477969646453857e-02,9.498965740203857422e-02
8.600000000000000000e+01,9.684897214174270630e-02,9.430731087923049927e-02
8.604000000000000625e+01,9.619459509849548340e-02,9.362665563821792603e-02
8.607999999999999829e+01,9.554176777601242065e-02,9.294775128364562988e-02
8.612000000000000455e+01,9.489062428474426270e-02,9.227085113525390625e-02
8.615999999999999659e+01,9.424100071191787720e-02,9.159572422504425049e-02
8.620000000000000284e+01,9.359262883663177490e-02,9.092210978269577026e-02
8.623999999999999488e+01,9.294573962688446045e-02,9.025017172098159790e-02
8.628000000000000114e+01,9.230051934719085693e-02,8.958019316196441650e-02
8.632000000000000739e+01,9.165671467781066895e-02,8.891189843416213989e-02
8.635999999999999943e+01,9.101463854312896729e-02,8.824565261602401733e-02
8.640000000000000568e+01,9.037385880947113037e-02,8.758089691400527954e-02
8.643999999999999773e+01,8.973464369773864746e-02,8.691796660423278809e-02
8.648000000000000398e+01,8.909736573696136475e-02,8.625725656747817993e-02
8.651999999999999602e+01,8.846177160739898682e-02,8.559852093458175659e-02
8.656000000000000227e+01,8.782745897769927979e-02,8.494130522012710571e-02
8.660000000000000853e+01,8.719481527805328369e-02,8.428601920604705811e-02
8.664000000000000057e+01,8.656374365091323853e-02,8.363253623247146606e-02
8.668000000000000682e+01,8.593407273292541504e-02,8.298073709011077881e-02
8.671999999999999886e+01,8.530630171298980713e-02,8.233112841844558716e-02
8.676000000000000512e+01,8.468029648065567017e-02,8.168356120586395264e-02
8.679999999999999716e+01,8.405560255050659180e-02,8.103748410940170288e-02
8.684000000000000341e+01,8.343259990215301514e-02,8.039339631795883179e-02
8.687999999999999545e+01,8.281133323907852173e-02,7.975134253501892090e-02
8.692000000000000171e+01,8.219168335199356079e-02,7.911111414432525635e-02
8.696000000000000796e+01,8.157394826412200928e-02,7.847309112548828125e-02
8.700000000000000000e+01,8.095788210630416870e-02,7.783702760934829712e-02
8.704000000000000625e+01,8.034351468086242676e-02,7.720293849706649780e-02
8.707999999999999829e+01,7.973065972328186035e-02,7.657059282064437866e-02
8.712000000000000455e+01,7.911977916955947876e-02,7.594049721956253052e-02
8.715999999999999659e+01,7.851039618253707886e-02,7.531213760375976562e-02
8.720000000000000284e+01,7.790274918079376221e-02,7.468580454587936401e-02
8.723999999999999488e+01,7.729699462652206421e-02,7.406166940927505493e-02
8.728000000000000114e+01,7.669297605752944946e-02,7.343946397304534912e-02
8.732000000000000739e+01,7.609076797962188721e-02,7.281937450170516968e-02
8.735999999999999943e+01,7.549006491899490356e-02,7.220102101564407349e-02
8.740000000000000568e+01,7.489128410816192627e-02,7.158486545085906982e-02
8.743999999999999773e+01,7.429417967796325684e-02,7.097064703702926636e-02
8.748000000000000398e+01,7.369916886091232300e-02,7.035883516073226929e-02
8.751999999999999602e+01,7.310573756694793701e-02,6.974880397319793701e-02
8.756000000000000227e+01,7.251411676406860352e-02,6.914089620113372803e-02
8.760000000000000853e+01,7.192432135343551636e-02,6.853505969047546387e-02
8.764000000000000057e+01,7.133635878562927246e-02,6.793130189180374146e-02
8.768000000000000682e+01,7.075002789497375488e-02,6.732942909002304077e-02
8.771999999999999886e+01,7.016558945178985596e-02,6.672976911067962646e-02
8.776000000000000512e+01,6.958295404911041260e-02,6.613211333751678467e-02
8.779999999999999716e+01,6.900216639041900635e-02,6.553659588098526001e-02
8.784000000000000341e+01,6.842337548732757568e-02,6.494334340095520020e-02
8.787999999999999545e+01,6.784643232822418213e-02,6.435221433639526367e-02
8.792000000000000171e+01,6.727136671543121338e-02,6.376320123672485352e-02
8.796000000000000796e+01,6.669832766056060791e-02,6.317654997110366821e-02
8.800000000000000000e+01,6.612684577703475952e-02,6.259164959192276001e-02
8.804000000000000625e+01,6.555734574794769287e-02,6.200899556279182434e-02
8.807999999999999829e+01,6.499005854129791260e-02,6.142884865403175354e-02
8.812000000000000455e+01,6.442437320947647095e-02,6.085053458809852600e-02
8.815999999999999659e+01,6.386074423789978027e-02,6.027458980679512024e-02
8.820000000000000284e+01,6.329896301031112671e-02,5.970072746276855469e-02
8.823999999999999488e+01,6.273930519819259644e-02,5.912925302982330322e-02
8.828000000000000114e+01,6.218132376670837402e-02,5.855973064899444580e-02
8.832000000000000739e+01,6.162529438734054565e-02,5.799239501357078552e-02
8.835999999999999943e+01,6.107131019234657288e-02,5.742741748690605164e-02
8.840000000000000568e+01,6.051930785179138184e-02,5.686465278267860413e-02
8.843999999999999773e+01,5.996930599212646484e-02,5.630416050553321838e-02
8.848000000000000398e+01,5.942113324999809265e-02,5.574575811624526978e-02
8.851999999999999602e+01,5.887493491172790527e-02,5.518958345055580139e-02
8.856000000000000227e+01,5.833100900053977966e-02,5.463597923517227173e-02
8.860000000000000853e+01,5.778905004262924194e-02,5.408460274338722229e-02
8.864000000000000057e+01,5.724900960922241211e-02,5.353540554642677307e-02
8.868000000000000682e+01,5.671110749244689941e-02,5.298861861228942871e-02
8.871999999999999886e+01,5.617520213127136230e-02,5.244406312704086304e-02
8.876000000000000512e+01,5.564148724079132080e-02,5.190201848745346069e-02
8.879999999999999716e+01,5.510985851287841797e-02,5.136230215430259705e-02
8.884000000000000341e+01,5.458030477166175842e-02,5.082492902874946594e-02
8.887999999999999545e+01,5.405286699533462524e-02,5.028991773724555969e-02
8.892000000000000171e+01,5.352751910686492920e-02,4.975729063153266907e-02
8.896000000000000796e+01,5.300435051321983337e-02,4.922711104154586792e-02
8.900000000000000000e+01,5.248327553272247314e-02,4.869927838444709778e-02
8.904000000000000625e+01,5.196433141827583313e-02,4.817383736371994019e-02
8.907999999999999829e+01,5.144726857542991638e-02,4.765054583549499512e-02
8.912000000000000455e+01,5.093237757682800293e-02,4.712970554828643799e-02
8.915999999999999659e+01,5.041971057653427124e-02,4.661133140325546265e-02
8.920000000000000284e+01,4.990924149751663208e-02,4.609545320272445679e-02
8.923999999999999488e+01,4.940062016248703003e-02,4.558165743947029114e-02
8.928000000000000114e+01,4.889416694641113281e-02,4.507028684020042419e-02
8.932000000000000739e+01,4.838998243212699890e-02,4.456147551536560059e-02
8.935999999999999943e+01,4.788806289434432983e-02,4.405521228909492493e-02
8.940000000000000568e+01,4.738833382725715637e-02,4.355138912796974182e-02
8.943999999999999773e+01,4.689073190093040466e-02,4.304995015263557434e-02
8.948000000000000398e+01,4.639543220400810242e-02,4.255110025405883789e-02
8.951999999999999602e+01,4.590220004320144653e-02,4.205459356307983398e-02
8.956000000000000227e+01,4.541122540831565857e-02,4.156060144305229187e-02
8.960000000000000853e+01,4.492245987057685852e-02,4.106909036636352539e-02
8.964000000000000057e+01,4.443596303462982178e-02,4.058009386062622070e-02
8.968000000000000682e+01,4.395187273621559143e-02,4.009378328919410706e-02
8.971999999999999886e+01,4.346979409456253052e-02,3.960976749658584595e-02
8.976000000000000512e+01,4.299014061689376831e-02,3.912841156125068665e-02
8.979999999999999716e+01,4.251258075237274170e-02,3.864941000938415527e-02
8.984000000000000341e+01,4.203735664486885071e-02,3.817301988601684570e-02
8.987999999999999545e+01,4.156442731618881226e-02,3.769920393824577332e-02
8.992000000000000171e+01,4.109381139278411865e-02,3.722795844078063965e-02
8.996000000000000796e+01,4.062537103891372681e-02,3.675916045904159546e-02
9.000000000000000000e+01,4.015944525599479675e-02,3.629313781857490540e-02
9.004000000000000625e+01,3.969568759202957153e-02,3.582955896854400635e-02
9.007999999999999829e+01,3.923454508185386658e-02,3.536889329552650452e-02
9.012000000000000455e+01,3.877557441592216492e-02,3.491066023707389832e-02
9.015999999999999659e+01,3.831900656223297119e-02,3.445511311292648315e-02
9.020000000000000284e+01,3.786480426788330078e-02,3.400219231843948364e-02
9.023999999999999488e+01,3.741298615932464600e-02,3.355192020535469055e-02
9.028000000000000114e+01,3.696368634700775146e-02,3.310445696115493774e-02
9.032000000000000739e+01,3.651658818125724792e-02,3.265944123268127441e-02
9.035999999999999943e+01,3.607212007045745850e-02,3.221734985709190369e-02
9.040000000000000568e+01,3.562981635332107544e-02,3.177765011787414551e-02
9.043999999999999773e+01,3.519005328416824341e-02,3.134075179696083069e-02
9.048000000000000398e+01,3.475262969732284546e-02,3.090648166835308075e-02
9.051999999999999602e+01,3.431761264801025391e-02,3.047489747405052185e-02
9.056000000000000227e+01,3.388492390513420105e-02,3.004591353237628937e-02
9.060000000000000853e+01,3.345492854714393616e-02,2.961989678442478180e-02
9.064000000000000057e+01,3.302747756242752075e-02,2.919669449329376221e-02
9.068000000000000682e+01,3.260223567485809326e-02,2.877596020698547363e-02
9.071999999999999886e+01,3.217954561114311218e-02,2.835806086659431458e-02
9.076000000000000512e+01,3.175953030586242676e-02,2.794309705495834351e-02
9.079999999999999716e+01,3.134198114275932312e-02,2.753088064491748810e-02
9.084000000000000341e+01,3.092678450047969818e-02,2.712126821279525757e-02
9.087999999999999545e+01,3.051418624818325043e-02,2.671453356742858887e-02
9.092000000000000171e+01,3.010392561554908752e-02,2.631041593849658966e-02
9.096000000000000796e+01,2.969650179147720337e-02,2.590941637754440308e-02
9.100000000000000000e+01,2.929163165390491486e-02,2.551122568547725677e-02
9.104000000000000625e+01,2.888907119631767273e-02,2.511560358107089996e-02
9.107999999999999829e+01,2.848910912871360779e-02,2.472286857664585114e-02
9.112000000000000455e+01,2.809172868728637695e-02,2.433297410607337952e-02
9.115999999999999659e+01,2.769694477319717407e-02,2.394595742225646973e-02
9.120000000000000284e+01,2.730480022728443146e-02,2.356184646487236023e-02
9.123999999999999488e+01,2.691506966948509216e-02,2.318042516708374023e-02
9.128000000000000114e+01,2.652801200747489929e-02,2.280196547508239746e-02
9.132000000000000739e+01,2.614357136189937592e-02,2.242638915777206421e-02
9.135999999999999943e+01,2.576174959540367126e-02,2.205370925366878510e-02
9.140000000000000568e+01,2.538263797760009766e-02,2.168400958180427551e-02
9.143999999999999773e+01,2.500621788203716278e-02,2.131726779043674469e-02
9.148000000000000398e+01,2.463237755000591278e-02,2.095336094498634338e-02
9.151999999999999602e+01,2.426115982234477997e-02,2.059237845242023468e-02
9.156000000000000227e+01,2.389254234731197357e-02,2.023425512015819550e-02
9.160000000000000853e+01,2.352667227387428284e-02,1.987915486097335815e-02
9.164000000000000057e+01,2.316348813474178314e-02,1.952702738344669342e-02
9.168000000000000682e+01,2.280299738049507141e-02,1.917784474790096283e-02
9.171999999999999886e+01,2.244525961577892303e-02,1.883170567452907562e-02
9.176000000000000512e+01,2.209019847214221954e-02,1.848850212991237640e-02
9.179999999999999716e+01,2.173796668648719788e-02,1.814841851592063904e-02
9.184000000000000341e+01,2.138830907642841339e-02,1.781117916107177734e-02
9.187999999999999545e+01,2.104143239557743073e-02,1.747700944542884827e-02
9.192000000000000171e+01,2.069725096225738525e-02,1.714578829705715179e-02
9.196000000000000796e+01,2.035589516162872314e-02,1.681768707931041718e-02
9.200000000000000000e+01,2.001745998859405518e-02,1.649276167154312134e-02
9.204000000000000625e+01,1.968172565102577209e-02,1.617082208395004272e-02
9.207999999999999829e+01,1.934874802827835083e-02,1.585190929472446442e-02
9.212000000000000455e+01,1.901862397789955139e-02,1.553612947463989258e-02
9.215999999999999659e+01,1.869126223027706146e-02,1.522337831556797028e-02
9.220000000000000284e+01,1.836660318076610565e-02,1.491363346576690674e-02
9.223999999999999488e+01,1.804482936859130859e-02,1.460706070065498352e-02
9.228000000000000114e+01,1.772598177194595337e-02,1.430365815758705139e-02
9.232000000000000739e+01,1.740994118154048920e-02,1.400335971266031265e-02
9.235999999999999943e+01,1.709673739969730377e-02,1.370616164058446884e-02
9.240000000000000568e+01,1.678634248673915863e-02,1.341204438358545303e-02
9.243999999999999773e+01,1.647878065705299377e-02,1.312106475234031677e-02
9.248000000000000398e+01,1.617416366934776306e-02,1.283328514546155930e-02
9.251999999999999602e+01,1.587233319878578186e-02,1.254858542233705521e-02
9.256000000000000227e+01,1.557341869920492172e-02,1.226708572357892990e-02
9.260000000000000853e+01,1.527741830796003342e-02,1.198877673596143723e-02
9.264000000000000057e+01,1.498439069837331772e-02,1.171372365206480026e-02
9.268000000000000682e+01,1.469427160918712616e-02,1.144185010343790054e-02
9.271999999999999886e+01,1.440695021301507950e-02,1.117306482046842575e-02
9.276000000000000512e+01,1.412275712937116623e-02,1.090767793357372284e-02
9.279999999999999716e+01,1.384142786264419556e-02,1.064543891698122025e-02
9.284000000000000341e+01,1.356316544115543365e-02,1.038654055446386337e-02
9.287999999999999545e+01,1.328775566071271896e-02,1.013078819960355759e-02
9.292000000000000171e+01,1.301534380763769150e-02,9.878310374915599823e-03
9.296000000000000796e+01,1.274590659886598587e-02,9.629082866013050079e-03
9.300000000000000000e+01,1.247937511652708054e-02,9.383062832057476044e-03
9.304000000000000625e+01,1.221602875739336014e-02,9.140501730144023895e-03
9.307999999999999829e+01,1.195561327040195465e-02,8.901166729629039764e-03
9.312000000000000455e+01,1.169847790151834488e-02,8.665424771606922150e-03
9.315999999999999659e+01,1.144472416490316391e-02,8.433397859334945679e-03
9.320000000000000284e+01,1.119444053620100021e-02,8.205194957554340363e-03
9.323999999999999488e+01,1.094784494489431381e-02,7.981068454682826996e-03
9.328000000000000114e+01,1.070514414459466934e-02,7.761182263493537903e-03
9.332000000000000739e+01,1.046640332788228989e-02,7.545640692114830017e-03
9.335999999999999943e+01,1.023181714117527008e-02,7.334613706916570663e-03
9.340000000000000568e+01,1.000140421092510223e-02,7.128116674721240997e-03
9.343999999999999773e+01,9.775437414646148682e-03,6.926388479769229889e-03
9.348000000000000398e+01,9.553771466016769409e-03,6.729264743626117706e-03
9.351999999999999602e+01,9.336663410067558289e-03,6.536984816193580627e-03
9.356000000000000227e+01,9.124085307121276855e-03,6.349502597004175186e-03
9.360000000000000853e+01,8.916200138628482819e-03,6.166915409266948700e-03
9.364000000000000057e+01,8.712977170944213867e-03,5.989179480820894241e-03
9.368000000000000682e+01,8.514419198036193848e-03,5.816253833472728729e-03
9.371999999999999886e+01,8.320554159581661224e-03,5.648155696690082550e-03
9.376000000000000512e+01,8.131131529808044434e-03,5.484614055603742599e-03
9.379999999999999716e+01,7.946365512907505035e-03,5.325797945261001587e-03
9.384000000000000341e+01,7.766108494251966476e-03,5.171526689082384109e-03
9.387999999999999545e+01,7.590275257825851440e-03,5.021712742745876312e-03
9.392000000000000171e+01,7.418845314532518387e-03,4.876306746155023575e-03
9.396000000000000796e+01,7.251861039549112320e-03,4.735307302325963974e-03
9.400000000000000000e+01,7.089268416166305542e-03,4.598631057888269424e-03
9.404000000000000625e+01,6.930859293788671494e-03,4.466078244149684906e-03
9.407999999999999829e+01,6.776728201657533646e-03,4.337672609835863113e-03
9.412000000000000455e+01,6.626600865274667740e-03,4.213172476738691330e-03
9.415999999999999659e+01,6.480317562818527222e-03,4.092406481504440308e-03
9.420000000000000284e+01,6.338060367852449417e-03,3.975521307438611984e-03
9.423999999999999488e+01,6.199628114700317383e-03,3.862295998260378838e-03
9.428000000000000114e+01,6.064858753234148026e-03,3.752575721591711044e-03
9.432000000000000739e+01,5.933823063969612122e-03,3.646399360150098801e-03
9.435999999999999943e+01,5.806345492601394653e-03,3.543593455106019974e-03
9.440000000000000568e+01,5.682273302227258682e-03,3.443999448791146278e-03
9.443999999999999773e+01,5.561606492847204208e-03,3.347608726471662521e-03
9.448000000000000398e+01,5.444350186735391617e-03,3.254391951486468315e-03
9.451999999999999602e+01,5.330171901732683182e-03,3.164055524393916130e-03
9.456000000000000227e+01,5.219226703047752380e-03,3.076726570725440979e-03
9.460000000000000853e+01,5.111305508762598038e-03,2.992195775732398033e-03
9.464000000000000057e+01,5.006467457860708237e-03,2.910502720624208450e-03
9.468000000000000682e+01,4.904487170279026031e-03,2.831430407240986824e-03
9.471999999999999886e+01,4.805375356227159500e-03,2.754986984655261040e-03
9.476000000000000512e+01,4.709064029157161713e-03,2.681091893464326859e-03
9.479999999999999716e+01,4.615464713424444199e-03,2.609651302918791771e-03
9.484000000000000341e+01,4.524463787674903870e-03,2.540568355470895767e-03
9.487999999999999545e+01,4.435907583683729172e-03,2.473697066307067871e-03
9.492000000000000171e+01,4.349915310740470886e-03,2.409124281257390976e-03
9.496000000000000796e+01,4.266405478119850159e-03,2.346784574910998344e-03
9.500000000000000000e+01,4.185235127806663513e-03,2.286523813381791115e-03
9.504000000000000625e+01,4.106415435671806335e-03,2.228348050266504288e-03
9.507999999999999829e+01,4.029753152281045914e-03,2.172085689380764961e-03
9.512000000000000455e+01,3.955350257456302643e-03,2.117814496159553528e-03
9.515999999999999659e+01,3.883067052811384201e-03,2.065409207716584206e-03
9.520000000000000284e+01,3.812848357483744621e-03,2.014810452237725258e-03
9.523999999999999488e+01,3.744571236893534660e-03,1.965895760804414749e-03
9.528000000000000114e+01,3.678291570395231247e-03,1.918724155984818935e-03
9.532000000000000739e+01,3.613927634432911873e-03,1.873209490440785885e-03
9.535999999999999943e+01,3.551384201273322105e-03,1.829270739108324051e-03
9.540000000000000568e+01,3.490752773359417915e-03,1.786973676644265652e-03
9.543999999999999773e+01,3.431838704273104668e-03,1.746144145727157593e-03
9.548000000000000398e+01,3.374596824869513512e-03,1.706734648905694485e-03
9.551999999999999602e+01,3.319004084914922714e-03,1.668723998591303825e-03
9.556000000000000227e+01,3.265079809352755547e-03,1.632132101804018021e-03
9.560000000000000853e+01,3.212705953046679497e-03,1.596830319613218307e-03
9.564000000000000057e+01,3.161920933052897453e-03,1.562857883982360363e-03
9.568000000000000682e+01,3.112547332420945168e-03,1.530058681964874268e-03
9.571999999999999886e+01,3.064695745706558228e-03,1.498520956374704838e-03
9.576000000000000512e+01,3.018185496330261230e-03,1.468087430112063885e-03
9.579999999999999716e+01,2.973066410049796104e-03,1.438805600628256798e-03
9.584000000000000341e+01,2.929287031292915344e-03,1.410623081028461456e-03
9.587999999999999545e+01,2.886823844164609909e-03,1.383506460115313530e-03
9.592000000000000171e+01,2.845557639375329018e-03,1.357346889562904835e-03
9.596000000000000796e+01,2.805554075166583061e-03,1.332204672507941723e-03
9.600000000000000000e+01,2.766768913716077805e-03,1.308035687543451786e-03
9.604000000000000625e+01,2.729110419750213623e-03,1.284769386984407902e-03
9.607999999999999829e+01,2.692556474357843399e-03,1.262383535504341125e-03
9.612000000000000455e+01,2.657129196450114250e-03,1.240873243659734726e-03
9.615999999999999659e+01,2.622744766995310783e-03,1.220179954543709755e-03
9.620000000000000284e+01,2.589450683444738388e-03,1.200344762764871120e-03
9.624000000000000909e+01,2.557136816903948784e-03,1.181255793198943138e-03
9.628000000000000114e+01,2.525781514123082161e-03,1.162898843176662922e-03
9.632000000000000739e+01,2.495318418368697166e-03,1.145228976383805275e-03
9.635999999999999943e+01,2.465849276632070541e-03,1.128324191085994244e-03
9.640000000000000568e+01,2.437207382172346115e-03,1.112038386054337025e-03
9.643999999999999773e+01,2.409433713182806969e-03,1.096390769816935062e-03
9.648000000000000398e+01,2.382530597969889641e-03,1.081406371667981148e-03
9.651999999999999602e+01,2.356395823881030083e-03,1.066983793862164021e-03
9.656000000000000227e+01,2.331095281988382339e-03,1.053184736520051956e-03
9.660000000000000853e+01,2.306518144905567169e-03,1.039904425852000713e-03
9.664000000000000057e+01,2.282734261825680733e-03,1.027207355946302414e-03
9.668000000000000682e+01,2.259584143757820129e-03,1.014964422211050987e-03
9.671999999999999886e+01,2.237191423773765564e-03,1.003270852379500866e-03
9.676000000000000512e+01,2.215523505583405495e-03,9.920890443027019501e-04
9.679999999999999716e+01,2.194440690800547600e-03,9.813102660700678825e-04
9.684000000000000341e+01,2.174010965973138809e-03,9.710039012134075165e-04
9.687999999999999545e+01,2.154211746528744698e-03,9.611421846784651279e-04
9.692000000000000171e+01,2.134993439540266991e-03,9.516542777419090271e-04
9.696000000000000796e+01,2.116379793733358383e-03,9.425872121937572956e-04
9.700000000000000000e+01,2.098353579640388489e-03,9.339243406429886818e-04
9.704000000000000625e+01,2.080849139019846916e-03,9.256236953660845757e-04
9.707999999999999829e+01,2.063902094960212708e-03,9.176946477964520454e-04
9.712000000000000455e+01,2.047485439106822014e-03,9.101109462790191174e-04
9.715999999999999659e+01,2.031474607065320015e-03,9.027774794958531857e-04
9.720000000000000284e+01,2.015989273786544800e-03,8.957911632023751736e-04
9.724000000000000909e+01,2.000967040657997131e-03,8.891095058061182499e-04
9.728000000000000114e+01,1.986393239349126816e-03,8.827222627587616444e-04
9.732000000000000739e+01,1.972260884940624237e-03,8.766194223426282406e-04
9.735999999999999943e+01,1.958596520125865936e-03,8.708012173883616924e-04
9.740000000000000568e+01,1.945338211953639984e-03,8.652309188619256020e-04
9.743999999999999773e+01,1.932559884153306484e-03,8.599776774644851685e-04
9.748000000000000398e+01,1.920117996633052826e-03,8.549262420274317265e-04
9.751999999999999602e+01,1.908056321553885937e-03,8.500971016474068165e-04
9.756000000000000227e+01,1.896365196444094181e-03,8.454821654595434666e-04
9.760000000000000853e+01,1.884998055174946785e-03,8.410637383349239826e-04
9.764000000000000057e+01,1.873985282145440578e-03,8.368463604710996151e-04
9.768000000000000682e+01,1.863279379904270172e-03,8.328061667270958424e-04
9.771999999999999886e+01,1.852993853390216827e-03,8.290270925499498844e-04
9.776000000000000512e+01,1.842982484959065914e-03,8.253919077105820179e-04
9.779999999999999716e+01,1.833253190852701664e-03,8.219099254347383976e-04
9.784000000000000341e+01,1.823798753321170807e-03,8.185784099623560905e-04
9.787999999999999545e+01,1.814691699109971523e-03,8.154614479281008244e-04
9.792000000000000171e+01,1.805835752747952938e-03,8.124683517962694168e-04
9.796000000000000796e+01,1.797228120267391205e-03,8.095952798612415791e-04
9.800000000000000000e+01,1.788869732990860939e-03,8.068479364737868309e-04
9.804000000000000625e+01,1.780833466909825802e-03,8.042920962907373905e-04
9.807999999999999829e+01,1.773021300323307514e-03,8.018317748792469501e-04
9.812000000000000455e+01,1.765472698025405407e-03,7.995308260433375835e-04
9.815999999999999659e+01,1.758140744641423225e-03,7.973189931362867355e-04
9.820000000000000284e+01,1.750982948578894138e-03,7.951829466037452221e-04
9.824000000000000909e+01,1.744120847433805466e-03,7.932151784189045429e-04
9.828000000000000114e+01,1.737415674142539501e-03,7.913067820481956005e-04
9.832000000000000739e+01,1.730954274535179138e-03,7.895388989709317684e-04
9.835999999999999943e+01,1.724680652841925621e-03,7.878340547904372215e-04
9.840000000000000568e+01,1.718558487482368946e-03,7.861845078878104687e-04
9.843999999999999773e+01,1.712667988613247871e-03,7.846678490750491619e-04
9.848000000000000398e+01,1.706918468698859215e-03,7.831939728930592537e-04
9.851999999999999602e+01,1.701386994682252407e-03,7.818402955308556557e-04
9.856000000000000227e+01,1.695987884886562824e-03,7.805197965353727341e-04
9.860000000000000853e+01,1.690797507762908936e-03,7.793115219101309776e-04
9.864000000000000057e+01,1.685735071077942848e-03,7.781332242302596569e-04
9.868000000000000682e+01,1.680874265730381012e-03,7.770595257170498371e-04
9.871999999999999886e+01,1.676091691479086876e-03,7.759949075989425182e-04
9.876000000000000512e+01,1.671510515734553337e-03,7.750337827019393444e-04
9.879999999999999716e+01,1.667111762799322605e-03,7.741536246612668037e-04
9.884000000000000341e+01,1.662779715843498707e-03,7.732721278443932533e-04
9.887999999999999545e+01,1.658640103414654732e-03,7.724858587607741356e-04
9.892000000000000171e+01,1.654558465816080570e-03,7.716910913586616516e-04
9.896000000000000796e+01,1.650665304623544216e-03,7.709892233833670616e-04
9.900000000000000000e+01,1.646907301619648933e-03,7.703505107201635838e-04
9.904000000000000625e+01,1.643201103433966637e-03,7.696972461417317390e-04
9.907999999999999829e+01,1.639672671444714069e-03,7.691239006817340851e-04
9.912000000000000455e+01,1.636194181628525257e-03,7.685360033065080643e-04
9.915999999999999659e+01,1.632853061892092228e-03,7.680187700316309929e-04
9.920000000000000284e+01,1.629640348255634308e-03,7.675601518712937832e-04
9.924000000000000909e+01,1.626470708288252354e-03,7.670808117836713791e-04
9.928000000000000114e+01,1.623431337065994740e-03,7.666633464395999908e-04
9.932000000000000739e+01,1.620509778149425983e-03,7.662957650609314442e-04
9.935999999999999943e+01,1.617627451196312904e-03,7.659030961804091930e-04
9.940000000000000568e+01,1.614867243915796280e-03,7.655663066543638706e-04
9.943999999999999773e+01,1.612222520634531975e-03,7.652768981643021107e-04
9.948000000000000398e+01,1.609688508324325085e-03,7.650273037143051624e-04
9.951999999999999602e+01,1.607180107384920120e-03,7.647403981536626816e-04
9.956000000000000227e+01,1.604789635166525841e-03,7.645045407116413116e-04
9.960000000000000853e+01,1.602470641955733299e-03,7.643016870133578777e-04
9.964000000000000057e+01,1.600185758434236050e-03,7.640702533535659313e-04
9.968000000000000682e+01,1.598010770976543427e-03,7.638847455382347107e-04
9.971999999999999886e+01,1.595905749127268791e-03,7.637310773134231567e-04
9.976000000000000512e+01,1.593903405591845512e-03,7.636104128323495388e-04
9.979999999999999716e+01,1.591884763911366463e-03,7.634403300471603870e-04
9.984000000000000341e+01,1.589979045093059540e-03,7.633204804733395576e-04
9.987999999999999545e+01,1.588132465258240700e-03,7.632211782038211823e-04
9.992000000000000171e+01,1.586388447321951389e-03,7.631582557223737240e-04
9.996000000000000796e+01,1.584694953635334969e-03,7.631051121279597282e-04
1.000000000000000000e+02,1.583024277351796627e-03,7.630135514773428440e-04
1.000400000000000063e+02,1.581416581757366657e-03,7.629512110725045204e-04
1.000799999999999983e+02,1.579873031005263329e-03,7.629162282682955265e-04
1.001200000000000045e+02,1.578422728925943375e-03,7.629100000485777855e-04
1.001599999999999966e+02,1.576947048306465149e-03,7.628457387909293175e-04
1.002000000000000028e+02,1.575539237819612026e-03,7.628147141076624393e-04
1.002400000000000091e+02,1.574191614054143429e-03,7.628091843798756599e-04
1.002800000000000011e+02,1.572932582348585129e-03,7.628261228092014790e-04
1.003200000000000074e+02,1.571719185449182987e-03,7.628523162566125393e-04
1.003599999999999994e+02,1.570559456013143063e-03,7.628944586031138897e-04
1.004000000000000057e+02,1.569373649545013905e-03,7.628774037584662437e-04
1.004399999999999977e+02,1.568248379044234753e-03,7.628890452906489372e-04
1.004800000000000040e+02,1.567180384881794453e-03,7.629225146956741810e-04
1.005199999999999960e+02,1.566161634400486946e-03,7.629704196006059647e-04
1.005600000000000023e+02,1.565191312693059444e-03,7.630308973602950573e-04
1.006000000000000085e+02,1.564267789945006371e-03,7.631020853295922279e-04
1.006400000000000006e+02,1.563313649967312813e-03,7.631107000634074211e-04
1.006800000000000068e+02,1.562420977279543877e-03,7.631504558958113194e-04
1.007199999999999989e+02,1.561579061672091484e-03,7.632071501575410366e-04
1.007600000000000051e+02,1.560784527100622654e-03,7.632766501046717167e-04
1.007999999999999972e+02,1.560036209411919117e-03,7.633558707311749458e-04
1.008400000000000034e+02,1.559295575134456158e-03,7.634361390955746174e-04
1.008799999999999955e+02,1.558603369630873203e-03,7.635304355062544346e-04
1.009200000000000017e+02,1.557877287268638611e-03,7.635594811290502548e-04
1.009600000000000080e+02,1.557206618599593639e-03,7.636156515218317509e-04
1.010000000000000000e+02,1.556584727950394154e-03,7.636858499608933926e-04
1.010400000000000063e+02,1.555975759401917458e-03,7.637640810571610928e-04
1.010799999999999983e+02,1.555412192828953266e-03,7.638547685928642750e-04
1.011200000000000045e+02,1.554887508973479271e-03,7.639486575499176979e-04
1.011599999999999966e+02,1.554368529468774796e-03,7.640429539605975151e-04
1.012000000000000028e+02,1.553898211568593979e-03,7.641495321877300739e-04
1.012400000000000091e+02,1.553461770527064800e-03,7.642586715519428253e-04
1.012800000000000011e+02,1.552958274260163307e-03,7.642992422915995121e-04
1.013200000000000074e+02,1.552510075271129608e-03,7.643674616701900959e-04
1.013599999999999994e+02,1.552107627503573895e-03,7.644471479579806328e-04
1.014000000000000057e+02,1.551711698994040489e-03,7.645310251973569393e-04
1.014399999999999977e+02,1.551362103782594204e-03,7.646265439689159393e-04
1.014800000000000040e+02,1.551014487631618977e-03,7.647195598110556602e-04
1.015199999999999960e+02,1.550710294395685196e-03,7.648227037861943245e-04
1.015600000000000023e+02,1.550409244373440742e-03,7.649227045476436615e-04
1.016000000000000085e+02,1.550149405375123024e-03,7.650331826880574226e-04
1.016400000000000006e+02,1.549890381284058094e-03,7.651387713849544525e-04
1.016800000000000068e+02,1.549599110148847103e-03,7.651842897757887840e-04
1.017199999999999989e+02,1.549322740174829960e-03,7.652473286725580692e-04
1.017600000000000051e+02,1.549094798974692822e-03,7.653260836377739906e-04
1.017999999999999972e+02,1.548873377032577991e-03,7.654074579477310181e-04
1.018400000000000034e+02,1.548692700453102589e-03,7.654989021830260754e-04
1.018799999999999955e+02,1.548511674627661705e-03,7.655851659364998341e-04
1.019200000000000017e+02,1.548340427689254284e-03,7.656768430024385452e-04
1.019600000000000080e+02,1.548206084407866001e-03,7.657742244191467762e-04
1.020000000000000000e+02,1.548072788864374161e-03,7.658683462068438530e-04
1.020400000000000063e+02,1.547979656606912613e-03,7.659692200832068920e-04
1.020799999999999983e+02,1.547886291518807411e-03,7.660666597075760365e-04
1.021200000000000045e+02,1.547800144180655479e-03,7.661691051907837391e-04
1.021599999999999966e+02,1.547749503515660763e-03,7.662738207727670670e-04
1.022000000000000028e+02,1.547699794173240662e-03,7.663757423870265484e-04
1.022400000000000091e+02,1.547581981867551804e-03,7.664120057597756386e-04
1.022800000000000011e+02,1.547480234876275063e-03,7.664683507755398750e-04
1.023200000000000074e+02,1.547423424199223518e-03,7.665381999686360359e-04
1.023599999999999994e+02,1.547366729937493801e-03,7.666061865165829659e-04
1.024000000000000057e+02,1.547320163808763027e-03,7.666821475140750408e-04
1.024399999999999977e+02,1.547312946058809757e-03,7.667649770155549049e-04
1.024800000000000040e+02,1.547303400002419949e-03,7.668443722650408745e-04
1.025199999999999960e+02,1.547297928482294083e-03,7.669255137443542480e-04
1.025600000000000023e+02,1.547295483760535717e-03,7.670060731470584869e-04
1.026000000000000085e+02,1.547332503832876682e-03,7.670943159610033035e-04
1.026400000000000006e+02,1.547364750877022743e-03,7.671747589483857155e-04
1.026800000000000068e+02,1.547402003780007362e-03,7.672568899579346180e-04
1.027199999999999989e+02,1.547443447634577751e-03,7.673426298424601555e-04
1.027600000000000051e+02,1.547486637718975544e-03,7.674280786886811256e-04
1.027999999999999972e+02,1.547567779198288918e-03,7.675194647163152695e-04
1.028400000000000034e+02,1.547643914818763733e-03,7.676032837480306625e-04
1.028799999999999955e+02,1.547725754790008068e-03,7.676900713704526424e-04
1.029200000000000017e+02,1.547808991745114326e-03,7.677765679545700550e-04
1.029600000000000080e+02,1.547893974930047989e-03,7.678630645386874676e-04
1.030000000000000000e+02,1.547983149066567421e-03,7.679504342377185822e-04
1.030400000000000063e+02,1.548108411952853203e-03,7.680450798943638802e-04
1.030799999999999983e+02,1.548229716718196869e-03,7.681329734623432159e-04
1.031200000000000045e+02,1.548279542475938797e-03,7.681537535972893238e-04
1.031599999999999966e+02,1.548343454487621784e-03,7.681919960305094719e-04
1.032000000000000028e+02,1.548420405015349388e-03,7.682418799959123135e-04
1.032400000000000091e+02,1.548500615172088146e-03,7.682962459512054920e-04
1.032800000000000011e+02,1.548584201373159885e-03,7.683520088903605938e-04
1.033200000000000074e+02,1.548706553876399994e-03,7.684164447709918022e-04
1.033599999999999994e+02,1.548825530335307121e-03,7.684758165851235390e-04
1.034000000000000057e+02,1.548947766423225403e-03,7.685370510444045067e-04
1.034399999999999977e+02,1.549070933833718300e-03,7.685964228585362434e-04
1.034800000000000040e+02,1.549195847474038601e-03,7.686570752412080765e-04
1.035199999999999960e+02,1.549323322251439095e-03,7.687172037549316883e-04
1.035600000000000023e+02,1.549453823827207088e-03,7.687786128371953964e-04
1.036000000000000085e+02,1.549583626911044121e-03,7.688411278650164604e-04
1.036400000000000006e+02,1.549715059809386730e-03,7.689031772315502167e-04
1.036800000000000068e+02,1.549848006106913090e-03,7.689652848057448864e-04
1.037199999999999989e+02,1.549981883727014065e-03,7.690271013416349888e-04
1.037600000000000051e+02,1.550116576254367828e-03,7.690888596698641777e-04
1.037999999999999972e+02,1.550286542624235153e-03,7.691565551795065403e-04
1.038400000000000034e+02,1.550452318042516708e-03,7.692181970924139023e-04
1.038799999999999955e+02,1.550622167997062206e-03,7.692829240113496780e-04
1.039200000000000017e+02,1.550794229842722416e-03,7.693473598919808865e-04
1.039600000000000080e+02,1.550963730551302433e-03,7.694087689742445946e-04
1.040000000000000000e+02,1.551137538626790047e-03,7.694729720242321491e-04
1.040400000000000063e+02,1.551310881040990353e-03,7.695354288443922997e-04
1.040799999999999983e+02,1.551485387608408928e-03,7.695979438722133636e-04
1.041200000000000045e+02,1.551660010591149330e-03,7.696602260693907738e-04
1.041599999999999966e+02,1.551838475279510021e-03,7.697252440266311169e-04
1.042000000000000028e+02,1.552014611661434174e-03,7.697871769778430462e-04
1.042400000000000091e+02,1.552193076349794865e-03,7.698503904975950718e-04
1.042800000000000011e+02,1.552371890284121037e-03,7.699118577875196934e-04
1.043200000000000074e+02,1.552550937049090862e-03,7.699747802689671516e-04
1.043599999999999994e+02,1.552731264382600784e-03,7.700372952967882156e-04
1.044000000000000057e+02,1.552912406623363495e-03,7.700999267399311066e-04
1.044399999999999977e+02,1.553092850372195244e-03,7.701606955379247665e-04
1.044800000000000040e+02,1.553274574689567089e-03,7.702230941504240036e-04
1.045199999999999960e+02,1.553457463160157204e-03,7.702851435169577599e-04
1.045600000000000023e+02,1.553640700876712799e-03,7.703470182605087757e-04
1.046000000000000085e+02,1.553825102746486664e-03,7.704103481955826283e-04
1.046400000000000006e+02,1.554009737446904182e-03,7.704722811467945576e-04
1.046800000000000068e+02,1.554192742332816124e-03,7.705321186222136021e-04
1.047199999999999989e+02,1.554379123263061047e-03,7.705953903496265411e-04
1.047600000000000051e+02,1.554564340040087700e-03,7.706567412242293358e-04
1.047999999999999972e+02,1.554750720970332623e-03,7.707180920988321304e-04
1.048400000000000034e+02,1.554860617034137249e-03,7.707102922722697258e-04
1.048799999999999955e+02,1.554985414259135723e-03,7.707200129516422749e-04
1.049200000000000017e+02,1.555118244141340256e-03,7.707402692176401615e-04
1.049600000000000080e+02,1.555255730636417866e-03,7.707647746428847313e-04
1.050000000000000000e+02,1.555394497700035572e-03,7.707924232818186283e-04
1.050400000000000063e+02,1.555533846840262413e-03,7.708196644671261311e-04
1.050799999999999983e+02,1.555675873532891273e-03,7.708485936746001244e-04
1.051200000000000045e+02,1.555817667394876480e-03,7.708761841058731079e-04
1.051599999999999966e+02,1.555958297103643417e-03,7.709019700996577740e-04
1.052000000000000028e+02,1.556101371534168720e-03,7.709304918535053730e-04
1.052400000000000091e+02,1.556243863888084888e-03,7.709573255851864815e-04
1.052800000000000011e+02,1.556387287564575672e-03,7.709854980930685997e-04
1.053200000000000074e+02,1.556530944071710110e-03,7.710133795626461506e-04
1.053599999999999994e+02,1.556674018502235413e-03,7.710396894253790379e-04
1.054000000000000057e+02,1.556818373501300812e-03,7.710672798566520214e-04
1.054399999999999977e+02,1.556961447931826115e-03,7.710932404734194279e-04
1.054800000000000040e+02,1.557106501422822475e-03,7.711205980740487576e-04
1.055199999999999960e+02,1.557250623591244221e-03,7.711476646363735199e-04
1.055600000000000023e+02,1.557394862174987793e-03,7.711733924224972725e-04
1.056000000000000085e+02,1.557538867928087711e-03,7.711985963396728039e-04
1.056400000000000006e+02,1.557684503495693207e-03,7.712254300713539124e-04
1.056800000000000068e+02,1.557829789817333221e-03,7.712521473877131939e-04
1.057199999999999989e+02,1.557976240292191505e-03,7.712787482887506485e-04
1.057600000000000051e+02,1.558122225105762482e-03,7.713051163591444492e-04
1.057999999999999972e+02,1.558267977088689804e-03,7.713316008448600769e-04
1.058400000000000034e+02,1.558413612656295300e-03,7.713563391007483006e-04
1.058799999999999955e+02,1.558558666147291660e-03,7.713811355642974377e-04
1.059200000000000017e+02,1.558705582283437252e-03,7.714073290117084980e-04
1.059600000000000080e+02,1.558850868605077267e-03,7.714318926446139812e-04
1.060000000000000000e+02,1.558997086249291897e-03,7.714579114690423012e-04
1.060400000000000063e+02,1.559144468046724796e-03,7.714836974628269672e-04
1.060799999999999983e+02,1.559291849844157696e-03,7.715094834566116333e-04
1.061200000000000045e+02,1.559439115226268768e-03,7.715354440733790398e-04
1.061599999999999966e+02,1.559583935886621475e-03,7.715594256296753883e-04
1.062000000000000028e+02,1.559694646857678890e-03,7.715741521678864956e-04
1.062400000000000091e+02,1.559811527840793133e-03,7.715967949479818344e-04
1.062800000000000011e+02,1.559925731271505356e-03,7.716168765909969807e-04
1.063200000000000074e+02,1.560040633194148540e-03,7.716373074799776077e-04
1.063599999999999994e+02,1.560153090395033360e-03,7.716557011008262634e-04
1.064000000000000057e+02,1.560266944579780102e-03,7.716753752902150154e-04
1.064399999999999977e+02,1.560380449518561363e-03,7.716951076872646809e-04
1.064800000000000040e+02,1.560494303703308105e-03,7.717146072536706924e-04
1.065199999999999960e+02,1.560607459396123886e-03,7.717342232353985310e-04
1.065600000000000023e+02,1.560721313580870628e-03,7.717536063864827156e-04
1.066000000000000085e+02,1.560833887197077274e-03,7.717713597230613232e-04
1.066400000000000006e+02,1.560947042889893055e-03,7.717906846664845943e-04
1.066800000000000068e+02,1.561060082167387009e-03,7.718099514022469521e-04
1.067199999999999989e+02,1.561174169182777405e-03,7.718291599303483963e-04
1.067600000000000051e+02,1.561286859214305878e-03,7.718480774201452732e-04
1.067999999999999972e+02,1.561400596983730793e-03,7.718675187788903713e-04
1.068400000000000034e+02,1.561513403430581093e-03,7.718865526840090752e-04
1.068799999999999955e+02,1.561625860631465912e-03,7.719057030044496059e-04
1.069200000000000017e+02,1.561739831231534481e-03,7.719247951172292233e-04
1.069600000000000080e+02,1.561852404847741127e-03,7.719437708146870136e-04
1.070000000000000000e+02,1.561965909786522388e-03,7.719628047198057175e-04
1.070400000000000063e+02,1.562079996801912785e-03,7.719817222096025944e-04
1.070799999999999983e+02,1.562192803248763084e-03,7.720007561147212982e-04
1.071200000000000045e+02,1.562305958941578865e-03,7.720196736045181751e-04
1.071599999999999966e+02,1.562418998219072819e-03,7.720387075096368790e-04
1.072000000000000028e+02,1.562532852403819561e-03,7.720576249994337559e-04
1.072400000000000091e+02,1.562643912620842457e-03,7.720746798440814018e-04
1.072800000000000011e+02,1.562756253406405449e-03,7.720908033661544323e-04
1.073200000000000074e+02,1.562867895700037479e-03,7.721069268882274628e-04
1.073599999999999994e+02,1.562980120070278645e-03,7.721225265413522720e-04
1.074000000000000057e+02,1.563056837767362595e-03,7.721316069364547729e-04
1.074399999999999977e+02,1.563139026984572411e-03,7.721467409282922745e-04
1.074800000000000040e+02,1.563218422234058380e-03,7.721596048213541508e-04
1.075199999999999960e+02,1.563298515975475311e-03,7.721725851297378540e-04
1.075600000000000023e+02,1.563377911224961281e-03,7.721854490227997303e-04
1.076000000000000085e+02,1.563456840813159943e-03,7.721980800852179527e-04
1.076400000000000006e+02,1.563535071909427643e-03,7.722107111476361752e-04
1.076800000000000068e+02,1.563613186590373516e-03,7.722232257947325706e-04
1.077199999999999989e+02,1.563691999763250351e-03,7.722357404418289661e-04
1.077600000000000051e+02,1.563769998028874397e-03,7.722481968812644482e-04
1.077999999999999972e+02,1.563847647048532963e-03,7.722607697360217571e-04
1.078400000000000034e+02,1.563925528898835182e-03,7.722730515524744987e-04
1.078799999999999955e+02,1.564003527164459229e-03,7.722856244072318077e-04
1.079200000000000017e+02,1.564082573167979717e-03,7.722994778305292130e-04
1.079600000000000080e+02,1.564160571433603764e-03,7.723119342699646950e-04
1.080000000000000000e+02,1.564237754791975021e-03,7.723243325017392635e-04
1.080400000000000063e+02,1.564315287396311760e-03,7.723366725258529186e-04
1.080799999999999983e+02,1.564391772262752056e-03,7.723491289652884007e-04
1.081200000000000045e+02,1.564469654113054276e-03,7.723617018200457096e-04
1.081599999999999966e+02,1.564546837471425533e-03,7.723741000518202782e-04
1.082000000000000028e+02,1.564624137245118618e-03,7.723864982835948467e-04
1.082400000000000091e+02,1.564700971357524395e-03,7.723990711383521557e-04
1.082800000000000011e+02,1.564778154715895653e-03,7.724115275777876377e-04
1.083200000000000074e+02,1.564855338074266911e-03,7.724239840172231197e-04
1.083599999999999994e+02,1.564931706525385380e-03,7.724364404566586018e-04
1.084000000000000057e+02,1.565009471960365772e-03,7.724488968960940838e-04
1.084399999999999977e+02,1.565086073242127895e-03,7.724614115431904793e-04
1.084800000000000040e+02,1.565162325277924538e-03,7.724739261902868748e-04
1.085199999999999960e+02,1.565239857882261276e-03,7.724865572527050972e-04
1.085600000000000023e+02,1.565314247272908688e-03,7.724971510469913483e-04
1.086000000000000085e+02,1.565390848554670811e-03,7.725066388957202435e-04
1.086400000000000006e+02,1.565465820021927357e-03,7.725162431597709656e-04
1.086800000000000068e+02,1.565541257150471210e-03,7.725256145931780338e-04
1.087199999999999989e+02,1.565616112202405930e-03,7.725347531959414482e-04
1.087600000000000051e+02,1.565691549330949783e-03,7.725438335910439491e-04
1.087999999999999972e+02,1.565732527524232864e-03,7.725476752966642380e-04
1.088400000000000034e+02,1.565777696669101715e-03,7.725558825768530369e-04
1.088799999999999955e+02,1.565820537507534027e-03,7.725619361735880375e-04
1.089200000000000017e+02,1.565863727591931820e-03,7.725684554316103458e-04
1.089600000000000080e+02,1.565905520692467690e-03,7.725744508206844330e-04
1.090000000000000000e+02,1.565947546623647213e-03,7.725806208327412605e-04
1.090400000000000063e+02,1.565989223308861256e-03,7.725864998064935207e-04
1.090799999999999983e+02,1.566030201502144337e-03,7.725923787802457809e-04
1.091200000000000045e+02,1.566071179695427418e-03,7.725983741693198681e-04
1.091599999999999966e+02,1.566111692227423191e-03,7.726041367277503014e-04
1.092000000000000028e+02,1.566152786836028099e-03,7.726101321168243885e-04
1.092400000000000091e+02,1.566193532198667526e-03,7.726160692982375622e-04
1.092800000000000011e+02,1.566234277561306953e-03,7.726218318566679955e-04
1.093200000000000074e+02,1.566274790093302727e-03,7.726278272457420826e-04
1.093599999999999994e+02,1.566314604133367538e-03,7.726337062194943428e-04
1.094000000000000057e+02,1.566355465911328793e-03,7.726397598162293434e-04
1.094399999999999977e+02,1.566396560519933701e-03,7.726470939815044403e-04
1.094800000000000040e+02,1.566437073051929474e-03,7.726530893705785275e-04
1.095199999999999960e+02,1.566476887091994286e-03,7.726591429673135281e-04
1.095600000000000023e+02,1.566517632454633713e-03,7.726666517555713654e-04
1.096000000000000085e+02,1.566557795740664005e-03,7.726726471446454525e-04
1.096400000000000006e+02,1.566597609780728817e-03,7.726787007413804531e-04
1.096800000000000068e+02,1.566636841744184494e-03,7.726846379227936268e-04
1.097199999999999989e+02,1.566677005030214787e-03,7.726909243501722813e-04
1.097600000000000051e+02,1.566716004163026810e-03,7.726967451162636280e-04
1.097999999999999972e+02,1.566755701787769794e-03,7.727029733359813690e-04
1.098400000000000034e+02,1.566795282997190952e-03,7.727090269327163696e-04
1.098799999999999955e+02,1.566834514960646629e-03,7.727150805294513702e-04
1.099200000000000017e+02,1.566874212585389614e-03,7.727212505415081978e-04
1.099600000000000080e+02,1.566914375871419907e-03,7.727288757450878620e-04
1.100000000000000000e+02,1.566954073496162891e-03,7.727349875494837761e-04
1.100400000000000063e+02,1.566992839798331261e-03,7.727410411462187767e-04
1.100799999999999983e+02,1.567032188177108765e-03,7.727472111582756042e-04
1.101200000000000045e+02,1.567070954479277134e-03,7.727534975856542587e-04
1.101599999999999966e+02,1.567110302858054638e-03,7.727595511823892593e-04
1.102000000000000028e+02,1.567149767652153969e-03,7.727657794021070004e-04
1.102400000000000091e+02,1.567187253385782242e-03,7.727720076218247414e-04
1.102800000000000011e+02,1.567226951010525227e-03,7.727781194262206554e-04
1.103200000000000074e+02,1.567265833728015423e-03,7.727841730229556561e-04
1.103599999999999994e+02,1.567304832860827446e-03,7.727905176579952240e-04
1.104000000000000057e+02,1.567343715578317642e-03,7.727968622930347919e-04
1.104399999999999977e+02,1.567382598295807838e-03,7.728030323050916195e-04
1.104800000000000040e+02,1.567421713843941689e-03,7.728092605248093605e-04
1.105199999999999960e+02,1.567460247315466404e-03,7.728154887445271015e-04
1.105600000000000023e+02,1.567499828524887562e-03,7.728230557404458523e-04
1.106000000000000085e+02,1.567538361996412277e-03,7.728294003754854202e-04
1.106400000000000006e+02,1.567577593959867954e-03,7.728355703875422478e-04
1.106800000000000068e+02,1.567616011016070843e-03,7.728418568149209023e-04
1.107199999999999989e+02,1.567655010148882866e-03,7.728481432422995567e-04
1.107600000000000051e+02,1.567691215313971043e-03,7.728524506092071533e-04
1.107999999999999972e+02,1.567729283124208450e-03,7.728558848612010479e-04
1.108400000000000034e+02,1.567765371873974800e-03,7.728592609055340290e-04
1.108799999999999955e+02,1.567803090438246727e-03,7.728622294962406158e-04
1.109200000000000017e+02,1.567839877679944038e-03,7.728651398792862892e-04
1.109600000000000080e+02,1.567877479828894138e-03,7.728678756393492222e-04
1.110000000000000000e+02,1.567914499901235104e-03,7.728705531917512417e-04
1.110400000000000063e+02,1.567951403558254242e-03,7.728729979135096073e-04
1.110799999999999983e+02,1.567988074384629726e-03,7.728753844276070595e-04
1.111200000000000045e+02,1.567989937029778957e-03,7.728709024377167225e-04
1.111599999999999966e+02,1.567997620441019535e-03,7.728739874437451363e-04
1.112000000000000028e+02,1.568002742715179920e-03,7.728734053671360016e-04
1.112400000000000091e+02,1.568006817251443863e-03,7.728732307441532612e-04
1.112800000000000011e+02,1.568011124618351460e-03,7.728725904598832130e-04
1.113200000000000074e+02,1.568014384247362614e-03,7.728720083832740784e-04
1.113599999999999994e+02,1.568017643876373768e-03,7.728714845143258572e-04
1.114000000000000057e+02,1.568020903505384922e-03,7.728706696070730686e-04
1.114399999999999977e+02,1.568023813888430595e-03,7.728697382844984531e-04
1.114800000000000040e+02,1.568026491440832615e-03,7.728692726232111454e-04
1.115199999999999960e+02,1.568029052577912807e-03,7.728683995082974434e-04
1.115600000000000023e+02,1.568031148053705692e-03,7.728677592240273952e-04
1.116000000000000085e+02,1.568033592775464058e-03,7.728671771474182606e-04
1.116400000000000006e+02,1.568035804666578770e-03,7.728664786554872990e-04
1.116800000000000068e+02,1.568038132973015308e-03,7.728657219558954239e-04
1.117199999999999989e+02,1.568041159771382809e-03,7.728667696937918663e-04
1.117600000000000051e+02,1.568044535815715790e-03,7.728677592240273952e-04
1.117999999999999972e+02,1.568046864122152328e-03,7.728670607320964336e-04
1.118400000000000034e+02,1.568048028275370598e-03,7.728666532784700394e-04
1.118799999999999955e+02,1.568050356581807137e-03,7.728660129941999912e-04
1.119200000000000017e+02,1.568051986396312714e-03,7.728655473329126835e-04
1.119600000000000080e+02,1.568053034134209156e-03,7.728651398792862892e-04
1.120000000000000000e+02,1.568056060932576656e-03,7.728660712018609047e-04
1.120400000000000063e+02,1.568057225085794926e-03,7.728656637482345104e-04
1.120799999999999983e+02,1.568059087730944157e-03,7.728653145022690296e-04
1.121200000000000045e+02,1.568060601130127907e-03,7.728649070486426353e-04
1.121599999999999966e+02,1.568061648868024349e-03,7.728645578026771545e-04
1.122000000000000028e+02,1.568063045851886272e-03,7.728642085567116737e-04
1.122400000000000091e+02,1.568064093589782715e-03,7.728638593107461929e-04
1.122800000000000011e+02,1.568065490573644638e-03,7.728634518571197987e-04
1.123200000000000074e+02,1.568066887557506561e-03,7.728631608188152313e-04
1.123599999999999994e+02,1.568068051710724831e-03,7.728627533651888371e-04
1.124000000000000057e+02,1.568068983033299446e-03,7.728625205345451832e-04
1.124399999999999977e+02,1.568070263601839542e-03,7.728622294962406158e-04
1.124800000000000040e+02,1.568071777001023293e-03,7.728618802502751350e-04
1.125199999999999960e+02,1.568072242662310600e-03,7.728617056272923946e-04
1.125600000000000023e+02,1.568073173984885216e-03,7.728612399660050869e-04
1.126000000000000085e+02,1.568074105307459831e-03,7.728611817583441734e-04
1.126400000000000006e+02,1.568074920214712620e-03,7.728608907200396061e-04
1.126800000000000068e+02,1.568075851537287235e-03,7.728606578893959522e-04
1.127199999999999989e+02,1.568077132105827332e-03,7.728618220426142216e-04
1.127600000000000051e+02,1.568078296259045601e-03,7.728617638349533081e-04
1.127999999999999972e+02,1.568078529089689255e-03,7.728614145889878273e-04
1.128400000000000034e+02,1.568080624565482140e-03,7.728613563813269138e-04
1.128799999999999955e+02,1.568080391734838486e-03,7.728610653430223465e-04
1.129200000000000017e+02,1.568081672303378582e-03,7.728609489277005196e-04
1.129600000000000080e+02,1.568081905134022236e-03,7.728605996817350388e-04
1.130000000000000000e+02,1.568082370795309544e-03,7.728605996817350388e-04
1.130400000000000063e+02,1.568083418533205986e-03,7.728604250587522984e-04
1.130799999999999983e+02,1.568083651363849640e-03,7.728602504357695580e-04
1.131200000000000045e+02,1.568083767779171467e-03,7.728601340204477310e-04
1.131599999999999966e+02,1.568084466271102428e-03,7.728600176051259041e-04
1.132000000000000028e+02,1.568085164763033390e-03,7.728598429821431637e-04
1.132400000000000091e+02,1.568086212500929832e-03,7.728597847744822502e-04
1.132800000000000011e+02,1.568086328916251659e-03,7.728595519438385963e-04
1.133200000000000074e+02,1.568086794577538967e-03,7.728595519438385963e-04
1.133599999999999994e+02,1.568086910992860794e-03,7.728593773208558559e-04
1.134000000000000057e+02,1.568087958730757236e-03,7.728592609055340290e-04
1.134399999999999977e+02,1.568088540807366371e-03,7.728590862825512886e-04
1.134800000000000040e+02,1.568088424392044544e-03,7.728589698672294617e-04
1.135199999999999960e+02,1.568088773638010025e-03,7.728589698672294617e-04
1.135600000000000023e+02,1.568089355714619160e-03,7.728588534519076347e-04
1.136000000000000085e+02,1.568089472129940987e-03,7.728587952442467213e-04
1.136400000000000006e+02,1.568090170621871948e-03,7.728586206212639809e-04
1.136800000000000068e+02,1.568090170621871948e-03,7.728585042059421539e-04
1.137199999999999989e+02,1.568089821375906467e-03,7.728585042059421539e-04
1.137600000000000051e+02,1.568090636283159256e-03,7.728585042059421539e-04
1.137999999999999972e+02,1.568090636283159256e-03,7.728582713752985001e-04
1.138400000000000034e+02,1.568091218359768391e-03,7.728583295829594135e-04
1.138799999999999955e+02,1.568091567605733871e-03,7.728582713752985001e-04
1.139200000000000017e+02,1.568091684021055698e-03,7.728582131676375866e-04
1.139600000000000080e+02,1.568091916851699352e-03,7.728581549599766731e-04
1.140000000000000000e+02,1.568092149682343006e-03,7.728580385446548462e-04
1.140400000000000063e+02,1.568092615343630314e-03,7.728579803369939327e-04
1.140799999999999983e+02,1.568092615343630314e-03,7.728579803369939327e-04
1.141200000000000045e+02,1.568093081004917622e-03,7.728578639216721058e-04
1.141599999999999966e+02,1.568093081004917622e-03,7.728578057140111923e-04
1.142000000000000028e+02,1.568093197420239449e-03,7.728576310910284519e-04
1.142400000000000091e+02,1.568093779496848583e-03,7.728576892986893654e-04
1.142800000000000011e+02,1.568093546666204929e-03,7.728577475063502789e-04
1.143200000000000074e+02,1.568094012327492237e-03,7.728576310910284519e-04
1.143599999999999994e+02,1.568093779496848583e-03,7.728575146757066250e-04
1.144000000000000057e+02,1.568094012327492237e-03,7.728575728833675385e-04
1.144399999999999977e+02,1.568094594404101372e-03,7.728575146757066250e-04
1.144800000000000040e+02,1.568093779496848583e-03,7.728575146757066250e-04
1.145199999999999960e+02,1.568094710819423199e-03,7.728574564680457115e-04
1.145600000000000023e+02,1.568094594404101372e-03,7.728573400527238846e-04
1.146000000000000085e+02,1.568094128742814064e-03,7.728573400527238846e-04
1.146400000000000006e+02,1.568094477988779545e-03,7.728572236374020576e-04
1.146800000000000068e+02,1.568094827234745026e-03,7.728572236374020576e-04
1.147199999999999989e+02,1.568094827234745026e-03,7.728572236374020576e-04
1.147600000000000051e+02,1.568095060065388680e-03,7.728572236374020576e-04
1.147999999999999972e+02,1.568095176480710506e-03,7.728571654297411442e-04
1.148400000000000034e+02,1.568095409311354160e-03,7.728571072220802307e-04
1.148799999999999955e+02,1.568095642141997814e-03,7.728571072220802307e-04
1.149200000000000017e+02,1.568095525726675987e-03,7.728571072220802307e-04
1.149600000000000080e+02,1.568096457049250603e-03,7.728570490144193172e-04
1.150000000000000000e+02,1.568095758557319641e-03,7.728569325990974903e-04
1.150400000000000063e+02,1.568095991387963295e-03,7.728569325990974903e-04
1.150799999999999983e+02,1.568096107803285122e-03,7.728569325990974903e-04
1.151200000000000045e+02,1.568096340633928776e-03,7.728569325990974903e-04
1.151599999999999966e+02,1.568096340633928776e-03,7.728569325990974903e-04
1.152000000000000028e+02,1.568096573464572430e-03,7.728569325990974903e-04
1.152400000000000091e+02,1.568096457049250603e-03,7.728568743914365768e-04
1.152800000000000011e+02,1.568096340633928776e-03,7.728568743914365768e-04
1.153200000000000074e+02,1.568096922710537910e-03,7.728567579761147499e-04
1.153599999999999994e+02,1.568096457049250603e-03,7.728568161837756634e-04
1.154000000000000057e+02,1.568097155541181564e-03,7.728567579761147499e-04
1.154399999999999977e+02,1.568096922710537910e-03,7.728566997684538364e-04
1.154800000000000040e+02,1.568096806295216084e-03,7.728567579761147499e-04
1.155199999999999960e+02,1.568096340633928776e-03,7.728567579761147499e-04
1.155600000000000023e+02,1.568096457049250603e-03,7.728567579761147499e-04
1.156000000000000085e+02,1.568096922710537910e-03,7.728567579761147499e-04
1.156400000000000006e+02,1.568097737617790699e-03,7.728567579761147499e-04
1.156800000000000068e+02,1.568097504787147045e-03,7.728565833531320095e-04
1.157199999999999989e+02,1.568097621202468872e-03,7.728566415607929230e-04
1.157600000000000051e+02,1.568097271956503391e-03,7.728565833531320095e-04
1.157999999999999972e+02,1.568097155541181564e-03,7.728565833531320095e-04
1.158400000000000034e+02,1.568097155541181564e-03,7.728565833531320095e-04
1.158799999999999955e+02,1.568097621202468872e-03,7.728565833531320095e-04
1.159200000000000017e+02,1.568097388371825218e-03,7.728566997684538364e-04
1.159600000000000080e+02,1.568097504787147045e-03,7.728565833531320095e-04
1.160000000000000000e+02,1.568097504787147045e-03,7.728566415607929230e-04
1.160400000000000063e+02,1.568097504787147045e-03,7.728566415607929230e-04
1.160799999999999983e+02,1.568097155541181564e-03,7.728566415607929230e-04
1.161200000000000045e+02,1.568097155541181564e-03,7.728566415607929230e-04
1.161599999999999966e+02,1.568097271956503391e-03,7.728565251454710960e-04
1.162000000000000028e+02,1.568097854033112526e-03,7.728565833531320095e-04
1.162400000000000091e+02,1.568097504787147045e-03,7.728565833531320095e-04
1.162800000000000011e+02,1.568097737617790699e-03,7.728565251454710960e-04
1.163200000000000074e+02,1.568097737617790699e-03,7.728564669378101826e-04
1.163599999999999994e+02,1.568097621202468872e-03,7.728565251454710960e-04
1.164000000000000057e+02,1.568097388371825218e-03,7.728564669378101826e-04
1.164399999999999977e+02,1.568097621202468872e-03,7.728565251454710960e-04
1.164800000000000040e+02,1.568097271956503391e-03,7.728565251454710960e-04
1.165199999999999960e+02,1.568097504787147045e-03,7.728564669378101826e-04
1.165600000000000023e+02,1.568097621202468872e-03,7.728565833531320095e-04
1.166000000000000085e+02,1.568097737617790699e-03,7.728565251454710960e-04
1.166400000000000006e+02,1.568097621202468872e-03,7.728565251454710960e-04
1.166800000000000068e+02,1.568097271956503391e-03,7.728564669378101826e-04
1.167199999999999989e+02,1.568097271956503391e-03,7.728565251454710960e-04
1.167600000000000051e+02,1.568098203279078007e-03,7.728565251454710960e-04
1.167999999999999972e+02,1.568097737617790699e-03,7.728565251454710960e-04
1.168400000000000034e+02,1.568097970448434353e-03,7.728565251454710960e-04
1.168799999999999955e+02,1.568097737617790699e-03,7.728565833531320095e-04
1.169200000000000017e+02,1.568097854033112526e-03,7.728565251454710960e-04
1.169600000000000080e+02,1.568097854033112526e-03,7.728565251454710960e-04
1.170000000000000000e+02,1.568097621202468872e-03,7.728564669378101826e-04
1.170400000000000063e+02,1.568097854033112526e-03,7.728564669378101826e-04
1.170799999999999983e+02,1.568097854033112526e-03,7.728564669378101826e-04
1.171200000000000045e+02,1.568097854033112526e-03,7.728565251454710960e-04
1.171599999999999966e+02,1.568097621202468872e-03,7.728565251454710960e-04
1.172000000000000028e+02,1.568097504787147045e-03,7.728565251454710960e-04
1.172400000000000091e+02,1.568097504787147045e-03,7.728565251454710960e-04
1.172800000000000011e+02,1.568097271956503391e-03,7.728564669378101826e-04
1.173200000000000074e+02,1.568097504787147045e-03,7.728564669378101826e-04
1.173599999999999994e+02,1.568097271956503391e-03,7.728565833531320095e-04
1.174000000000000057e+02,1.568097621202468872e-03,7.728565251454710960e-04
1.174399999999999977e+02,1.568098901771008968e-03,7.728579221293330193e-04
1.174800000000000040e+02,1.568099251016974449e-03,7.728579221293330193e-04
1.175199999999999960e+02,1.568098901771008968e-03,7.728579221293330193e-04
1.175600000000000023e+02,1.568099134601652622e-03,7.728579221293330193e-04
1.176000000000000085e+02,1.568098552525043488e-03,7.728579221293330193e-04
1.176400000000000006e+02,1.568099134601652622e-03,7.728578639216721058e-04
1.176800000000000068e+02,1.568099018186330795e-03,7.728578639216721058e-04
1.177199999999999989e+02,1.568099018186330795e-03,7.728579221293330193e-04
1.177600000000000051e+02,1.568098901771008968e-03,7.728579803369939327e-04
1.177999999999999972e+02,1.568099018186330795e-03,7.728579803369939327e-04
1.178400000000000034e+02,1.568099018186330795e-03,7.728579803369939327e-04
1.178799999999999955e+02,1.568099018186330795e-03,7.728579803369939327e-04
1.179200000000000017e+02,1.568099018186330795e-03,7.728579221293330193e-04
1.179600000000000080e+02,1.568099134601652622e-03,7.728579221293330193e-04
1.180000000000000000e+02,1.568098785355687141e-03,7.728579221293330193e-04
1.180400000000000063e+02,1.568098785355687141e-03,7.728579221293330193e-04
1.180799999999999983e+02,1.568099134601652622e-03,7.728579221293330193e-04
1.181200000000000045e+02,1.568099018186330795e-03,7.728579221293330193e-04
1.181599999999999966e+02,1.568099018186330795e-03,7.728579221293330193e-04
1.182000000000000028e+02,1.568098785355687141e-03,7.728579221293330193e-04
1.182400000000000091e+02,1.568098901771008968e-03,7.728579221293330193e-04
1.182800000000000011e+02,1.568099134601652622e-03,7.728579803369939327e-04
1.183200000000000074e+02,1.568098552525043488e-03,7.728579803369939327e-04
1.183599999999999994e+02,1.568099018186330795e-03,7.728579803369939327e-04
1.184000000000000057e+02,1.568099018186330795e-03,7.728579803369939327e-04
1.184399999999999977e+02,1.568099134601652622e-03,7.728579803369939327e-04
1.184800000000000040e+02,1.568099134601652622e-03,7.728579803369939327e-04
1.185199999999999960e+02,1.568098901771008968e-03,7.728579803369939327e-04
1.185600000000000023e+02,1.568099134601652622e-03,7.728579803369939327e-04
1.186000000000000085e+02,1.568099367432296276e-03,7.728579803369939327e-04
1.186400000000000006e+02,1.568099134601652622e-03,7.728579803369939327e-04
1.186800000000000068e+02,1.568099134601652622e-03,7.728579803369939327e-04
1.187199999999999989e+02,1.568099018186330795e-03,7.728579803369939327e-04
1.187600000000000051e+02,1.568099018186330795e-03,7.728579221293330193e-04
1.187999999999999972e+02,1.568099018186330795e-03,7.728579221293330193e-04
1.188400000000000034e+02,1.568099018186330795e-03,7.728579221293330193e-04
1.188799999999999955e+02,1.568099018186330795e-03,7.728579221293330193e-04
1.189200000000000017e+02,1.568099018186330795e-03,7.728579221293330193e-04
1.189600000000000080e+02,1.568098785355687141e-03,7.728579221293330193e-04
1.190000000000000000e+02,1.568099134601652622e-03,7.728579221293330193e-04
1.190400000000000063e+02,1.568099134601652622e-03,7.728579221293330193e-04
1.190799999999999983e+02,1.568099018186330795e-03,7.728579803369939327e-04
1.191200000000000045e+02,1.568098668940365314e-03,7.728579221293330193e-04
1.191599999999999966e+02,1.568099251016974449e-03,7.728579803369939327e-04
1.192000000000000028e+02,1.568099018186330795e-03,7.728579803369939327e-04
1.192400000000000091e+02,1.568099251016974449e-03,7.728579221293330193e-04
1.192800000000000011e+02,1.568099251016974449e-03,7.728579803369939327e-04
1.193200000000000074e+02,1.568099251016974449e-03,7.728579221293330193e-04
1.193599999999999994e+02,1.568099018186330795e-03,7.728579803369939327e-04
1.194000000000000057e+02,1.568099483847618103e-03,7.728579803369939327e-04
1.194399999999999977e+02,1.568099251016974449e-03,7.728580385446548462e-04
1.194800000000000040e+02,1.568099018186330795e-03,7.728580385446548462e-04
1.195199999999999960e+02,1.568099251016974449e-03,7.728580385446548462e-04
1.195600000000000023e+02,1.568099251016974449e-03,7.728579803369939327e-04
1.196000000000000085e+02,1.568099251016974449e-03,7.728579803369939327e-04
1.196400000000000006e+02,1.568099018186330795e-03,7.728580385446548462e-04
1.196800000000000068e+02,1.568099251016974449e-03,7.728580385446548462e-04
1.197199999999999989e+02,1.568099251016974449e-03,7.728580385446548462e-04
1.197600000000000051e+02,1.568099251016974449e-03,7.728579803369939327e-04
1.197999999999999972e+02,1.568097970448434353e-03,7.728565251454710960e-04
1.198400000000000034e+02,1.568097737617790699e-03,7.728563505224883556e-04
1.198799999999999955e+02,1.568097854033112526e-03,7.728565251454710960e-04
1.199200000000000017e+02,1.568097621202468872e-03,7.728563505224883556e-04
1.199600000000000080e+02,1.568097854033112526e-03,7.728564087301492691e-04
