time,u_x,u_y,u_z
0.000000000000000000e+00,7.873835042119026184e-03,1.977324951440095901e-03,1.090998363494873047e+01
4.000000000000000083e-02,3.269053529947996140e-03,4.085756372660398483e-03,1.089972877502441406e+01
8.000000000000000167e-02,3.955842927098274231e-03,3.001515055075287819e-03,1.088966655731201172e+01
1.199999999999999956e-01,3.236804390326142311e-03,2.811942016705870628e-03,1.087982749938964844e+01
1.600000000000000033e-01,2.996834460645914078e-03,2.479482674971222878e-03,1.087032794952392578e+01
2.000000000000000111e-01,2.683606697246432304e-03,2.241417765617370605e-03,1.086122035980224609e+01
2.399999999999999911e-01,2.442052820697426796e-03,2.027184935286641121e-03,1.085256481170654297e+01
2.800000000000000266e-01,2.223172457888722420e-03,1.845301128923892975e-03,1.084439945220947266e+01
3.200000000000000067e-01,2.034823643043637276e-03,1.687670475803315639e-03,1.083675289154052734e+01
3.599999999999999867e-01,1.870429608970880508e-03,1.551621942780911922e-03,1.082964229583740234e+01
4.000000000000000222e-01,1.728213392198085785e-03,1.434404519386589527e-03,1.082307434082031250e+01
4.400000000000000022e-01,1.605873927474021912e-03,1.333923311904072762e-03,1.081704711914062500e+01
4.799999999999999822e-01,1.501484424807131290e-03,1.248509157449007034e-03,1.081155586242675781e+01
5.200000000000000178e-01,1.413393765687942505e-03,1.176472054794430733e-03,1.080658435821533203e+01
5.600000000000000533e-01,1.339993556030094624e-03,1.116714789532124996e-03,1.080211734771728516e+01
5.999999999999999778e-01,1.279798801988363266e-03,1.067760284058749676e-03,1.079813289642333984e+01
6.400000000000000133e-01,1.231552916578948498e-03,1.028500963002443314e-03,1.079460620880126953e+01
6.800000000000000488e-01,1.193797797895967960e-03,9.980368195101618767e-04,1.079151248931884766e+01
7.199999999999999734e-01,1.165454974398016930e-03,9.751614416018128395e-04,1.078882312774658203e+01
7.600000000000000089e-01,1.145273447036743164e-03,9.590788977220654488e-04,1.078651142120361328e+01
8.000000000000000444e-01,1.132270321249961853e-03,9.488167124800384045e-04,1.078454780578613281e+01
8.399999999999999689e-01,1.125448732636868954e-03,9.437298285774886608e-04,1.078290271759033203e+01
8.800000000000000044e-01,1.123849418945610523e-03,9.428975754417479038e-04,1.078154850006103516e+01
9.200000000000000400e-01,1.126727554947137833e-03,9.458103450015187263e-04,1.078045749664306641e+01
9.599999999999999645e-01,1.133233075961470604e-03,9.517086436972022057e-04,1.077853202819824219e+01
1.000000000000000000e+00,1.143407425843179226e-03,9.595418232493102551e-04,1.077729320526123047e+01
1.040000000000000036e+00,1.155469100922346115e-03,9.697832283563911915e-04,1.077686786651611328e+01
1.080000000000000071e+00,1.169260358437895775e-03,9.819284314289689064e-04,1.077689361572265625e+01
1.120000000000000107e+00,1.184330205433070660e-03,9.953009430319070816e-04,1.077717018127441406e+01
1.159999999999999920e+00,1.200383296236395836e-03,1.009594066999852657e-03,1.077758789062500000e+01
1.199999999999999956e+00,1.217087614350020885e-03,1.024449127726256847e-03,1.077808475494384766e+01
1.239999999999999991e+00,1.234171097166836262e-03,1.039642142131924629e-03,1.077862071990966797e+01
1.280000000000000027e+00,1.251333858817815781e-03,1.054866355843842030e-03,1.077917575836181641e+01
1.320000000000000062e+00,1.268477644771337509e-03,1.070059253834187984e-03,1.077973079681396484e+01
1.360000000000000098e+00,1.285345875658094883e-03,1.084976596757769585e-03,1.078024196624755859e+01
1.400000000000000133e+00,1.301834359765052795e-03,1.099592191167175770e-03,1.078044509887695312e+01
1.439999999999999947e+00,1.317998976446688175e-03,1.113562844693660736e-03,1.078069972991943359e+01
1.479999999999999982e+00,1.333531108684837818e-03,1.127179712057113647e-03,1.078099536895751953e+01
1.520000000000000018e+00,1.348395366221666336e-03,1.140224514529109001e-03,1.078132152557373047e+01
1.560000000000000053e+00,1.362636103294789791e-03,1.152785611338913441e-03,1.078166770935058594e+01
1.600000000000000089e+00,1.376161351799964905e-03,1.164758810773491859e-03,1.078202724456787109e+01
1.640000000000000124e+00,1.388963311910629272e-03,1.176139223389327526e-03,1.078239440917968750e+01
1.679999999999999938e+00,1.401125569827854633e-03,1.187009853310883045e-03,1.078276157379150391e+01
1.719999999999999973e+00,1.412630430422723293e-03,1.197271863929927349e-03,1.078312778472900391e+01
1.760000000000000009e+00,1.423465786501765251e-03,1.206998131237924099e-03,1.078348636627197266e+01
1.800000000000000044e+00,1.433691242709755898e-03,1.216266769915819168e-03,1.078383636474609375e+01
1.840000000000000080e+00,1.443370478227734566e-03,1.224947627633810043e-03,1.078417587280273438e+01
1.880000000000000115e+00,1.452463329769670963e-03,1.233222777955234051e-03,1.078450298309326172e+01
1.919999999999999929e+00,1.461131614632904530e-03,1.241076621226966381e-03,1.078481674194335938e+01
1.959999999999999964e+00,1.469231676310300827e-03,1.248425920493900776e-03,1.078511714935302734e+01
2.000000000000000000e+00,1.476983306929469109e-03,1.255541224963963032e-03,1.078540325164794922e+01
2.040000000000000036e+00,1.484326669014990330e-03,1.262209145352244377e-03,1.078567504882812500e+01
2.080000000000000071e+00,1.491259783506393433e-03,1.268580672331154346e-03,1.078593349456787109e+01
2.120000000000000107e+00,1.497971126809716225e-03,1.274666050449013710e-03,1.078617763519287109e+01
2.160000000000000142e+00,1.504297601059079170e-03,1.280480995774269104e-03,1.078640842437744141e+01
2.200000000000000178e+00,1.510423840954899788e-03,1.286025508306920528e-03,1.078662776947021484e+01
2.240000000000000213e+00,1.516290009021759033e-03,1.291439984925091267e-03,1.078683471679687500e+01
2.280000000000000249e+00,1.521935220807790756e-03,1.296531991101801395e-03,1.078703022003173828e+01
2.319999999999999840e+00,1.527449581772089005e-03,1.301551121287047863e-03,1.078721523284912109e+01
2.359999999999999876e+00,1.532704802230000496e-03,1.306336256675422192e-03,1.078739070892333984e+01
2.399999999999999911e+00,1.537898555397987366e-03,1.311027677729725838e-03,1.078755760192871094e+01
2.439999999999999947e+00,1.542904064990580082e-03,1.315521541982889175e-03,1.078771495819091797e+01
2.479999999999999982e+00,1.547831925563514233e-03,1.319973729550838470e-03,1.078786563873291016e+01
2.520000000000000018e+00,1.552615081891417503e-03,1.324243843555450439e-03,1.078800868988037109e+01
2.560000000000000053e+00,1.557364361360669136e-03,1.328462036326527596e-03,1.078814601898193359e+01
2.600000000000000089e+00,1.561935292556881905e-03,1.332539832219481468e-03,1.078827667236328125e+01
2.640000000000000124e+00,1.566510996781289577e-03,1.336607150733470917e-03,1.078840065002441406e+01
2.680000000000000160e+00,1.570954686030745506e-03,1.340507995337247849e-03,1.078852176666259766e+01
2.720000000000000195e+00,1.575372996740043163e-03,1.344367279671132565e-03,1.078863716125488281e+01
2.760000000000000231e+00,1.579694449901580811e-03,1.348179765045642853e-03,1.078874874114990234e+01
2.800000000000000266e+00,1.583965029567480087e-03,1.351872575469315052e-03,1.078885650634765625e+01
2.839999999999999858e+00,1.588191604241728783e-03,1.355549902655184269e-03,1.078896045684814453e+01
2.879999999999999893e+00,1.592349261045455933e-03,1.359117799438536167e-03,1.078906059265136719e+01
2.919999999999999929e+00,1.596435322426259518e-03,1.362664974294602871e-03,1.078915882110595703e+01
2.959999999999999964e+00,1.600491465069353580e-03,1.366102951578795910e-03,1.078925418853759766e+01
3.000000000000000000e+00,1.604469027370214462e-03,1.369546167552471161e-03,1.078934574127197266e+01
3.040000000000000036e+00,1.608406892046332359e-03,1.372838509269058704e-03,1.078943538665771484e+01
3.080000000000000071e+00,1.612279680557549000e-03,1.376156928017735481e-03,1.078952312469482422e+01
3.120000000000000107e+00,1.616111607290804386e-03,1.379329478368163109e-03,1.078960800170898438e+01
3.160000000000000142e+00,1.619879738427698612e-03,1.382507500238716602e-03,1.078969097137451172e+01
3.200000000000000178e+00,1.623567193746566772e-03,1.385654206387698650e-03,1.078977298736572266e+01
3.240000000000000213e+00,1.627226127311587334e-03,1.388624077662825584e-03,1.078985118865966797e+01
3.280000000000000249e+00,1.630804501473903656e-03,1.391640747897326946e-03,1.078992843627929688e+01
3.320000000000000284e+00,1.634359359741210938e-03,1.394537626765668392e-03,1.079000282287597656e+01
3.359999999999999876e+00,1.637794659473001957e-03,1.397382700815796852e-03,1.079007625579833984e+01
3.399999999999999911e+00,1.641210401430726051e-03,1.400175737217068672e-03,1.079014873504638672e+01
3.439999999999999947e+00,1.644549542106688023e-03,1.402932335622608662e-03,1.079021835327148438e+01
3.479999999999999982e+00,1.647843047976493835e-03,1.405538176186382771e-03,1.079028606414794922e+01
3.520000000000000018e+00,1.651050755754113197e-03,1.408201176673173904e-03,1.079035282135009766e+01
3.560000000000000053e+00,1.654211664572358131e-03,1.410739379934966564e-03,1.079041767120361328e+01
3.600000000000000089e+00,1.657284214161336422e-03,1.413204707205295563e-03,1.079048061370849609e+01
3.640000000000000124e+00,1.660316367633640766e-03,1.415612758137285709e-03,1.079054260253906250e+01
3.680000000000000160e+00,1.663289964199066162e-03,1.418005325831472874e-03,1.079060268402099609e+01
3.720000000000000195e+00,1.666168915107846260e-03,1.420272979885339737e-03,1.079066085815429688e+01
3.760000000000000231e+00,1.669016317464411259e-03,1.422478235326707363e-03,1.079071807861328125e+01
3.800000000000000266e+00,1.671789679676294327e-03,1.424699090421199799e-03,1.079077339172363281e+01
3.839999999999999858e+00,1.674459199421107769e-03,1.426821225322782993e-03,1.079082679748535156e+01
3.879999999999999893e+00,1.677142921835184097e-03,1.428860123269259930e-03,1.079087924957275391e+01
3.919999999999999929e+00,1.679674489423632622e-03,1.430846983566880226e-03,1.079093074798583984e+01
3.959999999999999964e+00,1.682223053649067879e-03,1.432750606909394264e-03,1.079097938537597656e+01
4.000000000000000000e+00,1.684640184976160526e-03,1.434685313142836094e-03,1.079102802276611328e+01
4.040000000000000036e+00,1.687037874944508076e-03,1.436479738913476467e-03,1.079107379913330078e+01
4.080000000000000071e+00,1.689382130280137062e-03,1.438232604414224625e-03,1.079111957550048828e+01
4.120000000000000107e+00,1.691625104285776615e-03,1.439933315850794315e-03,1.079116344451904297e+01
4.160000000000000142e+00,1.693830359727144241e-03,1.441592467017471790e-03,1.079120635986328125e+01
4.200000000000000178e+00,1.695969374850392342e-03,1.443204935640096664e-03,1.079124641418457031e+01
4.240000000000000213e+00,1.698050880804657936e-03,1.444739173166453838e-03,1.079128742218017578e+01
4.280000000000000249e+00,1.700076740235090256e-03,1.446205773390829563e-03,1.079132556915283203e+01
4.320000000000000284e+00,1.702015404589474201e-03,1.447636284865438938e-03,1.079136371612548828e+01
4.360000000000000320e+00,1.703942427411675453e-03,1.449030125513672829e-03,1.079139900207519531e+01
4.400000000000000355e+00,1.705754897557199001e-03,1.450335606932640076e-03,1.079143428802490234e+01
4.440000000000000391e+00,1.707580522634088993e-03,1.451635849662125111e-03,1.079146862030029297e+01
4.480000000000000426e+00,1.709312433376908302e-03,1.452847849577665329e-03,1.079150104522705078e+01
4.520000000000000462e+00,1.710988464765250683e-03,1.454033539630472660e-03,1.079153347015380859e+01
4.560000000000000497e+00,1.712578698061406612e-03,1.455157063901424408e-03,1.079156398773193359e+01
4.600000000000000533e+00,1.714175334200263023e-03,1.456223195418715477e-03,1.079159355163574219e+01
4.639999999999999680e+00,1.715678372420370579e-03,1.457289559766650200e-03,1.079162216186523438e+01
4.679999999999999716e+00,1.717156730592250824e-03,1.458236016333103180e-03,1.079164981842041016e+01
4.719999999999999751e+00,1.718524610623717308e-03,1.459203544072806835e-03,1.079167652130126953e+01
4.759999999999999787e+00,1.719919731840491295e-03,1.460072002373635769e-03,1.079170227050781250e+01
4.799999999999999822e+00,1.721178530715405941e-03,1.460930216126143932e-03,1.079172706604003906e+01
4.839999999999999858e+00,1.722482615150511265e-03,1.461746869608759880e-03,1.079175090789794922e+01
4.879999999999999893e+00,1.723647583276033401e-03,1.462495769374072552e-03,1.079177379608154297e+01
4.919999999999999929e+00,1.724850386381149292e-03,1.463239546865224838e-03,1.079179668426513672e+01
4.959999999999999964e+00,1.725916517898440361e-03,1.463889726437628269e-03,1.079181766510009766e+01
5.000000000000000000e+00,1.726991846226155758e-03,1.464529545046389103e-03,1.079183769226074219e+01
5.040000000000000036e+00,1.728000934235751629e-03,1.465137931518256664e-03,1.079185771942138672e+01
5.080000000000000071e+00,1.728966948576271534e-03,1.465694513171911240e-03,1.079187679290771484e+01
5.120000000000000107e+00,1.729867886751890182e-03,1.466183457523584366e-03,1.079189491271972656e+01
5.160000000000000142e+00,1.730774296447634697e-03,1.466682762838900089e-03,1.079191207885742188e+01
5.200000000000000178e+00,1.731524360366165638e-03,1.467109192162752151e-03,1.079192924499511719e+01
5.240000000000000213e+00,1.732363132759928703e-03,1.467504422180354595e-03,1.079194450378417969e+01
5.280000000000000249e+00,1.733129029162228107e-03,1.467889407649636269e-03,1.079195976257324219e+01
5.320000000000000284e+00,1.733779092319309711e-03,1.468180678784847260e-03,1.079197502136230469e+01
5.360000000000000320e+00,1.734453951939940453e-03,1.468487549573183060e-03,1.079198837280273438e+01
5.400000000000000355e+00,1.735040335915982723e-03,1.468747621402144432e-03,1.079200267791748047e+01
5.440000000000000391e+00,1.735630678012967110e-03,1.468976493924856186e-03,1.079201507568359375e+01
5.480000000000000426e+00,1.736135222017765045e-03,1.469200011342763901e-03,1.079202747344970703e+01
5.520000000000000462e+00,1.736651291139423847e-03,1.469293609261512756e-03,1.079203891754150391e+01
5.560000000000000497e+00,1.737128477543592453e-03,1.469428883865475655e-03,1.079205036163330078e+01
5.600000000000000533e+00,1.737465383484959602e-03,1.469512004405260086e-03,1.079205989837646484e+01
5.639999999999999680e+00,1.737898332066833973e-03,1.469595241360366344e-03,1.079207038879394531e+01
5.679999999999999716e+00,1.738179125823080540e-03,1.469616079702973366e-03,1.079207992553710938e+01
5.719999999999999751e+00,1.738495077006518841e-03,1.469600480049848557e-03,1.079208850860595703e+01
5.759999999999999787e+00,1.738708349876105785e-03,1.469579641707241535e-03,1.079209613800048828e+01
5.799999999999999822e+00,1.738998340442776680e-03,1.469475682824850082e-03,1.079210472106933594e+01
5.839999999999999858e+00,1.739132218062877655e-03,1.469392445869743824e-03,1.079211235046386719e+01
5.879999999999999893e+00,1.739323372021317482e-03,1.469324808567762375e-03,1.079211902618408203e+01
5.919999999999999929e+00,1.739406608976423740e-03,1.469070091843605042e-03,1.079212474822998047e+01
5.959999999999999964e+00,1.739488565362989902e-03,1.468940055929124355e-03,1.079213142395019531e+01
6.000000000000000000e+00,1.739543164148926735e-03,1.468732021749019623e-03,1.079213714599609375e+01
6.040000000000000036e+00,1.739570521749556065e-03,1.468497910536825657e-03,1.079214191436767578e+01
6.080000000000000071e+00,1.739534083753824234e-03,1.468227477744221687e-03,1.079214668273925781e+01
6.120000000000000107e+00,1.739458646625280380e-03,1.467936206609010696e-03,1.079215049743652344e+01
6.160000000000000142e+00,1.739411847665905952e-03,1.467639696784317493e-03,1.079215526580810547e+01
6.200000000000000178e+00,1.739258412271738052e-03,1.467280788347125053e-03,1.079215812683105469e+01
6.240000000000000213e+00,1.739111379720270634e-03,1.466932240873575211e-03,1.079216194152832031e+01
6.280000000000000249e+00,1.738976221531629562e-03,1.466547488234937191e-03,1.079216480255126953e+01
6.320000000000000284e+00,1.738731749355792999e-03,1.466136658564209938e-03,1.079216670989990234e+01
6.360000000000000320e+00,1.738483319059014320e-03,1.465663313865661621e-03,1.079216861724853516e+01
6.400000000000000355e+00,1.738264923915266991e-03,1.465283567085862160e-03,1.079217052459716797e+01
6.440000000000000391e+00,1.737890532240271568e-03,1.464716624468564987e-03,1.079217243194580078e+01
6.480000000000000426e+00,1.737685059197247028e-03,1.464285072870552540e-03,1.079217338562011719e+01
6.520000000000000462e+00,1.737185753881931305e-03,1.463681692257523537e-03,1.079217433929443359e+01
6.560000000000000497e+00,1.736929523758590221e-03,1.463223947212100029e-03,1.079217433929443359e+01
6.600000000000000533e+00,1.736454898491501808e-03,1.462594605982303619e-03,1.079217433929443359e+01
6.640000000000000568e+00,1.736001227982342243e-03,1.462043379433453083e-03,1.079217433929443359e+01
6.679999999999999716e+00,1.735585159622132778e-03,1.461393199861049652e-03,1.079217433929443359e+01
6.719999999999999751e+00,1.735084457322955132e-03,1.460815779864788055e-03,1.079217338562011719e+01
6.759999999999999787e+00,1.734586665406823158e-03,1.460082363337278366e-03,1.079217243194580078e+01
6.799999999999999822e+00,1.734015764668583870e-03,1.459505176171660423e-03,1.079217052459716797e+01
6.839999999999999858e+00,1.733499462716281414e-03,1.458766637369990349e-03,1.079216957092285156e+01
6.879999999999999893e+00,1.732889795675873756e-03,1.458142418414354324e-03,1.079216766357421875e+01
6.919999999999999929e+00,1.732305972836911678e-03,1.457362319342792034e-03,1.079216480255126953e+01
6.959999999999999964e+00,1.731690834276378155e-03,1.456670579500496387e-03,1.079216289520263672e+01
7.000000000000000000e+00,1.731001888401806355e-03,1.455859164707362652e-03,1.079216003417968750e+01
7.040000000000000036e+00,1.730306074023246765e-03,1.455125864595174789e-03,1.079215812683105469e+01
7.080000000000000071e+00,1.729665207676589489e-03,1.454345649108290672e-03,1.079215526580810547e+01
7.120000000000000107e+00,1.728923991322517395e-03,1.453476957976818085e-03,1.079215145111083984e+01
7.160000000000000142e+00,1.728146569803357124e-03,1.452696975320577621e-03,1.079214763641357422e+01
7.200000000000000178e+00,1.727458671666681767e-03,1.451864722184836864e-03,1.079214477539062500e+01
7.240000000000000213e+00,1.726606860756874084e-03,1.451022108085453510e-03,1.079214096069335938e+01
7.280000000000000249e+00,1.725833397358655930e-03,1.450117211788892746e-03,1.079213619232177734e+01
7.320000000000000284e+00,1.725024543702602386e-03,1.449316157959401608e-03,1.079213237762451172e+01
7.360000000000000320e+00,1.724149566143751144e-03,1.448369468562304974e-03,1.079212760925292969e+01
7.400000000000000355e+00,1.723319874145090580e-03,1.447407412342727184e-03,1.079212284088134766e+01
7.440000000000000391e+00,1.722428016364574432e-03,1.446559559553861618e-03,1.079211807250976562e+01
7.480000000000000426e+00,1.721550244837999344e-03,1.445581787265837193e-03,1.079211330413818359e+01
7.520000000000000462e+00,1.720582949928939342e-03,1.444655936211347580e-03,1.079210853576660156e+01
7.560000000000000497e+00,1.719676773063838482e-03,1.443678047508001328e-03,1.079210281372070312e+01
7.600000000000000533e+00,1.718757324852049351e-03,1.442705513909459114e-03,1.079209804534912109e+01
7.640000000000000568e+00,1.717710751108825207e-03,1.441748463548719883e-03,1.079209136962890625e+01
7.679999999999999716e+00,1.716825179755687714e-03,1.440687570720911026e-03,1.079208660125732422e+01
7.719999999999999751e+00,1.715748687274754047e-03,1.439709682017564774e-03,1.079207992553710938e+01
7.759999999999999787e+00,1.714794314466416836e-03,1.438648672774434090e-03,1.079207420349121094e+01
7.799999999999999822e+00,1.713705947622656822e-03,1.437639584764838219e-03,1.079206848144531250e+01
7.839999999999999858e+00,1.712683937512338161e-03,1.436599297448992729e-03,1.079206180572509766e+01
7.879999999999999893e+00,1.711557852104306221e-03,1.435496727935969830e-03,1.079205513000488281e+01
7.919999999999999929e+00,1.710564596578478813e-03,1.434477278962731361e-03,1.079204845428466797e+01
7.959999999999999964e+00,1.709382631815969944e-03,1.433421508409082890e-03,1.079204177856445312e+01
8.000000000000000000e+00,1.708312425762414932e-03,1.432272023521363735e-03,1.079203510284423828e+01
8.040000000000000924e+00,1.707170857116580009e-03,1.431190292350947857e-03,1.079202747344970703e+01
8.080000000000000071e+00,1.706052687950432301e-03,1.430097967386245728e-03,1.079201984405517578e+01
8.120000000000000995e+00,1.704901922494173050e-03,1.428932999260723591e-03,1.079201316833496094e+01
8.160000000000000142e+00,1.703740796074271202e-03,1.427877112291753292e-03,1.079200553894042969e+01
8.199999999999999289e+00,1.702585024759173393e-03,1.426680944859981537e-03,1.079199886322021484e+01
8.240000000000000213e+00,1.701336586847901344e-03,1.425573020242154598e-03,1.079199028015136719e+01
8.279999999999999361e+00,1.700154738500714302e-03,1.424444257281720638e-03,1.079198265075683594e+01
8.320000000000000284e+00,1.698961132206022739e-03,1.423185691237449646e-03,1.079197502136230469e+01
8.359999999999999432e+00,1.697703846730291843e-03,1.422062166966497898e-03,1.079196643829345703e+01
8.400000000000000355e+00,1.696464605629444122e-03,1.420902437530457973e-03,1.079195880889892578e+01
8.439999999999999503e+00,1.695211161859333515e-03,1.419669599272310734e-03,1.079195022583007812e+01
8.480000000000000426e+00,1.693947473540902138e-03,1.418478670530021191e-03,1.079194259643554688e+01
8.519999999999999574e+00,1.692695193924009800e-03,1.417318708263337612e-03,1.079193401336669922e+01
8.560000000000000497e+00,1.691365032456815243e-03,1.416075741872191429e-03,1.079192543029785156e+01
8.599999999999999645e+00,1.690155826508998871e-03,1.414879341609776020e-03,1.079191780090332031e+01
8.640000000000000568e+00,1.688736025243997574e-03,1.413599937222898006e-03,1.079190826416015625e+01
8.679999999999999716e+00,1.687517622485756874e-03,1.412445213645696640e-03,1.079189968109130859e+01
8.720000000000000639e+00,1.686080824583768845e-03,1.411124248988926411e-03,1.079189109802246094e+01
8.759999999999999787e+00,1.684798859059810638e-03,1.409938326105475426e-03,1.079188251495361328e+01
8.800000000000000711e+00,1.683489535935223103e-03,1.408658921718597412e-03,1.079187393188476562e+01
8.839999999999999858e+00,1.682099536992609501e-03,1.407431322149932384e-03,1.079186439514160156e+01
8.880000000000000782e+00,1.680688699707388878e-03,1.406125957146286964e-03,1.079185581207275391e+01
8.919999999999999929e+00,1.679322100244462490e-03,1.404903596267104149e-03,1.079184627532958984e+01
8.960000000000000853e+00,1.677988097071647644e-03,1.403608592227101326e-03,1.079183769226074219e+01
9.000000000000000000e+00,1.676521496847271919e-03,1.402323832735419273e-03,1.079182720184326172e+01
9.040000000000000924e+00,1.675138017162680626e-03,1.401039189659059048e-03,1.079181861877441406e+01
9.080000000000000071e+00,1.673775259405374527e-03,1.399749191477894783e-03,1.079180908203125000e+01
9.120000000000000995e+00,1.672311220318078995e-03,1.398438587784767151e-03,1.079179954528808594e+01
9.160000000000000142e+00,1.670903060585260391e-03,1.397133106365799904e-03,1.079179000854492188e+01
9.200000000000001066e+00,1.669487101025879383e-03,1.395827624946832657e-03,1.079178047180175781e+01
9.240000000000000213e+00,1.668055541813373566e-03,1.394537626765668392e-03,1.079176998138427734e+01
9.279999999999999361e+00,1.666526310145854950e-03,1.393164624460041523e-03,1.079176139831542969e+01
9.320000000000000284e+00,1.665142830461263657e-03,1.391890225932002068e-03,1.079175186157226562e+01
9.359999999999999432e+00,1.663615112192928791e-03,1.390564022585749626e-03,1.079174137115478516e+01
9.400000000000000355e+00,1.662165392190217972e-03,1.389222103171050549e-03,1.079173183441162109e+01
9.439999999999999503e+00,1.660711714066565037e-03,1.387880300171673298e-03,1.079172134399414062e+01
9.480000000000000426e+00,1.659225439652800560e-03,1.386543619446456432e-03,1.079171180725097656e+01
9.519999999999999574e+00,1.657667686231434345e-03,1.385222421959042549e-03,1.079170131683349609e+01
9.560000000000000497e+00,1.656221807934343815e-03,1.383812981657683849e-03,1.079169082641601562e+01
9.599999999999999645e+00,1.654678490012884140e-03,1.382543821819126606e-03,1.079168033599853516e+01
9.640000000000000568e+00,1.653155894018709660e-03,1.381134381517767906e-03,1.079167079925537109e+01
9.679999999999999716e+00,1.651674974709749222e-03,1.379818422719836235e-03,1.079166030883789062e+01
9.720000000000000639e+00,1.650141784921288490e-03,1.378398621454834938e-03,1.079165077209472656e+01
9.759999999999999787e+00,1.648634788580238819e-03,1.377124222926795483e-03,1.079163932800292969e+01
9.800000000000000711e+00,1.647073193453252316e-03,1.375647145323455334e-03,1.079162979125976562e+01
9.839999999999999858e+00,1.645535114221274853e-03,1.374315586872398853e-03,1.079161930084228516e+01
9.880000000000000782e+00,1.643970841541886330e-03,1.372984144836664200e-03,1.079160881042480469e+01
9.919999999999999929e+00,1.642478164285421371e-03,1.371553749777376652e-03,1.079159832000732422e+01
9.960000000000000853e+00,1.640897127799689770e-03,1.370237907394766808e-03,1.079158782958984375e+01
1.000000000000000000e+01,1.639289897866547108e-03,1.368802390061318874e-03,1.079157733917236328e+01
1.004000000000000092e+01,1.637742621824145317e-03,1.367366872727870941e-03,1.079156684875488281e+01
1.008000000000000007e+01,1.636152388527989388e-03,1.366024953313171864e-03,1.079155635833740234e+01
1.012000000000000099e+01,1.634606393054127693e-03,1.364651834592223167e-03,1.079154491424560547e+01
1.016000000000000014e+01,1.633012318052351475e-03,1.363216317258775234e-03,1.079153537750244141e+01
1.020000000000000107e+01,1.631437684409320354e-03,1.361822476610541344e-03,1.079152393341064453e+01
1.024000000000000021e+01,1.629809848964214325e-03,1.360454480163753033e-03,1.079151344299316406e+01
1.027999999999999936e+01,1.628272817470133305e-03,1.359086600132286549e-03,1.079150295257568359e+01
1.032000000000000028e+01,1.626620185561478138e-03,1.357630244456231594e-03,1.079149150848388672e+01
1.035999999999999943e+01,1.624981872737407684e-03,1.356205204501748085e-03,1.079148101806640625e+01
1.040000000000000036e+01,1.623455435037612915e-03,1.354780048131942749e-03,1.079146957397460938e+01
1.043999999999999950e+01,1.621749484911561012e-03,1.353417290374636650e-03,1.079145908355712891e+01
1.048000000000000043e+01,1.620235969312489033e-03,1.351976534351706505e-03,1.079144763946533203e+01
1.051999999999999957e+01,1.618548296391963959e-03,1.350629492662847042e-03,1.079143619537353516e+01
1.056000000000000050e+01,1.616967027075588703e-03,1.349089900031685829e-03,1.079142570495605469e+01
1.059999999999999964e+01,1.615332672372460365e-03,1.347789657302200794e-03,1.079141426086425781e+01
1.064000000000000057e+01,1.613628002814948559e-03,1.346291741356253624e-03,1.079140377044677734e+01
1.067999999999999972e+01,1.612119725905358791e-03,1.344892545603215694e-03,1.079139232635498047e+01
1.072000000000000064e+01,1.610442413948476315e-03,1.343493466265499592e-03,1.079138088226318359e+01
1.075999999999999979e+01,1.608783262781798840e-03,1.342052826657891273e-03,1.079136943817138672e+01
1.080000000000000071e+01,1.607191865332424641e-03,1.340586110018193722e-03,1.079135894775390625e+01
1.083999999999999986e+01,1.605532597750425339e-03,1.339218113571405411e-03,1.079134750366210938e+01
1.088000000000000078e+01,1.603864366188645363e-03,1.337735797278583050e-03,1.079133605957031250e+01
1.091999999999999993e+01,1.602220814675092697e-03,1.336409477517008781e-03,1.079132461547851562e+01
1.096000000000000085e+01,1.600488903932273388e-03,1.334864762611687183e-03,1.079131412506103516e+01
1.100000000000000000e+01,1.598931266926229000e-03,1.333491643890738487e-03,1.079130268096923828e+01
1.104000000000000092e+01,1.597230439074337482e-03,1.332009327597916126e-03,1.079129123687744141e+01
1.108000000000000007e+01,1.595580484718084335e-03,1.330584171228110790e-03,1.079128074645996094e+01
1.112000000000000099e+01,1.593978377059102058e-03,1.329231890849769115e-03,1.079126930236816406e+01
1.116000000000000014e+01,1.592171029187738895e-03,1.327713136561214924e-03,1.079125785827636719e+01
1.120000000000000107e+01,1.590553554706275463e-03,1.326235942542552948e-03,1.079124641418457031e+01
1.124000000000000021e+01,1.588921761140227318e-03,1.324888900853693485e-03,1.079123497009277344e+01
1.127999999999999936e+01,1.587256207130849361e-03,1.323375268839299679e-03,1.079122352600097656e+01
1.132000000000000028e+01,1.585534657351672649e-03,1.321981428191065788e-03,1.079121208190917969e+01
1.135999999999999943e+01,1.583965029567480087e-03,1.320519833825528622e-03,1.079120063781738281e+01
1.140000000000000036e+01,1.582134282216429710e-03,1.319068716838955879e-03,1.079118919372558594e+01
1.143999999999999950e+01,1.580533687956631184e-03,1.317659160122275352e-03,1.079117774963378906e+01
1.148000000000000043e+01,1.578861614689230919e-03,1.316150883212685585e-03,1.079116535186767578e+01
1.151999999999999957e+01,1.577105023898184299e-03,1.314725726842880249e-03,1.079115486145019531e+01
1.156000000000000050e+01,1.575505710206925869e-03,1.313311047852039337e-03,1.079114341735839844e+01
1.159999999999999964e+01,1.573784160427749157e-03,1.311849453486502171e-03,1.079113197326660156e+01
1.164000000000000057e+01,1.572055974975228310e-03,1.310403575189411640e-03,1.079112052917480469e+01
1.167999999999999972e+01,1.570455380715429783e-03,1.308947219513356686e-03,1.079110813140869141e+01
1.172000000000000064e+01,1.568662351928651333e-03,1.307501224800944328e-03,1.079109668731689453e+01
1.175999999999999979e+01,1.566961524076759815e-03,1.306117745116353035e-03,1.079108524322509766e+01
1.180000000000000071e+01,1.565364887937903404e-03,1.304614590480923653e-03,1.079107379913330078e+01
1.183999999999999986e+01,1.563639496453106403e-03,1.303127035498619080e-03,1.079106140136718750e+01
1.188000000000000078e+01,1.561843790113925934e-03,1.301660318858921528e-03,1.079104995727539062e+01
1.191999999999999993e+01,1.560261240229010582e-03,1.300266478210687637e-03,1.079103851318359375e+01
1.196000000000000085e+01,1.558524090796709061e-03,1.298789284192025661e-03,1.079102706909179688e+01
1.200000000000000000e+01,1.556810340844094753e-03,1.297322567552328110e-03,1.079101467132568359e+01
1.204000000000000092e+01,1.555116148665547371e-03,1.295959809795022011e-03,1.079100418090820312e+01
1.208000000000000007e+01,1.553350477479398251e-03,1.294420217163860798e-03,1.079099178314208984e+01
1.212000000000000099e+01,1.551699009723961353e-03,1.293031615205109119e-03,1.079098033905029297e+01
1.216000000000000014e+01,1.550008659251034260e-03,1.291497144848108292e-03,1.079096794128417969e+01
1.220000000000000107e+01,1.548262429423630238e-03,1.290113665163516998e-03,1.079095649719238281e+01
1.224000000000000021e+01,1.546568120829761028e-03,1.288631348870694637e-03,1.079094505310058594e+01
1.228000000000000114e+01,1.544840168207883835e-03,1.287195831537246704e-03,1.079093360900878906e+01
1.232000000000000028e+01,1.543134218081831932e-03,1.285697915591299534e-03,1.079092216491699219e+01
1.235999999999999943e+01,1.541470992378890514e-03,1.284257159568369389e-03,1.079091072082519531e+01
1.240000000000000036e+01,1.539640245027840137e-03,1.282774843275547028e-03,1.079089832305908203e+01
1.243999999999999950e+01,1.538046170026063919e-03,1.281401724554598331e-03,1.079088687896728516e+01
1.248000000000000043e+01,1.536216703243553638e-03,1.279903692193329334e-03,1.079087543487548828e+01
1.251999999999999957e+01,1.534488750621676445e-03,1.278411014936864376e-03,1.079086303710937500e+01
1.256000000000000050e+01,1.532820519059896469e-03,1.276954659260809422e-03,1.079085159301757812e+01
1.259999999999999964e+01,1.531115733087062836e-03,1.275513903237879276e-03,1.079084014892578125e+01
1.264000000000000057e+01,1.529400702565908432e-03,1.274031586945056915e-03,1.079082775115966797e+01
1.267999999999999972e+01,1.527664833702147007e-03,1.272622030228376389e-03,1.079081630706787109e+01
1.272000000000000064e+01,1.525977160781621933e-03,1.271181274205446243e-03,1.079080486297607422e+01
1.275999999999999979e+01,1.524172374047338963e-03,1.269724918529391289e-03,1.079079246520996094e+01
1.280000000000000071e+01,1.522477949038147926e-03,1.268268562853336334e-03,1.079078006744384766e+01
1.283999999999999986e+01,1.520814956165850163e-03,1.266822684556245804e-03,1.079076862335205078e+01
1.288000000000000078e+01,1.519017969258129597e-03,1.265350729227066040e-03,1.079075622558593750e+01
1.291999999999999993e+01,1.517379656434059143e-03,1.263811136595904827e-03,1.079074478149414062e+01
1.296000000000000085e+01,1.515694544650614262e-03,1.262469217181205750e-03,1.079073238372802734e+01
1.300000000000000000e+01,1.513811643235385418e-03,1.261018100194633007e-03,1.079072189331054688e+01
1.304000000000000092e+01,1.512130489572882652e-03,1.259587821550667286e-03,1.079070949554443359e+01
1.308000000000000007e+01,1.510386820882558823e-03,1.258048228919506073e-03,1.079069709777832031e+01
1.312000000000000099e+01,1.508797868154942989e-03,1.256643910892307758e-03,1.079068565368652344e+01
1.316000000000000014e+01,1.506800646893680096e-03,1.255213632248342037e-03,1.079067420959472656e+01
1.320000000000000107e+01,1.505304011516273022e-03,1.253637601621448994e-03,1.079066181182861328e+01
1.324000000000000021e+01,1.503465464338660240e-03,1.252259244211018085e-03,1.079065036773681641e+01
1.328000000000000114e+01,1.501790713518857956e-03,1.250761328265070915e-03,1.079063796997070312e+01
1.332000000000000028e+01,1.500069163739681244e-03,1.249362132512032986e-03,1.079062557220458984e+01
1.335999999999999943e+01,1.498324214480817318e-03,1.247838255949318409e-03,1.079061412811279297e+01
1.340000000000000036e+01,1.496573910117149353e-03,1.246459898538887501e-03,1.079060268402099609e+01
1.343999999999999950e+01,1.494861557148396969e-03,1.245013903826475143e-03,1.079059123992919922e+01
1.348000000000000043e+01,1.493202405981719494e-03,1.243526465259492397e-03,1.079057884216308594e+01
1.351999999999999957e+01,1.491382019594311714e-03,1.242075231857597828e-03,1.079056644439697266e+01
1.356000000000000050e+01,1.489623915404081345e-03,1.240546116605401039e-03,1.079055404663085938e+01
1.359999999999999964e+01,1.487949164584279060e-03,1.239136559888720512e-03,1.079054260253906250e+01
1.364000000000000057e+01,1.486241933889687061e-03,1.237721880897879601e-03,1.079053020477294922e+01
1.367999999999999972e+01,1.484530861489474773e-03,1.236177165992558002e-03,1.079051876068115234e+01
1.372000000000000064e+01,1.482745632529258728e-03,1.234855968505144119e-03,1.079050731658935547e+01
1.375999999999999979e+01,1.480984967201948166e-03,1.233347575180232525e-03,1.079049491882324219e+01
1.380000000000000071e+01,1.479273778386414051e-03,1.231865258887410164e-03,1.079048347473144531e+01
1.383999999999999986e+01,1.477478188462555408e-03,1.230434980243444443e-03,1.079047012329101562e+01
1.388000000000000078e+01,1.475882716476917267e-03,1.229004585184156895e-03,1.079045867919921875e+01
1.391999999999999993e+01,1.474077813327312469e-03,1.227475469931960106e-03,1.079044723510742188e+01
1.396000000000000085e+01,1.472292584367096424e-03,1.226065913215279579e-03,1.079043483734130859e+01
1.400000000000000000e+01,1.470625633373856544e-03,1.224682433530688286e-03,1.079042339324951172e+01
1.404000000000000092e+01,1.468809205107390881e-03,1.223174040205776691e-03,1.079041099548339844e+01
1.408000000000000007e+01,1.467201975174248219e-03,1.221707207150757313e-03,1.079039955139160156e+01
1.412000000000000099e+01,1.465411507524549961e-03,1.220250851474702358e-03,1.079038715362548828e+01
1.416000000000000014e+01,1.463767956010997295e-03,1.218763412907719612e-03,1.079037570953369141e+01
1.420000000000000107e+01,1.461947686038911343e-03,1.217416254803538322e-03,1.079036331176757812e+01
1.424000000000000021e+01,1.460280502215027809e-03,1.215845462866127491e-03,1.079035091400146484e+01
1.428000000000000114e+01,1.458504470065236092e-03,1.214441144838929176e-03,1.079033946990966797e+01
1.432000000000000028e+01,1.456737401895225048e-03,1.213042065501213074e-03,1.079032707214355469e+01
1.435999999999999943e+01,1.454984652809798717e-03,1.211512833833694458e-03,1.079031562805175781e+01
1.440000000000000036e+01,1.453347504138946533e-03,1.210113638080656528e-03,1.079030418395996094e+01
1.443999999999999950e+01,1.451524556614458561e-03,1.208730158396065235e-03,1.079029178619384766e+01
1.448000000000000043e+01,1.449745730496942997e-03,1.207180204801261425e-03,1.079027938842773438e+01
1.451999999999999957e+01,1.448111375793814659e-03,1.205697888508439064e-03,1.079026699066162109e+01
1.456000000000000050e+01,1.446409150958061218e-03,1.204319531098008156e-03,1.079025459289550781e+01
1.459999999999999964e+01,1.444587484002113342e-03,1.202847575768828392e-03,1.079024314880371094e+01
1.464000000000000057e+01,1.442814012989401817e-03,1.201401697471737862e-03,1.079023075103759766e+01
1.467999999999999972e+01,1.441180706024169922e-03,1.199986902065575123e-03,1.079021930694580078e+01
1.472000000000000064e+01,1.439390238374471664e-03,1.198473386466503143e-03,1.079020690917968750e+01
1.475999999999999979e+01,1.437644008547067642e-03,1.197100267745554447e-03,1.079019451141357422e+01
1.480000000000000071e+01,1.435975776985287666e-03,1.195612712763249874e-03,1.079018306732177734e+01
1.483999999999999986e+01,1.434263191185891628e-03,1.194166718050837517e-03,1.079017066955566406e+01
1.488000000000000078e+01,1.432503922842442989e-03,1.192679163068532944e-03,1.079015922546386719e+01
1.491999999999999993e+01,1.430751290172338486e-03,1.191238407045602798e-03,1.079014682769775391e+01
1.496000000000000085e+01,1.429040101356804371e-03,1.189880887977778912e-03,1.079013538360595703e+01
1.500000000000000000e+01,1.427349634468555450e-03,1.188268535770475864e-03,1.079012298583984375e+01
1.504000000000000092e+01,1.425533206202089787e-03,1.186905778013169765e-03,1.079011058807373047e+01
1.508000000000000007e+01,1.423773937858641148e-03,1.185433822683990002e-03,1.079009819030761719e+01
1.512000000000000099e+01,1.422132831066846848e-03,1.184008782729506493e-03,1.079008579254150391e+01
1.516000000000000014e+01,1.420300803147256374e-03,1.182635547593235970e-03,1.079007434844970703e+01
1.520000000000000107e+01,1.418600091710686684e-03,1.181002357043325901e-03,1.079006195068359375e+01
1.524000000000000021e+01,1.416825223714113235e-03,1.179769635200500488e-03,1.079005050659179688e+01
1.528000000000000114e+01,1.415151637047529221e-03,1.178282080218195915e-03,1.079003810882568359e+01
1.532000000000000028e+01,1.413396326825022697e-03,1.176747726276516914e-03,1.079002666473388672e+01
1.535999999999999943e+01,1.411678735166788101e-03,1.175379846245050430e-03,1.079001522064208984e+01
1.540000000000000036e+01,1.409910153597593307e-03,1.173871452920138836e-03,1.079000186920166016e+01
1.543999999999999950e+01,1.408192561939358711e-03,1.172435935586690903e-03,1.078999042510986328e+01
1.548000000000000043e+01,1.406482770107686520e-03,1.171057578176259995e-03,1.078997802734375000e+01
1.551999999999999957e+01,1.404749345965683460e-03,1.169528462924063206e-03,1.078996658325195312e+01
1.556000000000000050e+01,1.402901718392968178e-03,1.168051268905401230e-03,1.078995418548583984e+01
1.559999999999999964e+01,1.401332323439419270e-03,1.166714471764862537e-03,1.078994178771972656e+01
1.564000000000000057e+01,1.399484463036060333e-03,1.165211317129433155e-03,1.078993034362792969e+01
1.567999999999999972e+01,1.397900748997926712e-03,1.163895474746823311e-03,1.078991794586181641e+01
1.572000000000000064e+01,1.396046602167189121e-03,1.162215485237538815e-03,1.078990554809570312e+01
1.575999999999999979e+01,1.394388615153729916e-03,1.160868327133357525e-03,1.078989410400390625e+01
1.580000000000000071e+01,1.392596866935491562e-03,1.159489969722926617e-03,1.078988075256347656e+01
1.583999999999999986e+01,1.390937715768814087e-03,1.158064813353121281e-03,1.078986930847167969e+01
1.588000000000000078e+01,1.389204524457454681e-03,1.156535698100924492e-03,1.078985786437988281e+01
1.591999999999999993e+01,1.387369702570140362e-03,1.155126141384243965e-03,1.078984546661376953e+01
1.596000000000000085e+01,1.385689829476177692e-03,1.153648947365581989e-03,1.078983306884765625e+01
1.600000000000000000e+01,1.383842085488140583e-03,1.152286189608275890e-03,1.078982067108154297e+01
1.603999999999999915e+01,1.382394810207188129e-03,1.150767551735043526e-03,1.078980922698974609e+01
1.608000000000000185e+01,1.380427507683634758e-03,1.149368355982005596e-03,1.078979682922363281e+01
1.612000000000000099e+01,1.378750195726752281e-03,1.147891161963343620e-03,1.078978443145751953e+01
1.616000000000000014e+01,1.377061009407043457e-03,1.146413967944681644e-03,1.078977298736572266e+01
1.619999999999999929e+01,1.375305699184536934e-03,1.145020127296447754e-03,1.078976058959960938e+01
1.624000000000000199e+01,1.373646548017859459e-03,1.143641769886016846e-03,1.078974819183349609e+01
1.628000000000000114e+01,1.371768768876791000e-03,1.142180175520479679e-03,1.078973674774169922e+01
1.632000000000000028e+01,1.370192971080541611e-03,1.140682259574532509e-03,1.078972434997558594e+01
1.635999999999999943e+01,1.368330908007919788e-03,1.139371539466083050e-03,1.078971195220947266e+01
1.639999999999999858e+01,1.366571523249149323e-03,1.137738348916172981e-03,1.078970050811767578e+01
1.644000000000000128e+01,1.364912488497793674e-03,1.136411912739276886e-03,1.078968811035156250e+01
1.648000000000000043e+01,1.363242743536829948e-03,1.135007594712078571e-03,1.078967666625976562e+01
1.651999999999999957e+01,1.361530274152755737e-03,1.133525278419256210e-03,1.078966426849365234e+01
1.655999999999999872e+01,1.359791727736592293e-03,1.132048200815916061e-03,1.078965187072753906e+01
1.660000000000000142e+01,1.357908942736685276e-03,1.130695804022252560e-03,1.078964042663574219e+01
1.664000000000000057e+01,1.356299151666462421e-03,1.129166572354733944e-03,1.078962802886962891e+01
1.667999999999999972e+01,1.354574924334883690e-03,1.127689494751393795e-03,1.078961563110351562e+01
1.671999999999999886e+01,1.352849532850086689e-03,1.126290298998355865e-03,1.078960323333740234e+01
1.676000000000000156e+01,1.350977108813822269e-03,1.124901580624282360e-03,1.078959178924560547e+01
1.680000000000000071e+01,1.349341357126832008e-03,1.123388065025210381e-03,1.078957939147949219e+01
1.683999999999999986e+01,1.347647048532962799e-03,1.122087705880403519e-03,1.078956699371337891e+01
1.687999999999999901e+01,1.345912460237741470e-03,1.120470114983618259e-03,1.078955459594726562e+01
1.692000000000000171e+01,1.344166113995015621e-03,1.119154156185686588e-03,1.078954315185546875e+01
1.696000000000000085e+01,1.342439325526356697e-03,1.117744599469006062e-03,1.078953075408935547e+01
1.700000000000000000e+01,1.340845134109258652e-03,1.116085448302328587e-03,1.078951930999755859e+01
1.703999999999999915e+01,1.339052105322480202e-03,1.114831888116896152e-03,1.078950691223144531e+01
1.708000000000000185e+01,1.337288878858089447e-03,1.113443169742822647e-03,1.078949451446533203e+01
1.712000000000000099e+01,1.335585489869117737e-03,1.111919176764786243e-03,1.078948307037353516e+01
1.716000000000000014e+01,1.333780703134834766e-03,1.110494136810302734e-03,1.078947067260742188e+01
1.719999999999999929e+01,1.332057872787117958e-03,1.109089702367782593e-03,1.078945827484130859e+01
1.724000000000000199e+01,1.330377883277833462e-03,1.107576186768710613e-03,1.078944587707519531e+01
1.728000000000000114e+01,1.328627578914165497e-03,1.106260227970778942e-03,1.078943443298339844e+01
1.732000000000000028e+01,1.326929428614675999e-03,1.104730996303260326e-03,1.078942203521728516e+01
1.735999999999999943e+01,1.325120800174772739e-03,1.103259040974080563e-03,1.078940868377685547e+01
1.740000000000000213e+01,1.323464210145175457e-03,1.101818284951150417e-03,1.078939723968505859e+01
1.744000000000000128e+01,1.321669667959213257e-03,1.100429566577076912e-03,1.078938484191894531e+01
1.748000000000000043e+01,1.320002716965973377e-03,1.098952372558414936e-03,1.078937339782714844e+01
1.751999999999999957e+01,1.318389084190130234e-03,1.097698928788304329e-03,1.078936100006103516e+01
1.755999999999999872e+01,1.316433423198759556e-03,1.096050138585269451e-03,1.078934955596923828e+01
1.760000000000000142e+01,1.314831431955099106e-03,1.094697741791605949e-03,1.078933715820312500e+01
1.764000000000000057e+01,1.313009764999151230e-03,1.093303784728050232e-03,1.078932476043701172e+01
1.767999999999999972e+01,1.311242580413818359e-03,1.091774669475853443e-03,1.078931236267089844e+01
1.771999999999999886e+01,1.309734303504228592e-03,1.090396312065422535e-03,1.078929996490478516e+01
1.776000000000000156e+01,1.307844999246299267e-03,1.088976394385099411e-03,1.078928852081298828e+01
1.780000000000000071e+01,1.306153251789510250e-03,1.087457640096545219e-03,1.078927612304687500e+01
1.783999999999999986e+01,1.304455101490020752e-03,1.086063683032989502e-03,1.078926467895507812e+01
1.787999999999999901e+01,1.302689313888549805e-03,1.084633287973701954e-03,1.078925228118896484e+01
1.792000000000000171e+01,1.301053445786237717e-03,1.083197770640254021e-03,1.078924083709716797e+01
1.796000000000000085e+01,1.299278577789664268e-03,1.081710215657949448e-03,1.078922843933105469e+01
1.800000000000000000e+01,1.297590788453817368e-03,1.080274581909179688e-03,1.078921604156494141e+01
1.803999999999999915e+01,1.295747002586722374e-03,1.078995061106979847e-03,1.078920364379882812e+01
1.808000000000000185e+01,1.294016255997121334e-03,1.077460707165300846e-03,1.078919315338134766e+01
1.812000000000000099e+01,1.292376546189188957e-03,1.076051150448620319e-03,1.078917980194091797e+01
1.816000000000000014e+01,1.290609478019177914e-03,1.074589556083083153e-03,1.078916740417480469e+01
1.819999999999999929e+01,1.288972445763647556e-03,1.073185238055884838e-03,1.078915500640869141e+01
1.824000000000000199e+01,1.287124701775610447e-03,1.071572885848581791e-03,1.078914356231689453e+01
1.828000000000000114e+01,1.285490230657160282e-03,1.070303726010024548e-03,1.078913116455078125e+01
1.832000000000000028e+01,1.283838879317045212e-03,1.068764249794185162e-03,1.078911876678466797e+01
1.835999999999999943e+01,1.282037934288382530e-03,1.067401375621557236e-03,1.078910732269287109e+01
1.840000000000000213e+01,1.280203112401068211e-03,1.066043856553733349e-03,1.078909492492675781e+01
1.844000000000000128e+01,1.278551877476274967e-03,1.064478303305804729e-03,1.078908348083496094e+01
1.848000000000000043e+01,1.276834169402718544e-03,1.063266419805586338e-03,1.078907108306884766e+01
1.851999999999999957e+01,1.275203539989888668e-03,1.061653951182961464e-03,1.078905868530273438e+01
1.855999999999999872e+01,1.273355796001851559e-03,1.060254871845245361e-03,1.078904628753662109e+01
1.860000000000000142e+01,1.271695364266633987e-03,1.058782916516065598e-03,1.078903484344482422e+01
1.864000000000000057e+01,1.270017935894429684e-03,1.057368121109902859e-03,1.078902244567871094e+01
1.867999999999999972e+01,1.268201391212642193e-03,1.055922126397490501e-03,1.078901004791259766e+01
1.871999999999999886e+01,1.266537001356482506e-03,1.054439810104668140e-03,1.078899860382080078e+01
1.876000000000000156e+01,1.264753052964806557e-03,1.053149928338825703e-03,1.078898620605468750e+01
1.880000000000000071e+01,1.263091224245727062e-03,1.051506260409951210e-03,1.078897380828857422e+01
1.883999999999999986e+01,1.261266879737377167e-03,1.050185179337859154e-03,1.078896141052246094e+01
1.887999999999999901e+01,1.259520533494651318e-03,1.048728823661804199e-03,1.078894901275634766e+01
1.892000000000000171e+01,1.257943338714540005e-03,1.047371188178658485e-03,1.078893756866455078e+01
1.896000000000000085e+01,1.256167073734104633e-03,1.045857672579586506e-03,1.078892517089843750e+01
1.900000000000000000e+01,1.254459726624190807e-03,1.044359756633639336e-03,1.078891372680664062e+01
1.903999999999999915e+01,1.252709538675844669e-03,1.043147756718099117e-03,1.078890037536621094e+01
1.908000000000000185e+01,1.251032110303640366e-03,1.041618641465902328e-03,1.078888797760009766e+01
1.912000000000000099e+01,1.249163644388318062e-03,1.040125731378793716e-03,1.078887653350830078e+01
1.916000000000000014e+01,1.247634529136121273e-03,1.038705813698470592e-03,1.078886413574218750e+01
1.919999999999999929e+01,1.245769904926419258e-03,1.037400332279503345e-03,1.078885269165039062e+01
1.924000000000000199e+01,1.244143233634531498e-03,1.035761903040111065e-03,1.078884029388427734e+01
1.928000000000000114e+01,1.242330530658364296e-03,1.034367945976555347e-03,1.078882789611816406e+01
1.932000000000000028e+01,1.240647980011999607e-03,1.032968866638839245e-03,1.078881549835205078e+01
1.935999999999999943e+01,1.238930271938443184e-03,1.031496794894337654e-03,1.078880310058593750e+01
1.940000000000000213e+01,1.237154006958007812e-03,1.030123676173388958e-03,1.078879070281982422e+01
1.944000000000000128e+01,1.235340139828622341e-03,1.028630882501602173e-03,1.078877925872802734e+01
1.948000000000000043e+01,1.233866903930902481e-03,1.027361839078366756e-03,1.078876686096191406e+01
1.951999999999999957e+01,1.231860485859215260e-03,1.025827485136687756e-03,1.078875446319580078e+01
1.955999999999999872e+01,1.230379450134932995e-03,1.024417812004685402e-03,1.078874301910400391e+01
1.960000000000000142e+01,1.228514709509909153e-03,1.022982294671237469e-03,1.078872966766357422e+01
1.964000000000000057e+01,1.226947875693440437e-03,1.021546777337789536e-03,1.078871822357177734e+01
1.967999999999999972e+01,1.225094893015921116e-03,1.020111143589019775e-03,1.078870582580566406e+01
1.971999999999999886e+01,1.223395462147891521e-03,1.018556067720055580e-03,1.078869438171386719e+01
1.976000000000000156e+01,1.221827231347560883e-03,1.017266069538891315e-03,1.078868293762207031e+01
1.980000000000000071e+01,1.219891128130257130e-03,1.015684916637837887e-03,1.078867053985595703e+01
1.983999999999999986e+01,1.218311372213065624e-03,1.014410518109798431e-03,1.078865814208984375e+01
1.987999999999999901e+01,1.216583186760544777e-03,1.013006200082600117e-03,1.078864574432373047e+01
1.992000000000000171e+01,1.214818679727613926e-03,1.011492684483528137e-03,1.078863334655761719e+01
1.996000000000000085e+01,1.213090610690414906e-03,1.010083011351525784e-03,1.078862094879150391e+01
2.000000000000000000e+01,1.211441820487380028e-03,1.008647494018077850e-03,1.078860950469970703e+01
2.003999999999999915e+01,1.209539361298084259e-03,1.007243175990879536e-03,1.078859710693359375e+01
2.008000000000000185e+01,1.207856810651719570e-03,1.005620346404612064e-03,1.078858470916748047e+01
2.012000000000000099e+01,1.206300337798893452e-03,1.004346064291894436e-03,1.078857326507568359e+01
2.016000000000000014e+01,1.204557949677109718e-03,1.002879231236875057e-03,1.078856182098388672e+01
2.019999999999999929e+01,1.202682848088443279e-03,1.001417753286659718e-03,1.078854942321777344e+01
2.024000000000000199e+01,1.201147213578224182e-03,1.000023679807782173e-03,1.078853797912597656e+01
2.028000000000000114e+01,1.199226710014045238e-03,9.986246004700660706e-04,1.078852462768554688e+01
2.032000000000000028e+01,1.197567442432045937e-03,9.971110848709940910e-04,1.078851222991943359e+01
2.035999999999999943e+01,1.195780816487967968e-03,9.957690490409731865e-04,1.078850078582763672e+01
2.040000000000000213e+01,1.193979871459305286e-03,9.941462194547057152e-04,1.078848743438720703e+01
2.044000000000000128e+01,1.192432595416903496e-03,9.928770596161484718e-04,1.078847599029541016e+01
2.048000000000000043e+01,1.190720009617507458e-03,9.915247792378067970e-04,1.078846359252929688e+01
2.051999999999999957e+01,1.189098577015101910e-03,9.900060249492526054e-04,1.078845119476318359e+01
2.055999999999999872e+01,1.187224755994975567e-03,9.886068291962146759e-04,1.078843975067138672e+01
2.060000000000000142e+01,1.185728120617568493e-03,9.870568756014108658e-04,1.078842639923095703e+01
2.064000000000000057e+01,1.183629385195672512e-03,9.856993565335869789e-04,1.078841495513916016e+01
2.067999999999999972e+01,1.182242063805460930e-03,9.841806022450327873e-04,1.078840255737304688e+01
2.071999999999999886e+01,1.180274644866585732e-03,9.829477639868855476e-04,1.078839015960693359e+01
2.076000000000000156e+01,1.178768812678754330e-03,9.813198121264576912e-04,1.078837776184082031e+01
2.080000000000000071e+01,1.176824909634888172e-03,9.800402913242578506e-04,1.078836631774902344e+01
2.083999999999999986e+01,1.175341196358203888e-03,9.786307346075773239e-04,1.078835391998291016e+01
2.087999999999999901e+01,1.173476572148501873e-03,9.769662283360958099e-04,1.078834247589111328e+01
2.092000000000000171e+01,1.171626150608062744e-03,9.756399667821824551e-04,1.078833007812500000e+01
2.096000000000000085e+01,1.170178991742432117e-03,9.742615511640906334e-04,1.078831768035888672e+01
2.100000000000000000e+01,1.168333808891475201e-03,9.728728327900171280e-04,1.078830528259277344e+01
2.103999999999999915e+01,1.166610862128436565e-03,9.714165353216230869e-04,1.078829288482666016e+01
2.108000000000000185e+01,1.164839835837483406e-03,9.700277005322277546e-04,1.078828048706054688e+01
2.112000000000000099e+01,1.163213164545595646e-03,9.685037657618522644e-04,1.078826904296875000e+01
2.116000000000000014e+01,1.161365420557558537e-03,9.670213330537080765e-04,1.078825664520263672e+01
2.119999999999999929e+01,1.159738749265670776e-03,9.657366317696869373e-04,1.078824424743652344e+01
2.124000000000000199e+01,1.157988561317324638e-03,9.640825446695089340e-04,1.078823184967041016e+01
2.128000000000000114e+01,1.156247453764081001e-03,9.628395200707018375e-04,1.078821945190429688e+01
2.132000000000000028e+01,1.154446508735418320e-03,9.613362490199506283e-04,1.078820705413818359e+01
2.135999999999999943e+01,1.152893877588212490e-03,9.599891491234302521e-04,1.078819465637207031e+01
2.140000000000000213e+01,1.150972093455493450e-03,9.585223742760717869e-04,1.078818321228027344e+01
2.144000000000000128e+01,1.149384421296417713e-03,9.571179980412125587e-04,1.078817081451416016e+01
2.148000000000000043e+01,1.147480681538581848e-03,9.556303848512470722e-04,1.078815937042236328e+01
2.151999999999999957e+01,1.145993126556277275e-03,9.541792678646743298e-04,1.078814697265625000e+01
2.155999999999999872e+01,1.144268899224698544e-03,9.528217487968504429e-04,1.078813457489013672e+01
2.160000000000000142e+01,1.142556429840624332e-03,9.513081167824566364e-04,1.078812217712402344e+01
2.164000000000000057e+01,1.140852924436330795e-03,9.499558364041149616e-04,1.078811073303222656e+01
2.167999999999999972e+01,1.138987019658088684e-03,9.484578040428459644e-04,1.078809833526611328e+01
2.171999999999999886e+01,1.137215993367135525e-03,9.470898658037185669e-04,1.078808689117431641e+01
2.176000000000000156e+01,1.135582802817225456e-03,9.455502731725573540e-04,1.078807353973388672e+01
2.180000000000000071e+01,1.133883255533874035e-03,9.440418798476457596e-04,1.078806209564208984e+01
2.183999999999999986e+01,1.132078468799591064e-03,9.427311015315353870e-04,1.078804969787597656e+01
2.187999999999999901e+01,1.130523276515305042e-03,9.413164225406944752e-04,1.078803730010986328e+01
2.192000000000000171e+01,1.128591015003621578e-03,9.398912079632282257e-04,1.078802585601806641e+01
2.196000000000000085e+01,1.127191819250583649e-03,9.383308351971209049e-04,1.078801441192626953e+01
2.200000000000000000e+01,1.125394832342863083e-03,9.370512561872601509e-04,1.078800201416015625e+01
2.203999999999999915e+01,1.123701804317533970e-03,9.355845395475625992e-04,1.078798961639404297e+01
2.208000000000000185e+01,1.121733104810118675e-03,9.340709075331687927e-04,1.078797721862792969e+01
2.212000000000000099e+01,1.120170112699270248e-03,9.327082079835236073e-04,1.078796482086181641e+01
2.216000000000000014e+01,1.118371845223009586e-03,9.312725742347538471e-04,1.078795242309570312e+01
2.219999999999999929e+01,1.116747618652880192e-03,9.298838558606803417e-04,1.078794097900390625e+01
2.224000000000000199e+01,1.114912913180887699e-03,9.283234248869121075e-04,1.078792858123779297e+01
2.228000000000000114e+01,1.113318721763789654e-03,9.271011222153902054e-04,1.078791618347167969e+01
2.232000000000000028e+01,1.111421617679297924e-03,9.254990727640688419e-04,1.078790378570556641e+01
2.235999999999999943e+01,1.109839067794382572e-03,9.241467923857271671e-04,1.078789138793945312e+01
2.240000000000000213e+01,1.108113559894263744e-03,9.225915418937802315e-04,1.078787994384765625e+01
2.244000000000000128e+01,1.106390729546546936e-03,9.212964214384555817e-04,1.078786754608154297e+01
2.248000000000000043e+01,1.104706665500998497e-03,9.199076448567211628e-04,1.078785514831542969e+01
2.251999999999999957e+01,1.102914917282760143e-03,9.182640351355075836e-04,1.078784275054931641e+01
2.255999999999999872e+01,1.101203612051904202e-03,9.169428958557546139e-04,1.078783035278320312e+01
2.260000000000000142e+01,1.099511981010437012e-03,9.156425949186086655e-04,1.078781890869140625e+01
2.264000000000000057e+01,1.097475644201040268e-03,9.139729081653058529e-04,1.078780651092529297e+01
2.267999999999999972e+01,1.096079126000404358e-03,9.127454250119626522e-04,1.078779506683349609e+01
2.271999999999999886e+01,1.094302977435290813e-03,9.112630505114793777e-04,1.078778266906738281e+01
2.276000000000000156e+01,1.092661870643496513e-03,9.097598958760499954e-04,1.078777122497558594e+01
2.280000000000000071e+01,1.090676290914416313e-03,9.083242621272802353e-04,1.078775787353515625e+01
2.283999999999999986e+01,1.089258934371173382e-03,9.068471263162791729e-04,1.078774642944335938e+01
2.287999999999999901e+01,1.087275915779173374e-03,9.057340212166309357e-04,1.078773403167724609e+01
2.292000000000000171e+01,1.085814437828958035e-03,9.040799923241138458e-04,1.078772163391113281e+01
2.296000000000000085e+01,1.083845738321542740e-03,9.026807965710759163e-04,1.078771018981933594e+01
2.300000000000000000e+01,1.082343864254653454e-03,9.012452210299670696e-04,1.078769779205322266e+01
2.303999999999999915e+01,1.080541522242128849e-03,8.996588294394314289e-04,1.078768539428710938e+01
2.308000000000000185e+01,1.078744535334408283e-03,8.982856525108218193e-04,1.078767395019531250e+01
2.312000000000000099e+01,1.077076303772628307e-03,8.968553156591951847e-04,1.078766059875488281e+01
2.316000000000000014e+01,1.075522275641560555e-03,8.953572832979261875e-04,1.078764915466308594e+01
2.319999999999999929e+01,1.073675812222063541e-03,8.940309635363519192e-04,1.078763675689697266e+01
2.324000000000000199e+01,1.071934704668819904e-03,8.926473674364387989e-04,1.078762340545654297e+01
2.328000000000000114e+01,1.070239115506410599e-03,8.911234326660633087e-04,1.078761291503906250e+01
2.332000000000000028e+01,1.068375771865248680e-03,8.897866355255246162e-04,1.078759956359863281e+01
2.335999999999999943e+01,1.066616503521800041e-03,8.883355185389518738e-04,1.078758716583251953e+01
2.340000000000000213e+01,1.065048272721469402e-03,8.869207231327891350e-04,1.078757476806640625e+01
2.344000000000000128e+01,1.063441042788326740e-03,8.854071493260562420e-04,1.078756237030029297e+01
2.348000000000000043e+01,1.061494462192058563e-03,8.839143556542694569e-04,1.078755092620849609e+01
2.351999999999999957e+01,1.060053706169128418e-03,8.825723780319094658e-04,1.078753948211669922e+01
2.355999999999999872e+01,1.058164285495877266e-03,8.810692233964800835e-04,1.078752708435058594e+01
2.360000000000000142e+01,1.056239823810756207e-03,8.795919711701571941e-04,1.078751564025878906e+01
2.364000000000000057e+01,1.054770429618656635e-03,8.781772339716553688e-04,1.078750228881835938e+01
2.367999999999999972e+01,1.053156796842813492e-03,8.769549313001334667e-04,1.078748989105224609e+01
2.371999999999999886e+01,1.051199855282902718e-03,8.754985756240785122e-04,1.078747844696044922e+01
2.376000000000000156e+01,1.049719983711838722e-03,8.739901240915060043e-04,1.078746604919433594e+01
2.380000000000000071e+01,1.047830679453909397e-03,8.725234074518084526e-04,1.078745365142822266e+01
2.383999999999999986e+01,1.046253368258476257e-03,8.710513939149677753e-04,1.078744125366210938e+01
2.387999999999999901e+01,1.044315868057310581e-03,8.697094162926077843e-04,1.078742885589599609e+01
2.392000000000000171e+01,1.042521442286670208e-03,8.682998595759272575e-04,1.078741645812988281e+01
2.396000000000000085e+01,1.041066367179155350e-03,8.669475209899246693e-04,1.078740406036376953e+01
2.400000000000000000e+01,1.039132825098931789e-03,8.653246914036571980e-04,1.078739261627197266e+01
2.403999999999999915e+01,1.037558075040578842e-03,8.638891158625483513e-04,1.078738021850585938e+01
2.408000000000000185e+01,1.036008121445775032e-03,8.625680347904562950e-04,1.078736877441406250e+01
2.412000000000000099e+01,1.034065382555127144e-03,8.609555661678314209e-04,1.078735637664794922e+01
2.416000000000000014e+01,1.032420550473034382e-03,8.595927502028644085e-04,1.078734397888183594e+01
2.419999999999999929e+01,1.030597486533224583e-03,8.583444869145750999e-04,1.078733158111572266e+01
2.424000000000000199e+01,1.029076054692268372e-03,8.567008189857006073e-04,1.078732013702392578e+01
2.428000000000000114e+01,1.027116435579955578e-03,8.554629166610538960e-04,1.078730869293212891e+01
2.432000000000000028e+01,1.025653677061200142e-03,8.539441041648387909e-04,1.078729629516601562e+01
2.435999999999999943e+01,1.023735618218779564e-03,8.523421129211783409e-04,1.078728389739990234e+01
2.440000000000000213e+01,1.022181706503033638e-03,8.510209736414253712e-04,1.078727245330810547e+01
2.444000000000000128e+01,1.020211726427078247e-03,8.495541405864059925e-04,1.078726005554199219e+01
2.448000000000000043e+01,1.018471899442374706e-03,8.481133845634758472e-04,1.078724765777587891e+01
2.451999999999999957e+01,1.017144182696938515e-03,8.467714069411158562e-04,1.078723621368408203e+01
2.456000000000000227e+01,1.015213318169116974e-03,8.452734909951686859e-04,1.078722381591796875e+01
2.460000000000000142e+01,1.013351255096495152e-03,8.440095116384327412e-04,1.078721141815185547e+01
2.464000000000000057e+01,1.011819462291896343e-03,8.425323176197707653e-04,1.078719902038574219e+01
2.467999999999999972e+01,1.009894884191453457e-03,8.410655427724123001e-04,1.078718662261962891e+01
2.471999999999999886e+01,1.008299412205815315e-03,8.394010947085916996e-04,1.078717422485351562e+01
2.476000000000000156e+01,1.006532344035804272e-03,8.381007937714457512e-04,1.078716278076171875e+01
2.480000000000000071e+01,1.004618126899003983e-03,8.367588161490857601e-04,1.078715038299560547e+01
2.483999999999999986e+01,1.003170968033373356e-03,8.352608419954776764e-04,1.078713798522949219e+01
2.487999999999999901e+01,1.001450582407414913e-03,8.339760825037956238e-04,1.078712558746337891e+01
2.492000000000000171e+01,9.997067973017692566e-04,8.325976668857038021e-04,1.078711318969726562e+01
2.496000000000000085e+01,9.978695306926965714e-04,8.309645345434546471e-04,1.078710079193115234e+01
2.500000000000000000e+01,9.962479816749691963e-04,8.294977014884352684e-04,1.078708839416503906e+01
2.503999999999999915e+01,9.943651966750621796e-04,8.281245827674865723e-04,1.078707599639892578e+01
2.508000000000000185e+01,9.925797348842024803e-04,8.266993681900203228e-04,1.078706359863281250e+01
2.512000000000000099e+01,9.912820532917976379e-04,8.253157720901072025e-04,1.078705215454101562e+01
2.516000000000000014e+01,9.893445530906319618e-04,8.237814181484282017e-04,1.078703975677490234e+01
2.519999999999999929e+01,9.875162504613399506e-04,8.224238408729434013e-04,1.078702735900878906e+01
2.524000000000000199e+01,9.859584970399737358e-04,8.210194064304232597e-04,1.078701496124267578e+01
2.528000000000000114e+01,9.843434672802686691e-04,8.195110713131725788e-04,1.078700256347656250e+01
2.532000000000000028e+01,9.824358858168125153e-04,8.180962759070098400e-04,1.078699016571044922e+01
2.535999999999999943e+01,9.809015318751335144e-04,8.165619219653308392e-04,1.078697776794433594e+01
2.540000000000000213e+01,9.789718315005302429e-04,8.151003275997936726e-04,1.078696632385253906e+01
2.544000000000000128e+01,9.774257196113467216e-04,8.139819838106632233e-04,1.078695392608642578e+01
2.548000000000000043e+01,9.755597566254436970e-04,8.124008309096097946e-04,1.078694152832031250e+01
2.551999999999999957e+01,9.737574728205800056e-04,8.110224152915179729e-04,1.078692913055419922e+01
2.556000000000000227e+01,9.721333626657724380e-04,8.094516233541071415e-04,1.078691768646240234e+01
2.560000000000000142e+01,9.706614073365926743e-04,8.078651735559105873e-04,1.078690528869628906e+01
2.564000000000000057e+01,9.686939883977174759e-04,8.064607973210513592e-04,1.078689289093017578e+01
2.567999999999999972e+01,9.668539860285818577e-04,8.052177145145833492e-04,1.078688049316406250e+01
2.571999999999999886e+01,9.652702137827873230e-04,8.036468643695116043e-04,1.078686809539794922e+01
2.576000000000000156e+01,9.633145527914166451e-04,8.024037233553826809e-04,1.078685665130615234e+01
2.580000000000000071e+01,9.621286299079656601e-04,8.009733865037560463e-04,1.078684425354003906e+01
2.583999999999999986e+01,9.601495112292468548e-04,7.994233747012913227e-04,1.078683185577392578e+01
2.587999999999999901e+01,9.582848870195448399e-04,7.981230737641453743e-04,1.078682041168212891e+01
2.592000000000000171e+01,9.565657819621264935e-04,7.966146222315728664e-04,1.078680801391601562e+01
2.596000000000000085e+01,9.549949900247156620e-04,7.950802100822329521e-04,1.078679561614990234e+01
2.600000000000000000e+01,9.532655240036547184e-04,7.936134352348744869e-04,1.078678321838378906e+01
2.603999999999999915e+01,9.514762787148356438e-04,7.921830401755869389e-04,1.078677177429199219e+01
2.608000000000000185e+01,9.499133448116481304e-04,7.908358820714056492e-04,1.078675937652587891e+01
2.612000000000000099e+01,9.479081491008400917e-04,7.894679438322782516e-04,1.078674697875976562e+01
2.616000000000000014e+01,9.464388131164014339e-04,7.879075128585100174e-04,1.078673458099365234e+01
2.619999999999999929e+01,9.446079493500292301e-04,7.864095387049019337e-04,1.078672218322753906e+01
2.624000000000000199e+01,9.427588083781301975e-04,7.851091795600950718e-04,1.078670978546142578e+01
2.628000000000000114e+01,9.412010549567639828e-04,7.836007280275225639e-04,1.078669738769531250e+01
2.632000000000000028e+01,9.396094246767461300e-04,7.823836640454828739e-04,1.078668498992919922e+01
2.635999999999999943e+01,9.376797243021428585e-04,7.808544323779642582e-04,1.078667354583740234e+01
2.640000000000000213e+01,9.362078271806240082e-04,7.793356198817491531e-04,1.078666210174560547e+01
2.644000000000000128e+01,9.343170677311718464e-04,7.780613377690315247e-04,1.078664970397949219e+01
2.648000000000000043e+01,9.326292783953249454e-04,7.765789050608873367e-04,1.078663635253906250e+01
2.651999999999999957e+01,9.309023735113441944e-04,7.748312200419604778e-04,1.078662586212158203e+01
2.656000000000000227e+01,9.291833848692476749e-04,7.736037368886172771e-04,1.078661346435546875e+01
2.660000000000000142e+01,9.273603209294378757e-04,7.723397575318813324e-04,1.078660106658935547e+01
2.664000000000000057e+01,9.258596692234277725e-04,7.708417251706123352e-04,1.078658866882324219e+01
2.667999999999999972e+01,9.239976643584668636e-04,7.693698280490934849e-04,1.078657627105712891e+01
2.671999999999999886e+01,9.221276850439608097e-04,7.677677785977721214e-04,1.078656387329101562e+01
2.676000000000000156e+01,9.207624243572354317e-04,7.663945434615015984e-04,1.078655147552490234e+01
2.680000000000000071e+01,9.188587428070604801e-04,7.651878986507654190e-04,1.078653907775878906e+01
2.683999999999999986e+01,9.172514546662569046e-04,7.635702495463192463e-04,1.078652667999267578e+01
2.687999999999999901e+01,9.151527774520218372e-04,7.623739074915647507e-04,1.078651523590087891e+01
2.692000000000000171e+01,9.136417065747082233e-04,7.608082960359752178e-04,1.078650283813476562e+01
2.696000000000000085e+01,9.120371541939675808e-04,7.593518821522593498e-04,1.078649044036865234e+01
2.700000000000000000e+01,9.103674674406647682e-04,7.581139798276126385e-04,1.078647899627685547e+01
2.703999999999999915e+01,9.082323522306978703e-04,7.565587875433266163e-04,1.078646755218505859e+01
2.708000000000000185e+01,9.067786158993840218e-04,7.551023736596107483e-04,1.078645420074462891e+01
2.712000000000000099e+01,9.050673106685280800e-04,7.535471231676638126e-04,1.078644275665283203e+01
2.716000000000000014e+01,9.032000671140849590e-04,7.521323859691619873e-04,1.078643035888671875e+01
2.719999999999999929e+01,9.016292169690132141e-04,7.506135734729468822e-04,1.078641796112060547e+01
2.724000000000000199e+01,9.000428253784775734e-04,7.493860321119427681e-04,1.078640556335449219e+01
2.728000000000000114e+01,8.981702849268913269e-04,7.478724583052098751e-04,1.078639411926269531e+01
2.732000000000000028e+01,8.963030413724482059e-04,7.464212831109762192e-04,1.078638172149658203e+01
2.735999999999999943e+01,8.947739261202514172e-04,7.450896664522588253e-04,1.078636932373046875e+01
2.740000000000000213e+01,8.931952761486172676e-04,7.435189327225089073e-04,1.078635692596435547e+01
2.744000000000000128e+01,8.911771583370864391e-04,7.423121714964509010e-04,1.078634452819824219e+01
2.748000000000000043e+01,8.897103252820670605e-04,7.405228679999709129e-04,1.078633308410644531e+01
2.751999999999999957e+01,8.878326625563204288e-04,7.392953848466277122e-04,1.078631973266601562e+01
2.756000000000000227e+01,8.862514514476060867e-04,7.380262250080704689e-04,1.078630828857421875e+01
2.760000000000000142e+01,8.843139512464404106e-04,7.362889009527862072e-04,1.078629589080810547e+01
2.764000000000000057e+01,8.827951387502253056e-04,7.349626393988728523e-04,1.078628349304199219e+01
2.767999999999999972e+01,8.809252758510410786e-04,7.334697875194251537e-04,1.078627109527587891e+01
2.771999999999999886e+01,8.792633889243006706e-04,7.321590092033147812e-04,1.078625774383544922e+01
2.776000000000000156e+01,8.774533635005354881e-04,7.307598134502768517e-04,1.078624629974365234e+01
2.780000000000000071e+01,8.757551549933850765e-04,7.291682413779199123e-04,1.078623294830322266e+01
2.783999999999999986e+01,8.740568882785737514e-04,7.280083373188972473e-04,1.078622055053710938e+01
2.787999999999999901e+01,8.722052443772554398e-04,7.263750303536653519e-04,1.078620910644531250e+01
2.792000000000000171e+01,8.706889930181205273e-04,7.249863119795918465e-04,1.078619670867919922e+01
2.796000000000000085e+01,8.689023670740425587e-04,7.233790820464491844e-04,1.078618526458740234e+01
2.800000000000000000e+01,8.672404801473021507e-04,7.219018298201262951e-04,1.078617286682128906e+01
2.803999999999999915e+01,8.656047284603118896e-04,7.204923313111066818e-04,1.078616142272949219e+01
2.808000000000000185e+01,8.635865524411201477e-04,7.192543707787990570e-04,1.078614902496337891e+01
2.812000000000000099e+01,8.620781591162085533e-04,7.176731014624238014e-04,1.078613662719726562e+01
2.816000000000000014e+01,8.603694732300937176e-04,7.162428228184580803e-04,1.078612422943115234e+01
2.819999999999999929e+01,8.586609037593007088e-04,7.150048622861504555e-04,1.078611183166503906e+01
2.824000000000000199e+01,8.567805634811520576e-04,7.133611943572759628e-04,1.078610038757324219e+01
2.828000000000000114e+01,8.552721701562404633e-04,7.122064707800745964e-04,1.078608703613281250e+01
2.832000000000000028e+01,8.535687229596078396e-04,7.103027892298996449e-04,1.078607559204101562e+01
2.835999999999999943e+01,8.517014794051647186e-04,7.091792649589478970e-04,1.078606319427490234e+01
2.840000000000000213e+01,8.499719551764428616e-04,7.078580674715340137e-04,1.078605079650878906e+01
2.844000000000000128e+01,8.482087287120521069e-04,7.060584612190723419e-04,1.078603839874267578e+01
2.848000000000000043e+01,8.467523148283362389e-04,7.048828992992639542e-04,1.078602695465087891e+01
2.851999999999999957e+01,8.448408334515988827e-04,7.033224683254957199e-04,1.078601455688476562e+01
2.856000000000000227e+01,8.432986214756965637e-04,7.020740886218845844e-04,1.078600215911865234e+01
2.860000000000000142e+01,8.413871400989592075e-04,7.005969528108835220e-04,1.078599166870117188e+01
2.864000000000000057e+01,8.397824713028967381e-04,6.990989204496145248e-04,1.078597927093505859e+01
2.867999999999999972e+01,8.380322833545506001e-04,6.977673619985580444e-04,1.078596591949462891e+01
2.871999999999999886e+01,8.360609062947332859e-04,6.962590268813073635e-04,1.078595352172851562e+01
2.876000000000000156e+01,8.348594419658184052e-04,6.947089568711817265e-04,1.078594112396240234e+01
2.880000000000000071e+01,8.327606483362615108e-04,6.933565600775182247e-04,1.078592967987060547e+01
2.883999999999999986e+01,8.310052216984331608e-04,6.918481667526066303e-04,1.078591823577880859e+01
2.887999999999999901e+01,8.294265717267990112e-04,6.903398316353559494e-04,1.078590583801269531e+01
2.892000000000000171e+01,8.275593281723558903e-04,6.891538505442440510e-04,1.078589344024658203e+01
2.896000000000000085e+01,8.260873146355152130e-04,6.876038387417793274e-04,1.078588104248046875e+01
2.900000000000000000e+01,8.240509778261184692e-04,6.861267029307782650e-04,1.078586959838867188e+01
2.903999999999999915e+01,8.225659839808940887e-04,6.848887423984706402e-04,1.078585624694824219e+01
2.908000000000000185e+01,8.208625949919223785e-04,6.832554354332387447e-04,1.078584289550781250e+01
2.912000000000000099e+01,8.191096712835133076e-04,6.819966947659850121e-04,1.078583145141601562e+01
2.916000000000000014e+01,8.173411479219794273e-04,6.805195007473230362e-04,1.078581905364990234e+01
2.919999999999999929e+01,8.156559779308736324e-04,6.789382896386086941e-04,1.078580760955810547e+01
2.924000000000000199e+01,8.136690012179315090e-04,6.777939852327108383e-04,1.078579425811767578e+01
2.928000000000000114e+01,8.121762657538056374e-04,6.761399563401937485e-04,1.078578186035156250e+01
2.932000000000000028e+01,8.103037253022193909e-04,6.747043225914239883e-04,1.078577041625976562e+01
2.935999999999999943e+01,8.089513867162168026e-04,6.734248017892241478e-04,1.078575706481933594e+01
2.940000000000000213e+01,8.070424664765596390e-04,6.718435906805098057e-04,1.078574466705322266e+01
2.944000000000000128e+01,8.051699842326343060e-04,6.703663966618478298e-04,1.078573226928710938e+01
2.948000000000000043e+01,8.035003556869924068e-04,6.691700546070933342e-04,1.078572177886962891e+01
2.951999999999999957e+01,8.018125081434845924e-04,6.676408229395747185e-04,1.078570938110351562e+01
2.956000000000000227e+01,8.001792593859136105e-04,6.661532097496092319e-04,1.078569698333740234e+01
2.960000000000000142e+01,7.986344280652701855e-04,6.647176342085003853e-04,1.078568458557128906e+01
2.964000000000000057e+01,7.966683479025959969e-04,6.633444572798907757e-04,1.078567218780517578e+01
2.967999999999999972e+01,7.950272993184626102e-04,6.618256447836756706e-04,1.078566169738769531e+01
2.971999999999999886e+01,7.929884013719856739e-04,6.603796500712633133e-04,1.078564834594726562e+01
2.976000000000000156e+01,7.915059686638414860e-04,6.587984389625489712e-04,1.078563690185546875e+01
2.980000000000000071e+01,7.899299962446093559e-04,6.576644955202937126e-04,1.078562450408935547e+01
2.983999999999999986e+01,7.881562924012541771e-04,6.560313049703836441e-04,1.078561305999755859e+01
2.987999999999999901e+01,7.865828229114413261e-04,6.548557430505752563e-04,1.078560066223144531e+01
2.992000000000000171e+01,7.845361251384019852e-04,6.530560785904526711e-04,1.078558921813964844e+01
2.996000000000000085e+01,7.828300585970282555e-04,6.517557194456458092e-04,1.078557682037353516e+01
3.000000000000000000e+01,7.810902316123247147e-04,6.503617623820900917e-04,1.078556442260742188e+01
3.003999999999999915e+01,7.797378348186612129e-04,6.490301457233726978e-04,1.078555107116699219e+01
3.008000000000000185e+01,7.777665741741657257e-04,6.473137182183563709e-04,1.078553962707519531e+01
3.012000000000000099e+01,7.760214502923190594e-04,6.460861768573522568e-04,1.078552722930908203e+01
3.016000000000000014e+01,7.743335445411503315e-04,6.445569451898336411e-04,1.078551483154296875e+01
3.019999999999999929e+01,7.725599571131169796e-04,6.433606031350791454e-04,1.078550243377685547e+01
3.024000000000000199e+01,7.708512712270021439e-04,6.416545948013663292e-04,1.078549003601074219e+01
3.028000000000000114e+01,7.691816426813602448e-04,6.402917788363993168e-04,1.078547763824462891e+01
3.032000000000000028e+01,7.674287771806120872e-04,6.388354231603443623e-04,1.078546524047851562e+01
3.035999999999999943e+01,7.656317320652306080e-04,6.374102085828781128e-04,1.078545284271240234e+01
3.040000000000000213e+01,7.640738622285425663e-04,6.360266706906259060e-04,1.078544139862060547e+01
3.044000000000000128e+01,7.623261772096157074e-04,6.344974390231072903e-04,1.078542900085449219e+01
3.048000000000000043e+01,7.605785503983497620e-04,6.330410251393914223e-04,1.078541660308837891e+01
3.051999999999999957e+01,7.587164291180670261e-04,6.317406659945845604e-04,1.078540325164794922e+01
3.056000000000000227e+01,7.570728193968534470e-04,6.305027636699378490e-04,1.078539180755615234e+01
3.060000000000000142e+01,7.554499898105859756e-04,6.288902950473129749e-04,1.078537845611572266e+01
3.064000000000000057e+01,7.539779762737452984e-04,6.274026818573474884e-04,1.078536796569824219e+01
3.067999999999999972e+01,7.518272032029926777e-04,6.259150686673820019e-04,1.078535556793212891e+01
3.071999999999999886e+01,7.501237560063600540e-04,6.244170363061130047e-04,1.078534221649169922e+01
3.076000000000000156e+01,7.487375405617058277e-04,6.232103332877159119e-04,1.078532981872558594e+01
3.080000000000000071e+01,7.469457341358065605e-04,6.216394831426441669e-04,1.078531837463378906e+01
3.083999999999999986e+01,7.448911201208829880e-04,6.204224191606044769e-04,1.078530597686767578e+01
3.087999999999999901e+01,7.435700390487909317e-04,6.188411498442292213e-04,1.078529453277587891e+01
3.092000000000000171e+01,7.413281709887087345e-04,6.173223373480141163e-04,1.078528118133544922e+01
3.096000000000000085e+01,7.399393944069743156e-04,6.161364144645631313e-04,1.078526973724365234e+01
3.100000000000000000e+01,7.384648779407143593e-04,6.143367500044405460e-04,1.078525733947753906e+01
3.103999999999999915e+01,7.363244658336043358e-04,6.130883703008294106e-04,1.078524589538574219e+01
3.108000000000000185e+01,7.349721272476017475e-04,6.115695578046143055e-04,1.078523349761962891e+01
3.112000000000000099e+01,7.330761873163282871e-04,6.103524356149137020e-04,1.078522109985351562e+01
3.116000000000000014e+01,7.314585382118821144e-04,6.088232039473950863e-04,1.078520870208740234e+01
3.119999999999999929e+01,7.295392570085823536e-04,6.075332639738917351e-04,1.078519630432128906e+01
3.124000000000000199e+01,7.279111887328326702e-04,6.060664891265332699e-04,1.078518390655517578e+01
3.128000000000000114e+01,7.263013394549489021e-04,6.044748588465154171e-04,1.078517246246337891e+01
3.132000000000000028e+01,7.246005116030573845e-04,6.029976066201925278e-04,1.078516006469726562e+01
3.135999999999999943e+01,7.224055007100105286e-04,6.014995742589235306e-04,1.078514766693115234e+01
3.140000000000000213e+01,7.208191091194748878e-04,6.002825102768838406e-04,1.078513622283935547e+01
3.144000000000000128e+01,7.195812067948281765e-04,5.986908217892050743e-04,1.078512477874755859e+01
3.148000000000000043e+01,7.176436483860015869e-04,5.974113009870052338e-04,1.078511238098144531e+01
3.151999999999999957e+01,7.158466032706201077e-04,5.957364337518811226e-04,1.078510093688964844e+01
3.156000000000000227e+01,7.139532244764268398e-04,5.944256554357707500e-04,1.078508853912353516e+01
3.160000000000000142e+01,7.122263778001070023e-04,5.929381004534661770e-04,1.078507614135742188e+01
3.164000000000000057e+01,7.106816046871244907e-04,5.914816283620893955e-04,1.078506278991699219e+01
3.167999999999999972e+01,7.091263541951775551e-04,5.901813274249434471e-04,1.078505039215087891e+01
3.172000000000000242e+01,7.075737230479717255e-04,5.889017484150826931e-04,1.078503799438476562e+01
3.176000000000000156e+01,7.056102040223777294e-04,5.872164620086550713e-04,1.078502559661865234e+01
3.180000000000000071e+01,7.039951742626726627e-04,5.858017248101532459e-04,1.078501319885253906e+01
3.183999999999999986e+01,7.016779272817075253e-04,5.846886197105050087e-04,1.078500080108642578e+01
3.187999999999999901e+01,7.001487538218498230e-04,5.828473367728292942e-04,1.078498744964599609e+01
3.192000000000000171e+01,6.985986838117241859e-04,5.815781769342720509e-04,1.078497505187988281e+01
3.196000000000000085e+01,6.970694521442055702e-04,5.800281069241464138e-04,1.078496360778808594e+01
3.200000000000000000e+01,6.954050622880458832e-04,5.785717512480914593e-04,1.078495121002197266e+01
3.203999999999999915e+01,6.936833960935473442e-04,5.772921722382307053e-04,1.078493881225585938e+01
3.207999999999999829e+01,6.920397281646728516e-04,5.758149782195687294e-04,1.078492641448974609e+01
3.211999999999999744e+01,6.900164298713207245e-04,5.743377842009067535e-04,1.078491401672363281e+01
3.216000000000000369e+01,6.884949980303645134e-04,5.727981333620846272e-04,1.078490161895751953e+01
3.220000000000000284e+01,6.867992924526333809e-04,5.716017913073301315e-04,1.078489017486572266e+01
3.224000000000000199e+01,6.845991592854261398e-04,5.700413603335618973e-04,1.078487777709960938e+01
3.228000000000000114e+01,6.831895443610846996e-04,5.686993827112019062e-04,1.078486442565917969e+01
3.232000000000000028e+01,6.817305693402886391e-04,5.671597900800406933e-04,1.078485202789306641e+01
3.235999999999999943e+01,6.795927765779197216e-04,5.657033761963248253e-04,1.078483963012695312e+01
3.239999999999999858e+01,6.780843832530081272e-04,5.644342745654284954e-04,1.078482913970947266e+01
3.243999999999999773e+01,6.761338445357978344e-04,5.628946237266063690e-04,1.078481578826904297e+01
3.248000000000000398e+01,6.747112493030726910e-04,5.614277906715869904e-04,1.078480434417724609e+01
3.252000000000000313e+01,6.726462743245065212e-04,5.599922151304781437e-04,1.078479194641113281e+01
3.256000000000000227e+01,6.714837509207427502e-04,5.586086190305650234e-04,1.078477764129638672e+01
3.260000000000000142e+01,6.691639428026974201e-04,5.571938236244022846e-04,1.078476524353027344e+01
3.264000000000000057e+01,6.678948411718010902e-04,5.556126125156879425e-04,1.078475475311279297e+01
3.267999999999999972e+01,6.659702630713582039e-04,5.543746519833803177e-04,1.078474330902099609e+01
3.271999999999999886e+01,6.642772350460290909e-04,5.526478053070604801e-04,1.078473091125488281e+01
3.275999999999999801e+01,6.627402035519480705e-04,5.513682262971997261e-04,1.078471946716308594e+01
3.279999999999999716e+01,6.608468829654157162e-04,5.499118124134838581e-04,1.078470706939697266e+01
3.284000000000000341e+01,6.590654375031590462e-04,5.487051093950867653e-04,1.078469467163085938e+01
3.288000000000000256e+01,6.572501151822507381e-04,5.470302421599626541e-04,1.078468227386474609e+01
3.292000000000000171e+01,6.559159373864531517e-04,5.458443192765116692e-04,1.078466987609863281e+01
3.296000000000000085e+01,6.537964218296110630e-04,5.443255067802965641e-04,1.078465843200683594e+01
3.300000000000000000e+01,6.523919873870909214e-04,5.427338765002787113e-04,1.078464508056640625e+01
3.303999999999999915e+01,6.503634504042565823e-04,5.412774626165628433e-04,1.078463363647460938e+01
3.307999999999999829e+01,6.487093633040785789e-04,5.397378117777407169e-04,1.078462219238281250e+01
3.311999999999999744e+01,6.470345542766153812e-04,5.386039265431463718e-04,1.078460979461669922e+01
3.316000000000000369e+01,6.451516528613865376e-04,5.372827290557324886e-04,1.078459644317626953e+01
3.320000000000000284e+01,6.436874391511082649e-04,5.354414461180567741e-04,1.078458595275878906e+01
3.324000000000000199e+01,6.419866112992167473e-04,5.342451040633022785e-04,1.078457355499267578e+01
3.328000000000000114e+01,6.401764694601297379e-04,5.327574908733367920e-04,1.078456115722656250e+01
3.332000000000000028e+01,6.384808220900595188e-04,5.316027672961354256e-04,1.078454971313476562e+01
3.335999999999999943e+01,6.368631729856133461e-04,5.298759206198155880e-04,1.078453540802001953e+01
3.339999999999999858e+01,6.351415067911148071e-04,5.286483792588114738e-04,1.078452396392822266e+01
3.343999999999999773e+01,6.331467884592711926e-04,5.271087284199893475e-04,1.078451156616210938e+01
3.348000000000000398e+01,6.317033548839390278e-04,5.256003350950777531e-04,1.078449916839599609e+01
3.352000000000000313e+01,6.299348897300660610e-04,5.242999759502708912e-04,1.078448677062988281e+01
3.356000000000000227e+01,6.283562397584319115e-04,5.225418717600405216e-04,1.078447532653808594e+01
3.360000000000000142e+01,6.262626848183572292e-04,5.213039112277328968e-04,1.078446292877197266e+01
3.364000000000000057e+01,6.248739082366228104e-04,5.197643185965716839e-04,1.078445148468017578e+01
3.367999999999999972e+01,6.230144063010811806e-04,5.186199559830129147e-04,1.078443908691406250e+01
3.371999999999999886e+01,6.213317392393946648e-04,5.169347277842462063e-04,1.078442668914794922e+01
3.375999999999999801e+01,6.193161825649440289e-04,5.155823309905827045e-04,1.078441429138183594e+01
3.379999999999999716e+01,6.180184427648782730e-04,5.142819718457758427e-04,1.078440189361572266e+01
3.384000000000000341e+01,6.157557945698499680e-04,5.126799223944544792e-04,1.078438949584960938e+01
3.388000000000000256e+01,6.148117245174944401e-04,5.112235085107386112e-04,1.078437614440917969e+01
3.392000000000000171e+01,6.126713706180453300e-04,5.097255343571305275e-04,1.078436470031738281e+01
3.396000000000000085e+01,6.108300876803696156e-04,5.084875738248229027e-04,1.078435134887695312e+01
3.400000000000000000e+01,6.094829295761883259e-04,5.069583421573042870e-04,1.078433990478515625e+01
3.403999999999999915e+01,6.072618998587131500e-04,5.054915091022849083e-04,1.078432750701904297e+01
3.407999999999999829e+01,6.058366852812469006e-04,5.042848060838878155e-04,1.078431510925292969e+01
3.411999999999999744e+01,6.040500593371689320e-04,5.026307771913707256e-04,1.078430366516113281e+01
3.416000000000000369e+01,6.025416078045964241e-04,5.012471810914576054e-04,1.078429126739501953e+01
3.420000000000000284e+01,6.006821058690547943e-04,4.999364027753472328e-04,1.078427886962890625e+01
3.424000000000000199e+01,5.987705662846565247e-04,4.984175902791321278e-04,1.078426647186279297e+01
3.428000000000000114e+01,5.971347563900053501e-04,4.970235750079154968e-04,1.078425407409667969e+01
3.432000000000000028e+01,5.951321800239384174e-04,4.957752535119652748e-04,1.078424167633056641e+01
3.435999999999999943e+01,5.939982947893440723e-04,4.936946788802742958e-04,1.078422832489013672e+01
3.439999999999999858e+01,5.922635900788009167e-04,4.926127730868756771e-04,1.078421688079833984e+01
3.443999999999999773e+01,5.900972173549234867e-04,4.912603762932121754e-04,1.078420543670654297e+01
3.448000000000000398e+01,5.886615836061537266e-04,4.900016356259584427e-04,1.078419399261474609e+01
3.452000000000000313e+01,5.869997548870742321e-04,4.882747889496386051e-04,1.078418064117431641e+01
3.456000000000000227e+01,5.848697619512677193e-04,4.870160191785544157e-04,1.078416824340820312e+01
3.460000000000000142e+01,5.832417518831789494e-04,4.856844316236674786e-04,1.078415584564208984e+01
3.464000000000000057e+01,5.817697383463382721e-04,4.839263274334371090e-04,1.078414344787597656e+01
3.467999999999999972e+01,5.801156512461602688e-04,4.827404336538165808e-04,1.078413105010986328e+01
3.471999999999999886e+01,5.783575470559298992e-04,4.814088460989296436e-04,1.078412055969238281e+01
3.475999999999999801e+01,5.767971160821616650e-04,4.796819703187793493e-04,1.078410720825195312e+01
3.480000000000000426e+01,5.752237048000097275e-04,4.783712211064994335e-04,1.078409576416015625e+01
3.484000000000000341e+01,5.734239821322262287e-04,4.765819176100194454e-04,1.078408241271972656e+01
3.488000000000000256e+01,5.708623211830854416e-04,4.756768757943063974e-04,1.078407001495361328e+01
3.492000000000000171e+01,5.695177242159843445e-04,4.738875431939959526e-04,1.078405857086181641e+01
3.496000000000000085e+01,5.683318595401942730e-04,4.727952764369547367e-04,1.078404617309570312e+01
3.500000000000000000e+01,5.666361539624631405e-04,4.710683715529739857e-04,1.078403472900390625e+01
3.503999999999999915e+01,5.644385819323360920e-04,4.698720294982194901e-04,1.078402137756347656e+01
3.507999999999999829e+01,5.630185478366911411e-04,4.682075814343988895e-04,1.078400897979736328e+01
3.511999999999999744e+01,5.611590459011495113e-04,4.668032051995396614e-04,1.078399658203125000e+01
3.516000000000000369e+01,5.592085071839392185e-04,4.654716176446527243e-04,1.078398418426513672e+01
3.520000000000000284e+01,5.576142575591802597e-04,4.639423859771341085e-04,1.078397178649902344e+01
3.524000000000000199e+01,5.559914279729127884e-04,4.625692090485244989e-04,1.078395938873291016e+01
3.528000000000000114e+01,5.544361774809658527e-04,4.611544427461922169e-04,1.078394794464111328e+01
3.532000000000000028e+01,5.523894215002655983e-04,4.596459912136197090e-04,1.078393650054931641e+01
3.535999999999999943e+01,5.507327732630074024e-04,4.581687680911272764e-04,1.078392314910888672e+01
3.539999999999999858e+01,5.491619231179356575e-04,4.567123542074114084e-04,1.078390979766845703e+01
3.543999999999999773e+01,5.474402569234371185e-04,4.552559985313564539e-04,1.078389835357666016e+01
3.548000000000000398e+01,5.453128833323717117e-04,4.541116650216281414e-04,1.078388500213623047e+01
3.552000000000000313e+01,5.439526867121458054e-04,4.525720141828060150e-04,1.078387355804443359e+01
3.556000000000000227e+01,5.421399837359786034e-04,4.509907739702612162e-04,1.078386211395263672e+01
3.560000000000000142e+01,5.405899719335138798e-04,4.496280162129551172e-04,1.078384971618652344e+01
3.564000000000000057e+01,5.384703981690108776e-04,4.482340300455689430e-04,1.078383731842041016e+01
3.567999999999999972e+01,5.374223110266029835e-04,4.467671969905495644e-04,1.078382587432861328e+01
3.571999999999999886e+01,5.351830623112618923e-04,4.453212022781372070e-04,1.078381443023681641e+01
3.575999999999999801e+01,5.336200119927525520e-04,4.440208140294998884e-04,1.078380298614501953e+01
3.580000000000000426e+01,5.319789634086191654e-04,4.424812213983386755e-04,1.078379058837890625e+01
3.584000000000000341e+01,5.297918105497956276e-04,4.409207613207399845e-04,1.078377819061279297e+01
3.588000000000000256e+01,5.284628132358193398e-04,4.397036391310393810e-04,1.078376674652099609e+01
3.592000000000000171e+01,5.268009845167398453e-04,4.381223698146641254e-04,1.078375339508056641e+01
3.596000000000000085e+01,5.250714602880179882e-04,4.368532390799373388e-04,1.078374004364013672e+01
3.600000000000000000e+01,5.235006101429462433e-04,4.352199903223663568e-04,1.078372764587402344e+01
3.603999999999999915e+01,5.216255085542798042e-04,4.336491401772946119e-04,1.078371429443359375e+01
3.607999999999999829e+01,5.201144958846271038e-04,4.324631881900131702e-04,1.078370285034179688e+01
3.611999999999999744e+01,5.180001608096063137e-04,4.312356468290090561e-04,1.078369045257568359e+01
3.616000000000000369e+01,5.165749462321400642e-04,4.297584528103470802e-04,1.078367805480957031e+01
3.620000000000000284e+01,5.143148591741919518e-04,4.281460132915526628e-04,1.078366470336914062e+01
3.624000000000000199e+01,5.129001219756901264e-04,4.265647439751774073e-04,1.078365230560302734e+01
3.628000000000000114e+01,5.112226353958249092e-04,4.253060033079236746e-04,1.078364086151123047e+01
3.632000000000000028e+01,5.095451488159596920e-04,4.235791275277733803e-04,1.078362846374511719e+01
3.635999999999999943e+01,5.075166118331253529e-04,4.223827854730188847e-04,1.078361511230468750e+01
3.639999999999999858e+01,5.058313254266977310e-04,4.213216889183968306e-04,1.078360271453857422e+01
3.643999999999999773e+01,5.043463315814733505e-04,4.195323854219168425e-04,1.078359031677246094e+01
3.648000000000000398e+01,5.030980100855231285e-04,4.182528064120560884e-04,1.078357887268066406e+01
3.652000000000000313e+01,5.009341984987258911e-04,4.165259597357362509e-04,1.078356742858886719e+01
3.656000000000000227e+01,4.993269103579223156e-04,4.151839821133762598e-04,1.078355503082275391e+01
3.660000000000000142e+01,4.977509379386901855e-04,4.138211952522397041e-04,1.078354263305664062e+01
3.664000000000000057e+01,4.955584881827235222e-04,4.124896076973527670e-04,1.078353118896484375e+01
3.667999999999999972e+01,4.944792017340660095e-04,4.109707660973072052e-04,1.078351879119873047e+01
3.671999999999999886e+01,4.922815714962780476e-04,4.096704069525003433e-04,1.078350830078125000e+01
3.675999999999999801e+01,4.907107213512063026e-04,4.081932129338383675e-04,1.078349494934082031e+01
3.680000000000000426e+01,4.886587848886847496e-04,4.068304260727018118e-04,1.078348159790039062e+01
3.684000000000000341e+01,4.870229167863726616e-04,4.053011944051831961e-04,1.078346920013427734e+01
3.688000000000000256e+01,4.855249135289341211e-04,4.038239712826907635e-04,1.078345680236816406e+01
3.692000000000000171e+01,4.838994354940950871e-04,4.024403751827776432e-04,1.078344535827636719e+01
3.696000000000000085e+01,4.821881884709000587e-04,4.009944095741957426e-04,1.078343296051025391e+01
3.700000000000000000e+01,4.806017386727035046e-04,3.994547587353736162e-04,1.078342151641845703e+01
3.703999999999999915e+01,4.784561751876026392e-04,3.980295732617378235e-04,1.078340911865234375e+01
3.707999999999999829e+01,4.769659426528960466e-04,3.969164390582591295e-04,1.078339576721191406e+01
3.711999999999999744e+01,4.752546374220401049e-04,3.954080166295170784e-04,1.078338336944580078e+01
3.716000000000000369e+01,4.738034331239759922e-04,3.938476147595793009e-04,1.078337192535400391e+01
3.720000000000000284e+01,4.715122049674391747e-04,3.923912008758634329e-04,1.078335952758789062e+01
3.724000000000000199e+01,4.699699638877063990e-04,3.909347869921475649e-04,1.078334712982177734e+01
3.728000000000000114e+01,4.684485320467501879e-04,3.894263354595750570e-04,1.078333377838134766e+01
3.732000000000000028e+01,4.662769497372210026e-04,3.878867137245833874e-04,1.078332233428955078e+01
3.735999999999999943e+01,4.649713810067623854e-04,3.865031176246702671e-04,1.078331089019775391e+01
3.739999999999999858e+01,4.634785582311451435e-04,3.852651861961930990e-04,1.078329753875732422e+01
3.743999999999999773e+01,4.618426901288330555e-04,3.835278912447392941e-04,1.078328609466552734e+01
3.748000000000000398e+01,4.597491351887583733e-04,3.823003498837351799e-04,1.078327465057373047e+01
3.752000000000000313e+01,4.575905331876128912e-04,3.807398898061364889e-04,1.078326225280761719e+01
3.756000000000000227e+01,4.561939276754856110e-04,3.797412209678441286e-04,1.078324794769287109e+01
3.760000000000000142e+01,4.545450792647898197e-04,3.781703708227723837e-04,1.078323650360107422e+01
3.764000000000000057e+01,4.529222205746918917e-04,3.766099689528346062e-04,1.078322410583496094e+01
3.767999999999999972e+01,4.512915620580315590e-04,3.751951444428414106e-04,1.078321170806884766e+01
3.771999999999999886e+01,4.496505425777286291e-04,3.739780222531408072e-04,1.078320026397705078e+01
3.775999999999999801e+01,4.480250645428895950e-04,3.724903799593448639e-04,1.078318786621093750e+01
3.780000000000000426e+01,4.457494069356471300e-04,3.709091397468000650e-04,1.078317546844482422e+01
3.784000000000000341e+01,4.443788202479481697e-04,3.693590988405048847e-04,1.078316402435302734e+01
3.788000000000000256e+01,4.426025552675127983e-04,3.678402863442897797e-04,1.078315162658691406e+01
3.792000000000000171e+01,4.406546067912131548e-04,3.668416175059974194e-04,1.078314018249511719e+01
3.796000000000000085e+01,4.389199020806699991e-04,3.651979495771229267e-04,1.078312778472900391e+01
3.800000000000000000e+01,4.378744051791727543e-04,3.637727349996566772e-04,1.078311538696289062e+01
3.803999999999999915e+01,4.356404242571443319e-04,3.622226940933614969e-04,1.078310298919677734e+01
3.807999999999999829e+01,4.340643645264208317e-04,3.607350809033960104e-04,1.078309059143066406e+01
3.811999999999999744e+01,4.320669977460056543e-04,3.592058783397078514e-04,1.078307819366455078e+01
3.816000000000000369e+01,4.309382638894021511e-04,3.581759810913354158e-04,1.078306484222412109e+01
3.820000000000000284e+01,4.287640913389623165e-04,3.567299572750926018e-04,1.078305339813232422e+01
3.824000000000000199e+01,4.271204234100878239e-04,3.551174886524677277e-04,1.078304100036621094e+01
3.828000000000000114e+01,4.256301908753812313e-04,3.536194853950291872e-04,1.078302764892578125e+01
3.832000000000000028e+01,4.238123074173927307e-04,3.526624059304594994e-04,1.078301525115966797e+01
3.835999999999999943e+01,4.216849047224968672e-04,3.504881751723587513e-04,1.078300380706787109e+01
3.839999999999999858e+01,4.203325079288333654e-04,3.495623241178691387e-04,1.078299236297607422e+01
3.843999999999999773e+01,4.184625868219882250e-04,3.480227023828774691e-04,1.078297996520996094e+01
3.848000000000000398e+01,4.169671447016298771e-04,3.459941362962126732e-04,1.078296852111816406e+01
3.852000000000000313e+01,4.147045547142624855e-04,3.451514930929988623e-04,1.078295516967773438e+01
3.856000000000000227e+01,4.133417678531259298e-04,3.434974350966513157e-04,1.078294372558593750e+01
3.860000000000000142e+01,4.117553180549293756e-04,3.420826105866581202e-04,1.078293132781982422e+01
3.864000000000000057e+01,4.098645586054772139e-04,3.411151410546153784e-04,1.078291797637939453e+01
3.867999999999999972e+01,4.083379753865301609e-04,3.394194645807147026e-04,1.078290557861328125e+01
3.871999999999999886e+01,4.069231799803674221e-04,3.380150883458554745e-04,1.078289318084716797e+01
3.875999999999999801e+01,4.044524685014039278e-04,3.365482552908360958e-04,1.078288173675537109e+01
3.880000000000000426e+01,4.030792624689638615e-04,3.353935608174651861e-04,1.078286933898925781e+01
3.884000000000000341e+01,4.013524157926440239e-04,3.339371178299188614e-04,1.078285694122314453e+01
3.888000000000000256e+01,3.998570027761161327e-04,3.323870769236236811e-04,1.078284454345703125e+01
3.892000000000000171e+01,3.976385632995516062e-04,3.308682644274085760e-04,1.078283309936523438e+01
3.896000000000000085e+01,3.960416943300515413e-04,3.294014604762196541e-04,1.078281974792480469e+01
3.900000000000000000e+01,3.946164797525852919e-04,3.279346274212002754e-04,1.078280830383300781e+01
3.903999999999999915e+01,3.926607605535537004e-04,3.264574042987078428e-04,1.078279495239257812e+01
3.907999999999999829e+01,3.911965468432754278e-04,3.250218287575989962e-04,1.078278255462646484e+01
3.911999999999999744e+01,3.889885265380144119e-04,3.235549957025796175e-04,1.078277015686035156e+01
3.916000000000000369e+01,3.876543487422168255e-04,3.223274543415755033e-04,1.078275775909423828e+01
3.920000000000000284e+01,3.858156560454517603e-04,3.208606212865561247e-04,1.078274631500244141e+01
3.924000000000000199e+01,3.842344158329069614e-04,3.194458258803933859e-04,1.078273391723632812e+01
3.928000000000000114e+01,3.821096033789217472e-04,3.178645856678485870e-04,1.078272056579589844e+01
3.932000000000000028e+01,3.806089807767421007e-04,3.164497902616858482e-04,1.078271007537841797e+01
3.935999999999999943e+01,3.789835027419030666e-04,3.153782745357602835e-04,1.078269767761230469e+01
3.939999999999999858e+01,3.773320640902966261e-04,3.136722079943865538e-04,1.078268527984619141e+01
3.943999999999999773e+01,3.757039958145469427e-04,3.122574125882238150e-04,1.078267288208007812e+01
3.948000000000000398e+01,3.737534570973366499e-04,3.111338883172720671e-04,1.078265953063964844e+01
3.952000000000000313e+01,3.719875530805438757e-04,3.094694111496210098e-04,1.078264808654785156e+01
3.956000000000000227e+01,3.705467388499528170e-04,3.075968706980347633e-04,1.078263473510742188e+01
3.960000000000000142e+01,3.688692522700875998e-04,3.064629563596099615e-04,1.078262329101562500e+01
3.964000000000000057e+01,3.667756973300129175e-04,3.050065715797245502e-04,1.078261184692382812e+01
3.967999999999999972e+01,3.656235639937222004e-04,3.034981200471520424e-04,1.078260040283203125e+01
3.971999999999999886e+01,3.635143802966922522e-04,3.020105068571865559e-04,1.078258895874023438e+01
3.975999999999999801e+01,3.619305207394063473e-04,3.008557832799851894e-04,1.078257465362548828e+01
3.980000000000000426e+01,3.602192155085504055e-04,2.990560897160321474e-04,1.078256130218505859e+01
3.984000000000000341e+01,3.581360797397792339e-04,2.979221753776073456e-04,1.078254890441894531e+01
3.988000000000000256e+01,3.570281551219522953e-04,2.964553423225879669e-04,1.078253650665283203e+01
3.992000000000000171e+01,3.548305248841643333e-04,2.949261106550693512e-04,1.078252506256103516e+01
3.996000000000000085e+01,3.532284754328429699e-04,2.938025863841176033e-04,1.078251266479492188e+01
4.000000000000000000e+01,3.512050898279994726e-04,2.918052196037024260e-04,1.078250217437744141e+01
4.003999999999999915e+01,3.500737657304853201e-04,2.904008433688431978e-04,1.078248882293701172e+01
4.007999999999999829e+01,3.483547188807278872e-04,2.893501368816941977e-04,1.078247642517089844e+01
4.011999999999999744e+01,3.461102605797350407e-04,2.878104860428720713e-04,1.078246402740478516e+01
4.016000000000000369e+01,3.446512564551085234e-04,2.863124536816030741e-04,1.078245353698730469e+01
4.020000000000000284e+01,3.429087519180029631e-04,2.848456788342446089e-04,1.078244018554687500e+01
4.024000000000000199e+01,3.413743106648325920e-04,2.833476464729756117e-04,1.078242683410644531e+01
4.028000000000000114e+01,3.392417274881154299e-04,2.823177492246031761e-04,1.078241539001464844e+01
4.032000000000000028e+01,3.376396780367940664e-04,2.808301069308072329e-04,1.078240299224853516e+01
4.035999999999999943e+01,3.360974660608917475e-04,2.791448496282100677e-04,1.078239059448242188e+01
4.039999999999999858e+01,3.344017604831606150e-04,2.782709780149161816e-04,1.078237724304199219e+01
4.043999999999999773e+01,3.327841113787144423e-04,2.761175855994224548e-04,1.078236579895019531e+01
4.048000000000000398e+01,3.306905273348093033e-04,2.746299724094569683e-04,1.078235435485839844e+01
4.052000000000000313e+01,3.291508764959871769e-04,2.732983848545700312e-04,1.078234195709228516e+01
4.056000000000000227e+01,3.276580537203699350e-04,2.721540513448417187e-04,1.078232955932617188e+01
4.060000000000000142e+01,3.259025688748806715e-04,2.704895741771906614e-04,1.078231620788574219e+01
4.064000000000000057e+01,3.242407110519707203e-04,2.689811808522790670e-04,1.078230476379394531e+01
4.067999999999999972e+01,3.221965162083506584e-04,2.679720928426831961e-04,1.078229236602783203e+01
4.071999999999999886e+01,3.208181296940892935e-04,2.664116327650845051e-04,1.078228092193603516e+01
4.075999999999999801e+01,3.188858099747449160e-04,2.649968373589217663e-04,1.078226757049560547e+01
4.080000000000000426e+01,3.168910334352403879e-04,2.634051779750734568e-04,1.078225612640380859e+01
4.084000000000000341e+01,3.153253928758203983e-04,2.619279548525810242e-04,1.078224372863769531e+01
4.088000000000000256e+01,3.141680499538779259e-04,2.604611509013921022e-04,1.078223133087158203e+01
4.092000000000000171e+01,3.119262401014566422e-04,2.589631185401231050e-04,1.078221893310546875e+01
4.096000000000000085e+01,3.103423805441707373e-04,2.579540305305272341e-04,1.078220653533935547e+01
4.100000000000000000e+01,3.083189949393272400e-04,2.562999725341796875e-04,1.078219318389892578e+01
4.103999999999999915e+01,3.071434621233493090e-04,2.547291223891079426e-04,1.078218269348144531e+01
4.107999999999999829e+01,3.050316881854087114e-04,2.538344706408679485e-04,1.078216934204101562e+01
4.111999999999999744e+01,3.039549628738313913e-04,2.517850662115961313e-04,1.078215694427490234e+01
4.116000000000000369e+01,3.015935071744024754e-04,2.503078721929341555e-04,1.078214645385742188e+01
4.120000000000000284e+01,2.997235569637268782e-04,2.494132204446941614e-04,1.078213405609130859e+01
4.124000000000000199e+01,2.984674356412142515e-04,2.477071247994899750e-04,1.078212165832519531e+01
4.128000000000000114e+01,2.963270235341042280e-04,2.462715201545506716e-04,1.078210830688476562e+01
4.132000000000000028e+01,2.949174086097627878e-04,2.445550344418734312e-04,1.078209400177001953e+01
4.135999999999999943e+01,2.927535970229655504e-04,2.433170739095658064e-04,1.078208255767822266e+01
4.139999999999999858e+01,2.916794910561293364e-04,2.421519457129761577e-04,1.078207206726074219e+01
4.143999999999999773e+01,2.899786049965769053e-04,2.401233796263113618e-04,1.078206062316894531e+01
4.148000000000000398e+01,2.877783845178782940e-04,2.392911555944010615e-04,1.078204822540283203e+01
4.152000000000000313e+01,2.862855617422610521e-04,2.380740043008700013e-04,1.078203582763671875e+01
4.156000000000000227e+01,2.846471033990383148e-04,2.359934005653485656e-04,1.078202247619628906e+01
4.160000000000000142e+01,2.826445561368018389e-04,2.351507719140499830e-04,1.078200817108154297e+01
4.164000000000000057e+01,2.809280413202941418e-04,2.329557319171726704e-04,1.078199672698974609e+01
4.167999999999999972e+01,2.794092288240790367e-04,2.321235078852623701e-04,1.078198432922363281e+01
4.171999999999999886e+01,2.779007772915065289e-04,2.305214438820257783e-04,1.078197097778320312e+01
4.175999999999999801e+01,2.763169468380510807e-04,2.289714175276458263e-04,1.078195953369140625e+01
4.180000000000000426e+01,2.740413183346390724e-04,2.275462175020948052e-04,1.078194808959960938e+01
4.184000000000000341e+01,2.725224767345935106e-04,2.263914793729782104e-04,1.078193473815917969e+01
4.188000000000000256e+01,2.707617531996220350e-04,2.249246608698740602e-04,1.078192424774169922e+01
4.192000000000000171e+01,2.692429407034069300e-04,2.234162384411320090e-04,1.078191184997558594e+01
4.196000000000000085e+01,2.675784635357558727e-04,2.218765876023098826e-04,1.078189945220947266e+01
4.200000000000000000e+01,2.657501609064638615e-04,2.203993644798174500e-04,1.078188896179199219e+01
4.203999999999999915e+01,2.638438018038868904e-04,2.189533552154898643e-04,1.078187561035156250e+01
4.207999999999999829e+01,2.620441082399338484e-04,2.178402355639263988e-04,1.078186416625976562e+01
4.211999999999999744e+01,2.606214839033782482e-04,2.163214230677112937e-04,1.078185081481933594e+01
4.216000000000000369e+01,2.588061906863003969e-04,2.148546045646071434e-04,1.078183937072753906e+01
4.220000000000000284e+01,2.573341771494597197e-04,2.131901273969560862e-04,1.078182697296142578e+01
4.224000000000000199e+01,2.555630635470151901e-04,2.123266895068809390e-04,1.078181648254394531e+01
4.228000000000000114e+01,2.533940423745661974e-04,2.107454347424209118e-04,1.078180217742919922e+01
4.232000000000000028e+01,2.519454283174127340e-04,2.091121714329347014e-04,1.078179073333740234e+01
4.235999999999999943e+01,2.498310350347310305e-04,2.076349483104422688e-04,1.078177738189697266e+01
4.239999999999999858e+01,2.487335295882076025e-04,2.061369159491732717e-04,1.078176403045654297e+01
4.243999999999999773e+01,2.466399455443024635e-04,2.046596928266808391e-04,1.078175258636474609e+01
4.248000000000000398e+01,2.450404863338917494e-04,2.032032789429649711e-04,1.078174018859863281e+01
4.252000000000000313e+01,2.434696361888200045e-04,2.016324433498084545e-04,1.078172779083251953e+01
4.256000000000000227e+01,2.416699135210365057e-04,2.006545691983774304e-04,1.078171634674072266e+01
4.260000000000000142e+01,2.401849051238968968e-04,1.991565368371084332e-04,1.078170204162597656e+01
4.264000000000000057e+01,2.380132937105372548e-04,1.975960913114249706e-04,1.078169059753417969e+01
4.267999999999999972e+01,2.369599824305623770e-04,1.961188681889325380e-04,1.078168010711669922e+01
4.271999999999999886e+01,2.348429843550547957e-04,1.950889854924753308e-04,1.078166770935058594e+01
4.275999999999999801e+01,2.331576979486271739e-04,1.934973261086270213e-04,1.078165626525878906e+01
4.280000000000000426e+01,2.316102618351578712e-04,1.919472852023318410e-04,1.078164291381835938e+01
4.284000000000000341e+01,2.297871396876871586e-04,1.908549747895449400e-04,1.078162860870361328e+01
4.288000000000000256e+01,2.276285376865416765e-04,1.889200211735442281e-04,1.078161811828613281e+01
4.292000000000000171e+01,2.262137422803789377e-04,1.873907749541103840e-04,1.078160572052001953e+01
4.296000000000000085e+01,2.245804789708927274e-04,1.864025107352063060e-04,1.078159236907958984e+01
4.300000000000000000e+01,2.224998752353712916e-04,1.848004612838849425e-04,1.078157997131347656e+01
4.303999999999999915e+01,2.208900114055722952e-04,1.833752467064186931e-04,1.078156566619873047e+01
4.307999999999999829e+01,2.193191612605005503e-04,1.818148011807352304e-04,1.078155326843261719e+01
4.311999999999999744e+01,2.177613205276429653e-04,1.807745138648897409e-04,1.078154087066650391e+01
4.316000000000000369e+01,2.161592856282368302e-04,1.788291556295007467e-04,1.078153038024902344e+01
4.320000000000000284e+01,2.138446288881823421e-04,1.777576399035751820e-04,1.078151893615722656e+01
4.324000000000000199e+01,2.125910687027499080e-04,1.761659950716421008e-04,1.078150653839111328e+01
4.328000000000000114e+01,2.106977190123870969e-04,1.747511851135641336e-04,1.078149318695068359e+01
4.332000000000000028e+01,2.091736969305202365e-04,1.736796839395537972e-04,1.078148174285888672e+01
4.335999999999999943e+01,2.073687792290002108e-04,1.716406986815854907e-04,1.078146934509277344e+01
4.339999999999999858e+01,2.058083337033167481e-04,1.706420152913779020e-04,1.078145599365234375e+01
4.343999999999999773e+01,2.041178377112373710e-04,1.691127836238592863e-04,1.078144264221191406e+01
4.348000000000000398e+01,2.019436506088823080e-04,1.676147658145055175e-04,1.078142929077148438e+01
4.352000000000000313e+01,2.004117995966225863e-04,1.660959242144599557e-04,1.078142070770263672e+01
4.356000000000000227e+01,1.986979186767712235e-04,1.649828045628964901e-04,1.078140926361083984e+01
4.360000000000000142e+01,1.971010642591863871e-04,1.635055814404040575e-04,1.078139781951904297e+01
4.364000000000000057e+01,1.956212363438680768e-04,1.615706278244033456e-04,1.078138446807861328e+01
4.367999999999999972e+01,1.938007189892232418e-04,1.605095312697812915e-04,1.078137111663818359e+01
4.371999999999999886e+01,1.916238979902118444e-04,1.589698949828743935e-04,1.078135776519775391e+01
4.375999999999999801e+01,1.902168878586962819e-04,1.573574409121647477e-04,1.078134632110595703e+01
4.380000000000000426e+01,1.884145749500021338e-04,1.565147977089509368e-04,1.078133487701416016e+01
4.384000000000000341e+01,1.869633561000227928e-04,1.548399159219115973e-04,1.078132152557373047e+01
4.388000000000000256e+01,1.847787643782794476e-04,1.533522881800308824e-04,1.078131008148193359e+01
4.392000000000000171e+01,1.832911366363987327e-04,1.519478973932564259e-04,1.078129863739013672e+01
4.396000000000000085e+01,1.817410957301035523e-04,1.503354287706315517e-04,1.078128528594970703e+01
4.400000000000000000e+01,1.794368290575221181e-04,1.493055315222591162e-04,1.078127479553222656e+01
4.403999999999999915e+01,1.785135682439431548e-04,1.477659097872674465e-04,1.078126239776611328e+01
4.407999999999999829e+01,1.762067113304510713e-04,1.461638457840308547e-04,1.078124904632568359e+01
4.411999999999999744e+01,1.747528876876458526e-04,1.447490503778681159e-04,1.078123664855957031e+01
4.416000000000000369e+01,1.726905029499903321e-04,1.431989949196577072e-04,1.078122329711914062e+01
4.420000000000000284e+01,1.715799880912527442e-04,1.416489540133625269e-04,1.078121185302734375e+01
4.424000000000000199e+01,1.698661071714013815e-04,1.407126983394846320e-04,1.078119945526123047e+01
4.428000000000000114e+01,1.677048858255147934e-04,1.390794204780831933e-04,1.078118801116943359e+01
4.432000000000000028e+01,1.663420989643782377e-04,1.377270382363349199e-04,1.078117465972900391e+01
4.435999999999999943e+01,1.641210692469030619e-04,1.359897432848811150e-04,1.078116321563720703e+01
4.439999999999999858e+01,1.629039179533720016e-04,1.346061471849679947e-04,1.078115081787109375e+01
4.443999999999999773e+01,1.613772765267640352e-04,1.335242413915693760e-04,1.078113937377929688e+01
4.448000000000000398e+01,1.595489738974720240e-04,1.319117873208597302e-04,1.078112602233886719e+01
4.452000000000000313e+01,1.574085617903620005e-04,1.300704607274383307e-04,1.078111362457275391e+01
4.456000000000000227e+01,1.558871299494057894e-04,1.290925865760073066e-04,1.078110027313232422e+01
4.460000000000000142e+01,1.541784295113757253e-04,1.274489186471328139e-04,1.078108787536621094e+01
4.464000000000000057e+01,1.525165571365505457e-04,1.264294260181486607e-04,1.078107643127441406e+01
4.467999999999999972e+01,1.505425898358225822e-04,1.249626075150445104e-04,1.078106403350830078e+01
4.471999999999999886e+01,1.490679715061560273e-04,1.228715991601347923e-04,1.078105163574218750e+01
4.475999999999999801e+01,1.473540905863046646e-04,1.218833203893154860e-04,1.078104019165039062e+01
4.480000000000000426e+01,1.458664773963391781e-04,1.204373111249879003e-04,1.078102779388427734e+01
4.484000000000000341e+01,1.439263141946867108e-04,1.189496833831071854e-04,1.078101539611816406e+01
4.488000000000000256e+01,1.424907095497474074e-04,1.173476266558282077e-04,1.078100204467773438e+01
4.492000000000000171e+01,1.403632923029363155e-04,1.162761182058602571e-04,1.078099060058593750e+01
4.496000000000000085e+01,1.388106611557304859e-04,1.148509109043516219e-04,1.078097820281982422e+01
4.500000000000000000e+01,1.371357793686911464e-04,1.132384495576843619e-04,1.078096771240234375e+01
4.503999999999999915e+01,1.350681850453838706e-04,1.117092106142081320e-04,1.078095340728759766e+01
4.507999999999999829e+01,1.334765256615355611e-04,1.108353753807023168e-04,1.078094196319580078e+01
4.511999999999999744e+01,1.322385796811431646e-04,1.087339769583195448e-04,1.078092956542968750e+01
4.516000000000000369e+01,1.302880264120176435e-04,1.077560955309309065e-04,1.078091812133789062e+01
4.520000000000000284e+01,1.285793405259028077e-04,1.061228249454870820e-04,1.078090572357177734e+01
4.524000000000000199e+01,1.263426966033875942e-04,1.047288315021432936e-04,1.078089332580566406e+01
4.528000000000000114e+01,1.254610542673617601e-04,1.031579813570715487e-04,1.078088188171386719e+01
4.532000000000000028e+01,1.231541973538696766e-04,1.016183377942070365e-04,1.078087043762207031e+01
4.535999999999999943e+01,1.215209267684258521e-04,1.006196544039994478e-04,1.078085708618164062e+01
4.539999999999999858e+01,1.200046899612061679e-04,9.911122469929978251e-05,1.078084468841552734e+01
4.543999999999999773e+01,1.178148668259382248e-04,9.762359695741906762e-05,1.078083324432373047e+01
4.548000000000000398e+01,1.168785966001451015e-04,9.609436528990045190e-05,1.078082084655761719e+01
4.552000000000000313e+01,1.145301284850575030e-04,9.453391248825937510e-05,1.078080844879150391e+01
4.556000000000000227e+01,1.131647368310950696e-04,9.308790322393178940e-05,1.078079509735107422e+01
4.560000000000000142e+01,1.112583995563909411e-04,9.158987813862040639e-05,1.078078079223632812e+01
4.564000000000000057e+01,1.097681742976419628e-04,9.053917165147140622e-05,1.078076934814453125e+01
4.567999999999999972e+01,1.076407643267884851e-04,8.885389252100139856e-05,1.078075695037841797e+01
4.571999999999999886e+01,1.060829235939309001e-04,8.743908983888104558e-05,1.078074550628662109e+01
4.575999999999999801e+01,1.044834643835201859e-04,8.597227133577689528e-05,1.078073310852050781e+01
4.580000000000000426e+01,1.024444791255518794e-04,8.490077016176655889e-05,1.078072166442871094e+01
4.584000000000000341e+01,1.008736362564377487e-04,8.341314241988584399e-05,1.078070831298828125e+01
4.588000000000000256e+01,9.969029633793979883e-05,8.191511733457446098e-05,1.078069400787353516e+01
4.592000000000000171e+01,9.792959463084116578e-05,8.039628301048651338e-05,1.078068256378173828e+01
4.596000000000000085e+01,9.625991515349596739e-05,7.887744868639856577e-05,1.078067111968994141e+01
4.600000000000000000e+01,9.414290980203077197e-05,7.744183676550164819e-05,1.078065776824951172e+01
4.603999999999999915e+01,9.204151137964800000e-05,7.642234413651749492e-05,1.078064441680908203e+01
4.607999999999999829e+01,9.066051279660314322e-05,7.483069202862679958e-05,1.078063297271728516e+01
4.611999999999999744e+01,8.898823580238968134e-05,7.329104846576228738e-05,1.078062057495117188e+01
4.616000000000000369e+01,8.740178600419312716e-05,7.173060294007882476e-05,1.078060913085937500e+01
4.620000000000000284e+01,8.574771345593035221e-05,7.075272878864780068e-05,1.078059768676757812e+01
4.624000000000000199e+01,8.411445014644414186e-05,6.908825162099674344e-05,1.078058528900146484e+01
4.628000000000000114e+01,8.240576426032930613e-05,6.761102849850431085e-05,1.078057289123535156e+01
4.632000000000000028e+01,8.020552922971546650e-05,6.638347986154258251e-05,1.078055858612060547e+01
4.635999999999999943e+01,7.880893099354580045e-05,6.446932820836082101e-05,1.078054714202880859e+01
4.639999999999999858e+01,7.709504279773682356e-05,6.349145405692979693e-05,1.078053474426269531e+01
4.643999999999999773e+01,7.505606481572613120e-05,6.182697688927873969e-05,1.078052425384521484e+01
4.648000000000000398e+01,7.342539174715057015e-05,6.042257882654666901e-05,1.078051090240478516e+01
4.652000000000000313e+01,7.220565021270886064e-05,5.892455010325647891e-05,1.078049850463867188e+01
4.656000000000000227e+01,7.022648060228675604e-05,5.775941826868802309e-05,1.078048610687255859e+01
4.660000000000000142e+01,6.852559454273432493e-05,5.590768705587834120e-05,1.078047466278076172e+01
4.664000000000000057e+01,6.641379150096327066e-05,5.484658686327748001e-05,1.078046035766601562e+01
4.667999999999999972e+01,6.535529246320948005e-05,5.319251431501470506e-05,1.078044891357421875e+01
4.671999999999999886e+01,6.314466008916497231e-05,5.177770799491554499e-05,1.078043842315673828e+01
4.675999999999999801e+01,6.175845919642597437e-05,5.068539758212864399e-05,1.078042411804199219e+01
4.680000000000000426e+01,5.981051072012633085e-05,4.872963836533017457e-05,1.078041267395019531e+01
4.684000000000000341e+01,5.831508315168321133e-05,4.752289169118739665e-05,1.078039932250976562e+01
4.688000000000000256e+01,5.662459807354025543e-05,4.620171603164635599e-05,1.078038692474365234e+01
4.692000000000000171e+01,5.457521547214128077e-05,4.464127050596289337e-05,1.078037261962890625e+01
4.696000000000000085e+01,5.343608791008591652e-05,4.313283716328442097e-05,1.078036212921142578e+01
4.700000000000000000e+01,5.122805669088847935e-05,4.175964568275958300e-05,1.078035163879394531e+01
4.703999999999999915e+01,4.974303374183364213e-05,4.057370824739336967e-05,1.078033733367919922e+01
4.707999999999999829e+01,4.750379230245016515e-05,3.905487392330542207e-05,1.078032398223876953e+01
4.711999999999999744e+01,4.655452357837930322e-05,3.754644058062694967e-05,1.078031253814697266e+01
4.716000000000000369e+01,4.467418330023065209e-05,3.619405470089986920e-05,1.078030014038085938e+01
4.720000000000000284e+01,4.271062425686977804e-05,3.460239895503036678e-05,1.078029060363769531e+01
4.724000000000000199e+01,4.096292468602769077e-05,3.304195342934690416e-05,1.078027820587158203e+01
4.728000000000000114e+01,3.941808245144784451e-05,3.175198435201309621e-05,1.078026485443115234e+01
4.732000000000000028e+01,3.775360528379678726e-05,3.007710802194196731e-05,1.078025245666503906e+01
4.735999999999999943e+01,3.575103619368746877e-05,2.901600419136229903e-05,1.078023815155029297e+01
4.739999999999999858e+01,3.417758489376865327e-05,2.752837826847098768e-05,1.078022670745849609e+01
4.743999999999999773e+01,3.256772470194846392e-05,2.598873834358528256e-05,1.078020477294921875e+01
4.748000000000000398e+01,3.080962414969690144e-05,2.445950121909845620e-05,1.078017234802246094e+01
4.752000000000000313e+01,2.914774813689291477e-05,2.344001040910370648e-05,1.078015422821044922e+01
4.756000000000000227e+01,2.773814594547729939e-05,2.196278910560067743e-05,1.078013896942138672e+01
4.760000000000000142e+01,2.588641655165702105e-05,2.049596878350712359e-05,1.078012275695800781e+01
4.764000000000000057e+01,2.385263542237225920e-05,1.890431485662702471e-05,1.078011226654052734e+01
4.767999999999999972e+01,2.241442416561767459e-05,1.742709173413459212e-05,1.078009986877441406e+01
4.771999999999999886e+01,2.065372063952963799e-05,1.590825922903604805e-05,1.078009319305419922e+01
4.775999999999999801e+01,1.896063622552901506e-05,1.489917030994547531e-05,1.078007984161376953e+01
4.780000000000000426e+01,1.699967651802580804e-05,1.342194809694774449e-05,1.078006649017333984e+01
4.784000000000000341e+01,1.538201468065381050e-05,1.176787554868496954e-05,1.078005123138427734e+01
4.788000000000000256e+01,1.375915053358767182e-05,1.076918942999327555e-05,1.078004264831542969e+01
4.792000000000000171e+01,1.166555193776730448e-05,9.156728992820717394e-06,1.078002929687500000e+01
4.796000000000000085e+01,1.070067628461401910e-05,7.575477411592146382e-06,1.078001594543457031e+01
4.800000000000000000e+01,8.336601240443997085e-06,6.649612714682007208e-06,1.078000926971435547e+01
4.803999999999999915e+01,6.503077202069107443e-06,4.454585450730519369e-06,1.077999687194824219e+01
4.807999999999999829e+01,5.348347258404828608e-06,3.039781176994438283e-06,1.077998352050781250e+01
4.812000000000000455e+01,3.611050715335295536e-06,2.061901795968879014e-06,1.077996826171875000e+01
4.816000000000000369e+01,1.644888811824785080e-06,2.113103914069824896e-09,1.077995872497558594e+01
4.820000000000000284e+01,-5.709443939849734306e-07,-9.341544568997051101e-07,1.077994823455810547e+01
4.824000000000000199e+01,-1.015671500681492034e-06,-2.546615178289357573e-06,1.077994060516357422e+01
4.828000000000000114e+01,-3.535791620379313827e-06,-4.003031335741980001e-06,1.077992916107177734e+01
4.832000000000000028e+01,-4.908984010398853570e-06,-4.970507688994985074e-06,1.077991485595703125e+01
4.835999999999999943e+01,-7.197637842182302848e-06,-6.530953669425798580e-06,1.077990531921386719e+01
4.839999999999999858e+01,-8.419987352681346238e-06,-8.143414561345707625e-06,1.077989101409912109e+01
4.843999999999999773e+01,-1.078926470654550940e-05,-9.714263796922750771e-06,1.077988338470458984e+01
4.848000000000000398e+01,-1.123399124480783939e-05,-1.105624687625095248e-05,1.077987098693847656e+01
4.852000000000000313e+01,-1.378792148898355663e-05,-1.216936470882501453e-05,1.077985858917236328e+01
4.856000000000000227e+01,-1.528334905742667615e-05,-1.424995934939943254e-05,1.077984142303466797e+01
4.860000000000000142e+01,-1.697123116173315793e-05,-1.524864455859642476e-05,1.077983474731445312e+01
4.864000000000000057e+01,-1.910904211399611086e-05,-1.668425466050393879e-05,1.077982711791992188e+01
4.867999999999999972e+01,-2.072410279652103782e-05,-1.780777529347687960e-05,1.077980899810791016e+01
4.871999999999999886e+01,-2.224033596576191485e-05,-1.940983383974526078e-05,1.077980136871337891e+01
4.875999999999999801e+01,-2.388920802331995219e-05,-2.127196603396441787e-05,1.077978706359863281e+01
4.880000000000000426e+01,-2.606863017717842013e-05,-2.238508386653847992e-05,1.077977180480957031e+01
4.884000000000000341e+01,-2.756145659077446908e-05,-2.390391819062642753e-05,1.077976417541503906e+01
4.888000000000000256e+01,-2.916611629188992083e-05,-2.531872269173618406e-05,1.077975082397460938e+01
4.892000000000000171e+01,-3.087480217800475657e-05,-2.691037661861628294e-05,1.077973747253417969e+01
4.896000000000000085e+01,-3.247166023356840014e-05,-2.788825622701551765e-05,1.077972984313964844e+01
4.900000000000000000e+01,-3.422196095925755799e-05,-2.945910637208726257e-05,1.077971172332763672e+01
4.903999999999999915e+01,-3.579280746635049582e-05,-3.093632767559029162e-05,1.077970123291015625e+01
4.907999999999999829e+01,-3.833893788396380842e-05,-3.242395177949219942e-05,1.077968692779541016e+01
4.912000000000000455e+01,-3.965751238865777850e-05,-3.393238512217067182e-05,1.077967929840087891e+01
4.916000000000000369e+01,-4.122055906918831170e-05,-3.488945731078274548e-05,1.077966785430908203e+01
4.920000000000000284e+01,-4.293184974812902510e-05,-3.661635128082707524e-05,1.077965450286865234e+01
4.924000000000000199e+01,-4.452090433915145695e-05,-3.810397538472898304e-05,1.077963924407958984e+01
4.928000000000000114e+01,-4.614896897692233324e-05,-3.964361530961468816e-05,1.077962970733642578e+01
4.932000000000000028e+01,-4.798249210580252111e-05,-4.110003283130936325e-05,1.077961921691894531e+01
4.935999999999999943e+01,-4.989403896615840495e-05,-4.226516466587781906e-05,1.077960968017578125e+01
4.939999999999999858e+01,-5.150389915797859430e-05,-4.370077658677473664e-05,1.077959823608398438e+01
4.943999999999999773e+01,-5.309555490384809673e-05,-4.519880167208611965e-05,1.077958393096923828e+01
4.948000000000000398e+01,-5.481464540935121477e-05,-4.691529466072097421e-05,1.077957630157470703e+01
4.952000000000000313e+01,-5.602919191005639732e-05,-4.783075564773753285e-05,1.077956390380859375e+01
4.956000000000000227e+01,-5.865594357601366937e-05,-4.979691584594547749e-05,1.077955532073974609e+01
4.960000000000000142e+01,-6.020078217261470854e-05,-5.124292874825187027e-05,1.077954387664794922e+01
4.964000000000000057e+01,-6.132690759841352701e-05,-5.210637755226343870e-05,1.077952957153320312e+01
4.967999999999999972e+01,-6.397445395123213530e-05,-5.373964449972845614e-05,1.077951526641845703e+01
4.971999999999999886e+01,-6.496533751487731934e-05,-5.533130024559795856e-05,1.077950572967529297e+01
4.975999999999999801e+01,-6.659080827375873923e-05,-5.679811874870210886e-05,1.077949047088623047e+01
4.980000000000000426e+01,-6.872861558804288507e-05,-5.811929440824314952e-05,1.077947807312011719e+01
4.984000000000000341e+01,-7.039048796286806464e-05,-5.930523548158816993e-05,1.077946376800537109e+01
4.988000000000000256e+01,-7.144119445001706481e-05,-6.091769682825542986e-05,1.077944755554199219e+01
4.992000000000000171e+01,-7.418757741106674075e-05,-6.210363062564283609e-05,1.077943325042724609e+01
4.996000000000000085e+01,-7.528509013354778290e-05,-6.388253677869215608e-05,1.077943134307861328e+01
5.000000000000000000e+01,-7.715762330917641521e-05,-6.491243402706459165e-05,1.077941989898681641e+01
5.003999999999999915e+01,-7.890532288001850247e-05,-6.696181662846356630e-05,1.077940654754638672e+01
5.007999999999999829e+01,-8.012767648324370384e-05,-6.782526179449632764e-05,1.077939128875732422e+01
5.012000000000000455e+01,-8.229669037973508239e-05,-6.999948527663946152e-05,1.077937793731689453e+01
5.016000000000000369e+01,-8.345662354258820415e-05,-7.083172386046499014e-05,1.077936840057373047e+01
5.020000000000000284e+01,-8.602095476817339659e-05,-7.201766129583120346e-05,1.077935504913330078e+01
5.024000000000000199e+01,-8.725370571482926607e-05,-7.364052726188674569e-05,1.077934265136718750e+01
5.028000000000000114e+01,-8.928488387027755380e-05,-7.506573456339538097e-05,1.077933311462402344e+01
5.032000000000000028e+01,-9.041880548465996981e-05,-7.665738667128607631e-05,1.077932167053222656e+01
5.035999999999999943e+01,-9.259563375962898135e-05,-7.816581637598574162e-05,1.077930641174316406e+01
5.039999999999999858e+01,-9.461380977882072330e-05,-7.906047540018334985e-05,1.077929210662841797e+01
5.043999999999999773e+01,-9.558648889651522040e-05,-8.119308040477335453e-05,1.077927875518798828e+01
5.048000000000000398e+01,-9.776070510270074010e-05,-8.230620005633682013e-05,1.077926349639892578e+01
5.052000000000000313e+01,-9.884782048175111413e-05,-8.379382779821753502e-05,1.077925586700439453e+01
5.056000000000000227e+01,-1.011312706395983696e-04,-8.519822586094960570e-05,1.077924251556396484e+01
5.060000000000000142e+01,-1.030766288749873638e-04,-8.671706018503755331e-05,1.077923583984375000e+01
5.064000000000000057e+01,-1.041533323586918414e-04,-8.778856135904788971e-05,1.077922248840332031e+01
5.067999999999999972e+01,-1.062599330907687545e-04,-8.931780030252411962e-05,1.077921009063720703e+01
5.071999999999999886e+01,-1.083275274140760303e-04,-9.090945241041481495e-05,1.077919387817382812e+01
5.075999999999999801e+01,-1.094588515115901828e-04,-9.227224654750898480e-05,1.077918624877929688e+01
5.080000000000000426e+01,-1.112221507355570793e-04,-9.375986701343208551e-05,1.077917194366455078e+01
5.084000000000000341e+01,-1.130998789449222386e-04,-9.486258204560726881e-05,1.077915859222412109e+01
5.088000000000000256e+01,-1.143170302384532988e-04,-9.650625725043937564e-05,1.077915000915527344e+01
5.092000000000000171e+01,-1.166889051091857255e-04,-9.791065531317144632e-05,1.077913761138916016e+01
5.096000000000000085e+01,-1.181453189929015934e-04,-9.942948963725939393e-05,1.077912521362304688e+01
5.100000000000000000e+01,-1.201817067340016365e-04,-1.010211417451500893e-04,1.077911663055419922e+01
5.103999999999999915e+01,-1.213754439959302545e-04,-1.026023965096101165e-04,1.077910518646240234e+01
5.107999999999999829e+01,-1.230243215104565024e-04,-1.035178574966266751e-04,1.077909088134765625e+01
5.112000000000000455e+01,-1.252531510544940829e-04,-1.049950806191191077e-04,1.077908134460449219e+01
5.116000000000000369e+01,-1.268786145374178886e-04,-1.066803597495891154e-04,1.077906799316406250e+01
5.120000000000000284e+01,-1.283012243220582604e-04,-1.081887894542887807e-04,1.077905273437500000e+01
5.124000000000000199e+01,-1.303766184719279408e-04,-1.091250596800819039e-04,1.077904319763183594e+01
5.128000000000000114e+01,-1.309955987380817533e-04,-1.111120291170664132e-04,1.077903175354003906e+01
5.132000000000000028e+01,-1.338902075076475739e-04,-1.126204515458084643e-04,1.077901744842529297e+01
5.135999999999999943e+01,-1.355104759568348527e-04,-1.134838967118412256e-04,1.077900314331054688e+01
5.139999999999999858e+01,-1.371593389194458723e-04,-1.151899850810877979e-04,1.077898693084716797e+01
5.143999999999999773e+01,-1.386859803460538387e-04,-1.165839785244315863e-04,1.077897930145263672e+01
5.148000000000000398e+01,-1.402958441758528352e-04,-1.176970981759950519e-04,1.077896690368652344e+01
5.152000000000000313e+01,-1.418068713974207640e-04,-1.197568853967823088e-04,1.077895832061767578e+01
5.156000000000000227e+01,-1.446416863473132253e-04,-1.206827510031871498e-04,1.077894783020019531e+01
5.160000000000000142e+01,-1.460876956116408110e-04,-1.222848077304661274e-04,1.077893352508544922e+01
5.164000000000000057e+01,-1.473932643420994282e-04,-1.237724354723468423e-04,1.077891826629638672e+01
5.167999999999999972e+01,-1.493074087193235755e-04,-1.252392539754509926e-04,1.077890205383300781e+01
5.171999999999999886e+01,-1.507898268755525351e-04,-1.263419690076261759e-04,1.077888774871826172e+01
5.175999999999999801e+01,-1.525141269667074084e-04,-1.282353041460737586e-04,1.077887916564941406e+01
5.180000000000000426e+01,-1.541811943752691150e-04,-1.293692330364137888e-04,1.077886295318603516e+01
5.184000000000000341e+01,-1.556428178446367383e-04,-1.308360515395179391e-04,1.077885818481445312e+01
5.188000000000000256e+01,-1.574789348524063826e-04,-1.323652977589517832e-04,1.077884769439697266e+01
5.192000000000000171e+01,-1.592318440089002252e-04,-1.338008878519758582e-04,1.077883625030517578e+01
5.196000000000000085e+01,-1.609249302418902516e-04,-1.348307851003482938e-04,1.077882766723632812e+01
5.200000000000000000e+01,-1.632135681575164199e-04,-1.369321835227310658e-04,1.077881240844726562e+01
5.203999999999999915e+01,-1.647558092372491956e-04,-1.379100722260773182e-04,1.077879714965820312e+01
5.207999999999999829e+01,-1.663214643485844135e-04,-1.394288992742076516e-04,1.077878284454345703e+01
5.212000000000000455e+01,-1.681185676716268063e-04,-1.405004004482179880e-04,1.077876567840576172e+01
5.216000000000000369e+01,-1.695931860012933612e-04,-1.420192420482635498e-04,1.077875900268554688e+01
5.220000000000000284e+01,-1.713876990834251046e-04,-1.440998312318697572e-04,1.077874565124511719e+01
5.224000000000000199e+01,-1.739884319249540567e-04,-1.450256968382745981e-04,1.077873897552490234e+01
5.228000000000000114e+01,-1.742224994814023376e-04,-1.466797693865373731e-04,1.077872467041015625e+01
5.232000000000000028e+01,-1.761626626830548048e-04,-1.481049839640036225e-04,1.077871036529541016e+01
5.235999999999999943e+01,-1.778115256456658244e-04,-1.491868752054870129e-04,1.077870178222656250e+01
5.239999999999999858e+01,-1.804200728656724095e-04,-1.507785345893353224e-04,1.077868747711181641e+01
5.243999999999999773e+01,-1.817906741052865982e-04,-1.523389801150187850e-04,1.077866744995117188e+01
5.248000000000000398e+01,-1.836215960793197155e-04,-1.537953939987346530e-04,1.077865695953369141e+01
5.252000000000000313e+01,-1.850962144089862704e-04,-1.551789900986477733e-04,1.077864456176757812e+01
5.256000000000000227e+01,-1.865578233264386654e-04,-1.566978171467781067e-04,1.077862834930419922e+01
5.260000000000000142e+01,-1.883497170638293028e-04,-1.582582772243767977e-04,1.077862071990966797e+01
5.264000000000000057e+01,-1.908724370878189802e-04,-1.592777553014457226e-04,1.077860736846923828e+01
5.267999999999999972e+01,-1.913145679282024503e-04,-1.608590100659057498e-04,1.077860069274902344e+01
5.271999999999999886e+01,-1.932183076860383153e-04,-1.619825197849422693e-04,1.077858924865722656e+01
5.275999999999999801e+01,-1.957878412213176489e-04,-1.634701475268229842e-04,1.077857971191406250e+01
5.280000000000000426e+01,-1.962949900189414620e-04,-1.650722115300595760e-04,1.077856349945068359e+01
5.284000000000000341e+01,-1.981649256777018309e-04,-1.665806339588016272e-04,1.077855205535888672e+01
5.288000000000000256e+01,-2.008697047131136060e-04,-1.685572060523554683e-04,1.077853679656982422e+01
5.292000000000000171e+01,-2.013560442719608545e-04,-1.693374215392395854e-04,1.077853107452392578e+01
5.296000000000000085e+01,-2.041674160864204168e-04,-1.709602802293375134e-04,1.077851200103759766e+01
5.300000000000000000e+01,-2.055770310107618570e-04,-1.724375033518299460e-04,1.077850055694580078e+01
5.303999999999999915e+01,-2.071634808089584112e-04,-1.734881952870637178e-04,1.077849388122558594e+01
5.307999999999999829e+01,-2.088383625959977508e-04,-1.749862276483327150e-04,1.077847576141357422e+01
5.312000000000000455e+01,-2.104248123941943049e-04,-1.765986962709575891e-04,1.077846622467041016e+01
5.316000000000000369e+01,-2.122791338479146361e-04,-1.779822923708707094e-04,1.077845191955566406e+01
5.320000000000000284e+01,-2.147368359146639705e-04,-1.795323332771658897e-04,1.077843761444091797e+01
5.324000000000000199e+01,-2.152543893316760659e-04,-1.805934298317879438e-04,1.077842903137207031e+01
5.328000000000000114e+01,-2.180293668061494827e-04,-1.820914621930569410e-04,1.077841758728027344e+01
5.332000000000000028e+01,-2.193843538407236338e-04,-1.836831215769052505e-04,1.077840328216552734e+01
5.335999999999999943e+01,-2.211424580309540033e-04,-1.850979169830679893e-04,1.077838897705078125e+01
5.339999999999999858e+01,-2.227575168944895267e-04,-1.863046636572107673e-04,1.077837944030761719e+01
5.343999999999999773e+01,-2.244219940621405840e-04,-1.881771750049665570e-04,1.077836799621582031e+01
5.348000000000000398e+01,-2.261124755023047328e-04,-1.892486907308921218e-04,1.077835273742675781e+01
5.352000000000000313e+01,-2.275298757012933493e-04,-1.906842953758314252e-04,1.077833938598632812e+01
5.356000000000000227e+01,-2.293945872224867344e-04,-1.922863593790680170e-04,1.077832984924316406e+01
5.360000000000000142e+01,-2.310226554982364178e-04,-1.937219640240073204e-04,1.077831840515136719e+01
5.364000000000000057e+01,-2.334829623578116298e-04,-1.947310520336031914e-04,1.077830982208251953e+01
5.367999999999999972e+01,-2.349263668293133378e-04,-1.967492280527949333e-04,1.077829551696777344e+01
5.371999999999999886e+01,-2.356519835302606225e-04,-1.977583160623908043e-04,1.077828121185302734e+01
5.375999999999999801e+01,-2.384087711106985807e-04,-1.992875477299094200e-04,1.077827358245849609e+01
5.380000000000000426e+01,-2.398547803750261664e-04,-2.003382542170584202e-04,1.077826118469238281e+01
5.384000000000000341e+01,-2.413839974906295538e-04,-2.023772394750267267e-04,1.077824783325195312e+01
5.388000000000000256e+01,-2.430562744848430157e-04,-2.034695353358983994e-04,1.077823925018310547e+01
5.392000000000000171e+01,-2.447649603709578514e-04,-2.050715847872197628e-04,1.077822589874267578e+01
5.396000000000000085e+01,-2.462682023178786039e-04,-2.065279986709356308e-04,1.077821254730224609e+01
5.400000000000000000e+01,-2.490640035830438137e-04,-2.079532132484018803e-04,1.077819633483886719e+01
5.403999999999999915e+01,-2.503565629012882710e-04,-2.090767375193536282e-04,1.077818298339843750e+01
5.407999999999999829e+01,-2.519169938750565052e-04,-2.105539460899308324e-04,1.077817344665527344e+01
5.412000000000000455e+01,-2.524969459045678377e-04,-2.121768193319439888e-04,1.077816009521484375e+01
5.416000000000000369e+01,-2.546061587054282427e-04,-2.135083923349156976e-04,1.077814579010009766e+01
5.420000000000000284e+01,-2.570586511865258217e-04,-2.150792424799874425e-04,1.077813148498535156e+01
5.424000000000000199e+01,-2.588089555501937866e-04,-2.160467265639454126e-04,1.077811527252197266e+01
5.428000000000000114e+01,-2.601717424113303423e-04,-2.177631977247074246e-04,1.077810096740722656e+01
5.432000000000000028e+01,-2.620234445203095675e-04,-2.191675885114818811e-04,1.077809333801269531e+01
5.435999999999999943e+01,-2.633420226629823446e-04,-2.207800571341067553e-04,1.077807998657226562e+01
5.439999999999999858e+01,-2.650403184816241264e-04,-2.222260663984343410e-04,1.077807044982910156e+01
5.443999999999999773e+01,-2.677086740732192993e-04,-2.237136941403150558e-04,1.077805900573730469e+01
5.448000000000000398e+01,-2.691702684387564659e-04,-2.247955999337136745e-04,1.077805042266845703e+01
5.452000000000000313e+01,-2.707307285163551569e-04,-2.263248461531475186e-04,1.077803611755371094e+01
5.456000000000000227e+01,-2.724628138821572065e-04,-2.278332685818895698e-04,1.077801895141601562e+01
5.460000000000000142e+01,-2.739530464168637991e-04,-2.293625002494081855e-04,1.077800559997558594e+01
5.464000000000000057e+01,-2.757085312623530626e-04,-2.304027875652536750e-04,1.077799224853515625e+01
5.467999999999999972e+01,-2.773287997115403414e-04,-2.318071783520281315e-04,1.077797889709472656e+01
5.471999999999999886e+01,-2.790010767057538033e-04,-2.339605998713523149e-04,1.077796936035156250e+01
5.475999999999999801e+01,-2.806187258101999760e-04,-2.348552516195923090e-04,1.077795886993408203e+01
5.480000000000000426e+01,-2.824444381985813379e-04,-2.362804661970585585e-04,1.077795124053955078e+01
5.484000000000000341e+01,-2.840881061274558306e-04,-2.378617209615185857e-04,1.077793884277343750e+01
5.488000000000000256e+01,-2.865587885025888681e-04,-2.390268491581082344e-04,1.077793025970458984e+01
5.492000000000000171e+01,-2.880412212107330561e-04,-2.405040722806006670e-04,1.077791213989257812e+01
5.496000000000000085e+01,-2.895392535720020533e-04,-2.420436940155923367e-04,1.077790164947509766e+01
5.500000000000000000e+01,-2.913077478297054768e-04,-2.439682430122047663e-04,1.077788734436035156e+01
5.503999999999999915e+01,-2.930580521933734417e-04,-2.444467681925743818e-04,1.077787876129150391e+01
5.507999999999999829e+01,-2.936483942903578281e-04,-2.465273719280958176e-04,1.077786064147949219e+01
5.512000000000000455e+01,-2.963453880511224270e-04,-2.479317772667855024e-04,1.077785015106201172e+01
5.516000000000000369e+01,-2.978304110001772642e-04,-2.489720645826309919e-04,1.077783679962158203e+01
5.520000000000000284e+01,-2.996119146700948477e-04,-2.505637239664793015e-04,1.077782154083251953e+01
5.524000000000000199e+01,-3.020175790879875422e-04,-2.520409179851412773e-04,1.077781486511230469e+01
5.528000000000000114e+01,-3.034558030776679516e-04,-2.539134584367275238e-04,1.077780151367187500e+01
5.532000000000000028e+01,-3.040305455215275288e-04,-2.544856397435069084e-04,1.077778625488281250e+01
5.535999999999999943e+01,-3.059499140363186598e-04,-2.560564607847481966e-04,1.077777671813964844e+01
5.539999999999999858e+01,-3.085402131546288729e-04,-2.580642467364668846e-04,1.077775955200195312e+01
5.543999999999999773e+01,-3.100694739259779453e-04,-2.594374527689069510e-04,1.077774810791015625e+01
5.548000000000000398e+01,-3.118223685305565596e-04,-2.600096049718558788e-04,1.077773666381835938e+01
5.552000000000000313e+01,-3.132891724817454815e-04,-2.616844722069799900e-04,1.077772712707519531e+01
5.556000000000000227e+01,-3.149770491290837526e-04,-2.631408860906958580e-04,1.077771186828613281e+01
5.560000000000000142e+01,-3.173723234795033932e-04,-2.652214607223868370e-04,1.077769947052001953e+01
5.564000000000000057e+01,-3.179496852681040764e-04,-2.665322390384972095e-04,1.077768516540527344e+01
5.567999999999999972e+01,-3.199158236384391785e-04,-2.671460097189992666e-04,1.077767848968505859e+01
5.571999999999999886e+01,-3.223111270926892757e-04,-2.689145330805331469e-04,1.077766418457031250e+01
5.575999999999999801e+01,-3.229794965591281652e-04,-2.704229264054447412e-04,1.077765846252441406e+01
5.580000000000000426e+01,-3.256972704548388720e-04,-2.719417680054903030e-04,1.077764511108398438e+01
5.584000000000000341e+01,-3.271120658610016108e-04,-2.734814188443124294e-04,1.077762699127197266e+01
5.588000000000000256e+01,-3.288389707449823618e-04,-2.748233964666724205e-04,1.077761173248291016e+01
5.592000000000000171e+01,-3.302823752164840698e-04,-2.763734373729676008e-04,1.077759838104248047e+01
5.596000000000000085e+01,-3.320716787129640579e-04,-2.777882327791303396e-04,1.077758502960205078e+01
5.600000000000000000e+01,-3.337049274705350399e-04,-2.792446466628462076e-04,1.077757549285888672e+01
5.603999999999999915e+01,-3.350963233970105648e-04,-2.807426790241152048e-04,1.077756118774414062e+01
5.607999999999999829e+01,-3.370910708326846361e-04,-2.820950467139482498e-04,1.077754783630371094e+01
5.612000000000000455e+01,-3.394603554625064135e-04,-2.836242783814668655e-04,1.077753925323486328e+01
5.616000000000000369e+01,-3.409869677852839231e-04,-2.846333663910627365e-04,1.077753162384033203e+01
5.620000000000000284e+01,-3.426254552323371172e-04,-2.860273525584489107e-04,1.077752208709716797e+01
5.624000000000000199e+01,-3.442378947511315346e-04,-2.876398211810737848e-04,1.077750587463378906e+01
5.628000000000000114e+01,-3.448464849498122931e-04,-2.892002521548420191e-04,1.077749443054199219e+01
5.632000000000000028e+01,-3.475928679108619690e-04,-2.900116960518062115e-04,1.077747821807861328e+01
5.635999999999999943e+01,-3.491741081234067678e-04,-2.916449739132076502e-04,1.077746295928955078e+01
5.639999999999999858e+01,-3.507943474687635899e-04,-2.932678034994751215e-04,1.077745437622070312e+01
5.643999999999999773e+01,-3.524458152242004871e-04,-2.947866450995206833e-04,1.077744865417480469e+01
5.648000000000000398e+01,-3.550309338606894016e-04,-2.957437245640903711e-04,1.077743530273437500e+01
5.652000000000000313e+01,-3.556239244062453508e-04,-2.975642273668199778e-04,1.077742195129394531e+01
5.656000000000000227e+01,-3.574340371415019035e-04,-2.985109167639166117e-04,1.077740573883056641e+01
5.660000000000000142e+01,-3.600295458454638720e-04,-3.001129371114075184e-04,1.077739620208740234e+01
5.664000000000000057e+01,-3.612518776208162308e-04,-3.019126597791910172e-04,1.077738571166992188e+01
5.667999999999999972e+01,-3.622115473262965679e-04,-3.027969214599579573e-04,1.077736759185791016e+01
5.671999999999999886e+01,-3.650229482445865870e-04,-3.045966150239109993e-04,1.077735328674316406e+01
5.675999999999999801e+01,-3.662947274278849363e-04,-3.065003547817468643e-04,1.077734565734863281e+01
5.680000000000000426e+01,-3.680684312712401152e-04,-3.075406420975923538e-04,1.077732658386230469e+01
5.684000000000000341e+01,-3.694441693369299173e-04,-3.089242381975054741e-04,1.077731513977050781e+01
5.688000000000000256e+01,-3.720839449670165777e-04,-3.100789617747068405e-04,1.077730274200439453e+01
5.692000000000000171e+01,-3.726430877577513456e-04,-3.117850574199110270e-04,1.077729034423828125e+01
5.696000000000000085e+01,-3.744636196643114090e-04,-3.135639417450875044e-04,1.077728176116943359e+01
5.700000000000000000e+01,-3.762165142688900232e-04,-3.145730297546833754e-04,1.077726840972900391e+01
5.703999999999999915e+01,-3.788016038015484810e-04,-3.162063076160848141e-04,1.077725410461425781e+01
5.707999999999999829e+01,-3.802840365096926689e-04,-3.180268104188144207e-04,1.077723789215087891e+01
5.712000000000000455e+01,-3.817300603259354830e-04,-3.189630806446075439e-04,1.077723026275634766e+01
5.716000000000000369e+01,-3.833555092569440603e-04,-3.205443208571523428e-04,1.077721977233886719e+01
5.720000000000000284e+01,-3.850616049021482468e-04,-3.215637989342212677e-04,1.077720546722412109e+01
5.724000000000000199e+01,-3.865387989208102226e-04,-3.236548218410462141e-04,1.077719593048095703e+01
5.728000000000000114e+01,-3.881902666762471199e-04,-3.245702828280627728e-04,1.077718448638916016e+01
5.732000000000000028e+01,-3.908248036168515682e-04,-3.257665957789868116e-04,1.077717494964599609e+01
5.735999999999999943e+01,-3.921017632819712162e-04,-3.276911447755992413e-04,1.077715587615966797e+01
5.739999999999999858e+01,-3.938910958822816610e-04,-3.286169958300888538e-04,1.077714633941650391e+01
5.743999999999999773e+01,-3.954462881665676832e-04,-3.311136970296502113e-04,1.077713775634765625e+01
5.748000000000000398e+01,-3.971731930505484343e-04,-3.319251409266144037e-04,1.077711963653564453e+01
5.752000000000000313e+01,-3.987830423284322023e-04,-3.331318730488419533e-04,1.077710914611816406e+01
5.756000000000000227e+01,-4.003044741693884134e-04,-3.351396590005606413e-04,1.077709484100341797e+01
5.760000000000000142e+01,-4.021743661724030972e-04,-3.359823022037744522e-04,1.077708816528320312e+01
5.764000000000000057e+01,-4.038076440338045359e-04,-3.380004491191357374e-04,1.077706909179687500e+01
5.767999999999999972e+01,-4.055111203342676163e-04,-3.390303463675081730e-04,1.077705860137939453e+01
5.771999999999999886e+01,-4.080052312929183245e-04,-3.404035232961177826e-04,1.077704715728759766e+01
5.775999999999999801e+01,-4.095266631338745356e-04,-3.415374376345425844e-04,1.077703762054443359e+01
5.780000000000000426e+01,-4.109882574994117022e-04,-3.426505427341908216e-04,1.077702522277832031e+01
5.784000000000000341e+01,-4.126111161895096302e-04,-3.446479386184364557e-04,1.077701663970947266e+01
5.788000000000000256e+01,-4.133601323701441288e-04,-3.457818529568612576e-04,1.077699947357177734e+01
5.792000000000000171e+01,-4.152820911258459091e-04,-3.477167920209467411e-04,1.077698135375976562e+01
5.796000000000000085e+01,-4.177527443971484900e-04,-3.482993633951991796e-04,1.077697086334228516e+01
5.800000000000000000e+01,-4.192195774521678686e-04,-3.503383195493370295e-04,1.077695751190185547e+01
5.803999999999999915e+01,-4.209698527120053768e-04,-3.521900507621467113e-04,1.077694606781005859e+01
5.807999999999999829e+01,-4.225927405059337616e-04,-3.526061482261866331e-04,1.077693748474121094e+01
5.812000000000000455e+01,-4.253078659530729055e-04,-3.546867519617080688e-04,1.077692222595214844e+01
5.816000000000000369e+01,-4.255575477145612240e-04,-3.552589041646569967e-04,1.077691078186035156e+01
5.820000000000000284e+01,-4.274508683010935783e-04,-3.577244351617991924e-04,1.077690029144287109e+01
5.824000000000000199e+01,-4.299007705412805080e-04,-3.583382058423012495e-04,1.077688884735107422e+01
5.828000000000000114e+01,-4.315990081522613764e-04,-3.598881885409355164e-04,1.077687358856201172e+01
5.832000000000000028e+01,-4.320853622630238533e-04,-3.623016818892210722e-04,1.077685928344726562e+01
5.835999999999999943e+01,-4.349253722466528416e-04,-3.627490077633410692e-04,1.077684211730957031e+01
5.839999999999999858e+01,-4.362699401099234819e-04,-3.643926756922155619e-04,1.077684020996093750e+01
5.843999999999999773e+01,-4.389382665976881981e-04,-3.657866909634321928e-04,1.077682971954345703e+01
5.848000000000000398e+01,-4.393153940327465534e-04,-3.673575411085039377e-04,1.077681636810302734e+01
5.852000000000000313e+01,-4.412399430293589830e-04,-3.688659344334155321e-04,1.077680301666259766e+01
5.856000000000000227e+01,-4.437314055394381285e-04,-3.703535476233810186e-04,1.077678680419921875e+01
5.860000000000000142e+01,-4.443711950443685055e-04,-3.708424919750541449e-04,1.077677249908447266e+01
5.864000000000000057e+01,-4.469329142011702061e-04,-3.734536294359713793e-04,1.077676296234130859e+01
5.867999999999999972e+01,-4.485583922360092402e-04,-3.749412717297673225e-04,1.077675056457519531e+01
5.871999999999999886e+01,-4.500329669099301100e-04,-3.755134239327162504e-04,1.077673530578613281e+01
5.875999999999999801e+01,-4.517936613410711288e-04,-3.771674819290637970e-04,1.077672672271728516e+01
5.880000000000000426e+01,-4.532760940492153168e-04,-3.786238667089492083e-04,1.077671527862548828e+01
5.884000000000000341e+01,-4.550237790681421757e-04,-3.801322891376912594e-04,1.077670192718505859e+01
5.888000000000000256e+01,-4.564749542623758316e-04,-3.815366944763809443e-04,1.077669334411621094e+01
5.892000000000000171e+01,-4.584359121508896351e-04,-3.821400750894099474e-04,1.077667999267578125e+01
5.896000000000000085e+01,-4.598299274221062660e-04,-3.847512125503271818e-04,1.077666473388671875e+01
5.900000000000000000e+01,-4.617024096660315990e-04,-3.861867880914360285e-04,1.077665710449218750e+01
5.903999999999999915e+01,-4.630729963537305593e-04,-3.876223927363753319e-04,1.077664375305175781e+01
5.907999999999999829e+01,-4.659624246414750814e-04,-3.890684165526181459e-04,1.077662944793701172e+01
5.912000000000000455e+01,-4.662797146011143923e-04,-3.904520126525312662e-04,1.077661514282226562e+01
5.916000000000000369e+01,-4.691561043728142977e-04,-3.911177918780595064e-04,1.077660560607910156e+01
5.920000000000000284e+01,-4.704018647316843271e-04,-3.929279046133160591e-04,1.077659320831298828e+01
5.924000000000000199e+01,-4.721521690953522921e-04,-3.942490438930690289e-04,1.077658557891845703e+01
5.928000000000000114e+01,-4.738816060125827789e-04,-3.959031309932470322e-04,1.077656650543212891e+01
5.932000000000000028e+01,-4.763575270771980286e-04,-3.974011633545160294e-04,1.077655696868896484e+01
5.935999999999999943e+01,-4.767970531247556210e-04,-3.988575772382318974e-04,1.077654170989990234e+01
5.939999999999999858e+01,-4.789192171301692724e-04,-4.003451904281973839e-04,1.077652835845947266e+01
5.943999999999999773e+01,-4.813119012396782637e-04,-4.017600149381905794e-04,1.077651309967041016e+01
5.948000000000000398e+01,-4.826330696232616901e-04,-4.032787983305752277e-04,1.077650451660156250e+01
5.952000000000000313e+01,-4.833404673263430595e-04,-4.046832036692649126e-04,1.077649116516113281e+01
5.956000000000000227e+01,-4.862974747084081173e-04,-4.062748630531132221e-04,1.077647781372070312e+01
5.960000000000000142e+01,-4.877981264144182205e-04,-4.076792392879724503e-04,1.077646923065185547e+01
5.964000000000000057e+01,-4.891868447884917259e-04,-4.081369843333959579e-04,1.077645587921142578e+01
5.967999999999999972e+01,-4.908201517537236214e-04,-4.098222125321626663e-04,1.077644824981689453e+01
5.971999999999999886e+01,-4.932934534735977650e-04,-4.113410541322082281e-04,1.077643013000488281e+01
5.975999999999999801e+01,-4.939410137012600899e-04,-4.128078871872276068e-04,1.077641868591308594e+01
5.980000000000000426e+01,-4.957381170243024826e-04,-4.143475089222192764e-04,1.077640533447265625e+01
5.984000000000000341e+01,-4.974753828719258308e-04,-4.159183590672910213e-04,1.077639579772949219e+01
5.988000000000000256e+01,-5.000240635126829147e-04,-4.174371715635061264e-04,1.077637863159179688e+01
5.992000000000000171e+01,-5.015169153921306133e-04,-4.180509422440081835e-04,1.077636718750000000e+01
5.996000000000000085e+01,-5.030175670981407166e-04,-4.196426016278564930e-04,1.077635383605957031e+01
6.000000000000000000e+01,-5.046247388236224651e-04,-4.220352857373654842e-04,1.077634429931640625e+01
6.003999999999999915e+01,-5.062580457888543606e-04,-4.234292719047516584e-04,1.077633285522460938e+01
6.007999999999999829e+01,-5.078366957604885101e-04,-4.238869587425142527e-04,1.077631855010986328e+01
6.012000000000000455e+01,-5.104893934912979603e-04,-4.254058003425598145e-04,1.077630805969238281e+01
6.016000000000000369e+01,-5.118365515954792500e-04,-4.270286590326577425e-04,1.077629756927490234e+01
6.020000000000000284e+01,-5.134724196977913380e-04,-4.285475006327033043e-04,1.077628326416015625e+01
6.024000000000000199e+01,-5.150172510184347630e-04,-4.292340890970081091e-04,1.077627277374267578e+01
6.028000000000000114e+01,-5.166894989088177681e-04,-4.316891427151858807e-04,1.077626037597656250e+01
6.032000000000000028e+01,-5.184710025787353516e-04,-4.330727388150990009e-04,1.077624702453613281e+01
6.035999999999999943e+01,-5.199793959036469460e-04,-4.346331988926976919e-04,1.077623176574707031e+01
6.039999999999999858e+01,-5.216074641793966293e-04,-4.351429524831473827e-04,1.077622413635253906e+01
6.043999999999999773e+01,-5.234071868471801281e-04,-4.376396245788782835e-04,1.077621173858642578e+01
6.048000000000000398e+01,-5.249676178209483624e-04,-4.380869504529982805e-04,1.077619647979736328e+01
6.052000000000000313e+01,-5.268453387543559074e-04,-4.396161821205168962e-04,1.077618122100830078e+01
6.056000000000000227e+01,-5.285149672999978065e-04,-4.413222777657210827e-04,1.077616596221923828e+01
6.060000000000000142e+01,-5.309986881911754608e-04,-4.425914376042783260e-04,1.077615070343017578e+01
6.064000000000000057e+01,-5.324316443875432014e-04,-4.442350473254919052e-04,1.077614784240722656e+01
6.067999999999999972e+01,-5.340102943591773510e-04,-4.457850882317870855e-04,1.077613830566406250e+01
6.071999999999999886e+01,-5.356851615943014622e-04,-4.471478750929236412e-04,1.077612400054931641e+01
6.075999999999999801e+01,-5.363873788155615330e-04,-4.487395344767719507e-04,1.077610874176025391e+01
6.080000000000000426e+01,-5.390999140217900276e-04,-4.492700973059982061e-04,1.077610015869140625e+01
6.084000000000000341e+01,-5.405042902566492558e-04,-4.517771594692021608e-04,1.077608680725097656e+01
6.088000000000000256e+01,-5.421713576652109623e-04,-4.522557137534022331e-04,1.077607250213623047e+01
6.092000000000000171e+01,-5.438254447653889656e-04,-4.546171694528311491e-04,1.077605628967285156e+01
6.096000000000000085e+01,-5.465483991429209709e-04,-4.551685415208339691e-04,1.077604866027832031e+01
6.100000000000000000e+01,-5.467018345370888710e-04,-4.567809519357979298e-04,1.077603435516357422e+01
6.103999999999999915e+01,-5.487538292072713375e-04,-4.582894034683704376e-04,1.077602577209472656e+01
6.107999999999999829e+01,-5.512244533747434616e-04,-4.598290252033621073e-04,1.077600955963134766e+01
6.112000000000000455e+01,-5.526418681256473064e-04,-4.611501935869455338e-04,1.077599143981933594e+01
6.116000000000000369e+01,-5.544727318920195103e-04,-4.628250317182391882e-04,1.077598381042480469e+01
6.120000000000000284e+01,-5.559057462960481644e-04,-4.641254199668765068e-04,1.077596950531005859e+01
6.124000000000000199e+01,-5.576950497925281525e-04,-4.657066601794213057e-04,1.077596187591552734e+01
6.128000000000000114e+01,-5.592138622887432575e-04,-4.671110655181109905e-04,1.077595043182373047e+01
6.132000000000000028e+01,-5.608574720099568367e-04,-4.677351971622556448e-04,1.077593708038330078e+01
6.135999999999999943e+01,-5.626077763736248016e-04,-4.701174912042915821e-04,1.077592182159423828e+01
6.139999999999999858e+01,-5.651824758388102055e-04,-4.706688341684639454e-04,1.077591419219970703e+01
6.143999999999999773e+01,-5.654867854900658131e-04,-4.732071247417479753e-04,1.077590084075927734e+01
6.148000000000000398e+01,-5.683631752617657185e-04,-4.736752598546445370e-04,1.077588558197021484e+01
6.152000000000000313e+01,-5.697129527106881142e-04,-4.753085377160459757e-04,1.077587127685546875e+01
6.156000000000000227e+01,-5.712811835110187531e-04,-4.768793878611177206e-04,1.077586078643798828e+01
6.160000000000000142e+01,-5.730028497055172920e-04,-4.783670010510832071e-04,1.077584934234619141e+01
6.164000000000000057e+01,-5.745503003709018230e-04,-4.789807426277548075e-04,1.077583599090576172e+01
6.167999999999999972e+01,-5.762147484347224236e-04,-4.816334985662251711e-04,1.077582454681396484e+01
6.171999999999999886e+01,-5.788960843347012997e-04,-4.829338577110320330e-04,1.077581310272216797e+01
6.175999999999999801e+01,-5.791873554699122906e-04,-4.836204752791672945e-04,1.077579879760742188e+01
6.180000000000000426e+01,-5.821730010211467743e-04,-4.851080593653023243e-04,1.077578926086425781e+01
6.184000000000000341e+01,-5.826333072036504745e-04,-4.875215527135878801e-04,1.077577590942382812e+01
6.188000000000000256e+01,-5.854914779774844646e-04,-4.880312772002071142e-04,1.077576828002929688e+01
6.192000000000000171e+01,-5.868542939424514771e-04,-4.896541358903050423e-04,1.077574920654296875e+01
6.196000000000000085e+01,-5.885187420062720776e-04,-4.909856943413615227e-04,1.077573776245117188e+01
6.200000000000000000e+01,-5.900141550227999687e-04,-4.917763289995491505e-04,1.077572441101074219e+01
6.203999999999999915e+01,-5.908567691221833229e-04,-4.942833911627531052e-04,1.077571582794189453e+01
6.207999999999999829e+01,-5.937721580266952515e-04,-4.955733311362564564e-04,1.077570343017578125e+01
6.212000000000000455e+01,-5.951193161308765411e-04,-4.970922018401324749e-04,1.077569007873535156e+01
6.216000000000000369e+01,-5.976524553261697292e-04,-4.975915653631091118e-04,1.077568149566650391e+01
6.220000000000000284e+01,-5.981673602946102619e-04,-4.992351750843226910e-04,1.077566242218017578e+01
6.224000000000000199e+01,-5.999800632707774639e-04,-5.007332074455916882e-04,1.077564525604248047e+01
6.228000000000000114e+01,-6.025157636031508446e-04,-5.032194894738495350e-04,1.077563571929931641e+01
6.232000000000000028e+01,-6.040033767931163311e-04,-5.043637938797473907e-04,1.077562236785888672e+01
6.235999999999999943e+01,-6.045235204510390759e-04,-5.051232292316854000e-04,1.077560806274414062e+01
6.239999999999999858e+01,-6.076236022636294365e-04,-5.066524608992040157e-04,1.077559852600097656e+01
6.244000000000000483e+01,-6.087730871513485909e-04,-5.082649295218288898e-04,1.077558708190917969e+01
6.248000000000000398e+01,-6.104323547333478928e-04,-5.095860688015818596e-04,1.077557086944580078e+01
6.252000000000000313e+01,-6.130070541985332966e-04,-5.110320635139942169e-04,1.077556419372558594e+01
6.256000000000000227e+01,-6.135141593404114246e-04,-5.125300958752632141e-04,1.077555751800537109e+01
6.260000000000000142e+01,-6.153294816613197327e-04,-5.131646757945418358e-04,1.077554702758789062e+01
6.264000000000000057e+01,-6.171135464683175087e-04,-5.148187046870589256e-04,1.077553272247314453e+01
6.267999999999999972e+01,-6.197090842761099339e-04,-5.163375171832740307e-04,1.077551841735839844e+01
6.271999999999999886e+01,-6.210692226886749268e-04,-5.179708241485059261e-04,1.077550220489501953e+01
6.275999999999999801e+01,-6.227233097888529301e-04,-5.193231627345085144e-04,1.077548789978027344e+01
6.280000000000000426e+01,-6.242654635570943356e-04,-5.209356313571333885e-04,1.077548313140869141e+01
6.284000000000000341e+01,-6.257453351281583309e-04,-5.223295884206891060e-04,1.077547359466552734e+01
6.288000000000000256e+01,-6.273681647144258022e-04,-5.238484009169042110e-04,1.077545928955078125e+01
6.292000000000000171e+01,-6.299974629655480385e-04,-5.253776325844228268e-04,1.077544307708740234e+01
6.296000000000000085e+01,-6.315188948065042496e-04,-5.267820088192820549e-04,1.077543354034423828e+01
6.300000000000000000e+01,-6.329778698273003101e-04,-5.283216596581041813e-04,1.077542018890380859e+01
6.303999999999999915e+01,-6.345149013213813305e-04,-5.296948365867137909e-04,1.077540493011474609e+01
6.307999999999999829e+01,-6.362262065522372723e-04,-5.312344874255359173e-04,1.077539062500000000e+01
6.312000000000000455e+01,-6.377293611876666546e-04,-5.317962495610117912e-04,1.077537918090820312e+01
6.316000000000000369e+01,-6.395342643372714520e-04,-5.333670414984226227e-04,1.077536106109619141e+01
6.320000000000000284e+01,-6.410348578356206417e-04,-5.348962731659412384e-04,1.077535152435302734e+01
6.324000000000000199e+01,-6.427201442420482635e-04,-5.364150856621563435e-04,1.077533912658691406e+01
6.328000000000000114e+01,-6.444184109568595886e-04,-5.380171351134777069e-04,1.077532386779785156e+01
6.332000000000000028e+01,-6.462024757638573647e-04,-5.395671469159424305e-04,1.077531623840332031e+01
6.335999999999999943e+01,-6.478747236542403698e-04,-5.408258875831961632e-04,1.077530384063720703e+01
6.339999999999999858e+01,-6.494741537608206272e-04,-5.423655384220182896e-04,1.077529525756835938e+01
6.344000000000000483e+01,-6.520670722238719463e-04,-5.437075160443782806e-04,1.077527809143066406e+01
6.348000000000000398e+01,-6.535729044117033482e-04,-5.451326724141836166e-04,1.077526664733886719e+01
6.352000000000000313e+01,-6.550188409164547920e-04,-5.468387389555573463e-04,1.077525329589843750e+01
6.356000000000000227e+01,-6.566963274963200092e-04,-5.472548655234277248e-04,1.077524566650390625e+01
6.360000000000000142e+01,-6.585116498172283173e-04,-5.490649491548538208e-04,1.077523326873779297e+01
6.364000000000000057e+01,-6.599186453968286514e-04,-5.513536161743104458e-04,1.077521800994873047e+01
6.367999999999999972e+01,-6.616064929403364658e-04,-5.528100300580263138e-04,1.077520942687988281e+01
6.371999999999999886e+01,-6.631590658798813820e-04,-5.532469367608428001e-04,1.077519226074218750e+01
6.375999999999999801e+01,-6.648989510722458363e-04,-5.548489862121641636e-04,1.077518177032470703e+01
6.380000000000000426e+01,-6.674710894003510475e-04,-5.564822349697351456e-04,1.077517318725585938e+01
6.384000000000000341e+01,-6.689742440357804298e-04,-5.579282296821475029e-04,1.077515506744384766e+01
6.388000000000000256e+01,-6.693799514323472977e-04,-5.594574613496661186e-04,1.077514457702636719e+01
6.392000000000000171e+01,-6.723031401634216309e-04,-5.610178341157734394e-04,1.077513599395751953e+01
6.396000000000000085e+01,-6.737049552612006664e-04,-5.614651599898934364e-04,1.077512454986572266e+01
6.400000000000000000e+01,-6.753694033250212669e-04,-5.641387542709708214e-04,1.077510929107666016e+01
6.404000000000000625e+01,-6.770078325644135475e-04,-5.644924240186810493e-04,1.077509498596191406e+01
6.407999999999999829e+01,-6.784928264096379280e-04,-5.661464529111981392e-04,1.077508449554443359e+01
6.412000000000000455e+01,-6.802144926041364670e-04,-5.686223157681524754e-04,1.077507305145263672e+01
6.415999999999999659e+01,-6.829244084656238556e-04,-5.689656245522201061e-04,1.077506351470947266e+01
6.420000000000000284e+01,-6.834783707745373249e-04,-5.706925294362008572e-04,1.077504444122314453e+01
6.423999999999999488e+01,-6.859725108370184898e-04,-5.720137269236147404e-04,1.077502822875976562e+01
6.428000000000000114e+01,-6.876135012134909630e-04,-5.737197352573275566e-04,1.077501678466796875e+01
6.432000000000000739e+01,-6.890621152706444263e-04,-5.750097334384918213e-04,1.077500438690185547e+01
6.435999999999999943e+01,-6.907396018505096436e-04,-5.764453089796006680e-04,1.077499675750732422e+01
6.440000000000000568e+01,-6.913975230418145657e-04,-5.770694697275757790e-04,1.077498340606689453e+01
6.443999999999999773e+01,-6.944221677258610725e-04,-5.795973702333867550e-04,1.077497196197509766e+01
6.448000000000000398e+01,-6.966457003727555275e-04,-5.801070947200059891e-04,1.077495574951171875e+01
6.451999999999999602e+01,-6.970384274609386921e-04,-5.825725966133177280e-04,1.077494716644287109e+01
6.456000000000000227e+01,-6.999460747465491295e-04,-5.829471047036349773e-04,1.077493286132812500e+01
6.459999999999999432e+01,-7.002919446676969528e-04,-5.854957853443920612e-04,1.077491950988769531e+01
6.464000000000000057e+01,-7.031474960967898369e-04,-5.859431112185120583e-04,1.077490997314453125e+01
6.468000000000000682e+01,-7.035505841486155987e-04,-5.878052324987947941e-04,1.077489757537841797e+01
6.471999999999999886e+01,-7.065310492180287838e-04,-5.891160108149051666e-04,1.077488422393798828e+01
6.476000000000000512e+01,-7.077220943756401539e-04,-5.905932048335671425e-04,1.077487277984619141e+01
6.479999999999999716e+01,-7.095764740370213985e-04,-5.921015981584787369e-04,1.077486038208007812e+01
6.484000000000000341e+01,-7.109834696166217327e-04,-5.935060326009988785e-04,1.077484893798828125e+01
6.487999999999999545e+01,-7.136933272704482079e-04,-5.940573755651712418e-04,1.077483844757080078e+01
6.492000000000000171e+01,-7.140080560930073261e-04,-5.966892931610345840e-04,1.077482509613037109e+01
6.496000000000000796e+01,-7.170560420490801334e-04,-5.971261998638510704e-04,1.077480983734130859e+01
6.500000000000000000e+01,-7.181431283243000507e-04,-5.986762116663157940e-04,1.077480125427246094e+01
6.504000000000000625e+01,-7.190586184151470661e-04,-6.003406597301363945e-04,1.077478790283203125e+01
6.507999999999999829e+01,-7.217840757220983505e-04,-6.018386920914053917e-04,1.077477359771728516e+01
6.512000000000000455e+01,-7.231702911667525768e-04,-6.032326491549611092e-04,1.077475738525390625e+01
6.515999999999999659e+01,-7.247489411383867264e-04,-6.048658979125320911e-04,1.077474784851074219e+01
6.520000000000000284e+01,-7.265355670824646950e-04,-6.063118926249444485e-04,1.077473545074462891e+01
6.523999999999999488e+01,-7.282520527951419353e-04,-6.076330901123583317e-04,1.077472019195556641e+01
6.528000000000000114e+01,-7.295940304175019264e-04,-6.082988111302256584e-04,1.077471065521240234e+01
6.532000000000000739e+01,-7.323429454118013382e-04,-6.108683883212506771e-04,1.077469253540039062e+01
6.535999999999999943e+01,-7.337629795074462891e-04,-6.121479091234505177e-04,1.077468395233154297e+01
6.540000000000000568e+01,-7.344157202169299126e-04,-6.128241075202822685e-04,1.077466964721679688e+01
6.543999999999999773e+01,-7.362179458141326904e-04,-6.143533391878008842e-04,1.077466392517089844e+01
6.548000000000000398e+01,-7.390371756628155708e-04,-6.168604013510048389e-04,1.077465248107910156e+01
6.551999999999999602e+01,-7.403504569083452225e-04,-6.181399221532046795e-04,1.077464199066162109e+01
6.556000000000000227e+01,-7.419473258778452873e-04,-6.186496466398239136e-04,1.077463054656982422e+01
6.559999999999999432e+01,-7.436326122842729092e-04,-6.203661323525011539e-04,1.077461528778076172e+01
6.564000000000000057e+01,-7.450499106198549271e-04,-6.217913469299674034e-04,1.077460098266601562e+01
6.568000000000000682e+01,-7.478275219909846783e-04,-6.231436855159699917e-04,1.077459144592285156e+01
6.571999999999999886e+01,-7.489873678423464298e-04,-6.238198839128017426e-04,1.077457904815673828e+01
6.576000000000000512e+01,-7.506934925913810730e-04,-6.255467305891215801e-04,1.077456378936767578e+01
6.579999999999999716e+01,-7.522279047407209873e-04,-6.280018133111298084e-04,1.077454853057861328e+01
6.584000000000000341e+01,-7.538793142884969711e-04,-6.293334299698472023e-04,1.077453804016113281e+01
6.587999999999999545e+01,-7.554683252237737179e-04,-6.308002048172056675e-04,1.077452564239501953e+01
6.592000000000000171e+01,-7.569637964479625225e-04,-6.321733817458152771e-04,1.077451133728027344e+01
6.596000000000000796e+01,-7.586645660921931267e-04,-6.328807794488966465e-04,1.077450180053710938e+01
6.600000000000000000e+01,-7.601808174513280392e-04,-6.344307912513613701e-04,1.077448749542236328e+01
6.604000000000000625e+01,-7.619778625667095184e-04,-6.360744591802358627e-04,1.077448081970214844e+01
6.607999999999999829e+01,-7.636813097633421421e-04,-6.374996155500411987e-04,1.077446174621582031e+01
6.612000000000000455e+01,-7.651871419511735439e-04,-6.390600465238094330e-04,1.077445125579833984e+01
6.615999999999999659e+01,-7.668749894946813583e-04,-6.405060412362217903e-04,1.077444171905517578e+01
6.620000000000000284e+01,-7.686642929911613464e-04,-6.419208366423845291e-04,1.077442741394042969e+01
6.623999999999999488e+01,-7.703728624619543552e-04,-6.433980306610465050e-04,1.077441406250000000e+01
6.628000000000000114e+01,-7.728643831796944141e-04,-6.448648637160658836e-04,1.077440071105957031e+01
6.632000000000000739e+01,-7.742583984509110451e-04,-6.463212193921208382e-04,1.077438831329345703e+01
6.635999999999999943e+01,-7.758265710435807705e-04,-6.478192517533898354e-04,1.077437210083007812e+01
6.640000000000000568e+01,-7.776054553687572479e-04,-6.492339889518916607e-04,1.077435779571533203e+01
6.643999999999999773e+01,-7.791320094838738441e-04,-6.497333524748682976e-04,1.077435493469238281e+01
6.648000000000000398e+01,-7.817717851139605045e-04,-6.513146217912435532e-04,1.077434444427490234e+01
6.651999999999999602e+01,-7.831787224858999252e-04,-6.527813966386020184e-04,1.077433109283447266e+01
6.656000000000000227e+01,-7.847105152904987335e-04,-6.543418276123702526e-04,1.077431583404541016e+01
6.659999999999999432e+01,-7.854881696403026581e-04,-6.558293825946748257e-04,1.077430343627929688e+01
6.664000000000000057e+01,-7.881200290285050869e-04,-6.574730505235493183e-04,1.077429962158203125e+01
6.668000000000000682e+01,-7.897429168224334717e-04,-6.588254473172128201e-04,1.077428722381591797e+01
6.671999999999999886e+01,-7.913422887213528156e-04,-6.595536251552402973e-04,1.077427291870117188e+01
6.676000000000000512e+01,-7.938311900943517685e-04,-6.610827986150979996e-04,1.077425861358642578e+01
6.679999999999999716e+01,-7.941146614030003548e-04,-6.627056864090263844e-04,1.077424240112304688e+01
6.684000000000000341e+01,-7.962055969983339310e-04,-6.650671130046248436e-04,1.077422714233398438e+01
6.687999999999999545e+01,-7.987490389496088028e-04,-6.664402899332344532e-04,1.077421188354492188e+01
6.692000000000000171e+01,-8.001378155313432217e-04,-6.667939596809446812e-04,1.077419662475585938e+01
6.696000000000000796e+01,-8.008816512301564217e-04,-6.683960091322660446e-04,1.077418136596679688e+01
6.700000000000000000e+01,-8.035239297896623611e-04,-6.700500962324440479e-04,1.077417373657226562e+01
6.704000000000000625e+01,-8.051051408983767033e-04,-6.716000498272478580e-04,1.077416992187500000e+01
6.707999999999999829e+01,-8.066316950134932995e-04,-6.729316664859652519e-04,1.077416133880615234e+01
6.712000000000000455e+01,-8.082884014584124088e-04,-6.744400598108768463e-04,1.077414798736572266e+01
6.715999999999999659e+01,-8.108630427159368992e-04,-6.759380921721458435e-04,1.077413654327392578e+01
6.720000000000000284e+01,-8.113181684166193008e-04,-6.764373974874615669e-04,1.077412319183349609e+01
6.723999999999999488e+01,-8.132114890031516552e-04,-6.789757171645760536e-04,1.077410793304443359e+01
6.728000000000000114e+01,-8.159760036505758762e-04,-6.803020369261503220e-04,1.077409172058105469e+01
6.732000000000000739e+01,-8.170917280949652195e-04,-6.808377802371978760e-04,1.077408313751220703e+01
6.735999999999999943e+01,-8.189277723431587219e-04,-6.825282471254467964e-04,1.077405738830566406e+01
6.740000000000000568e+01,-8.202931494452059269e-04,-6.849573110230267048e-04,1.077404594421386719e+01
6.743999999999999773e+01,-8.221760508604347706e-04,-6.852382211945950985e-04,1.077403163909912109e+01
6.748000000000000398e+01,-8.235440473072230816e-04,-6.869545904919505119e-04,1.077401924133300781e+01
6.751999999999999602e+01,-8.254958083853125572e-04,-6.893681129440665245e-04,1.077401256561279297e+01
6.756000000000000227e+01,-8.269196841865777969e-04,-6.896698032505810261e-04,1.077400588989257812e+01
6.759999999999999432e+01,-8.296113810501992702e-04,-6.914433906786143780e-04,1.077398872375488281e+01
6.764000000000000057e+01,-8.299286710098385811e-04,-6.928218062967061996e-04,1.077397918701171875e+01
6.768000000000000682e+01,-8.329350384883582592e-04,-6.943406187929213047e-04,1.077397060394287109e+01
6.771999999999999886e+01,-8.340455824509263039e-04,-6.948920199647545815e-04,1.077396583557128906e+01
6.776000000000000512e+01,-8.358790073543787003e-04,-6.975498981773853302e-04,1.077394580841064453e+01
6.779999999999999716e+01,-8.373991586267948151e-04,-6.978775491006672382e-04,1.077393436431884766e+01
6.784000000000000341e+01,-8.390219300054013729e-04,-7.004367071203887463e-04,1.077392482757568359e+01
6.787999999999999545e+01,-8.406694978475570679e-04,-7.008268148638308048e-04,1.077390861511230469e+01
6.792000000000000171e+01,-8.423964027315378189e-04,-7.026004604995250702e-04,1.077389812469482422e+01
6.796000000000000796e+01,-8.449164452031254768e-04,-7.039424381218850613e-04,1.077387714385986328e+01
6.800000000000000000e+01,-8.463493431918323040e-04,-7.056277245283126831e-04,1.077386474609375000e+01
6.804000000000000625e+01,-8.468825253657996655e-04,-7.070840219967067242e-04,1.077385807037353516e+01
6.807999999999999829e+01,-8.499539108015596867e-04,-7.085768738761544228e-04,1.077385139465332031e+01
6.812000000000000455e+01,-8.512035710737109184e-04,-7.100800867192447186e-04,1.077383327484130859e+01
6.815999999999999659e+01,-8.528302423655986786e-04,-7.105846307240426540e-04,1.077382373809814453e+01
6.820000000000000284e+01,-8.542580762878060341e-04,-7.131384918466210365e-04,1.077381706237792969e+01
6.823999999999999488e+01,-8.562410366721451283e-04,-7.136222557164728642e-04,1.077379703521728516e+01
6.828000000000000114e+01,-8.577325497753918171e-04,-7.162073743529617786e-04,1.077377510070800781e+01
6.832000000000000739e+01,-8.594932733103632927e-04,-7.174504571594297886e-04,1.077376174926757812e+01
6.835999999999999943e+01,-8.609326905570924282e-04,-7.178977830335497856e-04,1.077375316619873047e+01
6.840000000000000568e+01,-8.637765422463417053e-04,-7.205557194538414478e-04,1.077374649047851562e+01
6.843999999999999773e+01,-8.650600211694836617e-04,-7.209406467154622078e-04,1.077373123168945312e+01
6.848000000000000398e+01,-8.665787754580378532e-04,-7.225426379591226578e-04,1.077372074127197266e+01
6.851999999999999602e+01,-8.681599865667521954e-04,-7.248832844197750092e-04,1.077371311187744141e+01
6.856000000000000227e+01,-8.697502780705690384e-04,-7.253618096001446247e-04,1.077369594573974609e+01
6.860000000000000853e+01,-8.713601273484528065e-04,-7.269533816725015640e-04,1.077368545532226562e+01
6.864000000000000057e+01,-8.738918695598840714e-04,-7.275255629792809486e-04,1.077367687225341797e+01
6.868000000000000682e+01,-8.753951406106352806e-04,-7.302095182240009308e-04,1.077367019653320312e+01
6.871999999999999886e+01,-8.768605766817927361e-04,-7.314474205486476421e-04,1.077365303039550781e+01
6.876000000000000512e+01,-8.785497630015015602e-04,-7.321964367292821407e-04,1.077364158630371094e+01
6.879999999999999716e+01,-8.801387157291173935e-04,-7.337256683968007565e-04,1.077362251281738281e+01
6.884000000000000341e+01,-8.817758643999695778e-04,-7.350780069828033447e-04,1.077361106872558594e+01
6.887999999999999545e+01,-8.834168547764420509e-04,-7.376786670647561550e-04,1.077360248565673828e+01
6.892000000000000171e+01,-8.850631420500576496e-04,-7.380428141914308071e-04,1.077358531951904297e+01
6.896000000000000796e+01,-8.867210126481950283e-04,-7.395772263407707214e-04,1.077357482910156250e+01
6.900000000000000000e+01,-8.883152622729539871e-04,-7.410908001475036144e-04,1.077356433868408203e+01
6.904000000000000625e+01,-8.901448454707860947e-04,-7.425055955536663532e-04,1.077354812622070312e+01
6.907999999999999829e+01,-8.918339153751730919e-04,-7.431089761666953564e-04,1.077353572845458984e+01
6.912000000000000455e+01,-8.942382992245256901e-04,-7.457200554199516773e-04,1.077351474761962891e+01
6.915999999999999659e+01,-8.957895915955305099e-04,-7.471452117897570133e-04,1.077350234985351562e+01
6.920000000000000284e+01,-8.973903604783117771e-04,-7.485392270609736443e-04,1.077348423004150391e+01
6.923999999999999488e+01,-8.990105125121772289e-04,-7.499799830839037895e-04,1.077348518371582031e+01
6.928000000000000114e+01,-9.007400367408990860e-04,-7.513739401474595070e-04,1.077347087860107422e+01
6.932000000000000739e+01,-9.032197413034737110e-04,-7.518837228417396545e-04,1.077346324920654297e+01
6.935999999999999943e+01,-9.035669500008225441e-04,-7.536105113103985786e-04,1.077344608306884766e+01
6.940000000000000568e+01,-9.053925750777125359e-04,-7.550981245003640652e-04,1.077343368530273438e+01
6.943999999999999773e+01,-9.071584208868443966e-04,-7.565857958979904652e-04,1.077341270446777344e+01
6.948000000000000398e+01,-9.096186840906739235e-04,-7.581253303214907646e-04,1.077341461181640625e+01
6.951999999999999602e+01,-9.111634572036564350e-04,-7.595401257276535034e-04,1.077340221405029297e+01
6.956000000000000227e+01,-9.128071251325309277e-04,-7.609757594764232635e-04,1.077339172363281250e+01
6.960000000000000853e+01,-9.142543422058224678e-04,-7.623800775036215782e-04,1.077337360382080078e+01
6.964000000000000057e+01,-9.159188484773039818e-04,-7.638312526978552341e-04,1.077336215972900391e+01
6.968000000000000682e+01,-9.175871382467448711e-04,-7.652564672753214836e-04,1.077335357666015625e+01
6.971999999999999886e+01,-9.202138171531260014e-04,-7.667284226045012474e-04,1.077334594726562500e+01
6.976000000000000512e+01,-9.204283705912530422e-04,-7.681692368350923061e-04,1.077332782745361328e+01
6.979999999999999716e+01,-9.225088870152831078e-04,-7.686842000111937523e-04,1.077330684661865234e+01
6.984000000000000341e+01,-9.250588482245802879e-04,-7.707230979576706886e-04,1.077330493927001953e+01
6.987999999999999545e+01,-9.254502365365624428e-04,-7.729649078100919724e-04,1.077328968048095703e+01
6.992000000000000171e+01,-9.283265681006014347e-04,-7.743224268779158592e-04,1.077328014373779297e+01
6.996000000000000796e+01,-9.297530632466077805e-04,-7.746865157969295979e-04,1.077325820922851562e+01
7.000000000000000000e+01,-9.312874171882867813e-04,-7.763250032439827919e-04,1.077324771881103516e+01
7.004000000000000625e+01,-9.328908054158091545e-04,-7.777762366458773613e-04,1.077324008941650391e+01
7.007999999999999829e+01,-9.354069479741156101e-04,-7.793105905875563622e-04,1.077322101593017578e+01
7.012000000000000455e+01,-9.359205723740160465e-04,-7.807826041243970394e-04,1.077321052551269531e+01
7.015999999999999659e+01,-9.385758894495666027e-04,-7.823690539225935936e-04,1.077320098876953125e+01
7.020000000000000284e+01,-9.390517952851951122e-04,-7.839190075173974037e-04,1.077318477630615234e+01
7.023999999999999488e+01,-9.420008864253759384e-04,-7.844599895179271698e-04,1.077317237854003906e+01
7.028000000000000114e+01,-9.433675440959632397e-04,-7.862024940550327301e-04,1.077315521240234375e+01
7.032000000000000739e+01,-9.449396166019141674e-04,-7.877420284785330296e-04,1.077314472198486328e+01
7.035999999999999943e+01,-9.467679774388670921e-04,-7.902335491962730885e-04,1.077313423156738281e+01
7.040000000000000568e+01,-9.482763125561177731e-04,-7.904208032414317131e-04,1.077311801910400391e+01
7.043999999999999773e+01,-9.509809897281229496e-04,-7.921112119220197201e-04,1.077310848236083984e+01
7.048000000000000398e+01,-9.512332617305219173e-04,-7.936040055938065052e-04,1.077310085296630859e+01
7.051999999999999602e+01,-9.531109244562685490e-04,-7.952632149681448936e-04,1.077309513092041016e+01
7.056000000000000227e+01,-9.556998847983777523e-04,-7.965323748067021370e-04,1.077307891845703125e+01
7.060000000000000853e+01,-9.561550104990601540e-04,-7.981136441230773926e-04,1.077305698394775391e+01
7.064000000000000057e+01,-9.589429246261715889e-04,-7.996063795872032642e-04,1.077305507659912109e+01
7.068000000000000682e+01,-9.602953214198350906e-04,-8.000953239388763905e-04,1.077303886413574219e+01
7.071999999999999886e+01,-9.621443459764122963e-04,-8.026543655432760715e-04,1.077302932739257812e+01
7.076000000000000512e+01,-9.636566974222660065e-04,-8.039391250349581242e-04,1.077301025390625000e+01
7.079999999999999716e+01,-9.652808075770735741e-04,-8.045737049542367458e-04,1.077299976348876953e+01
7.084000000000000341e+01,-9.677851921878755093e-04,-8.070287294685840607e-04,1.077299118041992188e+01
7.087999999999999545e+01,-9.690790320746600628e-04,-8.074032375589013100e-04,1.077298355102539062e+01
7.092000000000000171e+01,-9.697175119072198868e-04,-8.089740877039730549e-04,1.077296638488769531e+01
7.096000000000000796e+01,-9.727056603878736496e-04,-8.106956956908106804e-04,1.077295398712158203e+01
7.100000000000000000e+01,-9.739852393977344036e-04,-8.120480924844741821e-04,1.077293395996093750e+01
7.104000000000000625e+01,-9.755690116435289383e-04,-8.136604446917772293e-04,1.077292346954345703e+01
7.107999999999999829e+01,-9.770370088517665863e-04,-8.150076610036194324e-04,1.077290439605712891e+01
7.112000000000000455e+01,-9.789082687348127365e-04,-8.164380560629069805e-04,1.077289199829101562e+01
7.115999999999999659e+01,-9.805414592847228050e-04,-8.170570363290607929e-04,1.077288722991943359e+01
7.120000000000000284e+01,-9.821746498346328735e-04,-8.195900591090321541e-04,1.077288055419921875e+01
7.123999999999999488e+01,-9.837220422923564911e-04,-8.200790034607052803e-04,1.077287387847900391e+01
7.128000000000000114e+01,-9.863891173154115677e-04,-8.224456105381250381e-04,1.077285671234130859e+01
7.132000000000000739e+01,-9.879013523459434509e-04,-8.229657541960477829e-04,1.077284431457519531e+01
7.135999999999999943e+01,-9.893460664898157120e-04,-8.254623971879482269e-04,1.077283477783203125e+01
7.140000000000000568e+01,-9.909714572131633759e-04,-8.257692679762840271e-04,1.077281665802001953e+01
7.143999999999999773e+01,-9.925435297191143036e-04,-8.275741711258888245e-04,1.077280426025390625e+01
7.148000000000000398e+01,-9.940948802977800369e-04,-8.290669647976756096e-04,1.077279758453369141e+01
7.151999999999999602e+01,-9.956434369087219238e-04,-8.306221570819616318e-04,1.077277851104736328e+01
7.156000000000000227e+01,-9.983169147744774818e-04,-8.320368942804634571e-04,1.077276611328125000e+01
7.160000000000000853e+01,-9.997186716645956039e-04,-8.334672893397510052e-04,1.077275943756103516e+01
7.164000000000000057e+01,-1.001407857984304428e-03,-8.349237614311277866e-04,1.077274131774902344e+01
7.168000000000000682e+01,-1.002942211925983429e-03,-8.363332599401473999e-04,1.077272891998291016e+01
7.171999999999999886e+01,-1.004589721560478210e-03,-8.378729107789695263e-04,1.077272224426269531e+01
7.176000000000000512e+01,-1.006255508400499821e-03,-8.393032476305961609e-04,1.077269172668457031e+01
7.179999999999999716e+01,-1.007977058179676533e-03,-8.398129721172153950e-04,1.077267742156982422e+01
7.184000000000000341e+01,-1.009478932246565819e-03,-8.424968691542744637e-04,1.077266883850097656e+01
7.187999999999999545e+01,-1.011395710520446301e-03,-8.436620119027793407e-04,1.077266597747802734e+01
7.192000000000000171e+01,-1.013767439872026443e-03,-8.442965918220579624e-04,1.077264785766601562e+01
7.196000000000000796e+01,-1.015205634757876396e-03,-8.457165677100419998e-04,1.077263641357421875e+01
7.200000000000000000e+01,-1.016799826174974442e-03,-8.475318318232893944e-04,1.077263069152832031e+01
7.204000000000000625e+01,-1.018356299027800560e-03,-8.489154279232025146e-04,1.077262496948242188e+01
7.207999999999999829e+01,-1.020222320221364498e-03,-8.503145072609186172e-04,1.077260494232177734e+01
7.212000000000000455e+01,-1.020657946355640888e-03,-8.519841940142214298e-04,1.077259445190429688e+01
7.215999999999999659e+01,-1.023538177832961082e-03,-8.533780928701162338e-04,1.077257442474365234e+01
7.220000000000000284e+01,-1.024880097247660160e-03,-8.549125632271170616e-04,1.077256298065185547e+01
7.223999999999999488e+01,-1.026583486236631870e-03,-8.553703082725405693e-04,1.077255535125732422e+01
7.228000000000000114e+01,-1.028296072036027908e-03,-8.571282960474491119e-04,1.077254962921142578e+01
7.232000000000000739e+01,-1.030881074257194996e-03,-8.594846003688871861e-04,1.077253246307373047e+01
7.235999999999999943e+01,-1.032221713103353977e-03,-8.609149372205138206e-04,1.077251911163330078e+01
7.240000000000000568e+01,-1.032841973938047886e-03,-8.613466634415090084e-04,1.077250003814697266e+01
7.243999999999999773e+01,-1.035680528730154037e-03,-8.630110532976686954e-04,1.077248954772949219e+01
7.248000000000000398e+01,-1.036973088048398495e-03,-8.645246853120625019e-04,1.077247905731201172e+01
7.251999999999999602e+01,-1.038772752508521080e-03,-8.659446612000465393e-04,1.077247333526611328e+01
7.256000000000000227e+01,-1.040125032886862755e-03,-8.673125994391739368e-04,1.077246856689453125e+01
7.260000000000000853e+01,-1.041940413415431976e-03,-8.689250098541378975e-04,1.077245140075683594e+01
7.264000000000000057e+01,-1.044358941726386547e-03,-8.704490028321743011e-04,1.077243995666503906e+01
7.268000000000000682e+01,-1.045869896188378334e-03,-8.719730540178716183e-04,1.077243232727050781e+01
7.271999999999999886e+01,-1.046483754180371761e-03,-8.733721333555877209e-04,1.077240180969238281e+01
7.276000000000000512e+01,-1.049278071150183678e-03,-8.747817482799291611e-04,1.077238368988037109e+01
7.279999999999999716e+01,-1.050786464475095272e-03,-8.762849029153585434e-04,1.077237415313720703e+01
7.284000000000000341e+01,-1.052232459187507629e-03,-8.775436435826122761e-04,1.077236557006835938e+01
7.287999999999999545e+01,-1.053937128745019436e-03,-8.789532585069537163e-04,1.077234745025634766e+01
7.292000000000000171e+01,-1.056571607477962971e-03,-8.796865586191415787e-04,1.077233505249023438e+01
7.296000000000000796e+01,-1.056868117302656174e-03,-8.813718450255692005e-04,1.077232742309570312e+01
7.300000000000000000e+01,-1.059715752489864826e-03,-8.828438003547489643e-04,1.077230834960937500e+01
7.304000000000000625e+01,-1.060137175954878330e-03,-8.844198309816420078e-04,1.077229785919189453e+01
7.307999999999999829e+01,-1.062941853888332844e-03,-8.859438239596784115e-04,1.077227783203125000e+01
7.312000000000000455e+01,-1.063317642547190189e-03,-8.873637998476624489e-04,1.077226734161376953e+01
7.315999999999999659e+01,-1.066318829543888569e-03,-8.889918099157512188e-04,1.077227115631103516e+01
7.320000000000000284e+01,-1.067491713911294937e-03,-8.903754060156643391e-04,1.077226066589355469e+01
7.323999999999999488e+01,-1.069133984856307507e-03,-8.918785606510937214e-04,1.077225208282470703e+01
7.328000000000000114e+01,-1.070716534741222858e-03,-8.933609933592379093e-04,1.077223587036132812e+01
7.332000000000000739e+01,-1.072517479769885540e-03,-8.948746253736317158e-04,1.077222442626953125e+01
7.335999999999999943e+01,-1.074059633538126945e-03,-8.953426731750369072e-04,1.077221679687500000e+01
7.340000000000000568e+01,-1.076605636626482010e-03,-8.969551417976617813e-04,1.077219772338867188e+01
7.343999999999999773e+01,-1.077076420187950134e-03,-8.993009105324745178e-04,1.077218627929687500e+01
7.348000000000000398e+01,-1.079989131540060043e-03,-9.004452149383723736e-04,1.077216625213623047e+01
7.351999999999999602e+01,-1.081328489817678928e-03,-9.019587887451052666e-04,1.077215480804443359e+01
7.356000000000000227e+01,-1.083856332115828991e-03,-9.033579844981431961e-04,1.077214622497558594e+01
7.360000000000000853e+01,-1.084278803318738937e-03,-9.037376730702817440e-04,1.077214050292968750e+01
7.364000000000000057e+01,-1.086029107682406902e-03,-9.054333204403519630e-04,1.077212333679199219e+01
7.368000000000000682e+01,-1.088722026906907558e-03,-9.069365332834422588e-04,1.077211284637451172e+01
7.371999999999999886e+01,-1.089937868528068066e-03,-9.085749043151736259e-04,1.077209377288818359e+01
7.376000000000000512e+01,-1.090660807676613331e-03,-9.100781171582639217e-04,1.077208042144775391e+01
7.379999999999999716e+01,-1.093597034923732281e-03,-9.106970392167568207e-04,1.077207279205322266e+01
7.384000000000000341e+01,-1.094915438443422318e-03,-9.131884435191750526e-04,1.077206611633300781e+01
7.387999999999999545e+01,-1.096548628993332386e-03,-9.145876392722129822e-04,1.077204799652099609e+01
7.392000000000000171e+01,-1.099133747629821301e-03,-9.159764740616083145e-04,1.077203655242919922e+01
7.396000000000000796e+01,-1.099552493542432785e-03,-9.166421950794756413e-04,1.077202892303466797e+01
7.400000000000000000e+01,-1.101564033888280392e-03,-9.182754438370466232e-04,1.077201175689697266e+01
7.404000000000000625e+01,-1.103038550354540348e-03,-9.206628310494124889e-04,1.077200031280517578e+01
7.407999999999999829e+01,-1.104823895730078220e-03,-9.210217394866049290e-04,1.077198028564453125e+01
7.412000000000000455e+01,-1.107338699512183666e-03,-9.226965485140681267e-04,1.077198123931884766e+01
7.415999999999999659e+01,-1.108795055188238621e-03,-9.250579169020056725e-04,1.077196502685546875e+01
7.420000000000000284e+01,-1.110294368118047714e-03,-9.253648458980023861e-04,1.077194595336914062e+01
7.423999999999999488e+01,-1.111996476538479328e-03,-9.269720758311450481e-04,1.077193164825439453e+01
7.428000000000000114e+01,-1.113452832214534283e-03,-9.285792475566267967e-04,1.077192306518554688e+01
7.432000000000000739e+01,-1.115044462494552135e-03,-9.300044621340930462e-04,1.077190494537353516e+01
7.435999999999999943e+01,-1.117758220061659813e-03,-9.315492352470755577e-04,1.077189350128173828e+01
7.440000000000000568e+01,-1.119132619351148605e-03,-9.320329409092664719e-04,1.077188491821289062e+01
7.443999999999999773e+01,-1.120608532801270485e-03,-9.346388396807014942e-04,1.077186775207519531e+01
7.448000000000000398e+01,-1.122341840527951717e-03,-9.349665488116443157e-04,1.077185726165771484e+01
7.451999999999999602e+01,-1.123792957514524460e-03,-9.375775698572397232e-04,1.077184772491455078e+01
7.456000000000000227e+01,-1.125626382417976856e-03,-9.388311300426721573e-04,1.077183055877685547e+01
7.460000000000000853e+01,-1.127268769778311253e-03,-9.394188527949154377e-04,1.077183055877685547e+01
7.464000000000000057e+01,-1.128884963691234589e-03,-9.420039132237434387e-04,1.077181625366210938e+01
7.468000000000000682e+01,-1.130485674366354942e-03,-9.423107840120792389e-04,1.077179527282714844e+01
7.471999999999999886e+01,-1.132299657911062241e-03,-9.448906057514250278e-04,1.077178192138671875e+01
7.476000000000000512e+01,-1.134752063080668449e-03,-9.453015518374741077e-04,1.077177429199218750e+01
7.479999999999999716e+01,-1.136101782321929932e-03,-9.459673310630023479e-04,1.077176761627197266e+01
7.484000000000000341e+01,-1.137653132900595665e-03,-9.486824274063110352e-04,1.077174663543701172e+01
7.487999999999999545e+01,-1.139353844337165356e-03,-9.489789372310042381e-04,1.077173709869384766e+01
7.492000000000000171e+01,-1.140949316322803497e-03,-9.516784339211881161e-04,1.077171993255615234e+01
7.496000000000000796e+01,-1.143573434092104435e-03,-9.520060848444700241e-04,1.077172088623046875e+01
7.500000000000000000e+01,-1.143760629929602146e-03,-9.547732188366353512e-04,1.077170467376708984e+01
7.504000000000000625e+01,-1.145720132626593113e-03,-9.558654273860156536e-04,1.077169513702392578e+01
7.507999999999999829e+01,-1.147361239418387413e-03,-9.563647909089922905e-04,1.077167510986328125e+01
7.512000000000000455e+01,-1.149930641986429691e-03,-9.589654509909451008e-04,1.077166652679443359e+01
7.515999999999999659e+01,-1.151203643530607224e-03,-9.591578855179250240e-04,1.077164554595947266e+01
7.520000000000000284e+01,-1.152936951257288456e-03,-9.609368280507624149e-04,1.077164554595947266e+01
7.523999999999999488e+01,-1.154710655100643635e-03,-9.624503436498343945e-04,1.077163028717041016e+01
7.528000000000000114e+01,-1.156120095402002335e-03,-9.638859191909432411e-04,1.077162170410156250e+01
7.532000000000000739e+01,-1.157826161943376064e-03,-9.652746957726776600e-04,1.077160072326660156e+01
7.535999999999999943e+01,-1.159482751972973347e-03,-9.668454295024275780e-04,1.077158927917480469e+01
7.540000000000000568e+01,-1.162144471891224384e-03,-9.683018433861434460e-04,1.077156829833984375e+01
7.543999999999999773e+01,-1.162457861937582493e-03,-9.696490014903247356e-04,1.077155590057373047e+01
7.548000000000000398e+01,-1.165256137028336525e-03,-9.712146129459142685e-04,1.077155017852783203e+01
7.551999999999999602e+01,-1.166646135970950127e-03,-9.726449497975409031e-04,1.077153205871582031e+01
7.556000000000000227e+01,-1.168441958725452423e-03,-9.740389650687575340e-04,1.077152156829833984e+01
7.560000000000000853e+01,-1.169847557321190834e-03,-9.745694114826619625e-04,1.077150344848632812e+01
7.564000000000000057e+01,-1.171553507447242737e-03,-9.773053461685776711e-04,1.077150249481201172e+01
7.568000000000000682e+01,-1.174195786006748676e-03,-9.785536676645278931e-04,1.077149963378906250e+01
7.571999999999999886e+01,-1.174516975879669189e-03,-9.791570482775568962e-04,1.077147960662841797e+01
7.576000000000000512e+01,-1.177397207356989384e-03,-9.808526374399662018e-04,1.077146720886230469e+01
7.579999999999999716e+01,-1.177665079012513161e-03,-9.822309948503971100e-04,1.077145957946777344e+01
7.584000000000000341e+01,-1.180640072561800480e-03,-9.835625533014535904e-04,1.077143001556396484e+01
7.587999999999999545e+01,-1.181993749924004078e-03,-9.853466181084513664e-04,1.077141284942626953e+01
7.592000000000000171e+01,-1.183586660772562027e-03,-9.867561748251318932e-04,1.077140522003173828e+01
7.596000000000000796e+01,-1.186093664728105068e-03,-9.883320890367031097e-04,1.077139854431152344e+01
7.600000000000000000e+01,-1.186472014524042606e-03,-9.897000854834914207e-04,1.077138328552246094e+01
7.604000000000000625e+01,-1.189369126223027706e-03,-9.910732042044401169e-04,1.077137184143066406e+01
7.607999999999999829e+01,-1.189633039757609367e-03,-9.925139602273702621e-04,1.077136516571044922e+01
7.612000000000000455e+01,-1.192566589452326298e-03,-9.930445812642574310e-04,1.077134704589843750e+01
7.615999999999999659e+01,-1.193803153000771999e-03,-9.947401704266667366e-04,1.077133464813232422e+01
7.620000000000000284e+01,-1.195535180158913136e-03,-9.962329640984535217e-04,1.077132606506347656e+01
7.623999999999999488e+01,-1.197012374177575111e-03,-9.978505549952387810e-04,1.077131938934326172e+01
7.628000000000000114e+01,-1.199728692881762981e-03,-9.990832768380641937e-04,1.077131271362304688e+01
7.632000000000000739e+01,-1.199965365231037140e-03,-1.000711228698492050e-03,1.077129459381103516e+01
7.635999999999999943e+01,-1.201950944960117340e-03,-1.002001226879656315e-03,1.077128124237060547e+01
7.640000000000000568e+01,-1.204441068693995476e-03,-1.003436744213104248e-03,1.077126121520996094e+01
7.643999999999999773e+01,-1.204910455271601677e-03,-1.004929537884891033e-03,1.077124881744384766e+01
7.648000000000000398e+01,-1.207868685014545918e-03,-1.006193459033966064e-03,1.077124118804931641e+01
7.651999999999999602e+01,-1.209152047522366047e-03,-1.006999751552939415e-03,1.077123641967773438e+01
7.656000000000000227e+01,-1.210720278322696686e-03,-1.008690102025866508e-03,1.077121639251708984e+01
7.660000000000000853e+01,-1.212410628795623779e-03,-1.010229694657027721e-03,1.077119350433349609e+01
7.664000000000000057e+01,-1.214158255606889725e-03,-1.011790125630795956e-03,1.077118110656738281e+01
7.668000000000000682e+01,-1.215630210936069489e-03,-1.013345317915081978e-03,1.077117252349853516e+01
7.671999999999999886e+01,-1.218328368850052357e-03,-1.015852321870625019e-03,1.077116584777832031e+01
7.676000000000000512e+01,-1.219635130837559700e-03,-1.016902970150113106e-03,1.077115821838378906e+01
7.679999999999999716e+01,-1.221209880895912647e-03,-1.018255366943776608e-03,1.077114200592041016e+01
7.684000000000000341e+01,-1.221792306751012802e-03,-1.019831281155347824e-03,1.077113342285156250e+01
7.687999999999999545e+01,-1.224844250828027725e-03,-1.021142117679119110e-03,1.077112483978271484e+01
7.692000000000000171e+01,-1.226348686031997204e-03,-1.021584146656095982e-03,1.077110576629638672e+01
7.696000000000000796e+01,-1.227811560966074467e-03,-1.023300574161112309e-03,1.077108192443847656e+01
7.700000000000000000e+01,-1.229383517056703568e-03,-1.024834928102791309e-03,1.077106857299804688e+01
7.704000000000000625e+01,-1.230958267115056515e-03,-1.026286045089364052e-03,1.077105712890625000e+01
7.707999999999999829e+01,-1.233821501955389977e-03,-1.027986989356577396e-03,1.077103996276855469e+01
7.712000000000000455e+01,-1.235000905580818653e-03,-1.028507133014500141e-03,1.077102851867675781e+01
7.715999999999999659e+01,-1.236567739397287369e-03,-1.030967221595346928e-03,1.077101993560791016e+01
7.720000000000000284e+01,-1.238255528733134270e-03,-1.032293657772243023e-03,1.077100181579589844e+01
7.723999999999999488e+01,-1.239791163243353367e-03,-1.033848850056529045e-03,1.077099037170410156e+01
7.728000000000000114e+01,-1.241420512087643147e-03,-1.034207758493721485e-03,1.077098274230957031e+01
7.732000000000000739e+01,-1.243045786395668983e-03,-1.035944907926023006e-03,1.077096462249755859e+01
7.735999999999999943e+01,-1.244542538188397884e-03,-1.038457150571048260e-03,1.077096462249755859e+01
7.740000000000000568e+01,-1.246300525963306427e-03,-1.039695111103355885e-03,1.077095413208007812e+01
7.743999999999999773e+01,-1.247912878170609474e-03,-1.040074857883155346e-03,1.077094745635986328e+01
7.748000000000000398e+01,-1.249614986591041088e-03,-1.041801646351814270e-03,1.077093887329101562e+01
7.751999999999999602e+01,-1.251164940185844898e-03,-1.044287811964750290e-03,1.077092170715332031e+01
7.756000000000000227e+01,-1.253865775652229786e-03,-1.044485485181212425e-03,1.077091026306152344e+01
7.760000000000000853e+01,-1.254974864423274994e-03,-1.046201912686228752e-03,1.077089214324951172e+01
7.764000000000000057e+01,-1.256630173884332180e-03,-1.047809142619371414e-03,1.077088069915771484e+01
7.768000000000000682e+01,-1.258272444829344749e-03,-1.049270620569586754e-03,1.077087116241455078e+01
7.771999999999999886e+01,-1.259934273548424244e-03,-1.050628256052732468e-03,1.077085113525390625e+01
7.776000000000000512e+01,-1.262490637600421906e-03,-1.051241997629404068e-03,1.077083778381347656e+01
7.779999999999999716e+01,-1.263651764020323753e-03,-1.053868560120463371e-03,1.077082920074462891e+01
7.784000000000000341e+01,-1.265396829694509506e-03,-1.055189757607877254e-03,1.077082252502441406e+01
7.787999999999999545e+01,-1.267040381208062172e-03,-1.055735978297889233e-03,1.077080631256103516e+01
7.792000000000000171e+01,-1.268680091015994549e-03,-1.058310503140091896e-03,1.077079391479492188e+01
7.796000000000000796e+01,-1.271330052986741066e-03,-1.058622612617909908e-03,1.077077293395996094e+01
7.800000000000000000e+01,-1.271492568776011467e-03,-1.061270013451576233e-03,1.077077388763427734e+01
7.804000000000000625e+01,-1.273561385460197926e-03,-1.061452087014913559e-03,1.077075958251953125e+01
7.807999999999999829e+01,-1.276018912903964520e-03,-1.063309027813374996e-03,1.077074909210205078e+01
7.812000000000000455e+01,-1.277382951229810715e-03,-1.064744545146822929e-03,1.077073097229003906e+01
7.815999999999999659e+01,-1.279195654205977917e-03,-1.066252938471734524e-03,1.077071475982666016e+01
7.820000000000000284e+01,-1.280524535104632378e-03,-1.067662495188415051e-03,1.077070713043212891e+01
7.823999999999999488e+01,-1.282277284190058708e-03,-1.069181249476969242e-03,1.077068996429443359e+01
7.828000000000000114e+01,-1.283957273699343204e-03,-1.070611644536256790e-03,1.077067947387695312e+01
7.832000000000000739e+01,-1.286564394831657410e-03,-1.072192797437310219e-03,1.077065849304199219e+01
7.835999999999999943e+01,-1.286838785745203495e-03,-1.073529478162527084e-03,1.077065944671630859e+01
7.840000000000000568e+01,-1.289715059101581573e-03,-1.074049621820449829e-03,1.077064418792724609e+01
7.843999999999999773e+01,-1.291017979383468628e-03,-1.076702261343598366e-03,1.077062320709228516e+01
7.848000000000000398e+01,-1.291757798753678799e-03,-1.077045570127665997e-03,1.077062129974365234e+01
7.851999999999999602e+01,-1.294645830057561398e-03,-1.079651527106761932e-03,1.077060699462890625e+01
7.856000000000000227e+01,-1.296100788749754429e-03,-1.080894493497908115e-03,1.077058601379394531e+01
7.860000000000000853e+01,-1.297605340369045734e-03,-1.081305439583957195e-03,1.077058696746826172e+01
7.864000000000000057e+01,-1.299308729358017445e-03,-1.083911280147731304e-03,1.077057170867919922e+01
7.868000000000000682e+01,-1.300843083299696445e-03,-1.084374147467315197e-03,1.077054882049560547e+01
7.871999999999999886e+01,-1.302506076171994209e-03,-1.085903379134833813e-03,1.077054882049560547e+01
7.876000000000000512e+01,-1.305312151089310646e-03,-1.087520970031619072e-03,1.077053260803222656e+01
7.879999999999999716e+01,-1.306364079937338829e-03,-1.089081401005387306e-03,1.077051067352294922e+01
7.884000000000000341e+01,-1.308150705881416798e-03,-1.090412843041121960e-03,1.077050971984863281e+01
7.887999999999999545e+01,-1.309478306211531162e-03,-1.092092948965728283e-03,1.077049446105957031e+01
7.892000000000000171e+01,-1.311336411163210869e-03,-1.093544065952301025e-03,1.077048397064208984e+01
7.896000000000000796e+01,-1.312868203967809677e-03,-1.094849547371268272e-03,1.077046489715576172e+01
7.900000000000000000e+01,-1.315427245572209358e-03,-1.096311141736805439e-03,1.077046585083007812e+01
7.904000000000000625e+01,-1.315747038461267948e-03,-1.097814296372234821e-03,1.077044868469238281e+01
7.907999999999999829e+01,-1.318794908002018929e-03,-1.099333050660789013e-03,1.077042865753173828e+01
7.912000000000000455e+01,-1.319965231232345104e-03,-1.100674970075488091e-03,1.077041530609130859e+01
7.915999999999999659e+01,-1.321694580838084221e-03,-1.101252390071749687e-03,1.077039623260498047e+01
7.920000000000000284e+01,-1.323278411291539669e-03,-1.102911541238427162e-03,1.077039527893066406e+01
7.923999999999999488e+01,-1.324767246842384338e-03,-1.104336697608232498e-03,1.077038002014160156e+01
7.928000000000000114e+01,-1.326551195234060287e-03,-1.106937299482524395e-03,1.077037048339843750e+01
7.932000000000000739e+01,-1.328185666352510452e-03,-1.107956864871084690e-03,1.077035140991210938e+01
7.935999999999999943e+01,-1.330886385403573513e-03,-1.108596567064523697e-03,1.077034091949462891e+01
7.940000000000000568e+01,-1.332030631601810455e-03,-1.110255834646522999e-03,1.077033233642578125e+01
7.943999999999999773e+01,-1.333587104454636574e-03,-1.111790188588202000e-03,1.077032279968261719e+01
7.948000000000000398e+01,-1.335329492576420307e-03,-1.113126869313418865e-03,1.077030467987060547e+01
7.951999999999999602e+01,-1.336965244263410568e-03,-1.114624901674687862e-03,1.077029228210449219e+01
7.956000000000000227e+01,-1.338452799245715141e-03,-1.115087768994271755e-03,1.077028369903564453e+01
7.960000000000000853e+01,-1.340067829005420208e-03,-1.116897794418036938e-03,1.077026748657226562e+01
7.964000000000000057e+01,-1.342752948403358459e-03,-1.118406187742948532e-03,1.077025699615478516e+01
7.968000000000000682e+01,-1.343950396403670311e-03,-1.120970351621508598e-03,1.077023601531982422e+01
7.971999999999999886e+01,-1.344716409221291542e-03,-1.122234389185905457e-03,1.077022647857666016e+01
7.976000000000000512e+01,-1.346564036794006824e-03,-1.123654306866228580e-03,1.077021884918212891e+01
7.979999999999999716e+01,-1.349359634332358837e-03,-1.125100185163319111e-03,1.077020263671875000e+01
7.984000000000000341e+01,-1.350610516965389252e-03,-1.126639777794480324e-03,1.077020168304443359e+01
7.987999999999999545e+01,-1.352410181425511837e-03,-1.127924537286162376e-03,1.077018642425537109e+01
7.992000000000000171e+01,-1.353869098238646984e-03,-1.128283445723354816e-03,1.077017498016357422e+01
7.996000000000000796e+01,-1.355497050099074841e-03,-1.130015472881495953e-03,1.077016639709472656e+01
8.000000000000000000e+01,-1.357109402306377888e-03,-1.131393713876605034e-03,1.077014636993408203e+01
8.004000000000000625e+01,-1.359773683361709118e-03,-1.132839708589017391e-03,1.077013301849365234e+01
8.007999999999999829e+01,-1.361075323075056076e-03,-1.134415622800588608e-03,1.077012443542480469e+01
8.012000000000000455e+01,-1.362656475976109505e-03,-1.135830418206751347e-03,1.077011680603027344e+01
8.015999999999999659e+01,-1.364415744319558144e-03,-1.137276412919163704e-03,1.077008724212646484e+01
8.020000000000000284e+01,-1.365938223898410797e-03,-1.138748368248343468e-03,1.077007389068603516e+01
8.023999999999999488e+01,-1.367611810564994812e-03,-1.140277483500540257e-03,1.077006530761718750e+01
8.028000000000000114e+01,-1.369255362078547478e-03,-1.141811953857541084e-03,1.077004718780517578e+01
8.032000000000000739e+01,-1.371748046949505806e-03,-1.143247471190989017e-03,1.077003669738769531e+01
8.035999999999999943e+01,-1.372969010844826698e-03,-1.143783214502036572e-03,1.077003002166748047e+01
8.040000000000000568e+01,-1.374621642753481865e-03,-1.145640038885176182e-03,1.077002239227294922e+01
8.043999999999999773e+01,-1.376058557070791721e-03,-1.147065195254981518e-03,1.077001857757568359e+01
8.048000000000000398e+01,-1.377890584990382195e-03,-1.148656709119677544e-03,1.076999950408935547e+01
8.051999999999999602e+01,-1.379405381157994270e-03,-1.151132630184292793e-03,1.076998805999755859e+01
8.056000000000000227e+01,-1.381114125251770020e-03,-1.151241827756166458e-03,1.076997947692871094e+01
8.060000000000000853e+01,-1.383682130835950375e-03,-1.152916578575968742e-03,1.076997089385986328e+01
8.064000000000000057e+01,-1.385096809826791286e-03,-1.154435332864522934e-03,1.076995372772216797e+01
8.068000000000000682e+01,-1.386628602631390095e-03,-1.156052923761308193e-03,1.076993083953857422e+01
8.071999999999999886e+01,-1.388368429616093636e-03,-1.156437792815268040e-03,1.076991748809814453e+01
8.076000000000000512e+01,-1.389745273627340794e-03,-1.159168430604040623e-03,1.076990795135498047e+01
8.079999999999999716e+01,-1.391330501064658165e-03,-1.160432468168437481e-03,1.076990032196044922e+01
8.084000000000000341e+01,-1.393036334775388241e-03,-1.161940745078027248e-03,1.076989269256591797e+01
8.087999999999999545e+01,-1.394752762280404568e-03,-1.162367290817201138e-03,1.076987648010253906e+01
8.092000000000000171e+01,-1.397277927026152611e-03,-1.165082328952848911e-03,1.076986598968505859e+01
8.096000000000000796e+01,-1.398764201439917088e-03,-1.166299334727227688e-03,1.076984596252441406e+01
8.100000000000000000e+01,-1.399224507622420788e-03,-1.166699919849634171e-03,1.076983261108398438e+01
8.104000000000000625e+01,-1.402126625180244446e-03,-1.169430557638406754e-03,1.076982212066650391e+01
8.107999999999999829e+01,-1.403521979227662086e-03,-1.169555471278727055e-03,1.076980400085449219e+01
8.112000000000000455e+01,-1.405222690664231777e-03,-1.171297859400510788e-03,1.076979160308837891e+01
8.115999999999999659e+01,-1.406759722158312798e-03,-1.173778786323964596e-03,1.076978492736816406e+01
8.120000000000000284e+01,-1.408422715030610561e-03,-1.173940021544694901e-03,1.076977634429931641e+01
8.123999999999999488e+01,-1.411011558957397938e-03,-1.175718847662210464e-03,1.076975631713867188e+01
8.128000000000000114e+01,-1.411262550391256809e-03,-1.177066005766391754e-03,1.076974582672119141e+01
8.132000000000000739e+01,-1.414089463651180267e-03,-1.178636797703802586e-03,1.076973915100097656e+01
8.135999999999999943e+01,-1.415539183653891087e-03,-1.180165912955999374e-03,1.076971912384033203e+01
8.140000000000000568e+01,-1.416933024302124977e-03,-1.181611907668411732e-03,1.076970958709716797e+01
8.143999999999999773e+01,-1.418641651980578899e-03,-1.183099462650716305e-03,1.076970005035400391e+01
8.148000000000000398e+01,-1.421286491677165031e-03,-1.184534979984164238e-03,1.076968193054199219e+01
8.151999999999999602e+01,-1.421528402715921402e-03,-1.185991335660219193e-03,1.076966953277587891e+01
8.156000000000000227e+01,-1.424414804205298424e-03,-1.186553039588034153e-03,1.076966094970703125e+01
8.160000000000000853e+01,-1.424732152372598648e-03,-1.189283793792128563e-03,1.076964378356933594e+01
8.164000000000000057e+01,-1.427659066393971443e-03,-1.189606147818267345e-03,1.076963233947753906e+01
8.168000000000000682e+01,-1.429115422070026398e-03,-1.192227704450488091e-03,1.076961231231689453e+01
8.171999999999999886e+01,-1.430660253390669823e-03,-1.192586496472358704e-03,1.076959991455078125e+01
8.176000000000000512e+01,-1.432440243661403656e-03,-1.194152166135609150e-03,1.076959133148193359e+01
8.179999999999999716e+01,-1.434013596735894680e-03,-1.195722841657698154e-03,1.076958560943603516e+01
8.184000000000000341e+01,-1.436671358533203602e-03,-1.197205274365842342e-03,1.076957988739013672e+01
8.187999999999999545e+01,-1.436976948752999306e-03,-1.198703190311789513e-03,1.076956272125244141e+01
8.192000000000000171e+01,-1.439958461560308933e-03,-1.200180267915129662e-03,1.076955318450927734e+01
8.196000000000000796e+01,-1.441101543605327606e-03,-1.201595063321292400e-03,1.076954364776611328e+01
8.200000000000000000e+01,-1.441862084902822971e-03,-1.202968182042241096e-03,1.076952457427978516e+01
8.204000000000000625e+01,-1.444752677343785763e-03,-1.204486936330795288e-03,1.076951122283935547e+01
8.207999999999999829e+01,-1.445998204872012138e-03,-1.204908243380486965e-03,1.076949024200439453e+01
8.212000000000000455e+01,-1.447761547751724720e-03,-1.207722118124365807e-03,1.076948833465576172e+01
8.215999999999999659e+01,-1.449484378099441528e-03,-1.208793604746460915e-03,1.076947593688964844e+01
8.220000000000000284e+01,-1.450927578844130039e-03,-1.209292910061776638e-03,1.076946544647216797e+01
8.223999999999999488e+01,-1.453621895052492619e-03,-1.212065108120441437e-03,1.076944541931152344e+01
8.228000000000000114e+01,-1.454816898331046104e-03,-1.213209470734000206e-03,1.076943206787109375e+01
8.232000000000000739e+01,-1.455416204407811165e-03,-1.213677576743066311e-03,1.076942348480224609e+01
8.235999999999999943e+01,-1.458508311770856380e-03,-1.215336727909743786e-03,1.076940536499023438e+01
8.240000000000000568e+01,-1.459752791561186314e-03,-1.217791694216430187e-03,1.076939582824707031e+01
8.243999999999999773e+01,-1.461406704038381577e-03,-1.218109042383730412e-03,1.076937484741210938e+01
8.248000000000000398e+01,-1.463950029574334621e-03,-1.219856669194996357e-03,1.076937675476074219e+01
8.251999999999999602e+01,-1.465216395445168018e-03,-1.221203710883855820e-03,1.076936054229736328e+01
8.256000000000000227e+01,-1.466753426939249039e-03,-1.221781014464795589e-03,1.076935100555419922e+01
8.260000000000000853e+01,-1.467372290790081024e-03,-1.224620966240763664e-03,1.076934432983398438e+01
8.264000000000000057e+01,-1.470504677854478359e-03,-1.225801650434732437e-03,1.076932525634765625e+01
8.268000000000000682e+01,-1.471747760660946369e-03,-1.227216329425573349e-03,1.076931571960449219e+01
8.271999999999999886e+01,-1.473547425121068954e-03,-1.228568609803915024e-03,1.076929378509521484e+01
8.276000000000000512e+01,-1.475046621635556221e-03,-1.229125191457569599e-03,1.076928424835205078e+01
8.279999999999999716e+01,-1.476626377552747726e-03,-1.230826019309461117e-03,1.076927375793457031e+01
8.284000000000000341e+01,-1.478299964219331741e-03,-1.233338145539164543e-03,1.076925659179687500e+01
8.287999999999999545e+01,-1.480982289649546146e-03,-1.234622905030846596e-03,1.076925468444824219e+01
8.292000000000000171e+01,-1.482362044043838978e-03,-1.236032461747527122e-03,1.076923942565917969e+01
8.296000000000000796e+01,-1.483967760577797890e-03,-1.237400341778993607e-03,1.076923179626464844e+01
8.300000000000000000e+01,-1.485572312958538532e-03,-1.237951684743165970e-03,1.076921272277832031e+01
8.304000000000000625e+01,-1.488079200498759747e-03,-1.239673234522342682e-03,1.076919841766357422e+01
8.307999999999999829e+01,-1.489150803536176682e-03,-1.241228543221950531e-03,1.076919078826904297e+01
8.312000000000000455e+01,-1.490835915319621563e-03,-1.242742058821022511e-03,1.076917266845703125e+01
8.315999999999999659e+01,-1.492288196459412575e-03,-1.244172337464988232e-03,1.076917171478271484e+01
8.320000000000000284e+01,-1.493855146691203117e-03,-1.245649531483650208e-03,1.076915645599365234e+01
8.323999999999999488e+01,-1.495589734986424446e-03,-1.247121486812829971e-03,1.076913452148437500e+01
8.328000000000000114e+01,-1.497148652561008930e-03,-1.248479005880653858e-03,1.076912117004394531e+01
8.332000000000000739e+01,-1.498849363997578621e-03,-1.249987282790243626e-03,1.076911163330078125e+01
8.335999999999999943e+01,-1.500507351011037827e-03,-1.251365640200674534e-03,1.076910400390625000e+01
8.340000000000000568e+01,-1.503127277828752995e-03,-1.252884394489228725e-03,1.076908588409423828e+01
8.343999999999999773e+01,-1.504462794400751591e-03,-1.254293951205909252e-03,1.076907444000244141e+01
8.348000000000000398e+01,-1.505994470790028572e-03,-1.255755429156124592e-03,1.076905441284179688e+01
8.351999999999999602e+01,-1.507719862274825573e-03,-1.257284544408321381e-03,1.076905441284179688e+01
8.356000000000000227e+01,-1.509436173364520073e-03,-1.258673379197716713e-03,1.076903915405273438e+01
8.360000000000000853e+01,-1.510823727585375309e-03,-1.259125885553658009e-03,1.076902866363525391e+01
8.364000000000000057e+01,-1.512506278231739998e-03,-1.260837074369192123e-03,1.076900863647460938e+01
8.368000000000000682e+01,-1.514161471277475357e-03,-1.262366189621388912e-03,1.076899719238281250e+01
8.371999999999999886e+01,-1.516690477728843689e-03,-1.263843383640050888e-03,1.076897716522216797e+01
8.376000000000000512e+01,-1.518116914667189121e-03,-1.265440136194229126e-03,1.076896667480468750e+01
8.379999999999999716e+01,-1.519709825515747070e-03,-1.266979728825390339e-03,1.076896953582763672e+01
8.384000000000000341e+01,-1.520346850156784058e-03,-1.268555643036961555e-03,1.076895618438720703e+01
8.387999999999999545e+01,-1.523307641036808491e-03,-1.269034226424992085e-03,1.076894474029541016e+01
8.392000000000000171e+01,-1.524536288343369961e-03,-1.271671149879693985e-03,1.076892662048339844e+01
8.396000000000000796e+01,-1.527270767837762833e-03,-1.272825873456895351e-03,1.076891231536865234e+01
8.400000000000000000e+01,-1.527399523183703423e-03,-1.274427748285233974e-03,1.076890468597412109e+01
8.404000000000000625e+01,-1.529534580186009407e-03,-1.274703419767320156e-03,1.076888561248779297e+01
8.407999999999999829e+01,-1.532007707282900810e-03,-1.276586321182549000e-03,1.076887512207031250e+01
8.412000000000000455e+01,-1.532291178591549397e-03,-1.278068637475371361e-03,1.076886749267578125e+01
8.415999999999999659e+01,-1.535332528874278069e-03,-1.280617201700806618e-03,1.076884841918945312e+01
8.420000000000000284e+01,-1.536610769107937813e-03,-1.280643278732895851e-03,1.076883888244628906e+01
8.423999999999999488e+01,-1.538111246190965176e-03,-1.282505341805517673e-03,1.076883125305175781e+01
8.428000000000000114e+01,-1.539817079901695251e-03,-1.283982419408857822e-03,1.076881313323974609e+01
8.432000000000000739e+01,-1.542409881949424744e-03,-1.285355538129806519e-03,1.076880073547363281e+01
8.435999999999999943e+01,-1.542681711725890636e-03,-1.286822254769504070e-03,1.076879405975341797e+01
8.440000000000000568e+01,-1.545696984976530075e-03,-1.288361847400665283e-03,1.076877403259277344e+01
8.443999999999999773e+01,-1.545781502500176430e-03,-1.289688167162239552e-03,1.076876354217529297e+01
8.448000000000000398e+01,-1.548906089738011360e-03,-1.291170483455061913e-03,1.076875400543212891e+01
8.451999999999999602e+01,-1.550256973132491112e-03,-1.292699598707258701e-03,1.076874828338623047e+01
8.456000000000000227e+01,-1.551887486129999161e-03,-1.294036395847797394e-03,1.076873111724853516e+01
8.460000000000000853e+01,-1.554462127387523651e-03,-1.295518712140619755e-03,1.076871871948242188e+01
8.464000000000000057e+01,-1.554771559312939644e-03,-1.295965979807078838e-03,1.076870918273925781e+01
8.468000000000000682e+01,-1.557685551233589649e-03,-1.298696617595851421e-03,1.076870059967041016e+01
8.471999999999999886e+01,-1.558833639137446880e-03,-1.299924100749194622e-03,1.076868057250976562e+01
8.476000000000000512e+01,-1.560653909109532833e-03,-1.300480682402849197e-03,1.076866722106933594e+01
8.479999999999999716e+01,-1.562116667628288269e-03,-1.303180120885372162e-03,1.076864814758300781e+01
8.484000000000000341e+01,-1.564814825542271137e-03,-1.303356955759227276e-03,1.076863479614257812e+01
8.487999999999999545e+01,-1.565116457641124725e-03,-1.306113554164767265e-03,1.076862812042236328e+01
8.492000000000000171e+01,-1.566960243508219719e-03,-1.306233229115605354e-03,1.076861000061035156e+01
8.496000000000000796e+01,-1.569679239764809608e-03,-1.308136852458119392e-03,1.076859664916992188e+01
8.500000000000000000e+01,-1.569959917105734348e-03,-1.309515093453228474e-03,1.076858711242675781e+01
8.504000000000000625e+01,-1.573070185258984566e-03,-1.311169005930423737e-03,1.076857852935791016e+01
8.507999999999999829e+01,-1.574294990859925747e-03,-1.312505803070962429e-03,1.076856136322021484e+01
8.512000000000000455e+01,-1.575884060002863407e-03,-1.314149354584515095e-03,1.076854991912841797e+01
8.515999999999999659e+01,-1.578489667735993862e-03,-1.315538072958588600e-03,1.076854228973388672e+01
8.520000000000000284e+01,-1.578812138177454472e-03,-1.316000940278172493e-03,1.076853656768798828e+01
8.523999999999999488e+01,-1.580769079737365246e-03,-1.318726455792784691e-03,1.076852893829345703e+01
8.528000000000000114e+01,-1.582278637215495110e-03,-1.318965689279139042e-03,1.076849937438964844e+01
8.532000000000000739e+01,-1.585080754011869431e-03,-1.321732765063643456e-03,1.076848030090332031e+01
8.535999999999999943e+01,-1.586244441568851471e-03,-1.322871772572398186e-03,1.076846981048583984e+01
8.540000000000000568e+01,-1.587932230904698372e-03,-1.323334639891982079e-03,1.076845073699951172e+01
8.543999999999999773e+01,-1.589261111803352833e-03,-1.325997640378773212e-03,1.076843833923339844e+01
8.548000000000000398e+01,-1.592081389389932156e-03,-1.326278550550341606e-03,1.076843166351318359e+01
8.551999999999999602e+01,-1.592367421835660934e-03,-1.327958540059626102e-03,1.076842308044433594e+01
8.556000000000000227e+01,-1.594397122971713543e-03,-1.330408267676830292e-03,1.076840591430664062e+01
8.560000000000000853e+01,-1.596018555574119091e-03,-1.330590341240167618e-03,1.076839447021484375e+01
8.564000000000000057e+01,-1.597699709236621857e-03,-1.332291169092059135e-03,1.076838684082031250e+01
8.568000000000000682e+01,-1.599295297637581825e-03,-1.333898282609879971e-03,1.076836776733398438e+01
8.571999999999999886e+01,-1.602055737748742104e-03,-1.335469074547290802e-03,1.076835727691650391e+01
8.576000000000000512e+01,-1.603405340574681759e-03,-1.336774555966258049e-03,1.076834774017333984e+01
8.579999999999999716e+01,-1.605073688551783562e-03,-1.338178873993456364e-03,1.076832866668701172e+01
8.584000000000000341e+01,-1.607540179975330830e-03,-1.339770387858152390e-03,1.076831817626953125e+01
8.587999999999999545e+01,-1.608681865036487579e-03,-1.341263181529939175e-03,1.076832199096679688e+01
8.592000000000000171e+01,-1.610242179594933987e-03,-1.342651899904012680e-03,1.076830863952636719e+01
8.596000000000000796e+01,-1.611799816600978374e-03,-1.343161566182971001e-03,1.076829910278320312e+01
8.600000000000000000e+01,-1.613362692296504974e-03,-1.344919553957879543e-03,1.076829051971435547e+01
8.604000000000000625e+01,-1.614938606508076191e-03,-1.347437035292387009e-03,1.076827144622802734e+01
8.607999999999999829e+01,-1.616648631170392036e-03,-1.348643680103123188e-03,1.076826000213623047e+01
8.612000000000000455e+01,-1.618277863599359989e-03,-1.349096070043742657e-03,1.076823902130126953e+01
8.615999999999999659e+01,-1.619926537387073040e-03,-1.350953010842204094e-03,1.076822471618652344e+01
8.620000000000000284e+01,-1.622529583983123302e-03,-1.352357328869402409e-03,1.076820468902587891e+01
8.623999999999999488e+01,-1.623738906346261501e-03,-1.353777246549725533e-03,1.076820468902587891e+01
8.628000000000000114e+01,-1.625470817089080811e-03,-1.355259562842547894e-03,1.076818943023681641e+01
8.632000000000000739e+01,-1.627028454095125198e-03,-1.357662491500377655e-03,1.076818180084228516e+01
8.635999999999999943e+01,-1.628824160434305668e-03,-1.358000561594963074e-03,1.076816368103027344e+01
8.640000000000000568e+01,-1.631363644264638424e-03,-1.359768910333514214e-03,1.076815032958984375e+01
8.643999999999999773e+01,-1.632624771445989609e-03,-1.361261704005300999e-03,1.076814365386962891e+01
8.648000000000000398e+01,-1.633226871490478516e-03,-1.362775219604372978e-03,1.076813697814941406e+01
8.651999999999999602e+01,-1.635221531614661217e-03,-1.364189898595213890e-03,1.076811885833740234e+01
8.656000000000000227e+01,-1.637685345485806465e-03,-1.365620293654501438e-03,1.076810741424560547e+01
8.660000000000000853e+01,-1.639162423089146614e-03,-1.367071410641074181e-03,1.076808643341064453e+01
8.664000000000000057e+01,-1.640867209061980247e-03,-1.368517288938164711e-03,1.076808643341064453e+01
8.668000000000000682e+01,-1.643450697883963585e-03,-1.369958044961094856e-03,1.076807022094726562e+01
8.671999999999999886e+01,-1.643613330088555813e-03,-1.371398684568703175e-03,1.076805973052978516e+01
8.676000000000000512e+01,-1.645678072236478329e-03,-1.372808357700705528e-03,1.076803874969482422e+01
8.679999999999999716e+01,-1.648291712626814842e-03,-1.374316518194973469e-03,1.076803779602050781e+01
8.684000000000000341e+01,-1.649616635404527187e-03,-1.375715713948011398e-03,1.076802253723144531e+01
8.687999999999999545e+01,-1.651153434067964554e-03,-1.377187669277191162e-03,1.076799869537353516e+01
8.692000000000000171e+01,-1.652726787142455578e-03,-1.378685701638460159e-03,1.076799869537353516e+01
8.696000000000000796e+01,-1.654471736401319504e-03,-1.378992339596152306e-03,1.076798248291015625e+01
8.700000000000000000e+01,-1.656022854149341583e-03,-1.380823319777846336e-03,1.076797008514404297e+01
8.704000000000000625e+01,-1.657626125961542130e-03,-1.382243121042847633e-03,1.076796245574951172e+01
8.707999999999999829e+01,-1.660403562709689140e-03,-1.383772352710366249e-03,1.076794338226318359e+01
8.712000000000000455e+01,-1.660543959587812424e-03,-1.385275507345795631e-03,1.076793098449707031e+01
8.715999999999999659e+01,-1.663596951402723789e-03,-1.386934542097151279e-03,1.076791954040527344e+01
8.720000000000000284e+01,-1.664912677370011806e-03,-1.388385775499045849e-03,1.076790332794189453e+01
8.723999999999999488e+01,-1.666509429924190044e-03,-1.388833159580826759e-03,1.076787948608398438e+01
8.728000000000000114e+01,-1.668203622102737427e-03,-1.390731427818536758e-03,1.076787662506103516e+01
8.732000000000000739e+01,-1.669715973548591137e-03,-1.392198144458234310e-03,1.076786136627197266e+01
8.735999999999999943e+01,-1.672367099672555923e-03,-1.393857412040233612e-03,1.076785278320312500e+01
8.740000000000000568e+01,-1.672519254498183727e-03,-1.396411214955151081e-03,1.076784420013427734e+01
8.743999999999999773e+01,-1.675633364357054234e-03,-1.396395615302026272e-03,1.076783657073974609e+01
8.748000000000000398e+01,-1.675758161582052708e-03,-1.398189924657344818e-03,1.076781940460205078e+01
8.751999999999999602e+01,-1.678885193541646004e-03,-1.399724162183701992e-03,1.076780796051025391e+01
8.756000000000000227e+01,-1.680008717812597752e-03,-1.401300309225916862e-03,1.076778888702392578e+01
8.760000000000000853e+01,-1.681781024672091007e-03,-1.402652473188936710e-03,1.076777744293212891e+01
8.764000000000000057e+01,-1.683323062025010586e-03,-1.404150505550205708e-03,1.076776695251464844e+01
8.768000000000000682e+01,-1.685971627011895180e-03,-1.405591145157814026e-03,1.076774978637695312e+01
8.771999999999999886e+01,-1.687173149548470974e-03,-1.406152965500950813e-03,1.076773643493652344e+01
8.776000000000000512e+01,-1.688853022642433643e-03,-1.408857526257634163e-03,1.076772785186767578e+01
8.779999999999999716e+01,-1.690461416728794575e-03,-1.410074532032012939e-03,1.076772022247314453e+01
8.784000000000000341e+01,-1.691925455816090107e-03,-1.410521799698472023e-03,1.076771450042724609e+01
8.787999999999999545e+01,-1.693667843937873840e-03,-1.413215999491512775e-03,1.076769542694091797e+01
8.792000000000000171e+01,-1.695354236289858818e-03,-1.414433005265891552e-03,1.076768493652343750e+01
8.796000000000000796e+01,-1.696906751021742821e-03,-1.414854312315583229e-03,1.076766586303710938e+01
8.800000000000000000e+01,-1.699577318504452705e-03,-1.417611027136445045e-03,1.076765346527099609e+01
8.804000000000000625e+01,-1.700776279903948307e-03,-1.417673425748944283e-03,1.076764488220214844e+01
8.807999999999999829e+01,-1.701426343061029911e-03,-1.419597771018743515e-03,1.076763725280761719e+01
8.812000000000000455e+01,-1.704514608718454838e-03,-1.422047498635947704e-03,1.076762866973876953e+01
8.815999999999999659e+01,-1.705796574242413044e-03,-1.422193134203553200e-03,1.076761245727539062e+01
8.820000000000000284e+01,-1.707401010207831860e-03,-1.424965448677539825e-03,1.076760005950927734e+01
8.823999999999999488e+01,-1.708995201624929905e-03,-1.425012247636914253e-03,1.076758003234863281e+01
8.828000000000000114e+01,-1.711671007797122002e-03,-1.426941831596195698e-03,1.076756477355957031e+01
8.832000000000000739e+01,-1.712837372906506062e-03,-1.428299350664019585e-03,1.076755809783935547e+01
8.835999999999999943e+01,-1.714458805508911610e-03,-1.429906464181840420e-03,1.076753997802734375e+01
8.840000000000000568e+01,-1.715998281724750996e-03,-1.431248500011861324e-03,1.076752853393554688e+01
8.843999999999999773e+01,-1.717464998364448547e-03,-1.432829536497592926e-03,1.076751899719238281e+01
8.848000000000000398e+01,-1.720204483717679977e-03,-1.434218138456344604e-03,1.076750183105468750e+01
8.851999999999999602e+01,-1.721445121802389622e-03,-1.435773447155952454e-03,1.076749038696289062e+01
8.856000000000000227e+01,-1.722173066809773445e-03,-1.437162049114704132e-03,1.076748371124267578e+01
8.860000000000000853e+01,-1.725125941447913647e-03,-1.437557395547628403e-03,1.076746463775634766e+01
8.864000000000000057e+01,-1.726237707771360874e-03,-1.440376392565667629e-03,1.076745223999023438e+01
8.868000000000000682e+01,-1.727938535623252392e-03,-1.440553227439522743e-03,1.076744461059570312e+01
8.871999999999999886e+01,-1.729478011839091778e-03,-1.443439978174865246e-03,1.076743698120117188e+01
8.876000000000000512e+01,-1.731109805405139923e-03,-1.443575019948184490e-03,1.076741981506347656e+01
8.879999999999999716e+01,-1.732673961669206619e-03,-1.445286325179040432e-03,1.076740741729736328e+01
8.884000000000000341e+01,-1.734353834763169289e-03,-1.446903799660503864e-03,1.076739788055419922e+01
8.887999999999999545e+01,-1.736010424792766571e-03,-1.448427676223218441e-03,1.076739025115966797e+01
8.892000000000000171e+01,-1.737669459544122219e-03,-1.449759234674274921e-03,1.076738452911376953e+01
8.896000000000000796e+01,-1.739428727887570858e-03,-1.451350748538970947e-03,1.076736450195312500e+01
8.900000000000000000e+01,-1.741089159622788429e-03,-1.452807104215025902e-03,1.076735210418701172e+01
8.904000000000000625e+01,-1.742845750413835049e-03,-1.454096985980868340e-03,1.076734066009521484e+01
8.907999999999999829e+01,-1.745403278619050980e-03,-1.455776859074831009e-03,1.076733112335205078e+01
8.912000000000000455e+01,-1.746703521348536015e-03,-1.457196893170475960e-03,1.076731491088867188e+01
8.915999999999999659e+01,-1.748423674143850803e-03,-1.458533457480370998e-03,1.076729202270507812e+01
8.920000000000000284e+01,-1.750069786794483662e-03,-1.459064078517258167e-03,1.076727676391601562e+01
8.923999999999999488e+01,-1.752641750499606133e-03,-1.461909152567386627e-03,1.076726627349853516e+01
8.928000000000000114e+01,-1.753906952217221260e-03,-1.463027321733534336e-03,1.076725673675537109e+01
8.932000000000000739e+01,-1.755604986101388931e-03,-1.463599386624991894e-03,1.076725101470947266e+01
8.935999999999999943e+01,-1.757323974743485451e-03,-1.465341774746775627e-03,1.076723384857177734e+01
8.940000000000000568e+01,-1.758769853040575981e-03,-1.466746209189295769e-03,1.076722240447998047e+01
8.943999999999999773e+01,-1.760421087965369225e-03,-1.469273818656802177e-03,1.076721477508544922e+01
8.948000000000000398e+01,-1.762123079970479012e-03,-1.469565089792013168e-03,1.076720809936523438e+01
8.951999999999999602e+01,-1.764704007655382156e-03,-1.471333554945886135e-03,1.076718711853027344e+01
8.956000000000000227e+01,-1.766077126376330853e-03,-1.472768955864012241e-03,1.076716327667236328e+01
8.960000000000000853e+01,-1.767512527294456959e-03,-1.474178396165370941e-03,1.076714897155761719e+01
8.964000000000000057e+01,-1.769102760590612888e-03,-1.475624507293105125e-03,1.076713943481445312e+01
8.968000000000000682e+01,-1.770829432643949986e-03,-1.476128818467259407e-03,1.076711845397949219e+01
8.971999999999999886e+01,-1.773433759808540344e-03,-1.477907761000096798e-03,1.076710796356201172e+01
8.976000000000000512e+01,-1.773636671714484692e-03,-1.480570528656244278e-03,1.076709842681884766e+01
8.979999999999999716e+01,-1.776616787537932396e-03,-1.481761690229177475e-03,1.076709270477294922e+01
8.984000000000000341e+01,-1.777927507646381855e-03,-1.483223168179392815e-03,1.076707458496093750e+01
8.987999999999999545e+01,-1.779456622898578644e-03,-1.484643202275037766e-03,1.076706218719482422e+01
8.992000000000000171e+01,-1.781055936589837074e-03,-1.486052642576396465e-03,1.076705360412597656e+01
8.996000000000000796e+01,-1.783761661499738693e-03,-1.487472443841397762e-03,1.076703453063964844e+01
9.000000000000000000e+01,-1.783917658030986786e-03,-1.488882116973400116e-03,1.076702308654785156e+01
9.004000000000000625e+01,-1.786949811503291130e-03,-1.489469781517982483e-03,1.076702690124511719e+01
9.007999999999999829e+01,-1.787057728506624699e-03,-1.491321367211639881e-03,1.076701354980468750e+01
9.012000000000000455e+01,-1.790174399502575397e-03,-1.492866082116961479e-03,1.076700592041015625e+01
9.015999999999999659e+01,-1.791496761143207550e-03,-1.494384719990193844e-03,1.076698875427246094e+01
9.020000000000000284e+01,-1.793093397282063961e-03,-1.495971227996051311e-03,1.076697635650634766e+01
9.023999999999999488e+01,-1.794842304661870003e-03,-1.497453427873551846e-03,1.076696681976318359e+01
9.028000000000000114e+01,-1.796471420675516129e-03,-1.497843535616993904e-03,1.076694869995117188e+01
9.032000000000000739e+01,-1.798993907868862152e-03,-1.499653561040759087e-03,1.076693534851074219e+01
9.035999999999999943e+01,-1.799331977963447571e-03,-1.501099439337849617e-03,1.076691532135009766e+01
9.040000000000000568e+01,-1.802384969778358936e-03,-1.503554289229214191e-03,1.076690196990966797e+01
9.043999999999999773e+01,-1.802609884180128574e-03,-1.504615414887666702e-03,1.076690578460693359e+01
9.048000000000000398e+01,-1.805818872526288033e-03,-1.506009255535900593e-03,1.076689147949218750e+01
9.051999999999999602e+01,-1.806913642212748528e-03,-1.507481094449758530e-03,1.076688194274902344e+01
9.056000000000000227e+01,-1.809710403904318810e-03,-1.508911489509046078e-03,1.076686191558837891e+01
9.060000000000000853e+01,-1.809867797419428825e-03,-1.509280875325202942e-03,1.076684951782226562e+01
9.064000000000000057e+01,-1.811822061426937580e-03,-1.511054346337914467e-03,1.076682853698730469e+01
9.068000000000000682e+01,-1.814477029256522655e-03,-1.512635499238967896e-03,1.076682758331298828e+01
9.071999999999999886e+01,-1.815627794712781906e-03,-1.514174975454807281e-03,1.076681137084960938e+01
9.076000000000000512e+01,-1.816301373764872551e-03,-1.515776966698467731e-03,1.076680088043212891e+01
9.079999999999999716e+01,-1.819414086639881134e-03,-1.516234595328569412e-03,1.076678085327148438e+01
9.084000000000000341e+01,-1.820537494495511055e-03,-1.518996432423591614e-03,1.076677989959716797e+01
9.087999999999999545e+01,-1.822218648158013821e-03,-1.520145917311310768e-03,1.076676654815673828e+01
9.092000000000000171e+01,-1.824787934310734272e-03,-1.521721831522881985e-03,1.076675415039062500e+01
9.096000000000000796e+01,-1.825188403017818928e-03,-1.522101578302681446e-03,1.076673412322998047e+01
9.100000000000000000e+01,-1.827117870561778545e-03,-1.523989485576748848e-03,1.076672267913818359e+01
9.104000000000000625e+01,-1.829896355047821999e-03,-1.526428852230310440e-03,1.076671314239501953e+01
9.107999999999999829e+01,-1.831142115406692028e-03,-1.527661457657814026e-03,1.076669502258300781e+01
9.112000000000000455e+01,-1.832815352827310562e-03,-1.528113964013755322e-03,1.076669502258300781e+01
9.115999999999999659e+01,-1.834339229390025139e-03,-1.530818408355116844e-03,1.076667881011962891e+01
9.120000000000000284e+01,-1.835873583331704140e-03,-1.531962770968675613e-03,1.076665782928466797e+01
9.123999999999999488e+01,-1.838617143221199512e-03,-1.532441237941384315e-03,1.076665687561035156e+01
9.128000000000000114e+01,-1.839802949689328671e-03,-1.534308423288166523e-03,1.076664161682128906e+01
9.132000000000000739e+01,-1.841420424170792103e-03,-1.535608666017651558e-03,1.076662921905517578e+01
9.135999999999999943e+01,-1.843001577071845531e-03,-1.537215779535472393e-03,1.076662063598632812e+01
9.140000000000000568e+01,-1.844540820457041264e-03,-1.538745011202991009e-03,1.076660156250000000e+01
9.143999999999999773e+01,-1.846124534495174885e-03,-1.540159573778510094e-03,1.076657867431640625e+01
9.148000000000000398e+01,-1.847729086875915527e-03,-1.541693927720189095e-03,1.076657581329345703e+01
9.151999999999999602e+01,-1.850515371188521385e-03,-1.542089157737791538e-03,1.076655960083007812e+01
9.156000000000000227e+01,-1.851790933869779110e-03,-1.545033068396151066e-03,1.076655101776123047e+01
9.160000000000000853e+01,-1.853478606790304184e-03,-1.545027829706668854e-03,1.076654243469238281e+01
9.164000000000000057e+01,-1.855119480751454830e-03,-1.547924824990332127e-03,1.076652145385742188e+01
9.168000000000000682e+01,-1.856795512139797211e-03,-1.549084670841693878e-03,1.076651096343994141e+01
9.171999999999999886e+01,-1.858471543528139591e-03,-1.549615059047937393e-03,1.076650142669677734e+01
9.176000000000000512e+01,-1.860139775089919567e-03,-1.552501809783279896e-03,1.076649379730224609e+01
9.179999999999999716e+01,-1.861880649812519550e-03,-1.552538131363689899e-03,1.076647377014160156e+01
9.184000000000000341e+01,-1.864465652033686638e-03,-1.554342918097972870e-03,1.076646232604980469e+01
9.187999999999999545e+01,-1.865728176198899746e-03,-1.555840834043920040e-03,1.076644325256347656e+01
9.192000000000000171e+01,-1.867391169071197510e-03,-1.557271229103207588e-03,1.076644229888916016e+01
9.196000000000000796e+01,-1.869068248197436333e-03,-1.558862742967903614e-03,1.076642608642578125e+01
9.200000000000000000e+01,-1.869544270448386669e-03,-1.560209668241441250e-03,1.076641559600830078e+01
9.204000000000000625e+01,-1.872549066320061684e-03,-1.561879296787083149e-03,1.076639556884765625e+01
9.207999999999999829e+01,-1.873706234619021416e-03,-1.563242054544389248e-03,1.076638412475585938e+01
9.212000000000000455e+01,-1.875477144494652748e-03,-1.563710160553455353e-03,1.076637458801269531e+01
9.215999999999999659e+01,-1.877160975709557533e-03,-1.566617516800761223e-03,1.076636695861816406e+01
9.220000000000000284e+01,-1.879767864011228085e-03,-1.566747552715241909e-03,1.076636028289794922e+01
9.223999999999999488e+01,-1.881069387309253216e-03,-1.568567822687327862e-03,1.076634120941162109e+01
9.228000000000000114e+01,-1.881655771285295486e-03,-1.571033149957656860e-03,1.076633071899414062e+01
9.232000000000000739e+01,-1.884621568024158478e-03,-1.571173663251101971e-03,1.076630973815917969e+01
9.235999999999999943e+01,-1.885791774839162827e-03,-1.572947134263813496e-03,1.076629734039306641e+01
9.240000000000000568e+01,-1.887614722363650799e-03,-1.575407339259982109e-03,1.076629066467285156e+01
9.243999999999999773e+01,-1.890268409624695778e-03,-1.575563335791230202e-03,1.076627349853515625e+01
9.248000000000000398e+01,-1.890347688458859921e-03,-1.577352522872388363e-03,1.076627254486083984e+01
9.251999999999999602e+01,-1.893424079753458500e-03,-1.579817850142717361e-03,1.076625537872314453e+01
9.256000000000000227e+01,-1.894620247185230255e-03,-1.579999807290732861e-03,1.076624584197998047e+01
9.260000000000000853e+01,-1.896419795230031013e-03,-1.581794233061373234e-03,1.076623535156250000e+01
9.264000000000000057e+01,-1.897916430607438087e-03,-1.583146513439714909e-03,1.076621437072753906e+01
9.268000000000000682e+01,-1.899581984616816044e-03,-1.584800425916910172e-03,1.076620292663574219e+01
9.271999999999999886e+01,-1.902296906337141991e-03,-1.586293103173375130e-03,1.076619434356689453e+01
9.276000000000000512e+01,-1.902429386973381042e-03,-1.587728620506823063e-03,1.076617336273193359e+01
9.279999999999999716e+01,-1.905552460812032223e-03,-1.588264247402548790e-03,1.076616096496582031e+01
9.284000000000000341e+01,-1.905594137497246265e-03,-1.590079395100474358e-03,1.076615142822265625e+01
9.287999999999999545e+01,-1.908725127577781677e-03,-1.591525389812886715e-03,1.076614570617675781e+01
9.292000000000000171e+01,-1.910020131617784500e-03,-1.594120636582374573e-03,1.076612663269042969e+01
9.296000000000000796e+01,-1.911662286147475243e-03,-1.595212961547076702e-03,1.076611518859863281e+01
9.300000000000000000e+01,-1.914189895614981651e-03,-1.595779787749052048e-03,1.076610565185546875e+01
9.304000000000000625e+01,-1.911866478621959686e-03,-1.595551031641662121e-03,1.076610469818115234e+01
9.307999999999999829e+01,-1.908506616018712521e-03,-1.591816544532775879e-03,1.076614856719970703e+01
9.312000000000000455e+01,-1.899639028124511242e-03,-1.585138496011495590e-03,1.076623916625976562e+01
9.315999999999999659e+01,-1.889804378151893616e-03,-1.577040413394570351e-03,1.076637172698974609e+01
9.320000000000000284e+01,-1.877149334177374840e-03,-1.566731953062117100e-03,1.076656341552734375e+01
9.323999999999999488e+01,-1.863966230303049088e-03,-1.555804396048188210e-03,1.076676940917968750e+01
9.328000000000000114e+01,-1.846883911639451981e-03,-1.543139922432601452e-03,1.076702785491943359e+01
9.332000000000000739e+01,-1.831611385568976402e-03,-1.529388129711151123e-03,1.076730251312255859e+01
9.335999999999999943e+01,-1.813302980735898018e-03,-1.514773117378354073e-03,1.076759529113769531e+01
9.340000000000000568e+01,-1.795990392565727234e-03,-1.500569051131606102e-03,1.076789951324462891e+01
9.343999999999999773e+01,-1.776356832124292850e-03,-1.484372653067111969e-03,1.076820373535156250e+01
9.348000000000000398e+01,-1.757828285917639732e-03,-1.468930626288056374e-03,1.076853084564208984e+01
9.351999999999999602e+01,-1.737284590490162373e-03,-1.451735617592930794e-03,1.076885986328125000e+01
9.356000000000000227e+01,-1.717990264296531677e-03,-1.435523736290633678e-03,1.076918601989746094e+01
9.360000000000000853e+01,-1.696914550848305225e-03,-1.419462496414780617e-03,1.076950359344482422e+01
9.364000000000000057e+01,-1.677250838838517666e-03,-1.402678433805704117e-03,1.076981258392333984e+01
9.368000000000000682e+01,-1.656613312661647797e-03,-1.385660376399755478e-03,1.077011775970458984e+01
9.371999999999999886e+01,-1.637112116441130638e-03,-1.368298893794417381e-03,1.077040767669677734e+01
9.376000000000000512e+01,-1.617822679691016674e-03,-1.352856634184718132e-03,1.077070331573486328e+01
9.379999999999999716e+01,-1.598030095919966698e-03,-1.336166053079068661e-03,1.077097225189208984e+01
9.384000000000000341e+01,-1.578008523210883141e-03,-1.320057897828519344e-03,1.077124881744384766e+01
9.387999999999999545e+01,-1.559608615934848785e-03,-1.304350327700376511e-03,1.077150917053222656e+01
9.392000000000000171e+01,-1.540057710371911526e-03,-1.286921091377735138e-03,1.077176761627197266e+01
9.396000000000000796e+01,-1.520346850156784058e-03,-1.272420166060328484e-03,1.077200412750244141e+01
9.400000000000000000e+01,-1.501260092481970787e-03,-1.255287323147058487e-03,1.077223110198974609e+01
9.404000000000000625e+01,-1.483274740166962147e-03,-1.240391051396727562e-03,1.077244377136230469e+01
9.407999999999999829e+01,-1.463238731957972050e-03,-1.225140993483364582e-03,1.077265071868896484e+01
9.412000000000000455e+01,-1.446436508558690548e-03,-1.210135524161159992e-03,1.077284717559814453e+01
9.415999999999999659e+01,-1.428761868737637997e-03,-1.195249496959149837e-03,1.077304840087890625e+01
9.420000000000000284e+01,-1.410241820849478245e-03,-1.179453334771096706e-03,1.077322387695312500e+01
9.423999999999999488e+01,-1.392354955896735191e-03,-1.165097928605973721e-03,1.077339839935302734e+01
9.428000000000000114e+01,-1.375430496409535408e-03,-1.150425174273550510e-03,1.077356719970703125e+01
9.432000000000000739e+01,-1.357333036139607430e-03,-1.136012491770088673e-03,1.077372169494628906e+01
9.435999999999999943e+01,-1.340664690360426903e-03,-1.121469773352146149e-03,1.077386760711669922e+01
9.440000000000000568e+01,-1.323792035691440105e-03,-1.107197371311485767e-03,1.077401828765869141e+01
9.443999999999999773e+01,-1.306797144934535027e-03,-1.092711812816560268e-03,1.077416038513183594e+01
9.448000000000000398e+01,-1.288881641812622547e-03,-1.078455126844346523e-03,1.077429866790771484e+01
9.451999999999999602e+01,-1.273422269150614738e-03,-1.065223012119531631e-03,1.077444267272949219e+01
9.456000000000000227e+01,-1.256271265447139740e-03,-1.051470753736793995e-03,1.077456665039062500e+01
9.460000000000000853e+01,-1.240618177689611912e-03,-1.036953995935618877e-03,1.077469348907470703e+01
9.464000000000000057e+01,-1.223463215865194798e-03,-1.023591845296323299e-03,1.077480888366699219e+01
9.468000000000000682e+01,-1.207766006700694561e-03,-1.009901985526084900e-03,1.077492809295654297e+01
9.471999999999999886e+01,-1.191514660604298115e-03,-9.964306373149156570e-04,1.077503967285156250e+01
9.476000000000000512e+01,-1.175593584775924683e-03,-9.827511385083198547e-04,1.077514457702636719e+01
9.479999999999999716e+01,-1.159419072791934013e-03,-9.702211245894432068e-04,1.077525138854980469e+01
9.484000000000000341e+01,-1.144421170465648174e-03,-9.560579201206564903e-04,1.077535533905029297e+01
9.487999999999999545e+01,-1.128895441070199013e-03,-9.435175452381372452e-04,1.077546977996826172e+01
9.492000000000000171e+01,-1.112592057324945927e-03,-9.295207564719021320e-04,1.077557849884033203e+01
9.496000000000000796e+01,-1.097575994208455086e-03,-9.170114644803106785e-04,1.077567005157470703e+01
9.500000000000000000e+01,-1.082111150026321411e-03,-9.040185832418501377e-04,1.077576732635498047e+01
9.504000000000000625e+01,-1.066684257239103317e-03,-8.922686683945357800e-04,1.077585506439208984e+01
9.507999999999999829e+01,-1.052400097250938416e-03,-8.789220592007040977e-04,1.077595043182373047e+01
9.512000000000000455e+01,-1.036497182212769985e-03,-8.659654995426535606e-04,1.077603912353515625e+01
9.515999999999999659e+01,-1.022224780172109604e-03,-8.540542912669479847e-04,1.077612209320068359e+01
9.520000000000000284e+01,-1.007497310638427734e-03,-8.418571669608354568e-04,1.077620220184326172e+01
9.523999999999999488e+01,-9.928048821166157722e-04,-8.297015447169542313e-04,1.077629756927490234e+01
9.528000000000000114e+01,-9.781618136912584305e-04,-8.163392194546759129e-04,1.077638435363769531e+01
9.532000000000000739e+01,-9.634239249862730503e-04,-8.056451915763318539e-04,1.077646923065185547e+01
9.535999999999999943e+01,-9.500083979219198227e-04,-7.930786814540624619e-04,1.077655124664306641e+01
9.540000000000000568e+01,-9.349543834105134010e-04,-7.809750386513769627e-04,1.077662086486816406e+01
9.543999999999999773e+01,-9.215414756909012794e-04,-7.687933975830674171e-04,1.077669334411621094e+01
9.548000000000000398e+01,-9.077279828488826752e-04,-7.578236400149762630e-04,1.077677249908447266e+01
9.551999999999999602e+01,-8.940094267018139362e-04,-7.453351281583309174e-04,1.077685165405273438e+01
9.556000000000000227e+01,-8.802700322121381760e-04,-7.344486657530069351e-04,1.077691841125488281e+01
9.560000000000000853e+01,-8.665644563734531403e-04,-7.231563795357942581e-04,1.077699184417724609e+01
9.564000000000000057e+01,-8.528770995326340199e-04,-7.119577494449913502e-04,1.077705478668212891e+01
9.568000000000000682e+01,-8.404198451898992062e-04,-7.007851963862776756e-04,1.077712917327880859e+01
9.571999999999999886e+01,-8.264125790446996689e-04,-6.895917467772960663e-04,1.077719402313232422e+01
9.576000000000000512e+01,-8.140736026689410210e-04,-6.784399156458675861e-04,1.077726459503173828e+01
9.579999999999999716e+01,-8.012834587134420872e-04,-6.672881427221000195e-04,1.077732944488525391e+01
9.584000000000000341e+01,-7.886219536885619164e-04,-6.573690334334969521e-04,1.077738857269287109e+01
9.587999999999999545e+01,-7.759917061775922775e-04,-6.459258729591965675e-04,1.077744579315185547e+01
9.592000000000000171e+01,-7.633276400156319141e-04,-6.361160776577889919e-04,1.077751445770263672e+01
9.596000000000000796e+01,-7.507844711653888226e-04,-6.247197161428630352e-04,1.077757644653320312e+01
9.600000000000000000e+01,-7.381737232208251953e-04,-6.148994434624910355e-04,1.077763462066650391e+01
9.604000000000000625e+01,-7.268892950378358364e-04,-6.047878996469080448e-04,1.077769184112548828e+01
9.607999999999999829e+01,-7.151718600653111935e-04,-5.946658784523606300e-04,1.077774620056152344e+01
9.612000000000000455e+01,-7.024608785286545753e-04,-5.846635904163122177e-04,1.077780151367187500e+01
9.615999999999999659e+01,-6.912493263371288776e-04,-5.746092065237462521e-04,1.077785682678222656e+01
9.620000000000000284e+01,-6.796631496399641037e-04,-5.657667643390595913e-04,1.077789688110351562e+01
9.624000000000000909e+01,-6.682402454316616058e-04,-5.554627277888357639e-04,1.077794647216796875e+01
9.628000000000000114e+01,-6.567457458004355431e-04,-5.468023591674864292e-04,1.077799701690673828e+01
9.632000000000000739e+01,-6.465464248321950436e-04,-5.364879034459590912e-04,1.077805137634277344e+01
9.635999999999999943e+01,-6.348113529384136200e-04,-5.278430762700736523e-04,1.077809143066406250e+01
9.640000000000000568e+01,-6.247238488867878914e-04,-5.188289796933531761e-04,1.077813720703125000e+01
9.643999999999999773e+01,-6.130415131337940693e-04,-5.099137197248637676e-04,1.077818870544433594e+01
9.648000000000000398e+01,-6.030404474586248398e-04,-5.009984597563743591e-04,1.077822780609130859e+01
9.651999999999999602e+01,-5.926167941652238369e-04,-4.921404179185628891e-04,1.077827548980712891e+01
9.656000000000000227e+01,-5.823433166369795799e-04,-4.832927661482244730e-04,1.077831268310546875e+01
9.660000000000000853e+01,-5.720601184293627739e-04,-4.744970938190817833e-04,1.077835845947265625e+01
9.664000000000000057e+01,-5.618392606265842915e-04,-4.657014796976000071e-04,1.077839565277099609e+01
9.668000000000000682e+01,-5.528219626285135746e-04,-4.581645480357110500e-04,1.077844047546386719e+01
9.671999999999999886e+01,-5.423202528618276119e-04,-4.491036524996161461e-04,1.077847862243652344e+01
9.676000000000000512e+01,-5.322769284248352051e-04,-4.416603478603065014e-04,1.077851104736328125e+01
9.679999999999999716e+01,-5.233623087406158447e-04,-4.326826310716569424e-04,1.077855396270751953e+01
9.684000000000000341e+01,-5.141706787981092930e-04,-4.253069637343287468e-04,1.077859020233154297e+01
9.687999999999999545e+01,-5.051052430644631386e-04,-4.175463982392102480e-04,1.077862071990966797e+01
9.692000000000000171e+01,-4.947998677380383015e-04,-4.099262587260454893e-04,1.077866363525390625e+01
9.696000000000000796e+01,-4.861518391408026218e-04,-4.022905195597559214e-04,1.077869987487792969e+01
9.700000000000000000e+01,-4.770688246935606003e-04,-3.947015793528407812e-04,1.077873134613037109e+01
9.704000000000000625e+01,-4.693628579843789339e-04,-3.871438675560057163e-04,1.077876091003417969e+01
9.707999999999999829e+01,-4.600717802532017231e-04,-3.795913362409919500e-04,1.077878952026367188e+01
9.712000000000000455e+01,-4.512611776590347290e-04,-3.733079938683658838e-04,1.077881622314453125e+01
9.715999999999999659e+01,-4.436124290805310011e-04,-3.655214095488190651e-04,1.077885723114013672e+01
9.720000000000000284e+01,-4.344455373939126730e-04,-3.593420842662453651e-04,1.077889251708984375e+01
9.724000000000000909e+01,-4.269756027497351170e-04,-3.515918797347694635e-04,1.077892398834228516e+01
9.728000000000000114e+01,-4.190732724964618683e-04,-3.454801626503467560e-04,1.077895450592041016e+01
9.732000000000000739e+01,-4.112892784178256989e-04,-3.378027759026736021e-04,1.077898311614990234e+01
9.735999999999999943e+01,-4.023687797598540783e-04,-3.317638766020536423e-04,1.077900981903076172e+01
9.740000000000000568e+01,-3.950061218347400427e-04,-3.253140603192150593e-04,1.077903747558593750e+01
9.743999999999999773e+01,-3.872637462336570024e-04,-3.190255083609372377e-04,1.077905273437500000e+01
9.748000000000000398e+01,-3.808769979514181614e-04,-3.127109084744006395e-04,1.077907276153564453e+01
9.751999999999999602e+01,-3.728784504346549511e-04,-3.064639458898454905e-04,1.077909755706787109e+01
9.756000000000000227e+01,-3.654319152701646090e-04,-3.002273733727633953e-04,1.077912425994873047e+01
9.760000000000000853e+01,-3.590751148294657469e-04,-2.940272097475826740e-04,1.077915000915527344e+01
9.764000000000000057e+01,-3.512533730827271938e-04,-2.890702162403613329e-04,1.077917671203613281e+01
9.768000000000000682e+01,-3.450824879109859467e-04,-2.825683914124965668e-04,1.077920341491699219e+01
9.771999999999999886e+01,-3.372926439624279737e-04,-2.765503013506531715e-04,1.077921867370605469e+01
9.776000000000000512e+01,-3.312069165986031294e-04,-2.716244780458509922e-04,1.077923870086669922e+01
9.779999999999999716e+01,-3.247187414672225714e-04,-2.652890980243682861e-04,1.077926445007324219e+01
9.784000000000000341e+01,-3.183138032909482718e-04,-2.605141198728233576e-04,1.077928924560546875e+01
9.787999999999999545e+01,-3.119985631201416254e-04,-2.541943395044654608e-04,1.077930355072021484e+01
9.792000000000000171e+01,-3.056293644476681948e-04,-2.494974178262054920e-04,1.077932167053222656e+01
9.796000000000000796e+01,-2.993641828652471304e-04,-2.444311685394495726e-04,1.077934741973876953e+01
9.800000000000000000e+01,-2.931256603915244341e-04,-2.394793846178799868e-04,1.077937412261962891e+01
9.804000000000000625e+01,-2.869287563953548670e-04,-2.344807435292750597e-04,1.077938556671142578e+01
9.807999999999999829e+01,-2.807318523991852999e-04,-2.295965532539412379e-04,1.077940654754638672e+01
9.812000000000000455e+01,-2.758255868684500456e-04,-2.246967778773978353e-04,1.077941703796386719e+01
9.815999999999999659e+01,-2.693419228307902813e-04,-2.198437869083136320e-04,1.077943515777587891e+01
9.820000000000000284e+01,-2.645481145009398460e-04,-2.150168293155729771e-04,1.077945899963378906e+01
9.824000000000000909e+01,-2.581555163487792015e-04,-2.102210564771667123e-04,1.077947139739990234e+01
9.828000000000000114e+01,-2.534143568482249975e-04,-2.054616925306618214e-04,1.077949047088623047e+01
9.832000000000000739e+01,-2.482837589923292398e-04,-2.007335715461522341e-04,1.077950096130371094e+01
9.835999999999999943e+01,-2.420276723569259048e-04,-1.972017635125666857e-04,1.077952003479003906e+01
9.840000000000000568e+01,-2.374204777879640460e-04,-1.921927323564887047e-04,1.077954292297363281e+01
9.843999999999999773e+01,-2.323724474990740418e-04,-1.888273691292852163e-04,1.077955436706542969e+01
9.848000000000000398e+01,-2.274635626235976815e-04,-1.838079479057341814e-04,1.077957439422607422e+01
9.851999999999999602e+01,-2.225559583166614175e-04,-1.804737985366955400e-04,1.077958393096923828e+01
9.856000000000000227e+01,-2.176951675210148096e-04,-1.755792036419734359e-04,1.077960300445556641e+01
9.860000000000000853e+01,-2.128422056557610631e-04,-1.722606539260596037e-04,1.077961444854736328e+01
9.864000000000000057e+01,-2.080535778077319264e-04,-1.674440864007920027e-04,1.077963161468505859e+01
9.868000000000000682e+01,-2.032675693044438958e-04,-1.641879498492926359e-04,1.077964115142822266e+01
9.871999999999999886e+01,-1.997383806155994534e-04,-1.605625293450430036e-04,1.077965927124023438e+01
9.876000000000000512e+01,-1.946480770129710436e-04,-1.570515305502340198e-04,1.077966880798339844e+01
9.879999999999999716e+01,-1.900941715575754642e-04,-1.535665360279381275e-04,1.077967357635498047e+01
9.884000000000000341e+01,-1.865701779024675488e-04,-1.489059941377490759e-04,1.077969074249267578e+01
9.887999999999999545e+01,-1.816391741158440709e-04,-1.457487087463960052e-04,1.077969741821289062e+01
9.892000000000000171e+01,-1.782705658115446568e-04,-1.423053181497380137e-04,1.077971553802490234e+01
9.896000000000000796e+01,-1.733824610710144043e-04,-1.389399549225345254e-04,1.077972698211669922e+01
9.900000000000000000e+01,-1.701100845821201801e-04,-1.355173881165683270e-04,1.077972984313964844e+01
9.904000000000000625e+01,-1.664150913711637259e-04,-1.334003754891455173e-04,1.077974605560302734e+01
9.907999999999999829e+01,-1.616869267309084535e-04,-1.296969276154413819e-04,1.077975463867187500e+01
9.912000000000000455e+01,-1.584854326210916042e-04,-1.265032187802717090e-04,1.077977180480957031e+01
9.915999999999999659e+01,-1.548821019241586328e-04,-1.231742644449695945e-04,1.077978229522705078e+01
9.920000000000000284e+01,-1.514283067081123590e-04,-1.199389371322467923e-04,1.077978706359863281e+01
9.924000000000000909e+01,-1.479745405958965421e-04,-1.179051614599302411e-04,1.077980232238769531e+01
9.928000000000000114e+01,-1.445142406737431884e-04,-1.143525441875681281e-04,1.077980995178222656e+01
9.932000000000000739e+01,-1.411209232173860073e-04,-1.112472673412412405e-04,1.077981567382812500e+01
9.935999999999999943e+01,-1.377126463921740651e-04,-1.092655002139508724e-04,1.077982997894287109e+01
9.940000000000000568e+01,-1.343915064353495836e-04,-1.057701010722666979e-04,1.077983951568603516e+01
9.943999999999999773e+01,-1.310482621192932129e-04,-1.039547860273160040e-04,1.077984428405761719e+01
9.948000000000000398e+01,-1.277739211218431592e-04,-1.004593868856318295e-04,1.077984428405761719e+01
9.951999999999999602e+01,-1.244618761120364070e-04,-9.868047345662489533e-05,1.077985954284667969e+01
9.956000000000000227e+01,-1.212486604345031083e-04,-9.528910595690831542e-05,1.077986812591552734e+01
9.960000000000000853e+01,-1.191966730402782559e-04,-9.348939056508243084e-05,1.077987194061279297e+01
9.964000000000000057e+01,-1.156531579908914864e-04,-9.018124546855688095e-05,1.077988624572753906e+01
9.968000000000000682e+01,-1.125179624068550766e-04,-8.841274393489584327e-05,1.077989673614501953e+01
9.971999999999999886e+01,-1.105862684198655188e-04,-8.629573858343064785e-05,1.077989959716796875e+01
9.976000000000000512e+01,-1.070726648322306573e-04,-8.428276487393304706e-05,1.077990245819091797e+01
9.979999999999999716e+01,-1.052449952112510800e-04,-8.108385372906923294e-05,1.077991676330566406e+01
9.984000000000000341e+01,-1.017430913634598255e-04,-7.937256305012851954e-05,1.077992343902587891e+01
9.987999999999999545e+01,-1.000175034278072417e-04,-7.737519626971334219e-05,1.077992916107177734e+01
9.992000000000000171e+01,-9.654681343818083405e-05,-7.538822683272883296e-05,1.077993011474609375e+01
9.996000000000000796e+01,-9.486152703175321221e-05,-7.346367783611640334e-05,1.077993202209472656e+01
1.000000000000000000e+02,-9.142724593402817845e-05,-7.037399336695671082e-05,1.077994537353515625e+01
1.000400000000000063e+02,-8.973936201073229313e-05,-6.877193663967773318e-05,1.077995300292968750e+01
1.000799999999999983e+02,-8.762560901232063770e-05,-6.684738764306530356e-05,1.077995777130126953e+01
1.001200000000000045e+02,-8.440264355158433318e-05,-6.497484719147905707e-05,1.077995967864990234e+01
1.001599999999999966e+02,-8.276417793240398169e-05,-6.315953214652836323e-05,1.077997303009033203e+01
1.002000000000000028e+02,-8.064717258093878627e-05,-6.128179666120558977e-05,1.077998161315917969e+01
1.002400000000000091e+02,-7.872977585066109896e-05,-5.950289050815626979e-05,1.077998447418212891e+01
1.002800000000000011e+02,-7.556661876151338220e-05,-5.767196853412315249e-05,1.077998638153076172e+01
1.003200000000000074e+02,-7.400682079605758190e-05,-5.589305874309502542e-05,1.077998924255371094e+01
1.003599999999999994e+02,-7.199189712991937995e-05,-5.529488771571777761e-05,1.077998924255371094e+01
1.004000000000000057e+02,-7.011611160123720765e-05,-5.323510049493052065e-05,1.078000164031982422e+01
1.004399999999999977e+02,-6.825917807873338461e-05,-5.157062332727946341e-05,1.078001022338867188e+01
1.004800000000000040e+02,-6.636323814745992422e-05,-4.979171717423014343e-05,1.078001308441162109e+01
1.005199999999999960e+02,-6.453882087953388691e-05,-4.810123209608718753e-05,1.078001594543457031e+01
1.005600000000000023e+02,-6.270334415603429079e-05,-4.642115163733251393e-05,1.078001785278320312e+01
1.006000000000000085e+02,-6.091013710829429328e-05,-4.594781785272061825e-05,1.078001689910888672e+01
1.006400000000000006e+02,-5.910326945013366640e-05,-4.395044743432663381e-05,1.078003215789794922e+01
1.006800000000000068e+02,-5.732891440857201815e-05,-4.238479959894903004e-05,1.078003883361816406e+01
1.007199999999999989e+02,-5.557471376960165799e-05,-4.072552474099211395e-05,1.078004264831542969e+01
1.007600000000000051e+02,-5.385106851463206112e-05,-4.030420313938520849e-05,1.078004455566406250e+01
1.007999999999999972e+02,-5.211702227825298905e-05,-3.837965414277277887e-05,1.078004455566406250e+01
1.008400000000000034e+02,-5.163263631402514875e-05,-3.686602212837897241e-05,1.078004550933837891e+01
1.008799999999999955e+02,-4.954293763148598373e-05,-3.643950185505673289e-05,1.078004646301269531e+01
1.009200000000000017e+02,-4.796818757313303649e-05,-3.457736966083757579e-05,1.078006076812744141e+01
1.009600000000000080e+02,-4.626405279850587249e-05,-3.426007606321945786e-05,1.078006649017333984e+01
1.010000000000000000e+02,-4.465159145183861256e-05,-3.238754288759082556e-05,1.078007221221923828e+01
1.010400000000000063e+02,-4.419450851855799556e-05,-3.092072438448667526e-05,1.078007316589355469e+01
1.010799999999999983e+02,-4.224850272294133902e-05,-3.060863309656269848e-05,1.078007316589355469e+01
1.011200000000000045e+02,-4.070496288477443159e-05,-2.875170321203768253e-05,1.078007411956787109e+01
1.011599999999999966e+02,-4.031355274491943419e-05,-2.856444916687905788e-05,1.078007507324218750e+01
1.012000000000000028e+02,-3.836169344140216708e-05,-2.670751928235404193e-05,1.078007507324218750e+01
1.012400000000000091e+02,-3.689617369673214853e-05,-2.651506474649067968e-05,1.078007602691650391e+01
1.012800000000000011e+02,-3.649826248874887824e-05,-2.473095446475781500e-05,1.078008842468261719e+01
1.013200000000000074e+02,-3.462572567514143884e-05,-2.454370041959919035e-05,1.078009510040283203e+01
1.013599999999999994e+02,-3.320311952847987413e-05,-2.276999475725460798e-05,1.078009986877441406e+01
1.014000000000000057e+02,-3.285527054686099291e-05,-2.260354631289374083e-05,1.078010177612304688e+01
1.014399999999999977e+02,-3.103084964095614851e-05,-2.203138319600839168e-05,1.078010272979736328e+01
1.014800000000000040e+02,-3.080458554904907942e-05,-2.040331855823751539e-05,1.078010272979736328e+01
1.015199999999999960e+02,-2.896455771406181157e-05,-2.021606451307889074e-05,1.078010368347167969e+01
1.015600000000000023e+02,-2.878965824493207037e-05,-1.852037894423119724e-05,1.078010368347167969e+01
1.016000000000000085e+02,-2.694573049666360021e-05,-1.841635094024240971e-05,1.078010463714599609e+01
1.016400000000000006e+02,-2.681179284991230816e-05,-1.789620182535145432e-05,1.078010368347167969e+01
1.016800000000000068e+02,-2.498932190064806491e-05,-1.630454607948195189e-05,1.078011894226074219e+01
1.017199999999999989e+02,-2.485408367647323757e-05,-1.622652416699565947e-05,1.078012466430664062e+01
1.017600000000000051e+02,-2.308297734998632222e-05,-1.570637505210470408e-05,1.078012943267822266e+01
1.017999999999999972e+02,-2.300235428265295923e-05,-1.415633232682012022e-05,1.078012943267822266e+01
1.018400000000000034e+02,-2.121889519912656397e-05,-1.406790761393494904e-05,1.078013038635253906e+01
1.018799999999999955e+02,-2.113111986545845866e-05,-1.362578132102498785e-05,1.078013229370117188e+01
1.019200000000000017e+02,-2.061487248283810914e-05,-1.209134279633872211e-05,1.078013134002685547e+01
1.019600000000000080e+02,-1.893739317893050611e-05,-1.202892508445074782e-05,1.078013324737548828e+01
1.020000000000000000e+02,-1.890163184725679457e-05,-1.160240299213910475e-05,1.078013229370117188e+01
1.020400000000000063e+02,-1.717604027362540364e-05,-1.127470932260621339e-05,1.078013324737548828e+01
1.020799999999999983e+02,-1.715848520689178258e-05,-9.714263796922750771e-06,1.078013420104980469e+01
1.021200000000000045e+02,-1.663248440308962017e-05,-9.761076398717705160e-06,1.078013229370117188e+01
1.021599999999999966e+02,-1.507593970018206164e-05,-9.318950105807743967e-06,1.078013420104980469e+01
1.022000000000000028e+02,-1.502977647760417312e-05,-9.058876457856968045e-06,1.078013420104980469e+01
1.022400000000000091e+02,-1.456944482924882323e-05,-7.534840733569581062e-06,1.078014755249023438e+01
1.022800000000000011e+02,-1.421379329258343205e-05,-7.566049589513568208e-06,1.078015327453613281e+01
1.023200000000000074e+02,-1.266895105800358579e-05,-7.201945663837250322e-06,1.078015613555908203e+01
1.023599999999999994e+02,-1.263774265680694953e-05,-6.915863650647224858e-06,1.078015995025634766e+01
1.024000000000000057e+02,-1.222682476509362459e-05,-6.655789547949098051e-06,1.078015995025634766e+01
1.024399999999999977e+02,-1.072164468496339396e-05,-5.136955223861150444e-06,1.078016090393066406e+01
1.024800000000000040e+02,-1.073985004040878266e-05,-5.246186447038780898e-06,1.078016090393066406e+01
1.025199999999999960e+02,-1.030682687996886671e-05,-4.908089977107010782e-06,1.078016090393066406e+01
1.025600000000000023e+02,-1.004480145638808608e-05,-4.642814019462093711e-06,1.078016185760498047e+01
1.026000000000000085e+02,-8.530519153282511979e-06,-4.424351573106832802e-06,1.078016090393066406e+01
1.026400000000000006e+02,-8.588385753682814538e-06,-4.143471414863597602e-06,1.078015995025634766e+01
1.026800000000000068e+02,-8.217779395636171103e-06,-2.759876224445179105e-06,1.078016281127929688e+01
1.027199999999999989e+02,-7.939500392240006477e-06,-2.817092536133714020e-06,1.078016185760498047e+01
1.027600000000000051e+02,-7.643665412615519017e-06,-2.546615178289357573e-06,1.078016185760498047e+01
1.027999999999999972e+02,-6.200903044373262674e-06,-2.343757159906090237e-06,1.078016090393066406e+01
1.028400000000000034e+02,-6.262670922296820208e-06,-2.125294713550829329e-06,1.078016281127929688e+01
1.028799999999999955e+02,-5.950581453362246975e-06,-1.917235294968122616e-06,1.078016185760498047e+01
1.029200000000000017e+02,-5.721065917896339670e-06,-1.683168420640868135e-06,1.078016185760498047e+01
1.029600000000000080e+02,-5.460341526486445218e-06,-1.532325313746696338e-06,1.078016185760498047e+01
1.030000000000000000e+02,-5.215871624386636540e-06,-1.175210826431793976e-07,1.078016185760498047e+01
1.030400000000000063e+02,-3.786113211390329525e-06,-2.631626898619288113e-07,1.078016281127929688e+01
1.030799999999999983e+02,-3.891443157044705003e-06,-2.909581375831749028e-08,1.078016185760498047e+01
1.031200000000000045e+02,-3.596258920879336074e-06,1.425532332177681383e-07,1.078017520904541016e+01
1.031599999999999966e+02,-3.425260047151823528e-06,2.777918837182369316e-07,1.078018283843994141e+01
1.032000000000000028e+02,-3.185341483913362026e-06,5.066572725809237454e-07,1.078018665313720703e+01
1.032400000000000091e+02,-3.016943310285569169e-06,6.366944376168248709e-07,1.078018760681152344e+01
1.032800000000000011e+02,-2.782876435958314687e-06,8.187464572984026745e-07,1.078018951416015625e+01
1.033200000000000074e+02,-1.394729792991711292e-06,9.747910780788515694e-07,1.078019046783447266e+01
1.033599999999999994e+02,-1.581983269716147333e-06,1.110029643314192072e-06,1.078019046783447266e+01
1.034000000000000057e+02,-1.314756900683278218e-06,1.297283233725465834e-06,1.078018951416015625e+01
1.034399999999999977e+02,-1.166514607575663831e-06,1.422118884875089861e-06,1.078019046783447266e+01
1.034800000000000040e+02,-9.487023362453328446e-07,1.546954536024713889e-06,1.078019046783447266e+01
1.035199999999999960e+02,-8.004599862942995969e-07,1.702999156805162784e-06,1.078019046783447266e+01
1.035600000000000023e+02,-6.418146654141310137e-07,3.008572321050451137e-06,1.078019046783447266e+01
1.036000000000000085e+02,-4.448083643637801288e-07,2.779706846922636032e-06,1.078019046783447266e+01
1.036400000000000006e+02,-3.134708208563097287e-07,2.977363237732788548e-06,1.078019046783447266e+01
1.036800000000000068e+02,-1.444225148361510946e-07,3.081393060710979626e-06,1.078019046783447266e+01
1.037199999999999989e+02,9.671513367948136874e-09,3.185422656315495260e-06,1.078019046783447266e+01
1.037600000000000051e+02,1.507618350160555565e-07,3.315459935038234107e-06,1.078019046783447266e+01
1.037999999999999972e+02,1.465437549086345825e-06,3.403885102670756169e-06,1.078019046783447266e+01
1.038400000000000034e+02,1.271682094738935120e-06,3.539123781592934392e-06,1.078019142150878906e+01
1.038799999999999955e+02,1.448532657377654687e-06,3.617146148826577701e-06,1.078019142150878906e+01
1.039200000000000017e+02,1.553862830405705608e-06,3.757586227948195301e-06,1.078018951416015625e+01
1.039600000000000080e+02,1.709257162474386860e-06,3.840810222754953429e-06,1.078019142150878906e+01
1.040000000000000000e+02,1.813937046790670138e-06,3.929235390387475491e-06,1.078019046783447266e+01
1.040400000000000063e+02,1.929670133904437535e-06,4.028063358418876305e-06,1.078019046783447266e+01
1.040799999999999983e+02,2.062958174064988270e-06,4.121690380998188630e-06,1.078019046783447266e+01
1.041200000000000045e+02,2.153984269170905463e-06,4.210115548630710691e-06,1.078019237518310547e+01
1.041599999999999966e+02,2.282070909132016823e-06,4.303742116462672129e-06,1.078019046783447266e+01
1.042000000000000028e+02,2.363994326515239663e-06,4.386965883895754814e-06,1.078019142150878906e+01
1.042400000000000091e+02,2.505084694348624907e-06,4.433779395185410976e-06,1.078019046783447266e+01
1.042800000000000011e+02,2.578555495347245596e-06,4.537809218163602054e-06,1.078019142150878906e+01
1.043200000000000074e+02,2.704041435208637267e-06,4.595025529852136970e-06,1.078019142150878906e+01
1.043599999999999994e+02,2.765809085758519359e-06,4.683450697484659031e-06,1.078019142150878906e+01
1.044000000000000057e+02,2.889994675570051186e-06,4.751070264319423586e-06,1.078019046783447266e+01
1.044399999999999977e+02,2.930956270574824885e-06,4.792681920662289485e-06,1.078019142150878906e+01
1.044800000000000040e+02,3.040187493752455339e-06,4.870704287895932794e-06,1.078019142150878906e+01
1.045199999999999960e+02,3.114958872174611315e-06,4.927920599584467709e-06,1.078019142150878906e+01
1.045600000000000023e+02,3.215087417629547417e-06,4.995540166419232264e-06,1.078019237518310547e+01
1.046000000000000085e+02,3.256049240007996559e-06,5.042353222961537540e-06,1.078019142150878906e+01
1.046400000000000006e+02,3.354877435413072817e-06,5.109972789796302095e-06,1.078019046783447266e+01
1.046800000000000068e+02,3.399740307941101491e-06,5.146383045939728618e-06,1.078019237518310547e+01
1.047199999999999989e+02,3.476462097751209512e-06,5.193196557229384780e-06,1.078019142150878906e+01
1.047600000000000051e+02,3.549283064785413444e-06,5.255614269117359072e-06,1.078019142150878906e+01
1.047999999999999972e+02,3.599997398850973696e-06,5.307629180606454611e-06,1.078019142150878906e+01
1.048400000000000034e+02,3.678019766084617004e-06,5.302427780407015234e-06,1.078020381927490234e+01
1.048799999999999955e+02,3.717681011039530858e-06,5.396054348238976672e-06,1.078021144866943359e+01
1.049200000000000017e+02,3.789201628023874946e-06,5.422061803983524442e-06,1.078021430969238281e+01
1.049600000000000080e+02,3.810657744907075539e-06,5.463673915073741227e-06,1.078021717071533203e+01
1.050000000000000000e+02,3.880227723129792139e-06,5.510486971616046503e-06,1.078021812438964844e+01
1.050400000000000063e+02,3.938744157494511455e-06,4.355757027951767668e-06,1.078022003173828125e+01
1.050799999999999983e+02,3.947196546505438164e-06,4.740667009173193946e-06,1.078021907806396484e+01
1.051200000000000045e+02,4.009614713140763342e-06,4.678249297285219654e-06,1.078021812438964844e+01
1.051599999999999966e+02,4.057728347106603906e-06,4.751070264319423586e-06,1.078022003173828125e+01
1.052000000000000028e+02,4.095439180673565716e-06,4.782279120263410732e-06,1.078021907806396484e+01
1.052400000000000091e+02,4.138351414439966902e-06,4.818689376406837255e-06,1.078022003173828125e+01
1.052800000000000011e+02,4.182563770882552490e-06,4.829092631553066894e-06,1.078022003173828125e+01
1.053200000000000074e+02,4.210522092762403190e-06,4.829092631553066894e-06,1.078021907806396484e+01
1.053599999999999994e+02,4.260586138116195798e-06,4.881107088294811547e-06,1.078022003173828125e+01
1.054000000000000057e+02,4.285293471184559166e-06,4.870704287895932794e-06,1.078021907806396484e+01
1.054399999999999977e+02,4.313251338317058980e-06,4.901913143839919940e-06,1.078022003173828125e+01
1.054800000000000040e+02,4.352912583271972835e-06,4.891510343441041186e-06,1.078022003173828125e+01
1.055199999999999960e+02,4.373718638817081228e-06,4.912316398986149579e-06,1.078021907806396484e+01
1.055600000000000023e+02,4.425733550306176767e-06,4.933121999783907086e-06,1.078021907806396484e+01
1.056000000000000085e+02,4.445889317139517516e-06,4.938323854730697349e-06,1.078022003173828125e+01
1.056400000000000006e+02,4.469945906748762354e-06,4.948726655129576102e-06,1.078022003173828125e+01
1.056800000000000068e+02,4.472546606848482043e-06,4.938323854730697349e-06,1.078022003173828125e+01
1.057199999999999989e+02,4.545367573882685974e-06,4.990338311472442001e-06,1.078022003173828125e+01
1.057600000000000051e+02,4.529113084572600201e-06,4.979935511073563248e-06,1.078022003173828125e+01
1.057999999999999972e+02,4.584378984873183072e-06,4.969532710674684495e-06,1.078021907806396484e+01
1.058400000000000034e+02,4.601283762895036489e-06,5.000741566618671641e-06,1.078021907806396484e+01
1.058799999999999955e+02,4.593481207848526537e-06,4.979935511073563248e-06,1.078022003173828125e+01
1.059200000000000017e+02,4.642895419237902388e-06,5.037151822762098163e-06,1.078021907806396484e+01
1.059600000000000080e+02,4.650697519537061453e-06,5.000741566618671641e-06,1.078022003173828125e+01
1.060000000000000000e+02,4.688408353104023263e-06,5.042353222961537540e-06,1.078022003173828125e+01
1.060400000000000063e+02,4.697511030826717615e-06,5.031950422562658787e-06,1.078022003173828125e+01
1.060799999999999983e+02,4.698161319538485259e-06,5.026749022363219410e-06,1.078022003173828125e+01
1.061200000000000045e+02,4.737172275781631470e-06,5.057957878307206556e-06,1.078022003173828125e+01
1.061599999999999966e+02,4.749525942315813154e-06,3.856414423353271559e-06,1.078021907806396484e+01
1.062000000000000028e+02,3.540830448400811292e-06,4.215316948830150068e-06,1.078022003173828125e+01
1.062400000000000091e+02,3.958249635616084561e-06,4.152899236942175776e-06,1.078022003173828125e+01
1.062800000000000011e+02,3.858121090161148459e-06,4.173705292487284169e-06,1.078022003173828125e+01
1.063200000000000074e+02,3.921189090760890394e-06,4.189309493085602298e-06,1.078021907806396484e+01
1.063599999999999994e+02,3.930291768483584747e-06,4.158100637141615152e-06,1.078022003173828125e+01
1.064000000000000057e+02,3.918588390661170706e-06,4.184108092886162922e-06,1.078022003173828125e+01
1.064399999999999977e+02,3.947196546505438164e-06,4.163302037341054529e-06,1.078022003173828125e+01
1.064800000000000040e+02,3.915987690561451018e-06,4.168503892287844792e-06,1.078022003173828125e+01
1.065199999999999960e+02,3.940695023629814386e-06,4.137294581596506760e-06,1.078022003173828125e+01
1.065600000000000023e+02,3.960200501751387492e-06,4.152899236942175776e-06,1.078021907806396484e+01
1.066000000000000085e+02,3.906885012838756666e-06,4.126891781197628006e-06,1.078022003173828125e+01
1.066400000000000006e+02,3.963451490562874824e-06,4.137294581596506760e-06,1.078022003173828125e+01
1.066800000000000068e+02,3.921839379472658038e-06,4.132093181397067383e-06,1.078022003173828125e+01
1.067199999999999989e+02,3.940695023629814386e-06,4.100884325453080237e-06,1.078022003173828125e+01
1.067600000000000051e+02,3.913386990461731330e-06,4.111287125851958990e-06,1.078022003173828125e+01
1.067999999999999972e+02,3.937444034818327054e-06,4.106085725652519614e-06,1.078022003173828125e+01
1.068400000000000034e+02,3.941344857594231144e-06,4.100884325453080237e-06,1.078022003173828125e+01
1.068799999999999955e+02,3.912736701749963686e-06,4.080078269907971844e-06,1.078022003173828125e+01
1.069200000000000017e+02,3.948497123928973451e-06,4.069675469509093091e-06,1.078022003173828125e+01
1.069600000000000080e+02,3.905584890162572265e-06,4.080078269907971844e-06,1.078022003173828125e+01
1.070000000000000000e+02,3.923139956896193326e-06,4.069675469509093091e-06,1.078022003173828125e+01
1.070400000000000063e+02,3.932242634618887678e-06,4.074876869708532467e-06,1.078022003173828125e+01
1.070799999999999983e+02,3.917288267984986305e-06,4.033265213365666568e-06,1.078022003173828125e+01
1.071200000000000045e+02,3.917288267984986305e-06,4.074876869708532467e-06,1.078022003173828125e+01
1.071599999999999966e+02,3.913386990461731330e-06,4.038466613565105945e-06,1.078022003173828125e+01
1.072000000000000028e+02,3.914037279173498973e-06,4.048869413963984698e-06,1.078022003173828125e+01
1.072400000000000091e+02,3.918588390661170706e-06,2.847326186383725144e-06,1.078022003173828125e+01
1.072800000000000011e+02,3.912736701749963686e-06,3.195825684088049456e-06,1.078022003173828125e+01
1.073200000000000074e+02,3.892580934916622937e-06,3.102198888882412575e-06,1.078022003173828125e+01
1.073599999999999994e+02,3.916637979273218662e-06,3.143810772598953918e-06,1.078022003173828125e+01
1.074000000000000057e+02,2.701440735108917579e-06,3.107400516455527395e-06,1.078022003173828125e+01
1.074399999999999977e+02,3.085050366280484013e-06,3.117803316854406148e-06,1.078022003173828125e+01
1.074800000000000040e+02,2.983621243402012624e-06,3.107400516455527395e-06,1.078022003173828125e+01
1.075199999999999960e+02,3.011579337908187881e-06,3.070990032938425429e-06,1.078022003173828125e+01
1.075600000000000023e+02,3.008978637808468193e-06,3.096997488682973199e-06,1.078022003173828125e+01
1.076000000000000085e+02,2.994674559886334464e-06,3.034579549421323463e-06,1.078022003173828125e+01
1.076400000000000006e+02,2.993374209836474620e-06,3.044982577193877660e-06,1.078022003173828125e+01
1.076800000000000068e+02,2.978419843202573247e-06,3.013773721249890514e-06,1.078022003173828125e+01
1.077199999999999989e+02,2.976469204440945759e-06,3.029378149221884087e-06,1.078022003173828125e+01
1.077600000000000051e+02,2.947210987258586101e-06,2.987766265505342744e-06,1.078022003173828125e+01
1.077999999999999972e+02,2.956963726319372654e-06,2.982564865305903368e-06,1.078022003173828125e+01
1.078400000000000034e+02,2.914701553891063668e-06,2.961758809760794975e-06,1.078022003173828125e+01
1.078799999999999955e+02,2.938758598247659393e-06,2.951355781988240778e-06,1.078022098541259766e+01
1.079200000000000017e+02,2.883492697947076522e-06,2.956557409561355598e-06,1.078022003173828125e+01
1.079600000000000080e+02,2.907549514929996803e-06,2.914945525844814256e-06,1.078022003173828125e+01
1.080000000000000000e+02,2.890644736908143386e-06,2.935751354016247205e-06,1.078022003173828125e+01
1.080400000000000063e+02,2.881542059185449034e-06,2.914945525844814256e-06,1.078022003173828125e+01
1.080799999999999983e+02,2.859435880964156240e-06,2.883736442527151667e-06,1.078022003173828125e+01
1.081200000000000045e+02,2.843831452992162667e-06,2.888938070100266486e-06,1.078022003173828125e+01
1.081599999999999966e+02,2.860736231014016084e-06,2.852527586583164521e-06,1.078022003173828125e+01
1.082000000000000028e+02,2.820424697347334586e-06,2.888938070100266486e-06,1.078022003173828125e+01
1.082400000000000091e+02,2.832128075169748627e-06,2.857729214156279340e-06,1.078022003173828125e+01
1.082800000000000011e+02,2.820424697347334586e-06,2.842124558810610324e-06,1.078022003173828125e+01
1.083200000000000074e+02,2.806770908136968501e-06,2.821318730639177375e-06,1.078022003173828125e+01
1.083599999999999994e+02,2.785964852591860108e-06,2.842124558810610324e-06,1.078022003173828125e+01
1.084000000000000057e+02,2.808721319524920546e-06,2.831721758411731571e-06,1.078022003173828125e+01
1.084399999999999977e+02,2.787915491353487596e-06,2.805714302667183802e-06,1.078022003173828125e+01
1.084800000000000040e+02,2.770360424619866535e-06,2.816117330439737998e-06,1.078022003173828125e+01
1.085199999999999960e+02,2.769060074570006691e-06,2.795311274894629605e-06,1.078022003173828125e+01
1.085600000000000023e+02,2.767759724520146847e-06,1.604170847713248804e-06,1.078022003173828125e+01
1.086000000000000085e+02,2.732649591052904725e-06,1.942267545018694364e-06,1.078022003173828125e+01
1.086400000000000006e+02,2.758657046797452495e-06,1.864245177785051055e-06,1.078022003173828125e+01
1.086800000000000068e+02,2.728098252191557549e-06,1.879849719443882350e-06,1.078022003173828125e+01
1.087199999999999989e+02,2.738501279964111745e-06,1.869446691671328153e-06,1.078022003173828125e+01
1.087600000000000051e+02,2.730048890953185037e-06,1.864245177785051055e-06,1.078022098541259766e+01
1.087999999999999972e+02,1.527855374661157839e-06,1.838237835727341007e-06,1.078022003173828125e+01
1.088400000000000034e+02,1.886107725113106426e-06,1.822633294068509713e-06,1.078022003173828125e+01
1.088799999999999955e+02,1.797032268768816721e-06,1.807028866096516140e-06,1.078022003173828125e+01
1.089200000000000017e+02,1.812636696740810294e-06,1.791424438124522567e-06,1.078022003173828125e+01
1.089600000000000080e+02,1.804184307729883585e-06,1.770618496266251896e-06,1.078022003173828125e+01
1.090000000000000000e+02,1.818488385652017314e-06,1.775819896465691272e-06,1.078022003173828125e+01
1.090400000000000063e+02,1.772325163074128795e-06,1.739409526635427028e-06,1.078022003173828125e+01
1.090799999999999983e+02,1.764522949088132009e-06,1.723805098663433455e-06,1.078022003173828125e+01
1.091200000000000045e+02,1.774275801835756283e-06,1.729006612549710553e-06,1.078022003173828125e+01
1.091599999999999966e+02,1.730063104332657531e-06,1.697797642918885686e-06,1.078022003173828125e+01
1.092000000000000028e+02,1.722260890346660744e-06,1.682193214946892112e-06,1.078022003173828125e+01
1.092400000000000091e+02,1.722260890346660744e-06,1.661387273088621441e-06,1.078022003173828125e+01
1.092800000000000011e+02,1.684550170466536656e-06,1.661387273088621441e-06,1.078022003173828125e+01
1.093200000000000074e+02,1.686500695541326422e-06,1.640581331230350770e-06,1.078022003173828125e+01
1.093599999999999994e+02,1.656592075960361399e-06,1.624976789571519475e-06,1.078022003173828125e+01
1.094000000000000057e+02,1.673496967669052538e-06,1.619775389372080099e-06,1.078022098541259766e+01
1.094399999999999977e+02,1.622782519916654564e-06,1.609372361599525902e-06,1.078022003173828125e+01
1.094800000000000040e+02,1.629934558877721429e-06,1.614573875485803001e-06,1.078022003173828125e+01
1.095199999999999960e+02,1.619531531105167232e-06,1.562558963996707462e-06,1.078022098541259766e+01
1.095600000000000023e+02,1.601326289346616250e-06,1.578163505655538756e-06,1.078022003173828125e+01
1.096000000000000085e+02,1.587022211424482521e-06,1.572961991769261658e-06,1.078022003173828125e+01
1.096400000000000006e+02,1.598725589246896561e-06,1.562558963996707462e-06,1.078022003173828125e+01
1.096800000000000068e+02,1.540859102533431724e-06,1.536551621938997414e-06,1.078022003173828125e+01
1.097199999999999989e+02,1.583771336299832910e-06,1.536551621938997414e-06,1.078022003173828125e+01
1.097600000000000051e+02,1.544760152683011256e-06,1.541753022138436791e-06,1.078022003173828125e+01
1.097999999999999972e+02,1.531756424810737371e-06,1.489738224336178973e-06,1.078022003173828125e+01
1.098400000000000034e+02,1.539558638796734158e-06,1.541753022138436791e-06,1.078022003173828125e+01
1.098799999999999955e+02,1.520053160675161052e-06,1.494939738222456072e-06,1.078022003173828125e+01
1.099200000000000017e+02,1.505098794041259680e-06,1.505342652308172546e-06,1.078022098541259766e+01
1.099600000000000080e+02,1.518102521913533565e-06,1.489738224336178973e-06,1.078022003173828125e+01
1.100000000000000000e+02,1.491444891144055873e-06,1.479335196563624777e-06,1.078022003173828125e+01
1.100400000000000063e+02,1.487543840994476341e-06,1.479335196563624777e-06,1.078022003173828125e+01
1.100799999999999983e+02,1.485593315919686574e-06,1.463730768591631204e-06,1.078022003173828125e+01
1.101200000000000045e+02,1.475190288147132378e-06,1.474133796364185400e-06,1.078022003173828125e+01
1.101599999999999966e+02,1.475190288147132378e-06,1.448126340619637631e-06,1.078022003173828125e+01
1.102000000000000028e+02,1.455034521313791629e-06,1.474133796364185400e-06,1.078022003173828125e+01
1.102400000000000091e+02,1.462186560274858493e-06,1.437723312847083434e-06,1.078022003173828125e+01
1.102800000000000011e+02,1.453083996239001863e-06,1.422118884875089861e-06,1.078022003173828125e+01
1.103200000000000074e+02,1.440730443391657900e-06,1.448126340619637631e-06,1.078022003173828125e+01
1.103599999999999994e+02,1.437479568267008290e-06,1.442924826733360533e-06,1.078022003173828125e+01
1.104000000000000057e+02,1.438779918316868134e-06,1.427320398761366960e-06,1.078022003173828125e+01
1.104399999999999977e+02,1.421875026608176995e-06,1.416917370988812763e-06,1.078022003173828125e+01
1.104800000000000040e+02,1.427076540494454093e-06,1.422118884875089861e-06,1.078022003173828125e+01
1.105199999999999960e+02,1.426426365469524171e-06,1.396111429130542092e-06,1.078022098541259766e+01
1.105600000000000023e+02,1.410821937497530598e-06,1.432521798960806336e-06,1.078022003173828125e+01
1.106000000000000085e+02,1.403019723511533812e-06,1.390909915244264994e-06,1.078022003173828125e+01
1.106400000000000006e+02,1.426426365469524171e-06,1.411715857102535665e-06,1.078022003173828125e+01
1.106800000000000068e+02,1.390666170664189849e-06,1.401312943016819190e-06,1.078022003173828125e+01
1.107199999999999989e+02,1.403019723511533812e-06,1.390909915244264994e-06,1.078022003173828125e+01
1.107600000000000051e+02,1.371160578855779022e-06,2.101725584680025349e-07,1.078022003173828125e+01
1.107999999999999972e+02,1.380913317916565575e-06,5.430676992546068504e-07,1.078022003173828125e+01
1.108400000000000034e+02,1.400418909724976402e-06,4.806498736797948368e-07,1.078022003173828125e+01
1.108799999999999955e+02,1.373111103930568788e-06,4.806498736797948368e-07,1.078022003173828125e+01
1.109200000000000017e+02,1.371810753880708944e-06,4.962543016517884098e-07,1.078022003173828125e+01
1.109600000000000080e+02,1.354255687147087883e-06,4.650453888643824030e-07,1.078022003173828125e+01
1.110000000000000000e+02,1.391316345689119771e-06,4.702468743289500708e-07,1.078022003173828125e+01
1.110400000000000063e+02,1.358807026008435059e-06,4.390379615415440639e-07,1.078022003173828125e+01
1.110799999999999983e+02,1.351004812022438273e-06,4.442394470061117318e-07,1.078022003173828125e+01
1.111200000000000045e+02,1.800201943069623667e-07,4.182320196832733927e-07,1.078022098541259766e+01
1.111599999999999966e+02,5.038127142142911907e-07,3.922245923604350537e-07,1.078022003173828125e+01
1.112000000000000028e+02,4.491971026254759636e-07,4.130305342187057249e-07,1.078022003173828125e+01
1.112400000000000091e+02,4.517978595686145127e-07,3.662171366158872843e-07,1.078022003173828125e+01
1.112800000000000011e+02,4.797558403879520483e-07,3.818216214312997181e-07,1.078022003173828125e+01
1.113200000000000074e+02,4.361934031749115093e-07,3.402097092930489453e-07,1.078022003173828125e+01
1.113599999999999994e+02,4.316420927352737635e-07,3.506126802221842809e-07,1.078022003173828125e+01
1.114000000000000057e+02,4.186383648629998788e-07,3.037993110410752706e-07,1.078022003173828125e+01
1.114399999999999977e+02,3.952316944833000889e-07,3.350082238284812775e-07,1.078022003173828125e+01
1.114800000000000040e+02,4.251402287991368212e-07,2.881948546473722672e-07,1.078022003173828125e+01
1.115199999999999960e+02,3.679238886888924753e-07,3.037993110410752706e-07,1.078022003173828125e+01
1.115600000000000023e+02,3.698744421853916720e-07,2.673889127891015960e-07,1.078022003173828125e+01
1.116000000000000085e+02,3.614220247527555330e-07,2.829933691828045994e-07,1.078022003173828125e+01
1.116400000000000006e+02,3.510190538236201974e-07,2.777918837182369316e-07,1.078022003173828125e+01
1.116800000000000068e+02,3.256618015257117804e-07,2.361799857908408740e-07,1.078022098541259766e+01
1.117199999999999989e+02,3.178595875397149939e-07,2.517844563953985926e-07,1.078022098541259766e+01
1.117600000000000051e+02,3.191599375895748381e-07,2.153740439325702027e-07,1.078022003173828125e+01
1.117999999999999972e+02,2.781982573196728481e-07,2.569859418599662604e-07,1.078022003173828125e+01
1.118400000000000034e+02,2.957532672098750481e-07,1.893666166097318637e-07,1.078022003173828125e+01
1.118799999999999955e+02,2.697458398870367091e-07,2.153740439325702027e-07,1.078022003173828125e+01
1.119200000000000017e+02,2.645443544224690413e-07,2.049710730034348671e-07,1.078022003173828125e+01
1.119600000000000080e+02,2.508904515252652345e-07,1.893666166097318637e-07,1.078022098541259766e+01
1.120000000000000000e+02,2.463391410856274888e-07,1.997695875388671993e-07,1.078022003173828125e+01
1.120400000000000063e+02,2.411376556210598210e-07,1.737621602160288603e-07,1.078022003173828125e+01
1.120799999999999983e+02,2.320350489526390447e-07,1.685606605406064773e-07,1.078022003173828125e+01
1.121200000000000045e+02,2.118792963301530108e-07,1.789636456805965281e-07,1.078022003173828125e+01
1.121599999999999966e+02,1.988755826687338413e-07,1.529562041469034739e-07,1.078022003173828125e+01
1.122000000000000028e+02,2.105789178585837362e-07,1.425532332177681383e-07,1.078022003173828125e+01
1.122400000000000091e+02,1.969250291722346446e-07,1.737621602160288603e-07,1.078022003173828125e+01
1.122800000000000011e+02,1.806703835427470040e-07,1.217472913594974671e-07,1.078022003173828125e+01
1.123200000000000074e+02,1.897729760003130650e-07,1.373517477532004705e-07,1.078022003173828125e+01
1.123599999999999994e+02,1.631153594416900887e-07,1.373517477532004705e-07,1.078022003173828125e+01
1.124000000000000057e+02,1.813205585676769260e-07,1.373517477532004705e-07,1.078022003173828125e+01
1.124399999999999977e+02,1.611648059451908921e-07,1.113443204303621314e-07,1.078022003173828125e+01
1.124800000000000040e+02,1.481610922837717226e-07,1.269487768240651349e-07,1.078022003173828125e+01
1.125199999999999960e+02,1.663662914097585599e-07,1.165458058949297993e-07,1.078022003173828125e+01
1.125600000000000023e+02,1.215034757251487463e-07,1.009413423957994382e-07,1.078022003173828125e+01
1.126000000000000085e+02,1.488112673087016447e-07,1.217472913594974671e-07,1.078022003173828125e+01
1.126400000000000006e+02,1.267049611897164141e-07,9.573985693123177043e-08,1.078022003173828125e+01
1.126800000000000068e+02,1.358075536472824751e-07,1.009413423957994382e-07,1.078022098541259766e+01
1.127199999999999989e+02,1.124008690567279700e-07,9.053837146666410263e-08,1.078022003173828125e+01
1.127600000000000051e+02,1.319064466542840819e-07,9.053837146666410263e-08,1.078022003173828125e+01
1.127999999999999972e+02,9.484585206109841238e-08,8.013540053752876702e-08,1.078022003173828125e+01
1.128400000000000034e+02,1.312562574184994446e-07,1.009413423957994382e-07,1.078022003173828125e+01
1.128799999999999955e+02,9.939715539530880051e-08,7.493391507296109921e-08,1.078022003173828125e+01
1.129200000000000017e+02,1.013477088918079971e-07,7.493391507296109921e-08,1.078022003173828125e+01
1.129600000000000080e+02,9.029454872688802425e-08,8.533688600209643482e-08,1.078022003173828125e+01
1.130000000000000000e+02,1.045986408598764683e-07,6.453093703839840600e-08,1.078022003173828125e+01
1.130400000000000063e+02,8.314250976582115982e-08,8.013540053752876702e-08,1.078022003173828125e+01
1.130799999999999983e+02,9.159492719845729880e-08,4.372499518012773478e-08,1.078022003173828125e+01
1.131200000000000045e+02,7.924139566739540896e-08,7.493391507296109921e-08,1.078022003173828125e+01
1.131599999999999966e+02,7.403991020282774116e-08,7.493391507296109921e-08,1.078022003173828125e+01
1.132000000000000028e+02,8.444288113196307677e-08,5.932945512654441700e-08,1.078022003173828125e+01
1.132400000000000091e+02,7.208934960090118693e-08,6.453093703839840600e-08,1.078022003173828125e+01
1.132800000000000011e+02,7.143916747054390726e-08,4.372499518012773478e-08,1.078022003173828125e+01
1.133200000000000074e+02,7.273953883668582421e-08,6.973242960839343141e-08,1.078022003173828125e+01
1.133599999999999994e+02,7.534028156896965811e-08,4.372499518012773478e-08,1.078022003173828125e+01
1.134000000000000057e+02,6.233656080212313100e-08,4.892648064469540259e-08,1.078022003173828125e+01
1.134399999999999977e+02,6.688786413633351913e-08,4.892648064469540259e-08,1.078022003173828125e+01
1.134800000000000040e+02,5.583470397141354624e-08,4.892648064469540259e-08,1.078022003173828125e+01
1.135199999999999960e+02,4.868266145763300301e-08,5.412796610926307039e-08,1.078022003173828125e+01
1.135600000000000023e+02,6.363693216826504795e-08,3.332202069827872037e-08,1.078022003173828125e+01
1.136000000000000085e+02,5.583470397141354624e-08,4.372499518012773478e-08,1.078022003173828125e+01
1.136400000000000006e+02,4.023024757771054283e-08,4.372499518012773478e-08,1.078022003173828125e+01
1.136800000000000068e+02,5.648488965448450472e-08,3.332202069827872037e-08,1.078022003173828125e+01
1.137199999999999989e+02,4.088043326078150130e-08,3.852350971556006698e-08,1.078022003173828125e+01
1.137600000000000051e+02,5.778526102062642167e-08,3.332202069827872037e-08,1.078022003173828125e+01
1.137999999999999972e+02,2.722653036357769452e-08,3.332202069827872037e-08,1.078022003173828125e+01
1.138400000000000034e+02,5.583470397141354624e-08,2.812053523371105257e-08,1.078022003173828125e+01
1.138799999999999955e+02,3.307820151121632080e-08,5.412796610926307039e-08,1.078022003173828125e+01
1.139200000000000017e+02,4.348117599306533521e-08,2.812053523371105257e-08,1.078022003173828125e+01
1.139600000000000080e+02,4.738229009149108606e-08,2.113103914069824896e-09,1.078022003173828125e+01
1.140000000000000000e+02,2.917708741279056994e-08,4.372499518012773478e-08,1.078022003173828125e+01
1.140400000000000063e+02,3.697931560964207165e-08,2.291904976914338476e-08,1.078022003173828125e+01
1.140799999999999983e+02,3.502875856042919622e-08,2.812053523371105257e-08,1.078022003173828125e+01
1.141200000000000045e+02,2.787671604664865299e-08,2.291904976914338476e-08,1.078022003173828125e+01
1.141599999999999966e+02,3.827968697578398860e-08,2.291904976914338476e-08,1.078022003173828125e+01
1.142000000000000028e+02,2.072467175651127036e-08,3.332202069827872037e-08,1.078022003173828125e+01
1.142400000000000091e+02,3.177783014507440384e-08,7.314590266815912400e-09,1.078022003173828125e+01
1.142800000000000011e+02,2.397560194822290214e-08,3.332202069827872037e-08,1.078022003173828125e+01
1.143200000000000074e+02,3.892987265885494708e-08,2.291904976914338476e-08,1.078022003173828125e+01
1.143599999999999994e+02,2.462578763129386061e-08,2.291904976914338476e-08,1.078022003173828125e+01
1.144000000000000057e+02,1.487299972069422438e-08,7.314590266815912400e-09,1.078022003173828125e+01
1.144399999999999977e+02,3.177783014507440384e-08,2.812053523371105257e-08,1.078022003173828125e+01
1.144800000000000040e+02,1.487299972069422438e-08,1.251607617547279006e-08,1.078022003173828125e+01
1.145199999999999960e+02,3.697931560964207165e-08,1.771756252821887756e-08,1.078022003173828125e+01
1.145600000000000023e+02,1.032169905101909535e-08,1.251607617547279006e-08,1.078022003173828125e+01
1.146000000000000085e+02,2.527597331436481909e-08,1.771756252821887756e-08,1.078022003173828125e+01
1.146400000000000006e+02,1.552318629194360255e-08,1.251607617547279006e-08,1.078022003173828125e+01
1.146800000000000068e+02,2.267522880572414579e-08,1.771756252821887756e-08,1.078022003173828125e+01
1.147199999999999989e+02,1.877411470729839493e-08,1.771756252821887756e-08,1.078022003173828125e+01
1.147600000000000051e+02,1.877411470729839493e-08,2.113103914069824896e-09,1.078022003173828125e+01
1.147999999999999972e+02,9.021327684877178399e-09,1.771756252821887756e-08,1.078022003173828125e+01
1.148400000000000034e+02,2.072467175651127036e-08,1.771756252821887756e-08,1.078022003173828125e+01
1.148799999999999955e+02,1.227225698841039048e-08,1.251607617547279006e-08,1.078022003173828125e+01
1.149200000000000017e+02,2.852690172971961147e-08,2.113103914069824896e-09,1.078022003173828125e+01
1.149600000000000080e+02,5.770398825433176171e-09,2.291904976914338476e-08,1.078022003173828125e+01
1.150000000000000000e+02,1.227225698841039048e-08,7.314590266815912400e-09,1.078022003173828125e+01
1.150400000000000063e+02,1.552318629194360255e-08,2.113103914069824896e-09,1.078022003173828125e+01
1.150799999999999983e+02,1.877411470729839493e-08,1.771756252821887756e-08,1.078022003173828125e+01
1.151200000000000045e+02,1.357262835455230743e-08,1.251607617547279006e-08,1.078022003173828125e+01
1.151599999999999966e+02,9.671513367948136874e-09,-3.088382438676262609e-09,1.078022003173828125e+01
1.152000000000000028e+02,1.422281403762326590e-08,2.812053523371105257e-08,1.078022003173828125e+01
1.152400000000000091e+02,2.519469965989173943e-09,7.314590266815912400e-09,1.078022003173828125e+01
1.152800000000000011e+02,5.120213142362217695e-09,1.251607617547279006e-08,1.078022003173828125e+01
1.153200000000000074e+02,2.202504312265318731e-08,2.113103914069824896e-09,1.078022003173828125e+01
1.153599999999999994e+02,1.032169905101909535e-08,1.251607617547279006e-08,1.078022003173828125e+01
1.154000000000000057e+02,1.227225698841039048e-08,2.113103914069824896e-09,1.078022003173828125e+01
1.154399999999999977e+02,5.770398825433176171e-09,1.251607617547279006e-08,1.078022003173828125e+01
1.154800000000000040e+02,1.357262835455230743e-08,7.314590266815912400e-09,1.078022003173828125e+01
1.155199999999999960e+02,-7.314590044771307475e-10,7.314590266815912400e-09,1.078022003173828125e+01
1.155600000000000023e+02,2.332541448879510426e-08,7.314590266815912400e-09,1.078022003173828125e+01
1.156000000000000085e+02,7.720956318735261448e-09,2.113103914069824896e-09,1.078022003173828125e+01
1.156400000000000006e+02,-4.632573880058998839e-09,-3.088382438676262609e-09,1.078022003173828125e+01
1.156800000000000068e+02,1.032169905101909535e-08,1.771756252821887756e-08,1.078022003173828125e+01
1.157199999999999989e+02,1.032169905101909535e-08,2.113103914069824896e-09,1.078022003173828125e+01
1.157600000000000051e+02,1.869284060873610542e-09,1.251607617547279006e-08,1.078022003173828125e+01
1.157999999999999972e+02,7.720956318735261448e-09,2.113103914069824896e-09,1.078022003173828125e+01
1.158400000000000034e+02,2.519469965989173943e-09,7.314590266815912400e-09,1.078022003173828125e+01
1.158799999999999955e+02,-7.314590044771307475e-10,7.314590266815912400e-09,1.078022003173828125e+01
1.159200000000000017e+02,1.357262835455230743e-08,-3.088382438676262609e-09,1.078022003173828125e+01
1.159600000000000080e+02,9.671513367948136874e-09,1.251607617547279006e-08,1.078022003173828125e+01
1.160000000000000000e+02,3.819841332131090894e-09,7.314590266815912400e-09,1.078022003173828125e+01
1.160400000000000063e+02,4.470027459291259220e-09,-1.869284105282531527e-08,1.078022003173828125e+01
1.160799999999999983e+02,7.720956318735261448e-09,2.291904976914338476e-08,1.078022003173828125e+01
1.161200000000000045e+02,8.371142001806219923e-09,-1.349135558825764747e-08,1.078022003173828125e+01
1.161599999999999966e+02,1.869284060873610542e-09,1.771756252821887756e-08,1.078022003173828125e+01
1.162000000000000028e+02,1.032169905101909535e-08,1.251607617547279006e-08,1.078022003173828125e+01
1.162400000000000091e+02,-5.282759563129957314e-09,-1.349135558825764747e-08,1.078022003173828125e+01
1.162800000000000011e+02,1.162207130533943200e-08,2.291904976914338476e-08,1.078022003173828125e+01
1.163200000000000074e+02,-7.314590044771307475e-10,-1.349135558825764747e-08,1.078022003173828125e+01
1.163599999999999994e+02,4.470027459291259220e-09,1.251607617547279006e-08,1.078022003173828125e+01
1.164000000000000057e+02,1.869284060873610542e-09,2.113103914069824896e-09,1.078022003173828125e+01
1.164399999999999977e+02,1.869284060873610542e-09,2.113103914069824896e-09,1.078022003173828125e+01
1.164800000000000040e+02,3.819841332131090894e-09,-3.088382438676262609e-09,1.078022003173828125e+01
1.165199999999999960e+02,1.219098377802652067e-09,1.251607617547279006e-08,1.078022003173828125e+01
1.165600000000000023e+02,6.420584508504134647e-09,-8.289869235511559964e-09,1.078022003173828125e+01
1.166000000000000085e+02,5.770398825433176171e-09,2.113103914069824896e-09,1.078022003173828125e+01
1.166400000000000006e+02,3.819841332131090894e-09,1.251607617547279006e-08,1.078022003173828125e+01
1.166800000000000068e+02,9.021327684877178399e-09,7.314590266815912400e-09,1.078022003173828125e+01
1.167199999999999989e+02,-4.632573880058998839e-09,-8.289869235511559964e-09,1.078022003173828125e+01
1.167600000000000051e+02,6.420584508504134647e-09,7.314590266815912400e-09,1.078022003173828125e+01
1.167999999999999972e+02,-2.682016386756913562e-09,-3.088382438676262609e-09,1.078022003173828125e+01
1.168400000000000034e+02,-8.127322426165761726e-11,2.113103914069824896e-09,1.078022003173828125e+01
1.168799999999999955e+02,7.720956318735261448e-09,-8.289869235511559964e-09,1.078022003173828125e+01
1.169200000000000017e+02,-4.632573880058998839e-09,1.251607617547279006e-08,1.078022003173828125e+01
1.169600000000000080e+02,7.720956318735261448e-09,1.251607617547279006e-08,1.078022003173828125e+01
1.170000000000000000e+02,2.519469965989173943e-09,-1.349135558825764747e-08,1.078022003173828125e+01
1.170400000000000063e+02,1.219098377802652067e-09,1.251607617547279006e-08,1.078022003173828125e+01
1.170799999999999983e+02,-1.381644798570391686e-09,-3.088382438676262609e-09,1.078022003173828125e+01
1.171200000000000045e+02,5.120213142362217695e-09,2.113103914069824896e-09,1.078022003173828125e+01
1.171599999999999966e+02,-3.982388196988040363e-09,2.113103914069824896e-09,1.078022003173828125e+01
1.172000000000000028e+02,1.097188562226847353e-08,2.113103914069824896e-09,1.078022003173828125e+01
1.172400000000000091e+02,-5.282759563129957314e-09,2.113103914069824896e-09,1.078022003173828125e+01
1.172800000000000011e+02,5.770398825433176171e-09,2.113103914069824896e-09,1.078022003173828125e+01
1.173200000000000074e+02,-5.932945246200915790e-09,-3.088382438676262609e-09,1.078022003173828125e+01
1.173599999999999994e+02,8.371142001806219923e-09,7.314590266815912400e-09,1.078022003173828125e+01
1.174000000000000057e+02,-2.031830703685955086e-09,-3.088382438676262609e-09,1.078022098541259766e+01
1.174399999999999977e+02,5.120213142362217695e-09,-3.088382438676262609e-09,1.078022003173828125e+01
1.174800000000000040e+02,2.519469965989173943e-09,7.314590266815912400e-09,1.078022003173828125e+01
1.175199999999999960e+02,-6.583131373361084115e-09,-8.289869235511559964e-09,1.078022003173828125e+01
1.175600000000000023e+02,7.070770635664302972e-09,7.314590266815912400e-09,1.078022003173828125e+01
1.176000000000000085e+02,-7.314590044771307475e-10,7.314590266815912400e-09,1.078022003173828125e+01
1.176400000000000006e+02,7.720956318735261448e-09,2.113103914069824896e-09,1.078022003173828125e+01
1.176800000000000068e+02,-2.682016386756913562e-09,-1.349135558825764747e-08,1.078022003173828125e+01
1.177199999999999989e+02,-7.314590044771307475e-10,7.314590266815912400e-09,1.078022003173828125e+01
1.177600000000000051e+02,5.770398825433176171e-09,7.314590266815912400e-09,1.078022003173828125e+01
1.177999999999999972e+02,-5.932945246200915790e-09,-1.349135558825764747e-08,1.078022003173828125e+01
1.178400000000000034e+02,7.070770635664302972e-09,1.251607617547279006e-08,1.078022003173828125e+01
1.178799999999999955e+02,-8.127322426165761726e-11,-1.349135558825764747e-08,1.078022003173828125e+01
1.179200000000000017e+02,-2.682016386756913562e-09,7.314590266815912400e-09,1.078022003173828125e+01
1.179600000000000080e+02,3.819841332131090894e-09,7.314590266815912400e-09,1.078022003173828125e+01
1.180000000000000000e+02,-1.381644798570391686e-09,2.113103914069824896e-09,1.078022003173828125e+01
1.180400000000000063e+02,5.120213142362217695e-09,2.113103914069824896e-09,1.078022003173828125e+01
1.180799999999999983e+02,-1.381644798570391686e-09,2.113103914069824896e-09,1.078022003173828125e+01
1.181200000000000045e+02,-2.682016386756913562e-09,-1.349135558825764747e-08,1.078022003173828125e+01
1.181599999999999966e+02,3.819841332131090894e-09,1.251607617547279006e-08,1.078022003173828125e+01
1.182000000000000028e+02,-7.233317056432042591e-09,2.113103914069824896e-09,1.078022003173828125e+01
1.182400000000000091e+02,6.420584508504134647e-09,-8.289869235511559964e-09,1.078022003173828125e+01
1.182800000000000011e+02,3.819841332131090894e-09,1.251607617547279006e-08,1.078022003173828125e+01
1.183200000000000074e+02,-5.282759563129957314e-09,-8.289869235511559964e-09,1.078022003173828125e+01
1.183599999999999994e+02,6.420584508504134647e-09,7.314590266815912400e-09,1.078022003173828125e+01
1.184000000000000057e+02,-6.583131373361084115e-09,-3.088382438676262609e-09,1.078022003173828125e+01
1.184399999999999977e+02,5.120213142362217695e-09,2.113103914069824896e-09,1.078022003173828125e+01
1.184800000000000040e+02,5.120213142362217695e-09,-3.088382438676262609e-09,1.078022003173828125e+01
1.185199999999999960e+02,-9.834059788715876493e-09,-3.088382438676262609e-09,1.078022003173828125e+01
1.185600000000000023e+02,-8.127322426165761726e-11,7.314590266815912400e-09,1.078022003173828125e+01
1.186000000000000085e+02,2.519469965989173943e-09,2.113103914069824896e-09,1.078022003173828125e+01
1.186400000000000006e+02,3.819841332131090894e-09,-8.289869235511559964e-09,1.078022003173828125e+01
1.186800000000000068e+02,-8.127322426165761726e-11,7.314590266815912400e-09,1.078022003173828125e+01
1.187199999999999989e+02,5.120213142362217695e-09,-3.088382438676262609e-09,1.078022003173828125e+01
1.187600000000000051e+02,-9.834059788715876493e-09,2.113103914069824896e-09,1.078022003173828125e+01
1.187999999999999972e+02,2.519469965989173943e-09,2.113103914069824896e-09,1.078022003173828125e+01
1.188400000000000034e+02,2.519469965989173943e-09,-3.088382438676262609e-09,1.078022003173828125e+01
1.188799999999999955e+02,-8.127322426165761726e-11,2.113103914069824896e-09,1.078022003173828125e+01
1.189200000000000017e+02,2.519469965989173943e-09,-3.088382438676262609e-09,1.078022003173828125e+01
1.189600000000000080e+02,-3.982388196988040363e-09,-3.088382438676262609e-09,1.078022003173828125e+01
1.190000000000000000e+02,2.519469965989173943e-09,2.113103914069824896e-09,1.078022003173828125e+01
1.190400000000000063e+02,-2.682016386756913562e-09,2.113103914069824896e-09,1.078022003173828125e+01
1.190799999999999983e+02,6.420584508504134647e-09,-3.088382438676262609e-09,1.078022003173828125e+01
1.191200000000000045e+02,-7.883502739503001067e-09,7.314590266815912400e-09,1.078022003173828125e+01
1.191599999999999966e+02,2.519469965989173943e-09,-3.088382438676262609e-09,1.078022003173828125e+01
1.192000000000000028e+02,6.420584508504134647e-09,-3.088382438676262609e-09,1.078022003173828125e+01
1.192400000000000091e+02,-3.982388196988040363e-09,7.314590266815912400e-09,1.078022003173828125e+01
1.192800000000000011e+02,2.519469965989173943e-09,-3.088382438676262609e-09,1.078022003173828125e+01
1.193200000000000074e+02,-1.381644798570391686e-09,-8.289869235511559964e-09,1.078022003173828125e+01
1.193599999999999994e+02,-8.127322426165761726e-11,7.314590266815912400e-09,1.078022003173828125e+01
1.194000000000000057e+02,1.219098377802652067e-09,-3.088382438676262609e-09,1.078022003173828125e+01
1.194399999999999977e+02,-8.127322426165761726e-11,-3.088382438676262609e-09,1.078022003173828125e+01
1.194800000000000040e+02,-8.127322426165761726e-11,7.314590266815912400e-09,1.078022003173828125e+01
1.195199999999999960e+02,3.819841332131090894e-09,-3.088382438676262609e-09,1.078022003173828125e+01
1.195600000000000023e+02,1.219098377802652067e-09,-3.088382438676262609e-09,1.078022003173828125e+01
1.196000000000000085e+02,-9.183874105644918018e-09,2.113103914069824896e-09,1.078022003173828125e+01
1.196400000000000006e+02,4.470027459291259220e-09,-3.088382438676262609e-09,1.078022003173828125e+01
1.196800000000000068e+02,-8.127322426165761726e-11,7.314590266815912400e-09,1.078022003173828125e+01
1.197199999999999989e+02,5.770398825433176171e-09,-3.088382438676262609e-09,1.078022003173828125e+01
1.197600000000000051e+02,-3.982388196988040363e-09,-3.088382438676262609e-09,1.078021907806396484e+01
1.197999999999999972e+02,6.420584508504134647e-09,7.314590266815912400e-09,1.078022003173828125e+01
1.198400000000000034e+02,-3.982388196988040363e-09,2.113103914069824896e-09,1.078022003173828125e+01
1.198799999999999955e+02,6.420584508504134647e-09,-3.088382438676262609e-09,1.078022003173828125e+01
1.199200000000000017e+02,-1.381644798570391686e-09,2.113103914069824896e-09,1.078022003173828125e+01
1.199600000000000080e+02,-9.183874105644918018e-09,2.113103914069824896e-09,1.078022003173828125e+01
