time,e_x,e_y,e_z,bound_x,bound_y,bound_z,neg_bound_x,neg_bound_y,neg_bound_z
0.000000000000000000e+00,0.000000000000000000e+00,0.000000000000000000e+00,0.000000000000000000e+00,2.529602050781250000e+00,3.438943386077880859e+00,2.744187355041503906e+00,-2.529602050781250000e+00,-3.438943386077880859e+00,-2.744187355041503906e+00
4.000000000000000083e-02,-6.842558505013585091e-04,-5.702132475562393665e-04,-4.561705864034593105e-04,2.529602050781250000e+00,3.438943386077880859e+00,2.744187355041503906e+00,-2.529602050781250000e+00,-3.438943386077880859e+00,-2.744187355041503906e+00
8.000000000000000167e-02,-1.941548427566885948e-03,-1.617957139387726784e-03,-1.105429837480187416e-03,2.529602050781250000e+00,3.438943386077880859e+00,2.744187355041503906e+00,-2.529602050781250000e+00,-3.438943386077880859e+00,-2.744187355041503906e+00
1.199999999999999956e-01,-3.671823069453239441e-03,-3.059852868318557739e-03,-1.896005356684327126e-03,2.529602050781250000e+00,3.438943386077880859e+00,2.744187355041503906e+00,-2.529602050781250000e+00,-3.438943386077880859e+00,-2.744187355041503906e+00
1.600000000000000033e-01,-5.783884786069393158e-03,-4.821055568754673004e-03,-2.783070085570216179e-03,2.529602050781250000e+00,3.438943386077880859e+00,2.744187355041503906e+00,-2.529602050781250000e+00,-3.438943386077880859e+00,-2.744187355041503906e+00
2.000000000000000111e-01,-8.196730166673660278e-03,-6.834503263235092163e-03,-3.728390671312808990e-03,2.529602050781250000e+00,3.438943386077880859e+00,2.744187355041503906e+00,-2.529602050781250000e+00,-3.438943386077880859e+00,-2.744187355041503906e+00
2.399999999999999911e-01,-1.083891745656728745e-02,-9.041016921401023865e-03,-4.699793644249439240e-03,2.529602050781250000e+00,3.438943386077880859e+00,2.744187355041503906e+00,-2.529602050781250000e+00,-3.438943386077880859e+00,-2.744187355041503906e+00
2.800000000000000266e-01,-1.364824455231428146e-02,-1.138894818723201752e-02,-5.670673679560422897e-03,2.529602050781250000e+00,3.438943386077880859e+00,2.744187355041503906e+00,-2.529602050781250000e+00,-3.438943386077880859e+00,-2.744187355041503906e+00
3.200000000000000067e-01,-1.657117344439029694e-02,-1.383378449827432632e-02,-6.619459949433803558e-03,2.529602050781250000e+00,3.438943386077880859e+00,2.744187355041503906e+00,-2.529602050781250000e+00,-3.438943386077880859e+00,-2.744187355041503906e+00
3.599999999999999867e-01,-1.956221833825111389e-02,-1.633765175938606262e-02,-7.529105525463819504e-03,2.529602050781250000e+00,3.438943386077880859e+00,2.744187355041503906e+00,-2.529602050781250000e+00,-3.438943386077880859e+00,-2.744187355041503906e+00
4.000000000000000222e-01,-2.258327417075634003e-02,-1.886878721415996552e-02,-8.386574685573577881e-03,2.529602050781250000e+00,3.438943386077880859e+00,2.744187355041503906e+00,-2.529602050781250000e+00,-3.438943386077880859e+00,-2.744187355041503906e+00
4.400000000000000022e-01,-2.560294419527053833e-02,-2.140098251402378082e-02,-9.182356297969818115e-03,2.529602050781250000e+00,3.438943386077880859e+00,2.744187355041503906e+00,-2.529602050781250000e+00,-3.438943386077880859e+00,-2.744187355041503906e+00
4.799999999999999822e-01,-2.859585359692573547e-02,-2.391303144395351410e-02,-9.909998625516891479e-03,2.529602050781250000e+00,3.438943386077880859e+00,2.744187355041503906e+00,-2.529602050781250000e+00,-3.438943386077880859e+00,-2.744187355041503906e+00
5.200000000000000178e-01,-3.154198452830314636e-02,-2.638817578554153442e-02,-1.056568231433629990e-02,2.529602050781250000e+00,3.438943386077880859e+00,2.744187355041503906e+00,-2.529602050781250000e+00,-3.438943386077880859e+00,-2.744187355041503906e+00
5.600000000000000533e-01,-3.442604094743728638e-02,-2.881358377635478973e-02,-1.114781200885772705e-02,2.529602050781250000e+00,3.438943386077880859e+00,2.744187355041503906e+00,-2.529602050781250000e+00,-3.438943386077880859e+00,-2.744187355041503906e+00
5.999999999999999778e-01,-3.723684325814247131e-02,-3.117984905838966370e-02,-1.165664754807949066e-02,2.529602050781250000e+00,3.438943386077880859e+00,2.744187355041503906e+00,-2.529602050781250000e+00,-3.438943386077880859e+00,-2.744187355041503906e+00
6.400000000000000133e-01,-3.996676206588745117e-02,-3.348051756620407104e-02,-1.209396496415138245e-02,2.529602050781250000e+00,3.438943386077880859e+00,2.744187355041503906e+00,-2.529602050781250000e+00,-3.438943386077880859e+00,-2.744187355041503906e+00
6.800000000000000488e-01,-4.261118918657302856e-02,-3.571166470646858215e-02,-1.246275193989276886e-02,2.529602050781250000e+00,3.438943386077880859e+00,2.744187355041503906e+00,-2.529602050781250000e+00,-3.438943386077880859e+00,-2.744187355041503906e+00
7.199999999999999734e-01,-4.516806453466415405e-02,-3.787146881222724915e-02,-1.276694051921367645e-02,2.529602050781250000e+00,3.438943386077880859e+00,2.744187355041503906e+00,-2.529602050781250000e+00,-3.438943386077880859e+00,-2.744187355041503906e+00
7.600000000000000089e-01,-4.763742908835411072e-02,-3.995988890528678894e-02,-1.301116310060024261e-02,2.529602050781250000e+00,3.438943386077880859e+00,2.744187355041503906e+00,-2.529602050781250000e+00,-3.438943386077880859e+00,-2.744187355041503906e+00
8.000000000000000444e-01,-5.002104490995407104e-02,-4.197829589247703552e-02,-1.320054568350315094e-02,2.529602050781250000e+00,3.438943386077880859e+00,2.744187355041503906e+00,-2.529602050781250000e+00,-3.438943386077880859e+00,-2.744187355041503906e+00
8.399999999999999689e-01,-5.232203751802444458e-02,-4.392920807003974915e-02,-1.334052532911300659e-02,2.529602050781250000e+00,3.438943386077880859e+00,2.744187355041503906e+00,-2.529602050781250000e+00,-3.438943386077880859e+00,-2.744187355041503906e+00
8.800000000000000044e-01,-5.454458296298980713e-02,-4.581602662801742554e-02,-1.343669556081295013e-02,2.529602050781250000e+00,3.438943386077880859e+00,2.744187355041503906e+00,-2.529602050781250000e+00,-3.438943386077880859e+00,-2.744187355041503906e+00
9.200000000000000400e-01,-5.669365078210830688e-02,-4.764281585812568665e-02,-1.349467970430850983e-02,2.529602050781250000e+00,3.438943386077880859e+00,2.744187355041503906e+00,-2.529602050781250000e+00,-3.438943386077880859e+00,-2.744187355041503906e+00
9.599999999999999645e-01,-5.877475067973136902e-02,-4.941408708691596985e-02,-1.352003030478954315e-02,2.529602050781250000e+00,3.438943386077880859e+00,2.744187355041503906e+00,-2.529602050781250000e+00,-3.438943386077880859e+00,-2.744187355041503906e+00
1.000000000000000000e+00,-6.079374998807907104e-02,-5.113466084003448486e-02,-1.351812668144702911e-02,2.529602050781250000e+00,3.438943386077880859e+00,2.744187355041503906e+00,-2.529602050781250000e+00,-3.438943386077880859e+00,-2.744187355041503906e+00
1.040000000000000036e+00,-6.275670230388641357e-02,-5.280951038002967834e-02,-1.349567621946334839e-02,2.529602050781250000e+00,3.438943386077880859e+00,2.744187355041503906e+00,-2.529602050781250000e+00,-3.438943386077880859e+00,-2.744187355041503906e+00
1.080000000000000071e+00,-6.466968357563018799e-02,-5.444363877177238464e-02,-1.345841959118843079e-02,2.529602050781250000e+00,3.438943386077880859e+00,2.744187355041503906e+00,-2.529602050781250000e+00,-3.438943386077880859e+00,-2.744187355041503906e+00
1.120000000000000107e+00,-6.653870642185211182e-02,-5.604199692606925964e-02,-1.341085135936737061e-02,2.529602050781250000e+00,3.438943386077880859e+00,2.744187355041503906e+00,-2.529602050781250000e+00,-3.438943386077880859e+00,-2.744187355041503906e+00
1.159999999999999920e+00,-6.836961954832077026e-02,-5.760939046740531921e-02,-1.335670799016952515e-02,2.529602050781250000e+00,3.438943386077880859e+00,2.744187355041503906e+00,-2.529602050781250000e+00,-3.438943386077880859e+00,-2.744187355041503906e+00
1.199999999999999956e+00,-7.016801834106445312e-02,-5.915043130517005920e-02,-1.329920440912246704e-02,2.529602050781250000e+00,3.438943386077880859e+00,2.744187355041503906e+00,-2.529602050781250000e+00,-3.438943386077880859e+00,-2.744187355041503906e+00
1.239999999999999991e+00,-7.193920761346817017e-02,-6.066948920488357544e-02,-1.324116066098213196e-02,2.529602050781250000e+00,3.438943386077880859e+00,2.744187355041503906e+00,-2.529602050781250000e+00,-3.438943386077880859e+00,-2.744187355041503906e+00
1.280000000000000027e+00,-7.368815690279006958e-02,-6.217065826058387756e-02,-1.318506896495819092e-02,2.529602050781250000e+00,3.438943386077880859e+00,2.744187355041503906e+00,-2.529602050781250000e+00,-3.438943386077880859e+00,-2.744187355041503906e+00
1.320000000000000062e+00,-7.541947066783905029e-02,-6.365772336721420288e-02,-1.313313096761703491e-02,2.529602050781250000e+00,3.438943386077880859e+00,2.744187355041503906e+00,-2.529602050781250000e+00,-3.438943386077880859e+00,-2.744187355041503906e+00
1.360000000000000098e+00,-7.713736593723297119e-02,-6.513416767120361328e-02,-1.308728381991386414e-02,2.529602050781250000e+00,3.438943386077880859e+00,2.744187355041503906e+00,-2.529602050781250000e+00,-3.438943386077880859e+00,-2.744187355041503906e+00
1.400000000000000133e+00,-7.884568721055984497e-02,-6.660313159227371216e-02,-1.304922252893447876e-02,2.529602050781250000e+00,3.438943386077880859e+00,2.744187355041503906e+00,-2.529602050781250000e+00,-3.438943386077880859e+00,-2.744187355041503906e+00
1.439999999999999947e+00,-8.054789900779724121e-02,-6.806746870279312134e-02,-1.302045956254005432e-02,2.529602050781250000e+00,3.438943386077880859e+00,2.744187355041503906e+00,-2.529602050781250000e+00,-3.438943386077880859e+00,-2.744187355041503906e+00
1.479999999999999982e+00,-8.224707841873168945e-02,-6.952971220016479492e-02,-1.300271973013877869e-02,2.529602050781250000e+00,3.438943386077880859e+00,2.744187355041503906e+00,-2.529602050781250000e+00,-3.438943386077880859e+00,-2.744187355041503906e+00
1.520000000000000018e+00,-8.394595235586166382e-02,-7.099208980798721313e-02,-1.299742236733436584e-02,2.529602050781250000e+00,3.438943386077880859e+00,2.744187355041503906e+00,-2.529602050781250000e+00,-3.438943386077880859e+00,-2.744187355041503906e+00
1.560000000000000053e+00,-8.564690500497817993e-02,-7.245654612779617310e-02,-1.300571858882904053e-02,2.529602050781250000e+00,3.438943386077880859e+00,2.744187355041503906e+00,-2.529602050781250000e+00,-3.438943386077880859e+00,-2.744187355041503906e+00
1.600000000000000089e+00,-8.735199272632598877e-02,-7.392477244138717651e-02,-1.302849873900413513e-02,2.529602050781250000e+00,3.438943386077880859e+00,2.744187355041503906e+00,-2.529602050781250000e+00,-3.438943386077880859e+00,-2.744187355041503906e+00
1.640000000000000124e+00,-8.906295895576477051e-02,-7.539817690849304199e-02,-1.306644082069396973e-02,2.529602050781250000e+00,3.438943386077880859e+00,2.744187355041503906e+00,-2.529602050781250000e+00,-3.438943386077880859e+00,-2.744187355041503906e+00
1.679999999999999938e+00,-9.078128635883331299e-02,-7.687798142433166504e-02,-1.312002167105674744e-02,2.529602050781250000e+00,3.438943386077880859e+00,2.744187355041503906e+00,-2.529602050781250000e+00,-3.438943386077880859e+00,-2.744187355041503906e+00
1.719999999999999973e+00,-9.250819683074951172e-02,-7.836515456438064575e-02,-1.318953931331634521e-02,2.529602050781250000e+00,3.438943386077880859e+00,2.744187355041503906e+00,-2.529602050781250000e+00,-3.438943386077880859e+00,-2.744187355041503906e+00
1.760000000000000009e+00,-9.424466639757156372e-02,-7.986049354076385498e-02,-1.327515766024589539e-02,2.529602050781250000e+00,3.438943386077880859e+00,2.744187355041503906e+00,-2.529602050781250000e+00,-3.438943386077880859e+00,-2.744187355041503906e+00
1.800000000000000044e+00,-9.599148482084274292e-02,-8.136462420225143433e-02,-1.337691396474838257e-02,2.529602050781250000e+00,3.438943386077880859e+00,2.744187355041503906e+00,-2.529602050781250000e+00,-3.438943386077880859e+00,-2.744187355041503906e+00
1.840000000000000080e+00,-9.774924814701080322e-02,-8.287800103425979614e-02,-1.349472254514694214e-02,2.529602050781250000e+00,3.438943386077880859e+00,2.744187355041503906e+00,-2.529602050781250000e+00,-3.438943386077880859e+00,-2.744187355041503906e+00
1.880000000000000115e+00,-9.951837360858917236e-02,-8.440096676349639893e-02,-1.362840831279754639e-02,2.529602050781250000e+00,3.438943386077880859e+00,2.744187355041503906e+00,-2.529602050781250000e+00,-3.438943386077880859e+00,-2.744187355041503906e+00
1.919999999999999929e+00,-1.012991666793823242e-01,-8.593373745679855347e-02,-1.377773284912109375e-02,2.529602050781250000e+00,3.438943386077880859e+00,2.744187355041503906e+00,-2.529602050781250000e+00,-3.438943386077880859e+00,-2.744187355041503906e+00
1.959999999999999964e+00,-1.030917614698410034e-01,-8.747640997171401978e-02,-1.394239068031311035e-02,2.529602050781250000e+00,3.438943386077880859e+00,2.744187355041503906e+00,-2.529602050781250000e+00,-3.438943386077880859e+00,-2.744187355041503906e+00
2.000000000000000000e+00,-1.048962399363517761e-01,-8.902902156114578247e-02,-1.412203162908554077e-02,2.529602050781250000e+00,3.438943386077880859e+00,2.744187355041503906e+00,-2.529602050781250000e+00,-3.438943386077880859e+00,-2.744187355041503906e+00
2.040000000000000036e+00,-1.067125573754310608e-01,-9.059151262044906616e-02,-1.431626081466674805e-02,2.529602050781250000e+00,3.438943386077880859e+00,2.744187355041503906e+00,-2.529602050781250000e+00,-3.438943386077880859e+00,-2.744187355041503906e+00
2.080000000000000071e+00,-1.085406020283699036e-01,-9.216377884149551392e-02,-1.452466100454330444e-02,2.529602050781250000e+00,3.438943386077880859e+00,2.744187355041503906e+00,-2.529602050781250000e+00,-3.438943386077880859e+00,-2.744187355041503906e+00
2.120000000000000107e+00,-1.103802025318145752e-01,-9.374564886093139648e-02,-1.474680006504058838e-02,2.529602050781250000e+00,3.438943386077880859e+00,2.744187355041503906e+00,-2.529602050781250000e+00,-3.438943386077880859e+00,-2.744187355041503906e+00
2.160000000000000142e+00,-1.122311428189277649e-01,-9.533692151308059692e-02,-1.498222351074218750e-02,2.529602050781250000e+00,3.438943386077880859e+00,2.744187355041503906e+00,-2.529602050781250000e+00,-3.438943386077880859e+00,-2.744187355041503906e+00
2.200000000000000178e+00,-1.140931695699691772e-01,-9.693735837936401367e-02,-1.523048430681228638e-02,2.529602050781250000e+00,3.438943386077880859e+00,2.744187355041503906e+00,-2.529602050781250000e+00,-3.438943386077880859e+00,-2.744187355041503906e+00
2.240000000000000213e+00,-1.159660071134567261e-01,-9.854671359062194824e-02,-1.549113541841506958e-02,2.529602050781250000e+00,3.438943386077880859e+00,2.744187355041503906e+00,-2.529602050781250000e+00,-3.438943386077880859e+00,-2.744187355041503906e+00
2.280000000000000249e+00,-1.178493201732635498e-01,-1.001646965742111206e-01,-1.576372981071472168e-02,2.529602050781250000e+00,3.438943386077880859e+00,2.744187355041503906e+00,-2.529602050781250000e+00,-3.438943386077880859e+00,-2.744187355041503906e+00
2.319999999999999840e+00,-1.197428032755851746e-01,-1.017910316586494446e-01,-1.604782044887542725e-02,2.529602050781250000e+00,3.438943386077880859e+00,2.744187355041503906e+00,-2.529602050781250000e+00,-3.438943386077880859e+00,-2.744187355041503906e+00
2.359999999999999876e+00,-1.216461136937141418e-01,-1.034254282712936401e-01,-1.634298264980316162e-02,2.529602050781250000e+00,3.438943386077880859e+00,2.744187355041503906e+00,-2.529602050781250000e+00,-3.438943386077880859e+00,-2.744187355041503906e+00
2.399999999999999911e+00,-1.235589310526847839e-01,-1.050675809383392334e-01,-1.664879918098449707e-02,2.529602050781250000e+00,3.438943386077880859e+00,2.744187355041503906e+00,-2.529602050781250000e+00,-3.438943386077880859e+00,-2.744187355041503906e+00
2.439999999999999947e+00,-1.254809200763702393e-01,-1.067171990871429443e-01,-1.696487516164779663e-02,2.529602050781250000e+00,3.438943386077880859e+00,2.744187355041503906e+00,-2.529602050781250000e+00,-3.438943386077880859e+00,-2.744187355041503906e+00
2.479999999999999982e+00,-1.274117678403854370e-01,-1.083739995956420898e-01,-1.729082316160202026e-02,2.529602050781250000e+00,3.438943386077880859e+00,2.744187355041503906e+00,-2.529602050781250000e+00,-3.438943386077880859e+00,-2.744187355041503906e+00
2.520000000000000018e+00,-1.293511241674423218e-01,-1.100376993417739868e-01,-1.762627810239791870e-02,2.529602050781250000e+00,3.438943386077880859e+00,2.744187355041503906e+00,-2.529602050781250000e+00,-3.438943386077880859e+00,-2.744187355041503906e+00
2.560000000000000053e+00,-1.312987059354782104e-01,-1.117080375552177429e-01,-1.797088235616683960e-02,2.529602050781250000e+00,3.438943386077880859e+00,2.744187355041503906e+00,-2.529602050781250000e+00,-3.438943386077880859e+00,-2.744187355041503906e+00
2.600000000000000089e+00,-1.332542300224304199e-01,-1.133847460150718689e-01,-1.832430809736251831e-02,2.529602050781250000e+00,3.438943386077880859e+00,2.744187355041503906e+00,-2.529602050781250000e+00,-3.438943386077880859e+00,-2.744187355041503906e+00
2.640000000000000124e+00,-1.352173686027526855e-01,-1.150675639510154724e-01,-1.868623495101928711e-02,2.529602050781250000e+00,3.438943386077880859e+00,2.744187355041503906e+00,-2.529602050781250000e+00,-3.438943386077880859e+00,-2.744187355041503906e+00
2.680000000000000160e+00,-1.371878683567047119e-01,-1.167562603950500488e-01,-1.905635744333267212e-02,2.529602050781250000e+00,3.438943386077880859e+00,2.744187355041503906e+00,-2.529602050781250000e+00,-3.438943386077880859e+00,-2.744187355041503906e+00
2.720000000000000195e+00,-1.391654908657073975e-01,-1.184506043791770935e-01,-1.943439990282058716e-02,2.529602050781250000e+00,3.438943386077880859e+00,2.744187355041503906e+00,-2.529602050781250000e+00,-3.438943386077880859e+00,-2.744187355041503906e+00
2.760000000000000231e+00,-1.411499679088592529e-01,-1.201503723859786987e-01,-1.982007920742034912e-02,2.529602050781250000e+00,3.438943386077880859e+00,2.744187355041503906e+00,-2.529602050781250000e+00,-3.438943386077880859e+00,-2.744187355041503906e+00
2.800000000000000266e+00,-1.431410610675811768e-01,-1.218553707003593445e-01,-2.021314948797225952e-02,2.529602050781250000e+00,3.438943386077880859e+00,2.744187355041503906e+00,-2.529602050781250000e+00,-3.438943386077880859e+00,-2.744187355041503906e+00
2.839999999999999858e+00,-1.451385766267776489e-01,-1.235653981566429138e-01,-2.061336487531661987e-02,2.529602050781250000e+00,3.438943386077880859e+00,2.744187355041503906e+00,-2.529602050781250000e+00,-3.438943386077880859e+00,-2.744187355041503906e+00
2.879999999999999893e+00,-1.471422910690307617e-01,-1.252802759408950806e-01,-2.102050185203552246e-02,2.529602050781250000e+00,3.438943386077880859e+00,2.744187355041503906e+00,-2.529602050781250000e+00,-3.438943386077880859e+00,-2.744187355041503906e+00
2.919999999999999929e+00,-1.491519957780838013e-01,-1.269998252391815186e-01,-2.143432945013046265e-02,2.529602050781250000e+00,3.438943386077880859e+00,2.744187355041503906e+00,-2.529602050781250000e+00,-3.438943386077880859e+00,-2.744187355041503906e+00
2.959999999999999964e+00,-1.511675268411636353e-01,-1.287238895893096924e-01,-2.185465395450592041e-02,2.529602050781250000e+00,3.438943386077880859e+00,2.744187355041503906e+00,-2.529602050781250000e+00,-3.438943386077880859e+00,-2.744187355041503906e+00
3.000000000000000000e+00,-1.531887054443359375e-01,-1.304523050785064697e-01,-2.228127419948577881e-02,2.529602050781250000e+00,3.438943386077880859e+00,2.744187355041503906e+00,-2.529602050781250000e+00,-3.438943386077880859e+00,-2.744187355041503906e+00
3.040000000000000036e+00,-1.552153676748275757e-01,-1.321849226951599121e-01,-2.271399646997451782e-02,2.529602050781250000e+00,3.438943386077880859e+00,2.744187355041503906e+00,-2.529602050781250000e+00,-3.438943386077880859e+00,-2.744187355041503906e+00
3.080000000000000071e+00,-1.572473496198654175e-01,-1.339216232299804688e-01,-2.315264940261840820e-02,2.529602050781250000e+00,3.438943386077880859e+00,2.744187355041503906e+00,-2.529602050781250000e+00,-3.438943386077880859e+00,-2.744187355041503906e+00
3.120000000000000107e+00,-1.592845171689987183e-01,-1.356622576713562012e-01,-2.359706163406372070e-02,2.529602050781250000e+00,3.438943386077880859e+00,2.744187355041503906e+00,-2.529602050781250000e+00,-3.438943386077880859e+00,-2.744187355041503906e+00
3.160000000000000142e+00,-1.613267213106155396e-01,-1.374067068099975586e-01,-2.404707670211791992e-02,2.529602050781250000e+00,3.438943386077880859e+00,2.744187355041503906e+00,-2.529602050781250000e+00,-3.438943386077880859e+00,-2.744187355041503906e+00
3.200000000000000178e+00,-1.633738279342651367e-01,-1.391548663377761841e-01,-2.450254559516906738e-02,2.529602050781250000e+00,3.438943386077880859e+00,2.744187355041503906e+00,-2.529602050781250000e+00,-3.438943386077880859e+00,-2.744187355041503906e+00
3.240000000000000213e+00,-1.654257476329803467e-01,-1.409066021442413330e-01,-2.496331185102462769e-02,2.529602050781250000e+00,3.438943386077880859e+00,2.744187355041503906e+00,-2.529602050781250000e+00,-3.438943386077880859e+00,-2.744187355041503906e+00
3.280000000000000249e+00,-1.674822866916656494e-01,-1.426618248224258423e-01,-2.542923390865325928e-02,2.529602050781250000e+00,3.438943386077880859e+00,2.744187355041503906e+00,-2.529602050781250000e+00,-3.438943386077880859e+00,-2.744187355041503906e+00
3.320000000000000284e+00,-1.695434004068374634e-01,-1.444204300642013550e-01,-2.590015530586242676e-02,2.529602050781250000e+00,3.438943386077880859e+00,2.744187355041503906e+00,-2.529602050781250000e+00,-3.438943386077880859e+00,-2.744187355041503906e+00
3.359999999999999876e+00,-1.716089248657226562e-01,-1.461822986602783203e-01,-2.637596428394317627e-02,2.529602050781250000e+00,3.438943386077880859e+00,2.744187355041503906e+00,-2.529602050781250000e+00,-3.438943386077880859e+00,-2.744187355041503906e+00
3.399999999999999911e+00,-1.736787855625152588e-01,-1.479473561048507690e-01,-2.685652673244476318e-02,2.529602050781250000e+00,3.438943386077880859e+00,2.744187355041503906e+00,-2.529602050781250000e+00,-3.438943386077880859e+00,-2.744187355041503906e+00
3.439999999999999947e+00,-1.757528632879257202e-01,-1.497154980897903442e-01,-2.734170854091644287e-02,2.529602050781250000e+00,3.438943386077880859e+00,2.744187355041503906e+00,-2.529602050781250000e+00,-3.438943386077880859e+00,-2.744187355041503906e+00
3.479999999999999982e+00,-1.778310537338256836e-01,-1.514866352081298828e-01,-2.783140540122985840e-02,2.529602050781250000e+00,3.438943386077880859e+00,2.744187355041503906e+00,-2.529602050781250000e+00,-3.438943386077880859e+00,-2.744187355041503906e+00
3.520000000000000018e+00,-1.799132823944091797e-01,-1.532606780529022217e-01,-2.832548320293426514e-02,2.529602050781250000e+00,3.438943386077880859e+00,2.744187355041503906e+00,-2.529602050781250000e+00,-3.438943386077880859e+00,-2.744187355041503906e+00
3.560000000000000053e+00,-1.819994300603866577e-01,-1.550375521183013916e-01,-2.882385253906250000e-02,2.529602050781250000e+00,3.438943386077880859e+00,2.744187355041503906e+00,-2.529602050781250000e+00,-3.438943386077880859e+00,-2.744187355041503906e+00
3.600000000000000089e+00,-1.840893924236297607e-01,-1.568171530961990356e-01,-2.932639420032501221e-02,2.529602050781250000e+00,3.438943386077880859e+00,2.744187355041503906e+00,-2.529602050781250000e+00,-3.438943386077880859e+00,-2.744187355041503906e+00
3.640000000000000124e+00,-1.861830949783325195e-01,-1.585994362831115723e-01,-2.983297407627105713e-02,2.529602050781250000e+00,3.438943386077880859e+00,2.744187355041503906e+00,-2.529602050781250000e+00,-3.438943386077880859e+00,-2.744187355041503906e+00
3.680000000000000160e+00,-1.882804334163665771e-01,-1.603842824697494507e-01,-3.034351766109466553e-02,2.529602050781250000e+00,3.438943386077880859e+00,2.744187355041503906e+00,-2.529602050781250000e+00,-3.438943386077880859e+00,-2.744187355041503906e+00
3.720000000000000195e+00,-1.903813183307647705e-01,-1.621716469526290894e-01,-3.085790574550628662e-02,2.529602050781250000e+00,3.438943386077880859e+00,2.744187355041503906e+00,-2.529602050781250000e+00,-3.438943386077880859e+00,-2.744187355041503906e+00
3.760000000000000231e+00,-1.924856901168823242e-01,-1.639614254236221313e-01,-3.137601912021636963e-02,2.529602050781250000e+00,3.438943386077880859e+00,2.744187355041503906e+00,-2.529602050781250000e+00,-3.438943386077880859e+00,-2.744187355041503906e+00
3.800000000000000266e+00,-1.945934295654296875e-01,-1.657535433769226074e-01,-3.189778327941894531e-02,2.529602050781250000e+00,3.438943386077880859e+00,2.744187355041503906e+00,-2.529602050781250000e+00,-3.438943386077880859e+00,-2.744187355041503906e+00
3.839999999999999858e+00,-1.967044472694396973e-01,-1.675479561090469360e-01,-3.242309391498565674e-02,2.529602050781250000e+00,3.438943386077880859e+00,2.744187355041503906e+00,-2.529602050781250000e+00,-3.438943386077880859e+00,-2.744187355041503906e+00
3.879999999999999893e+00,-1.988186836242675781e-01,-1.693445593118667603e-01,-3.295186161994934082e-02,2.529602050781250000e+00,3.438943386077880859e+00,2.744187355041503906e+00,-2.529602050781250000e+00,-3.438943386077880859e+00,-2.744187355041503906e+00
3.919999999999999929e+00,-2.009360194206237793e-01,-1.711432933807373047e-01,-3.348399698734283447e-02,2.529602050781250000e+00,3.438943386077880859e+00,2.744187355041503906e+00,-2.529602050781250000e+00,-3.438943386077880859e+00,-2.744187355041503906e+00
3.959999999999999964e+00,-2.030563950538635254e-01,-1.729440689086914062e-01,-3.401939570903778076e-02,2.529602050781250000e+00,3.438943386077880859e+00,2.744187355041503906e+00,-2.529602050781250000e+00,-3.438943386077880859e+00,-2.744187355041503906e+00
4.000000000000000000e+00,-2.051797211170196533e-01,-1.747468411922454834e-01,-3.455799818038940430e-02,2.529602050781250000e+00,3.438943386077880859e+00,2.744187355041503906e+00,-2.529602050781250000e+00,-3.438943386077880859e+00,-2.744187355041503906e+00
4.040000000000000036e+00,-2.073058784008026123e-01,-1.765515208244323730e-01,-3.509970009326934814e-02,2.529602050781250000e+00,3.438943386077880859e+00,2.744187355041503906e+00,-2.529602050781250000e+00,-3.438943386077880859e+00,-2.744187355041503906e+00
4.080000000000000071e+00,-2.094348669052124023e-01,-1.783580482006072998e-01,-3.564439713954925537e-02,2.529602050781250000e+00,3.438943386077880859e+00,2.744187355041503906e+00,-2.529602050781250000e+00,-3.438943386077880859e+00,-2.744187355041503906e+00
4.120000000000000107e+00,-2.115665376186370850e-01,-1.801663339138031006e-01,-3.619202971458435059e-02,2.529602050781250000e+00,3.438943386077880859e+00,2.744187355041503906e+00,-2.529602050781250000e+00,-3.438943386077880859e+00,-2.744187355041503906e+00
4.160000000000000142e+00,-2.137008309364318848e-01,-1.819763183593750000e-01,-3.674250841140747070e-02,2.529602050781250000e+00,3.438943386077880859e+00,2.744187355041503906e+00,-2.529602050781250000e+00,-3.438943386077880859e+00,-2.744187355041503906e+00
4.200000000000000178e+00,-2.158376723527908325e-01,-1.837879419326782227e-01,-3.729574382305145264e-02,2.529602050781250000e+00,3.438943386077880859e+00,2.744187355041503906e+00,-2.529602050781250000e+00,-3.438943386077880859e+00,-2.744187355041503906e+00
4.240000000000000213e+00,-2.179769575595855713e-01,-1.856011301279067993e-01,-3.785166144371032715e-02,2.529602050781250000e+00,3.438943386077880859e+00,2.744187355041503906e+00,-2.529602050781250000e+00,-3.438943386077880859e+00,-2.744187355041503906e+00
4.280000000000000249e+00,-2.201186269521713257e-01,-1.874158382415771484e-01,-3.841020166873931885e-02,2.529602050781250000e+00,3.438943386077880859e+00,2.744187355041503906e+00,-2.529602050781250000e+00,-3.438943386077880859e+00,-2.744187355041503906e+00
4.320000000000000284e+00,-2.222625911235809326e-01,-1.892319619655609131e-01,-3.897126019001007080e-02,2.529602050781250000e+00,3.438943386077880859e+00,2.744187355041503906e+00,-2.529602050781250000e+00,-3.438943386077880859e+00,-2.744187355041503906e+00
4.360000000000000320e+00,-2.244087755680084229e-01,-1.910494863986968994e-01,-3.953479230403900146e-02,2.529602050781250000e+00,3.438943386077880859e+00,2.744187355041503906e+00,-2.529602050781250000e+00,-3.438943386077880859e+00,-2.744187355041503906e+00
4.400000000000000355e+00,-2.265571057796478271e-01,-1.928683221340179443e-01,-4.010070860385894775e-02,2.529602050781250000e+00,3.438943386077880859e+00,2.744187355041503906e+00,-2.529602050781250000e+00,-3.438943386077880859e+00,-2.744187355041503906e+00
4.440000000000000391e+00,-2.287074923515319824e-01,-1.946884095668792725e-01,-4.066894948482513428e-02,2.529602050781250000e+00,3.438943386077880859e+00,2.744187355041503906e+00,-2.529602050781250000e+00,-3.438943386077880859e+00,-2.744187355041503906e+00
4.480000000000000426e+00,-2.308598905801773071e-01,-1.965096592903137207e-01,-4.123944044113159180e-02,2.529602050781250000e+00,3.438943386077880859e+00,2.744187355041503906e+00,-2.529602050781250000e+00,-3.438943386077880859e+00,-2.744187355041503906e+00
4.520000000000000462e+00,-2.330142259597778320e-01,-1.983320564031600952e-01,-4.181212186813354492e-02,2.529602050781250000e+00,3.438943386077880859e+00,2.744187355041503906e+00,-2.529602050781250000e+00,-3.438943386077880859e+00,-2.744187355041503906e+00
4.560000000000000497e+00,-2.351703941822052002e-01,-2.001554965972900391e-01,-4.238693416118621826e-02,2.529602050781250000e+00,3.438943386077880859e+00,2.744187355041503906e+00,-2.529602050781250000e+00,-3.438943386077880859e+00,-2.744187355041503906e+00
4.600000000000000533e+00,-2.373283356428146362e-01,-2.019799500703811646e-01,-4.296378791332244873e-02,2.529602050781250000e+00,3.438943386077880859e+00,2.744187355041503906e+00,-2.529602050781250000e+00,-3.438943386077880859e+00,-2.744187355041503906e+00
4.639999999999999680e+00,-2.394880056381225586e-01,-2.038053423166275024e-01,-4.354263842105865479e-02,2.529602050781250000e+00,3.438943386077880859e+00,2.744187355041503906e+00,-2.529602050781250000e+00,-3.438943386077880859e+00,-2.744187355041503906e+00
4.679999999999999716e+00,-2.416492849588394165e-01,-2.056316435337066650e-01,-4.412342607975006104e-02,2.529602050781250000e+00,3.438943386077880859e+00,2.744187355041503906e+00,-2.529602050781250000e+00,-3.438943386077880859e+00,-2.744187355041503906e+00
4.719999999999999751e+00,-2.438121289014816284e-01,-2.074587643146514893e-01,-4.470609128475189209e-02,2.529602050781250000e+00,3.438943386077880859e+00,2.744187355041503906e+00,-2.529602050781250000e+00,-3.438943386077880859e+00,-2.744187355041503906e+00
4.759999999999999787e+00,-2.459764629602432251e-01,-2.092866599559783936e-01,-4.529055953025817871e-02,2.529602050781250000e+00,3.438943386077880859e+00,2.744187355041503906e+00,-2.529602050781250000e+00,-3.438943386077880859e+00,-2.744187355041503906e+00
4.799999999999999822e+00,-2.481422275304794312e-01,-2.111152708530426025e-01,-4.587678611278533936e-02,2.529602050781250000e+00,3.438943386077880859e+00,2.744187355041503906e+00,-2.529602050781250000e+00,-3.438943386077880859e+00,-2.744187355041503906e+00
4.839999999999999858e+00,-2.503093481063842773e-01,-2.129445672035217285e-01,-4.646471142768859863e-02,2.529602050781250000e+00,3.438943386077880859e+00,2.744187355041503906e+00,-2.529602050781250000e+00,-3.438943386077880859e+00,-2.744187355041503906e+00
4.879999999999999893e+00,-2.524777650833129883e-01,-2.147744745016098022e-01,-4.705430567264556885e-02,2.529602050781250000e+00,3.438943386077880859e+00,2.744187355041503906e+00,-2.529602050781250000e+00,-3.438943386077880859e+00,-2.744187355041503906e+00
4.919999999999999929e+00,-2.546474337577819824e-01,-2.166049331426620483e-01,-4.764549434185028076e-02,2.529602050781250000e+00,3.438943386077880859e+00,2.744187355041503906e+00,-2.529602050781250000e+00,-3.438943386077880859e+00,-2.744187355041503906e+00
4.959999999999999964e+00,-2.568182647228240967e-01,-2.184358835220336914e-01,-4.823821783065795898e-02,2.529602050781250000e+00,3.438943386077880859e+00,2.744187355041503906e+00,-2.529602050781250000e+00,-3.438943386077880859e+00,-2.744187355041503906e+00
5.000000000000000000e+00,-2.589901685714721680e-01,-2.202673256397247314e-01,-4.883244633674621582e-02,2.529602050781250000e+00,3.438943386077880859e+00,2.744187355041503906e+00,-2.529602050781250000e+00,-3.438943386077880859e+00,-2.744187355041503906e+00
5.040000000000000036e+00,-2.611631453037261963e-01,-2.220991551876068115e-01,-4.942812025547027588e-02,2.529602050781250000e+00,3.438943386077880859e+00,2.744187355041503906e+00,-2.529602050781250000e+00,-3.438943386077880859e+00,-2.744187355041503906e+00
5.080000000000000071e+00,-2.633370757102966309e-01,-2.239313572645187378e-01,-5.002517998218536377e-02,2.529602050781250000e+00,3.438943386077880859e+00,2.744187355041503906e+00,-2.529602050781250000e+00,-3.438943386077880859e+00,-2.744187355041503906e+00
5.120000000000000107e+00,-2.655119001865386963e-01,-2.257638573646545410e-01,-5.062359571456909180e-02,2.529602050781250000e+00,3.438943386077880859e+00,2.744187355041503906e+00,-2.529602050781250000e+00,-3.438943386077880859e+00,-2.744187355041503906e+00
5.160000000000000142e+00,-2.676876187324523926e-01,-2.275966405868530273e-01,-5.122333765029907227e-02,2.529602050781250000e+00,3.438943386077880859e+00,2.744187355041503906e+00,-2.529602050781250000e+00,-3.438943386077880859e+00,-2.744187355041503906e+00
5.200000000000000178e+00,-2.698640823364257812e-01,-2.294296473264694214e-01,-5.182431638240814209e-02,2.529602050781250000e+00,3.438943386077880859e+00,2.744187355041503906e+00,-2.529602050781250000e+00,-3.438943386077880859e+00,-2.744187355041503906e+00
5.240000000000000213e+00,-2.720413208007812500e-01,-2.312628179788589478e-01,-5.242650210857391357e-02,2.529602050781250000e+00,3.438943386077880859e+00,2.744187355041503906e+00,-2.529602050781250000e+00,-3.438943386077880859e+00,-2.744187355041503906e+00
5.280000000000000249e+00,-2.742192745208740234e-01,-2.330961078405380249e-01,-5.302987992763519287e-02,2.529602050781250000e+00,3.438943386077880859e+00,2.744187355041503906e+00,-2.529602050781250000e+00,-3.438943386077880859e+00,-2.744187355041503906e+00
5.320000000000000284e+00,-2.763978242874145508e-01,-2.349294722080230713e-01,-5.363440513610839844e-02,2.529602050781250000e+00,3.438943386077880859e+00,2.744187355041503906e+00,-2.529602050781250000e+00,-3.438943386077880859e+00,-2.744187355041503906e+00
5.360000000000000320e+00,-2.785769402980804443e-01,-2.367628812789916992e-01,-5.424001812934875488e-02,2.529602050781250000e+00,3.438943386077880859e+00,2.744187355041503906e+00,-2.529602050781250000e+00,-3.438943386077880859e+00,-2.744187355041503906e+00
5.400000000000000355e+00,-2.807565927505493164e-01,-2.385962903499603271e-01,-5.484664440155029297e-02,2.529602050781250000e+00,3.438943386077880859e+00,2.744187355041503906e+00,-2.529602050781250000e+00,-3.438943386077880859e+00,-2.744187355041503906e+00
5.440000000000000391e+00,-2.829366922378540039e-01,-2.404296845197677612e-01,-5.545434355735778809e-02,2.529602050781250000e+00,3.438943386077880859e+00,2.744187355041503906e+00,-2.529602050781250000e+00,-3.438943386077880859e+00,-2.744187355041503906e+00
5.480000000000000426e+00,-2.851172089576721191e-01,-2.422629743814468384e-01,-5.606299638748168945e-02,2.529602050781250000e+00,3.438943386077880859e+00,2.744187355041503906e+00,-2.529602050781250000e+00,-3.438943386077880859e+00,-2.744187355041503906e+00
5.520000000000000462e+00,-2.872980833053588867e-01,-2.440961450338363647e-01,-5.667260289192199707e-02,2.529602050781250000e+00,3.438943386077880859e+00,2.744187355041503906e+00,-2.529602050781250000e+00,-3.438943386077880859e+00,-2.744187355041503906e+00
5.560000000000000497e+00,-2.894793152809143066e-01,-2.459291517734527588e-01,-5.728310346603393555e-02,2.529602050781250000e+00,3.438943386077880859e+00,2.744187355041503906e+00,-2.529602050781250000e+00,-3.438943386077880859e+00,-2.744187355041503906e+00
5.600000000000000533e+00,-2.916607558727264404e-01,-2.477619498968124390e-01,-5.789446830749511719e-02,2.529602050781250000e+00,3.438943386077880859e+00,2.744187355041503906e+00,-2.529602050781250000e+00,-3.438943386077880859e+00,-2.744187355041503906e+00
5.639999999999999680e+00,-2.938424348831176758e-01,-2.495945245027542114e-01,-5.850666761398315430e-02,2.529602050781250000e+00,3.438943386077880859e+00,2.744187355041503906e+00,-2.529602050781250000e+00,-3.438943386077880859e+00,-2.744187355041503906e+00
5.679999999999999716e+00,-2.960242331027984619e-01,-2.514268159866333008e-01,-5.911967158317565918e-02,2.529602050781250000e+00,3.438943386077880859e+00,2.744187355041503906e+00,-2.529602050781250000e+00,-3.438943386077880859e+00,-2.744187355041503906e+00
5.719999999999999751e+00,-2.982061505317687988e-01,-2.532588243484497070e-01,-5.973345041275024414e-02,2.529602050781250000e+00,3.438943386077880859e+00,2.744187355041503906e+00,-2.529602050781250000e+00,-3.438943386077880859e+00,-2.744187355041503906e+00
5.759999999999999787e+00,-3.003880977630615234e-01,-2.550904750823974609e-01,-6.034794449806213379e-02,2.529602050781250000e+00,3.438943386077880859e+00,2.744187355041503906e+00,-2.529602050781250000e+00,-3.438943386077880859e+00,-2.744187355041503906e+00
5.799999999999999822e+00,-3.025701344013214111e-01,-2.569217383861541748e-01,-6.096318364143371582e-02,2.529602050781250000e+00,3.438943386077880859e+00,2.744187355041503906e+00,-2.529602050781250000e+00,-3.438943386077880859e+00,-2.744187355041503906e+00
5.839999999999999858e+00,-3.047521114349365234e-01,-2.587525844573974609e-01,-6.157907843589782715e-02,2.529602050781250000e+00,3.438943386077880859e+00,2.744187355041503906e+00,-2.529602050781250000e+00,-3.438943386077880859e+00,-2.744187355041503906e+00
5.879999999999999893e+00,-3.069340288639068604e-01,-2.605830132961273193e-01,-6.219562888145446777e-02,2.529602050781250000e+00,3.438943386077880859e+00,2.744187355041503906e+00,-2.529602050781250000e+00,-3.438943386077880859e+00,-2.744187355041503906e+00
5.919999999999999929e+00,-3.091158270835876465e-01,-2.624129354953765869e-01,-6.281280517578125000e-02,2.529602050781250000e+00,3.438943386077880859e+00,2.744187355041503906e+00,-2.529602050781250000e+00,-3.438943386077880859e+00,-2.744187355041503906e+00
5.959999999999999964e+00,-3.112974464893341064e-01,-2.642423212528228760e-01,-6.343054771423339844e-02,2.529602050781250000e+00,3.438943386077880859e+00,2.744187355041503906e+00,-2.529602050781250000e+00,-3.438943386077880859e+00,-2.744187355041503906e+00
6.000000000000000000e+00,-3.134788870811462402e-01,-2.660711705684661865e-01,-6.404888629913330078e-02,2.529602050781250000e+00,3.438943386077880859e+00,2.744187355041503906e+00,-2.529602050781250000e+00,-3.438943386077880859e+00,-2.744187355041503906e+00
6.040000000000000036e+00,-3.156601190567016602e-01,-2.678994536399841309e-01,-6.466776132583618164e-02,2.529602050781250000e+00,3.438943386077880859e+00,2.744187355041503906e+00,-2.529602050781250000e+00,-3.438943386077880859e+00,-2.744187355041503906e+00
6.080000000000000071e+00,-3.178410232067108154e-01,-2.697270810604095459e-01,-6.528714299201965332e-02,2.529602050781250000e+00,3.438943386077880859e+00,2.744187355041503906e+00,-2.529602050781250000e+00,-3.438943386077880859e+00,-2.744187355041503906e+00
6.120000000000000107e+00,-3.200215995311737061e-01,-2.715541124343872070e-01,-6.590700149536132812e-02,2.529602050781250000e+00,3.438943386077880859e+00,2.744187355041503906e+00,-2.529602050781250000e+00,-3.438943386077880859e+00,-2.744187355041503906e+00
6.160000000000000142e+00,-3.222018480300903320e-01,-2.733804583549499512e-01,-6.652730703353881836e-02,2.529602050781250000e+00,3.438943386077880859e+00,2.744187355041503906e+00,-2.529602050781250000e+00,-3.438943386077880859e+00,-2.744187355041503906e+00
6.200000000000000178e+00,-3.243816494941711426e-01,-2.752061486244201660e-01,-6.714808940887451172e-02,2.529602050781250000e+00,3.438943386077880859e+00,2.744187355041503906e+00,-2.529602050781250000e+00,-3.438943386077880859e+00,-2.744187355041503906e+00
6.240000000000000213e+00,-3.265610337257385254e-01,-2.770310640335083008e-01,-6.776928901672363281e-02,2.529602050781250000e+00,3.438943386077880859e+00,2.744187355041503906e+00,-2.529602050781250000e+00,-3.438943386077880859e+00,-2.744187355041503906e+00
6.280000000000000249e+00,-3.287399411201477051e-01,-2.788552641868591309e-01,-6.839084625244140625e-02,2.529602050781250000e+00,3.438943386077880859e+00,2.744187355041503906e+00,-2.529602050781250000e+00,-3.438943386077880859e+00,-2.744187355041503906e+00
6.320000000000000284e+00,-3.309183418750762939e-01,-2.806786596775054932e-01,-6.901279091835021973e-02,2.529602050781250000e+00,3.438943386077880859e+00,2.744187355041503906e+00,-2.529602050781250000e+00,-3.438943386077880859e+00,-2.744187355041503906e+00
6.360000000000000320e+00,-3.330962061882019043e-01,-2.825012505054473877e-01,-6.963506340980529785e-02,2.529602050781250000e+00,3.438943386077880859e+00,2.744187355041503906e+00,-2.529602050781250000e+00,-3.438943386077880859e+00,-2.744187355041503906e+00
6.400000000000000355e+00,-3.352735042572021484e-01,-2.843230366706848145e-01,-7.025769352912902832e-02,2.529602050781250000e+00,3.438943386077880859e+00,2.744187355041503906e+00,-2.529602050781250000e+00,-3.438943386077880859e+00,-2.744187355041503906e+00
6.440000000000000391e+00,-3.374501466751098633e-01,-2.861439585685729980e-01,-7.088062167167663574e-02,2.529602050781250000e+00,3.438943386077880859e+00,2.744187355041503906e+00,-2.529602050781250000e+00,-3.438943386077880859e+00,-2.744187355041503906e+00
6.480000000000000426e+00,-3.396261334419250488e-01,-2.879639863967895508e-01,-7.150381803512573242e-02,2.529602050781250000e+00,3.438943386077880859e+00,2.744187355041503906e+00,-2.529602050781250000e+00,-3.438943386077880859e+00,-2.744187355041503906e+00
6.520000000000000462e+00,-3.418014347553253174e-01,-2.897830605506896973e-01,-7.212728261947631836e-02,2.529602050781250000e+00,3.438943386077880859e+00,2.744187355041503906e+00,-2.529602050781250000e+00,-3.438943386077880859e+00,-2.744187355041503906e+00
6.560000000000000497e+00,-3.439760208129882812e-01,-2.916013002395629883e-01,-7.275101542472839355e-02,2.529602050781250000e+00,3.438943386077880859e+00,2.744187355041503906e+00,-2.529602050781250000e+00,-3.438943386077880859e+00,-2.744187355041503906e+00
6.600000000000000533e+00,-3.461498618125915527e-01,-2.934184968471527100e-01,-7.337495684623718262e-02,2.529602050781250000e+00,3.438943386077880859e+00,2.744187355041503906e+00,-2.529602050781250000e+00,-3.438943386077880859e+00,-2.744187355041503906e+00
6.640000000000000568e+00,-3.483228981494903564e-01,-2.952347695827484131e-01,-7.399910688400268555e-02,2.529602050781250000e+00,3.438943386077880859e+00,2.744187355041503906e+00,-2.529602050781250000e+00,-3.438943386077880859e+00,-2.744187355041503906e+00
6.679999999999999716e+00,-3.504951298236846924e-01,-2.970500290393829346e-01,-7.462346553802490234e-02,2.529602050781250000e+00,3.438943386077880859e+00,2.744187355041503906e+00,-2.529602050781250000e+00,-3.438943386077880859e+00,-2.744187355041503906e+00
6.719999999999999751e+00,-3.526664972305297852e-01,-2.988642454147338867e-01,-7.524797320365905762e-02,2.529602050781250000e+00,3.438943386077880859e+00,2.744187355041503906e+00,-2.529602050781250000e+00,-3.438943386077880859e+00,-2.744187355041503906e+00
6.759999999999999787e+00,-3.548370003700256348e-01,-3.006773591041564941e-01,-7.587265968322753906e-02,2.529602050781250000e+00,3.438943386077880859e+00,2.744187355041503906e+00,-2.529602050781250000e+00,-3.438943386077880859e+00,-2.744187355041503906e+00
6.799999999999999822e+00,-3.570065498352050781e-01,-3.024894595146179199e-01,-7.649746537208557129e-02,2.529602050781250000e+00,3.438943386077880859e+00,2.744187355041503906e+00,-2.529602050781250000e+00,-3.438943386077880859e+00,-2.744187355041503906e+00
6.839999999999999858e+00,-3.591751754283905029e-01,-3.043004870414733887e-01,-7.712239027023315430e-02,2.529602050781250000e+00,3.438943386077880859e+00,2.744187355041503906e+00,-2.529602050781250000e+00,-3.438943386077880859e+00,-2.744187355041503906e+00
6.879999999999999893e+00,-3.613428473472595215e-01,-3.061104118824005127e-01,-7.774743437767028809e-02,2.529602050781250000e+00,3.438943386077880859e+00,2.744187355041503906e+00,-2.529602050781250000e+00,-3.438943386077880859e+00,-2.744187355041503906e+00
6.919999999999999929e+00,-3.635095357894897461e-01,-3.079192340373992920e-01,-7.837253808975219727e-02,2.529602050781250000e+00,3.438943386077880859e+00,2.744187355041503906e+00,-2.529602050781250000e+00,-3.438943386077880859e+00,-2.744187355041503906e+00
6.959999999999999964e+00,-3.656752109527587891e-01,-3.097268939018249512e-01,-7.899776101112365723e-02,2.529602050781250000e+00,3.438943386077880859e+00,2.744187355041503906e+00,-2.529602050781250000e+00,-3.438943386077880859e+00,-2.744187355041503906e+00
7.000000000000000000e+00,-3.678398132324218750e-01,-3.115333914756774902e-01,-7.962301373481750488e-02,2.529602050781250000e+00,3.438943386077880859e+00,2.744187355041503906e+00,-2.529602050781250000e+00,-3.438943386077880859e+00,-2.744187355041503906e+00
7.040000000000000036e+00,-3.700033128261566162e-01,-3.133387267589569092e-01,-8.024832606315612793e-02,2.529602050781250000e+00,3.438943386077880859e+00,2.744187355041503906e+00,-2.529602050781250000e+00,-3.438943386077880859e+00,-2.744187355041503906e+00
7.080000000000000071e+00,-3.721657395362854004e-01,-3.151428401470184326e-01,-8.087363839149475098e-02,2.529602050781250000e+00,3.438943386077880859e+00,2.744187355041503906e+00,-2.529602050781250000e+00,-3.438943386077880859e+00,-2.744187355041503906e+00
7.120000000000000107e+00,-3.743270635604858398e-01,-3.169457316398620605e-01,-8.149898052215576172e-02,2.529602050781250000e+00,3.438943386077880859e+00,2.744187355041503906e+00,-2.529602050781250000e+00,-3.438943386077880859e+00,-2.744187355041503906e+00
7.160000000000000142e+00,-3.764871954917907715e-01,-3.187473714351654053e-01,-8.212432265281677246e-02,2.529602050781250000e+00,3.438943386077880859e+00,2.744187355041503906e+00,-2.529602050781250000e+00,-3.438943386077880859e+00,-2.744187355041503906e+00
7.200000000000000178e+00,-3.786461651325225830e-01,-3.205477595329284668e-01,-8.274966478347778320e-02,2.529602050781250000e+00,3.438943386077880859e+00,2.744187355041503906e+00,-2.529602050781250000e+00,-3.438943386077880859e+00,-2.744187355041503906e+00
7.240000000000000213e+00,-3.808039128780364990e-01,-3.223468959331512451e-01,-8.337497711181640625e-02,2.529602050781250000e+00,3.438943386077880859e+00,2.744187355041503906e+00,-2.529602050781250000e+00,-3.438943386077880859e+00,-2.744187355041503906e+00
7.280000000000000249e+00,-3.829604089260101318e-01,-3.241447806358337402e-01,-8.400025963783264160e-02,2.529602050781250000e+00,3.438943386077880859e+00,2.744187355041503906e+00,-2.529602050781250000e+00,-3.438943386077880859e+00,-2.744187355041503906e+00
7.320000000000000284e+00,-3.851156830787658691e-01,-3.259413540363311768e-01,-8.462548255920410156e-02,2.529602050781250000e+00,3.438943386077880859e+00,2.744187355041503906e+00,-2.529602050781250000e+00,-3.438943386077880859e+00,-2.744187355041503906e+00
7.360000000000000320e+00,-3.872696757316589355e-01,-3.277365863323211670e-01,-8.525064587593078613e-02,2.529602050781250000e+00,3.438943386077880859e+00,2.744187355041503906e+00,-2.529602050781250000e+00,-3.438943386077880859e+00,-2.744187355041503906e+00
7.400000000000000355e+00,-3.894224166870117188e-01,-3.295304775238037109e-01,-8.587571978569030762e-02,2.529602050781250000e+00,3.438943386077880859e+00,2.744187355041503906e+00,-2.529602050781250000e+00,-3.438943386077880859e+00,-2.744187355041503906e+00
7.440000000000000391e+00,-3.915738165378570557e-01,-3.313230276107788086e-01,-8.650070428848266602e-02,2.529602050781250000e+00,3.438943386077880859e+00,2.744187355041503906e+00,-2.529602050781250000e+00,-3.438943386077880859e+00,-2.744187355041503906e+00
7.480000000000000426e+00,-3.937239050865173340e-01,-3.331142365932464600e-01,-8.712565898895263672e-02,2.529602050781250000e+00,3.438943386077880859e+00,2.744187355041503906e+00,-2.529602050781250000e+00,-3.438943386077880859e+00,-2.744187355041503906e+00
7.520000000000000462e+00,-3.958725929260253906e-01,-3.349040746688842773e-01,-8.775052428245544434e-02,2.529602050781250000e+00,3.438943386077880859e+00,2.744187355041503906e+00,-2.529602050781250000e+00,-3.438943386077880859e+00,-2.744187355041503906e+00
7.560000000000000497e+00,-3.980199098587036133e-01,-3.366925418376922607e-01,-8.837524056434631348e-02,2.529602050781250000e+00,3.438943386077880859e+00,2.744187355041503906e+00,-2.529602050781250000e+00,-3.438943386077880859e+00,-2.744187355041503906e+00
7.600000000000000533e+00,-4.001658856868743896e-01,-3.384795784950256348e-01,-8.899980783462524414e-02,2.529602050781250000e+00,3.438943386077880859e+00,2.744187355041503906e+00,-2.529602050781250000e+00,-3.438943386077880859e+00,-2.744187355041503906e+00
7.640000000000000568e+00,-4.023104310035705566e-01,-3.402652144432067871e-01,-8.962422609329223633e-02,2.529602050781250000e+00,3.438943386077880859e+00,2.744187355041503906e+00,-2.529602050781250000e+00,-3.438943386077880859e+00,-2.744187355041503906e+00
7.679999999999999716e+00,-4.044535160064697266e-01,-3.420494198799133301e-01,-9.024852514266967773e-02,2.529602050781250000e+00,3.438943386077880859e+00,2.744187355041503906e+00,-2.529602050781250000e+00,-3.438943386077880859e+00,-2.744187355041503906e+00
7.719999999999999751e+00,-4.065951406955718994e-01,-3.438321948051452637e-01,-9.087270498275756836e-02,2.529602050781250000e+00,3.438943386077880859e+00,2.744187355041503906e+00,-2.529602050781250000e+00,-3.438943386077880859e+00,-2.744187355041503906e+00
7.759999999999999787e+00,-4.087353050708770752e-01,-3.456135094165802002e-01,-9.149670600891113281e-02,2.529602050781250000e+00,3.438943386077880859e+00,2.744187355041503906e+00,-2.529602050781250000e+00,-3.438943386077880859e+00,-2.744187355041503906e+00
7.799999999999999822e+00,-4.108739495277404785e-01,-3.473933339118957520e-01,-9.212049841880798340e-02,2.529602050781250000e+00,3.438943386077880859e+00,2.744187355041503906e+00,-2.529602050781250000e+00,-3.438943386077880859e+00,-2.744187355041503906e+00
7.839999999999999858e+00,-4.130111038684844971e-01,-3.491716682910919189e-01,-9.274414181709289551e-02,2.529602050781250000e+00,3.438943386077880859e+00,2.744187355041503906e+00,-2.529602050781250000e+00,-3.438943386077880859e+00,-2.744187355041503906e+00
7.879999999999999893e+00,-4.151467084884643555e-01,-3.509485423564910889e-01,-9.336757659912109375e-02,2.529602050781250000e+00,3.438943386077880859e+00,2.744187355041503906e+00,-2.529602050781250000e+00,-3.438943386077880859e+00,-2.744187355041503906e+00
7.919999999999999929e+00,-4.172807931900024414e-01,-3.527238965034484863e-01,-9.399080276489257812e-02,2.529602050781250000e+00,3.438943386077880859e+00,2.744187355041503906e+00,-2.529602050781250000e+00,-3.438943386077880859e+00,-2.744187355041503906e+00
7.959999999999999964e+00,-4.194132983684539795e-01,-3.544977605342864990e-01,-9.461385011672973633e-02,2.529602050781250000e+00,3.438943386077880859e+00,2.744187355041503906e+00,-2.529602050781250000e+00,-3.438943386077880859e+00,-2.744187355041503906e+00
8.000000000000000000e+00,-4.215442240238189697e-01,-3.562701046466827393e-01,-9.523665904998779297e-02,2.529602050781250000e+00,3.438943386077880859e+00,2.744187355041503906e+00,-2.529602050781250000e+00,-3.438943386077880859e+00,-2.744187355041503906e+00
8.040000000000000924e+00,-4.236735105514526367e-01,-3.580409288406372070e-01,-9.585925936698913574e-02,2.529602050781250000e+00,3.438943386077880859e+00,2.744187355041503906e+00,-2.529602050781250000e+00,-3.438943386077880859e+00,-2.744187355041503906e+00
8.080000000000000071e+00,-4.258012473583221436e-01,-3.598102033138275146e-01,-9.648156166076660156e-02,2.529602050781250000e+00,3.438943386077880859e+00,2.744187355041503906e+00,-2.529602050781250000e+00,-3.438943386077880859e+00,-2.744187355041503906e+00
8.120000000000000995e+00,-4.279273450374603271e-01,-3.615778982639312744e-01,-9.710365533828735352e-02,2.529602050781250000e+00,3.438943386077880859e+00,2.744187355041503906e+00,-2.529602050781250000e+00,-3.438943386077880859e+00,-2.744187355041503906e+00
8.160000000000000142e+00,-4.300517737865447998e-01,-3.633441030979156494e-01,-9.772551059722900391e-02,2.529602050781250000e+00,3.438943386077880859e+00,2.744187355041503906e+00,-2.529602050781250000e+00,-3.438943386077880859e+00,-2.744187355041503906e+00
8.199999999999999289e+00,-4.321745634078979492e-01,-3.651086986064910889e-01,-9.834712743759155273e-02,2.529602050781250000e+00,3.438943386077880859e+00,2.744187355041503906e+00,-2.529602050781250000e+00,-3.438943386077880859e+00,-2.744187355041503906e+00
8.240000000000000213e+00,-4.342956840991973877e-01,-3.668717443943023682e-01,-9.896844625473022461e-02,2.529602050781250000e+00,3.438943386077880859e+00,2.744187355041503906e+00,-2.529602050781250000e+00,-3.438943386077880859e+00,-2.744187355041503906e+00
8.279999999999999361e+00,-4.364151358604431152e-01,-3.686332106590270996e-01,-9.958946704864501953e-02,2.529602050781250000e+00,3.438943386077880859e+00,2.744187355041503906e+00,-2.529602050781250000e+00,-3.438943386077880859e+00,-2.744187355041503906e+00
8.320000000000000284e+00,-4.385328590869903564e-01,-3.703930377960205078e-01,-1.002102494239807129e-01,2.529602050781250000e+00,3.438943386077880859e+00,2.744187355041503906e+00,-2.529602050781250000e+00,-3.438943386077880859e+00,-2.744187355041503906e+00
8.359999999999999432e+00,-4.406488835811614990e-01,-3.721512556076049805e-01,-1.008307337760925293e-01,2.529602050781250000e+00,3.438943386077880859e+00,2.744187355041503906e+00,-2.529602050781250000e+00,-3.438943386077880859e+00,-2.744187355041503906e+00
8.400000000000000355e+00,-4.427632093429565430e-01,-3.739078640937805176e-01,-1.014509201049804688e-01,2.529602050781250000e+00,3.438943386077880859e+00,2.744187355041503906e+00,-2.529602050781250000e+00,-3.438943386077880859e+00,-2.744187355041503906e+00
8.439999999999999503e+00,-4.448757469654083252e-01,-3.756628930568695068e-01,-1.020708084106445312e-01,2.529602050781250000e+00,3.438943386077880859e+00,2.744187355041503906e+00,-2.529602050781250000e+00,-3.438943386077880859e+00,-2.744187355041503906e+00
8.480000000000000426e+00,-4.469865560531616211e-01,-3.774162828922271729e-01,-1.026904582977294922e-01,2.529602050781250000e+00,3.438943386077880859e+00,2.744187355041503906e+00,-2.529602050781250000e+00,-3.438943386077880859e+00,-2.744187355041503906e+00
8.519999999999999574e+00,-4.490956068038940430e-01,-3.791680634021759033e-01,-1.033097505569458008e-01,2.529602050781250000e+00,3.438943386077880859e+00,2.744187355041503906e+00,-2.529602050781250000e+00,-3.438943386077880859e+00,-2.744187355041503906e+00
8.560000000000000497e+00,-4.512029290199279785e-01,-3.809181749820709229e-01,-1.039287447929382324e-01,2.529602050781250000e+00,3.438943386077880859e+00,2.744187355041503906e+00,-2.529602050781250000e+00,-3.438943386077880859e+00,-2.744187355041503906e+00
8.599999999999999645e+00,-4.533084034919738770e-01,-3.826666474342346191e-01,-1.045473814010620117e-01,2.529602050781250000e+00,3.438943386077880859e+00,2.744187355041503906e+00,-2.529602050781250000e+00,-3.438943386077880859e+00,-2.744187355041503906e+00
8.640000000000000568e+00,-4.554120898246765137e-01,-3.844134211540222168e-01,-1.051657199859619141e-01,2.529602050781250000e+00,3.438943386077880859e+00,2.744187355041503906e+00,-2.529602050781250000e+00,-3.438943386077880859e+00,-2.744187355041503906e+00
8.679999999999999716e+00,-4.575139880180358887e-01,-3.861585855484008789e-01,-1.057837009429931641e-01,2.529602050781250000e+00,3.438943386077880859e+00,2.744187355041503906e+00,-2.529602050781250000e+00,-3.438943386077880859e+00,-2.744187355041503906e+00
8.720000000000000639e+00,-4.596140980720520020e-01,-3.879020512104034424e-01,-1.064013242721557617e-01,2.529602050781250000e+00,3.438943386077880859e+00,2.744187355041503906e+00,-2.529602050781250000e+00,-3.438943386077880859e+00,-2.744187355041503906e+00
8.759999999999999787e+00,-4.617123007774353027e-01,-3.896438479423522949e-01,-1.070186495780944824e-01,2.529602050781250000e+00,3.438943386077880859e+00,2.744187355041503906e+00,-2.529602050781250000e+00,-3.438943386077880859e+00,-2.744187355041503906e+00
8.800000000000000711e+00,-4.638087153434753418e-01,-3.913839757442474365e-01,-1.076356172561645508e-01,2.529602050781250000e+00,3.438943386077880859e+00,2.744187355041503906e+00,-2.529602050781250000e+00,-3.438943386077880859e+00,-2.744187355041503906e+00
8.839999999999999858e+00,-4.659032821655273438e-01,-3.931224346160888672e-01,-1.082522273063659668e-01,2.529602050781250000e+00,3.438943386077880859e+00,2.744187355041503906e+00,-2.529602050781250000e+00,-3.438943386077880859e+00,-2.744187355041503906e+00
8.880000000000000782e+00,-4.679960012435913086e-01,-3.948591649532318115e-01,-1.088684797286987305e-01,2.529602050781250000e+00,3.438943386077880859e+00,2.744187355041503906e+00,-2.529602050781250000e+00,-3.438943386077880859e+00,-2.744187355041503906e+00
8.919999999999999929e+00,-4.700867533683776855e-01,-3.965942263603210449e-01,-1.094843745231628418e-01,2.529602050781250000e+00,3.438943386077880859e+00,2.744187355041503906e+00,-2.529602050781250000e+00,-3.438943386077880859e+00,-2.744187355041503906e+00
8.960000000000000853e+00,-4.721756577491760254e-01,-3.983275890350341797e-01,-1.100999116897583008e-01,2.529602050781250000e+00,3.438943386077880859e+00,2.744187355041503906e+00,-2.529602050781250000e+00,-3.438943386077880859e+00,-2.744187355041503906e+00
9.000000000000000000e+00,-4.742626547813415527e-01,-4.000592231750488281e-01,-1.107150912284851074e-01,2.529602050781250000e+00,3.438943386077880859e+00,2.744187355041503906e+00,-2.529602050781250000e+00,-3.438943386077880859e+00,-2.744187355041503906e+00
9.040000000000000924e+00,-4.763477444648742676e-01,-4.017891585826873779e-01,-1.113299131393432617e-01,2.529602050781250000e+00,3.438943386077880859e+00,2.744187355041503906e+00,-2.529602050781250000e+00,-3.438943386077880859e+00,-2.744187355041503906e+00
9.080000000000000071e+00,-4.784309267997741699e-01,-4.035173654556274414e-01,-1.119443178176879883e-01,2.529602050781250000e+00,3.438943386077880859e+00,2.744187355041503906e+00,-2.529602050781250000e+00,-3.438943386077880859e+00,-2.744187355041503906e+00
9.120000000000000995e+00,-4.805122017860412598e-01,-4.052438437938690186e-01,-1.125583648681640625e-01,2.529602050781250000e+00,3.438943386077880859e+00,2.744187355041503906e+00,-2.529602050781250000e+00,-3.438943386077880859e+00,-2.744187355041503906e+00
9.160000000000000142e+00,-4.825915098190307617e-01,-4.069685935974121094e-01,-1.131719946861267090e-01,2.529602050781250000e+00,3.438943386077880859e+00,2.744187355041503906e+00,-2.529602050781250000e+00,-3.438943386077880859e+00,-2.744187355041503906e+00
9.200000000000001066e+00,-4.846689701080322266e-01,-4.086915850639343262e-01,-1.137852072715759277e-01,2.529602050781250000e+00,3.438943386077880859e+00,2.744187355041503906e+00,-2.529602050781250000e+00,-3.438943386077880859e+00,-2.744187355041503906e+00
9.240000000000000213e+00,-4.867445230484008789e-01,-4.104128479957580566e-01,-1.143980026245117188e-01,2.529602050781250000e+00,3.438943386077880859e+00,2.744187355041503906e+00,-2.529602050781250000e+00,-3.438943386077880859e+00,-2.744187355041503906e+00
9.279999999999999361e+00,-4.888179898262023926e-01,-4.121323823928833008e-01,-1.150104403495788574e-01,2.529602050781250000e+00,3.438943386077880859e+00,2.744187355041503906e+00,-2.529602050781250000e+00,-3.438943386077880859e+00,-2.744187355041503906e+00
9.320000000000000284e+00,-4.908896088600158691e-01,-4.138501584529876709e-01,-1.156224608421325684e-01,2.529602050781250000e+00,3.438943386077880859e+00,2.744187355041503906e+00,-2.529602050781250000e+00,-3.438943386077880859e+00,-2.744187355041503906e+00
9.359999999999999432e+00,-4.929592013359069824e-01,-4.155662059783935547e-01,-1.162341237068176270e-01,2.529602050781250000e+00,3.438943386077880859e+00,2.744187355041503906e+00,-2.529602050781250000e+00,-3.438943386077880859e+00,-2.744187355041503906e+00
9.400000000000000355e+00,-4.950268268585205078e-01,-4.172804951667785645e-01,-1.168453097343444824e-01,2.529602050781250000e+00,3.438943386077880859e+00,2.744187355041503906e+00,-2.529602050781250000e+00,-3.438943386077880859e+00,-2.744187355041503906e+00
9.439999999999999503e+00,-4.970924854278564453e-01,-4.189929962158203125e-01,-1.174561381340026855e-01,2.529602050781250000e+00,3.438943386077880859e+00,2.744187355041503906e+00,-2.529602050781250000e+00,-3.438943386077880859e+00,-2.744187355041503906e+00
9.480000000000000426e+00,-4.991561770439147949e-01,-4.207037687301635742e-01,-1.180665493011474609e-01,2.529602050781250000e+00,3.438943386077880859e+00,2.744187355041503906e+00,-2.529602050781250000e+00,-3.438943386077880859e+00,-2.744187355041503906e+00
9.519999999999999574e+00,-5.012178421020507812e-01,-4.224127531051635742e-01,-1.186765432357788086e-01,2.529602050781250000e+00,3.438943386077880859e+00,2.744187355041503906e+00,-2.529602050781250000e+00,-3.438943386077880859e+00,-2.744187355041503906e+00
9.560000000000000497e+00,-5.032774806022644043e-01,-4.241199493408203125e-01,-1.192860603332519531e-01,2.529602050781250000e+00,3.438943386077880859e+00,2.744187355041503906e+00,-2.529602050781250000e+00,-3.438943386077880859e+00,-2.744187355041503906e+00
9.599999999999999645e+00,-5.053350925445556641e-01,-4.258254170417785645e-01,-1.198951601982116699e-01,2.529602050781250000e+00,3.438943386077880859e+00,2.744187355041503906e+00,-2.529602050781250000e+00,-3.438943386077880859e+00,-2.744187355041503906e+00
9.640000000000000568e+00,-5.073907375335693359e-01,-4.275290966033935547e-01,-1.205038428306579590e-01,2.529602050781250000e+00,3.438943386077880859e+00,2.744187355041503906e+00,-2.529602050781250000e+00,-3.438943386077880859e+00,-2.744187355041503906e+00
9.679999999999999716e+00,-5.094442963600158691e-01,-4.292309880256652832e-01,-1.211120486259460449e-01,2.529602050781250000e+00,3.438943386077880859e+00,2.744187355041503906e+00,-2.529602050781250000e+00,-3.438943386077880859e+00,-2.744187355041503906e+00
9.720000000000000639e+00,-5.114959478378295898e-01,-4.309310913085937500e-01,-1.217198967933654785e-01,2.529602050781250000e+00,3.438943386077880859e+00,2.744187355041503906e+00,-2.529602050781250000e+00,-3.438943386077880859e+00,-2.744187355041503906e+00
9.759999999999999787e+00,-5.135455131530761719e-01,-4.326294660568237305e-01,-1.223272681236267090e-01,2.529602050781250000e+00,3.438943386077880859e+00,2.744187355041503906e+00,-2.529602050781250000e+00,-3.438943386077880859e+00,-2.744187355041503906e+00
9.800000000000000711e+00,-5.155929923057556152e-01,-4.343259930610656738e-01,-1.229341626167297363e-01,2.529602050781250000e+00,3.438943386077880859e+00,2.744187355041503906e+00,-2.529602050781250000e+00,-3.438943386077880859e+00,-2.744187355041503906e+00
9.839999999999999858e+00,-5.176384449005126953e-01,-4.360207915306091309e-01,-1.235406398773193359e-01,2.529602050781250000e+00,3.438943386077880859e+00,2.744187355041503906e+00,-2.529602050781250000e+00,-3.438943386077880859e+00,-2.744187355041503906e+00
9.880000000000000782e+00,-5.196818113327026367e-01,-4.377137422561645508e-01,-1.241466403007507324e-01,2.529602050781250000e+00,3.438943386077880859e+00,2.744187355041503906e+00,-2.529602050781250000e+00,-3.438943386077880859e+00,-2.744187355041503906e+00
9.919999999999999929e+00,-5.217232108116149902e-01,-4.394049644470214844e-01,-1.247522234916687012e-01,2.529602050781250000e+00,3.438943386077880859e+00,2.744187355041503906e+00,-2.529602050781250000e+00,-3.438943386077880859e+00,-2.744187355041503906e+00
9.960000000000000853e+00,-5.237625837326049805e-01,-4.410943984985351562e-01,-1.253573298454284668e-01,2.529602050781250000e+00,3.438943386077880859e+00,2.744187355041503906e+00,-2.529602050781250000e+00,-3.438943386077880859e+00,-2.744187355041503906e+00
1.000000000000000000e+01,-5.257998108863830566e-01,-4.427820444107055664e-01,-1.259620189666748047e-01,2.529602050781250000e+00,3.438943386077880859e+00,2.744187355041503906e+00,-2.529602050781250000e+00,-3.438943386077880859e+00,-2.744187355041503906e+00
1.004000000000000092e+01,-5.278350114822387695e-01,-4.444677829742431641e-01,-1.265662312507629395e-01,2.529602050781250000e+00,3.438943386077880859e+00,2.744187355041503906e+00,-2.529602050781250000e+00,-3.438943386077880859e+00,-2.744187355041503906e+00
1.008000000000000007e+01,-5.298681259155273438e-01,-4.461517930030822754e-01,-1.271699666976928711e-01,2.529602050781250000e+00,3.438943386077880859e+00,2.744187355041503906e+00,-2.529602050781250000e+00,-3.438943386077880859e+00,-2.744187355041503906e+00
1.012000000000000099e+01,-5.318991541862487793e-01,-4.478339552879333496e-01,-1.277731657028198242e-01,2.529602050781250000e+00,3.438943386077880859e+00,2.744187355041503906e+00,-2.529602050781250000e+00,-3.438943386077880859e+00,-2.744187355041503906e+00
1.016000000000000014e+01,-5.339280962944030762e-01,-4.495142698287963867e-01,-1.283759474754333496e-01,2.529602050781250000e+00,3.438943386077880859e+00,2.744187355041503906e+00,-2.529602050781250000e+00,-3.438943386077880859e+00,-2.744187355041503906e+00
1.020000000000000107e+01,-5.359548926353454590e-01,-4.511927962303161621e-01,-1.289782524108886719e-01,2.529602050781250000e+00,3.438943386077880859e+00,2.744187355041503906e+00,-2.529602050781250000e+00,-3.438943386077880859e+00,-2.744187355041503906e+00
1.024000000000000021e+01,-5.379796624183654785e-01,-4.528695344924926758e-01,-1.295800805091857910e-01,2.529602050781250000e+00,3.438943386077880859e+00,2.744187355041503906e+00,-2.529602050781250000e+00,-3.438943386077880859e+00,-2.744187355041503906e+00
1.027999999999999936e+01,-5.400023460388183594e-01,-4.545444846153259277e-01,-1.301814317703247070e-01,2.529602050781250000e+00,3.438943386077880859e+00,2.744187355041503906e+00,-2.529602050781250000e+00,-3.438943386077880859e+00,-2.744187355041503906e+00
1.032000000000000028e+01,-5.420229434967041016e-01,-4.562175869941711426e-01,-1.307823061943054199e-01,2.529602050781250000e+00,3.438943386077880859e+00,2.744187355041503906e+00,-2.529602050781250000e+00,-3.438943386077880859e+00,-2.744187355041503906e+00
1.035999999999999943e+01,-5.440413355827331543e-01,-4.578888416290283203e-01,-1.313827037811279297e-01,2.529602050781250000e+00,3.438943386077880859e+00,2.744187355041503906e+00,-2.529602050781250000e+00,-3.438943386077880859e+00,-2.744187355041503906e+00
1.040000000000000036e+01,-5.460577011108398438e-01,-4.595582485198974609e-01,-1.319826245307922363e-01,2.529602050781250000e+00,3.438943386077880859e+00,2.744187355041503906e+00,-2.529602050781250000e+00,-3.438943386077880859e+00,-2.744187355041503906e+00
1.043999999999999950e+01,-5.480719208717346191e-01,-4.612258672714233398e-01,-1.325820088386535645e-01,2.529602050781250000e+00,3.438943386077880859e+00,2.744187355041503906e+00,-2.529602050781250000e+00,-3.438943386077880859e+00,-2.744187355041503906e+00
1.048000000000000043e+01,-5.500840544700622559e-01,-4.628916978836059570e-01,-1.331809759140014648e-01,2.529602050781250000e+00,3.438943386077880859e+00,2.744187355041503906e+00,-2.529602050781250000e+00,-3.438943386077880859e+00,-2.744187355041503906e+00
1.051999999999999957e+01,-5.520939826965332031e-01,-4.645556807518005371e-01,-1.337794065475463867e-01,2.529602050781250000e+00,3.438943386077880859e+00,2.744187355041503906e+00,-2.529602050781250000e+00,-3.438943386077880859e+00,-2.744187355041503906e+00
1.056000000000000050e+01,-5.541018247604370117e-01,-4.662177562713623047e-01,-1.343774199485778809e-01,2.529602050781250000e+00,3.438943386077880859e+00,2.744187355041503906e+00,-2.529602050781250000e+00,-3.438943386077880859e+00,-2.744187355041503906e+00
1.059999999999999964e+01,-5.561075210571289062e-01,-4.678781628608703613e-01,-1.349748969078063965e-01,2.529602050781250000e+00,3.438943386077880859e+00,2.744187355041503906e+00,-2.529602050781250000e+00,-3.438943386077880859e+00,-2.744187355041503906e+00
1.064000000000000057e+01,-5.581110715866088867e-01,-4.695366024971008301e-01,-1.355718970298767090e-01,2.529602050781250000e+00,3.438943386077880859e+00,2.744187355041503906e+00,-2.529602050781250000e+00,-3.438943386077880859e+00,-2.744187355041503906e+00
1.067999999999999972e+01,-5.601124763488769531e-01,-4.711932539939880371e-01,-1.361684203147888184e-01,2.529602050781250000e+00,3.438943386077880859e+00,2.744187355041503906e+00,-2.529602050781250000e+00,-3.438943386077880859e+00,-2.744187355041503906e+00
1.072000000000000064e+01,-5.621117949485778809e-01,-4.728481173515319824e-01,-1.367644071578979492e-01,2.529602050781250000e+00,3.438943386077880859e+00,2.744187355041503906e+00,-2.529602050781250000e+00,-3.438943386077880859e+00,-2.744187355041503906e+00
1.075999999999999979e+01,-5.641089677810668945e-01,-4.745011329650878906e-01,-1.373598575592041016e-01,2.529602050781250000e+00,3.438943386077880859e+00,2.744187355041503906e+00,-2.529602050781250000e+00,-3.438943386077880859e+00,-2.744187355041503906e+00
1.080000000000000071e+01,-5.661040544509887695e-01,-4.761523008346557617e-01,-1.379548907279968262e-01,2.529602050781250000e+00,3.438943386077880859e+00,2.744187355041503906e+00,-2.529602050781250000e+00,-3.438943386077880859e+00,-2.744187355041503906e+00
1.083999999999999986e+01,-5.680970549583435059e-01,-4.778016209602355957e-01,-1.385493278503417969e-01,2.529602050781250000e+00,3.438943386077880859e+00,2.744187355041503906e+00,-2.529602050781250000e+00,-3.438943386077880859e+00,-2.744187355041503906e+00
1.088000000000000078e+01,-5.700877904891967773e-01,-4.794491529464721680e-01,-1.391432881355285645e-01,2.529602050781250000e+00,3.438943386077880859e+00,2.744187355041503906e+00,-2.529602050781250000e+00,-3.438943386077880859e+00,-2.744187355041503906e+00
1.091999999999999993e+01,-5.720764398574829102e-01,-4.810948967933654785e-01,-1.397367715835571289e-01,2.529602050781250000e+00,3.438943386077880859e+00,2.744187355041503906e+00,-2.529602050781250000e+00,-3.438943386077880859e+00,-2.744187355041503906e+00
1.096000000000000085e+01,-5.740628838539123535e-01,-4.827387332916259766e-01,-1.403297185897827148e-01,2.529602050781250000e+00,3.438943386077880859e+00,2.744187355041503906e+00,-2.529602050781250000e+00,-3.438943386077880859e+00,-2.744187355041503906e+00
1.100000000000000000e+01,-5.760471820831298828e-01,-4.843807220458984375e-01,-1.409221887588500977e-01,2.529602050781250000e+00,3.438943386077880859e+00,2.744187355041503906e+00,-2.529602050781250000e+00,-3.438943386077880859e+00,-2.744187355041503906e+00
1.104000000000000092e+01,-5.780293345451354980e-01,-4.860208630561828613e-01,-1.415141820907592773e-01,2.529602050781250000e+00,3.438943386077880859e+00,2.744187355041503906e+00,-2.529602050781250000e+00,-3.438943386077880859e+00,-2.744187355041503906e+00
1.108000000000000007e+01,-5.800094008445739746e-01,-4.876592159271240234e-01,-1.421056389808654785e-01,2.529602050781250000e+00,3.438943386077880859e+00,2.744187355041503906e+00,-2.529602050781250000e+00,-3.438943386077880859e+00,-2.744187355041503906e+00
1.112000000000000099e+01,-5.819872617721557617e-01,-4.892957806587219238e-01,-1.426966190338134766e-01,2.529602050781250000e+00,3.438943386077880859e+00,2.744187355041503906e+00,-2.529602050781250000e+00,-3.438943386077880859e+00,-2.744187355041503906e+00
1.116000000000000014e+01,-5.839629173278808594e-01,-4.909304380416870117e-01,-1.432870030403137207e-01,2.529602050781250000e+00,3.438943386077880859e+00,2.744187355041503906e+00,-2.529602050781250000e+00,-3.438943386077880859e+00,-2.744187355041503906e+00
1.120000000000000107e+01,-5.859364271163940430e-01,-4.925631880760192871e-01,-1.438769102096557617e-01,2.529602050781250000e+00,3.438943386077880859e+00,2.744187355041503906e+00,-2.529602050781250000e+00,-3.438943386077880859e+00,-2.744187355041503906e+00
1.124000000000000021e+01,-5.879077911376953125e-01,-4.941942095756530762e-01,-1.444662809371948242e-01,2.529602050781250000e+00,3.438943386077880859e+00,2.744187355041503906e+00,-2.529602050781250000e+00,-3.438943386077880859e+00,-2.744187355041503906e+00
1.127999999999999936e+01,-5.898769497871398926e-01,-4.958233237266540527e-01,-1.450551748275756836e-01,2.529602050781250000e+00,3.438943386077880859e+00,2.744187355041503906e+00,-2.529602050781250000e+00,-3.438943386077880859e+00,-2.744187355041503906e+00
1.132000000000000028e+01,-5.918440222740173340e-01,-4.974505901336669922e-01,-1.456435322761535645e-01,2.529602050781250000e+00,3.438943386077880859e+00,2.744187355041503906e+00,-2.529602050781250000e+00,-3.438943386077880859e+00,-2.744187355041503906e+00
1.135999999999999943e+01,-5.938089489936828613e-01,-4.990760684013366699e-01,-1.462314128875732422e-01,2.529602050781250000e+00,3.438943386077880859e+00,2.744187355041503906e+00,-2.529602050781250000e+00,-3.438943386077880859e+00,-2.744187355041503906e+00
1.140000000000000036e+01,-5.957716107368469238e-01,-5.006996989250183105e-01,-1.468187570571899414e-01,2.529602050781250000e+00,3.438943386077880859e+00,2.744187355041503906e+00,-2.529602050781250000e+00,-3.438943386077880859e+00,-2.744187355041503906e+00
1.143999999999999950e+01,-5.977321267127990723e-01,-5.023214817047119141e-01,-1.474055051803588867e-01,2.529602050781250000e+00,3.438943386077880859e+00,2.744187355041503906e+00,-2.529602050781250000e+00,-3.438943386077880859e+00,-2.744187355041503906e+00
1.148000000000000043e+01,-5.996904373168945312e-01,-5.039414167404174805e-01,-1.479917764663696289e-01,2.529602050781250000e+00,3.438943386077880859e+00,2.744187355041503906e+00,-2.529602050781250000e+00,-3.438943386077880859e+00,-2.744187355041503906e+00
1.151999999999999957e+01,-6.016465425491333008e-01,-5.055595040321350098e-01,-1.485774517059326172e-01,2.529602050781250000e+00,3.438943386077880859e+00,2.744187355041503906e+00,-2.529602050781250000e+00,-3.438943386077880859e+00,-2.744187355041503906e+00
1.156000000000000050e+01,-6.036005020141601562e-01,-5.071756839752197266e-01,-1.491627097129821777e-01,2.529602050781250000e+00,3.438943386077880859e+00,2.744187355041503906e+00,-2.529602050781250000e+00,-3.438943386077880859e+00,-2.744187355041503906e+00
1.159999999999999964e+01,-6.055523157119750977e-01,-5.087901353836059570e-01,-1.497474312782287598e-01,2.529602050781250000e+00,3.438943386077880859e+00,2.744187355041503906e+00,-2.529602050781250000e+00,-3.438943386077880859e+00,-2.744187355041503906e+00
1.164000000000000057e+01,-6.075018644332885742e-01,-5.104026794433593750e-01,-1.503316164016723633e-01,2.529602050781250000e+00,3.438943386077880859e+00,2.744187355041503906e+00,-2.529602050781250000e+00,-3.438943386077880859e+00,-2.744187355041503906e+00
1.167999999999999972e+01,-6.094493269920349121e-01,-5.120133757591247559e-01,-1.509151458740234375e-01,2.529602050781250000e+00,3.438943386077880859e+00,2.744187355041503906e+00,-2.529602050781250000e+00,-3.438943386077880859e+00,-2.744187355041503906e+00
1.172000000000000064e+01,-6.113945841789245605e-01,-5.136222839355468750e-01,-1.514981985092163086e-01,2.529602050781250000e+00,3.438943386077880859e+00,2.744187355041503906e+00,-2.529602050781250000e+00,-3.438943386077880859e+00,-2.744187355041503906e+00
1.175999999999999979e+01,-6.133375763893127441e-01,-5.152294039726257324e-01,-1.520807743072509766e-01,2.529602050781250000e+00,3.438943386077880859e+00,2.744187355041503906e+00,-2.529602050781250000e+00,-3.438943386077880859e+00,-2.744187355041503906e+00
1.180000000000000071e+01,-6.152784824371337891e-01,-5.168346166610717773e-01,-1.526627540588378906e-01,2.529602050781250000e+00,3.438943386077880859e+00,2.744187355041503906e+00,-2.529602050781250000e+00,-3.438943386077880859e+00,-2.744187355041503906e+00
1.183999999999999986e+01,-6.172171831130981445e-01,-5.184379220008850098e-01,-1.532441973686218262e-01,2.529602050781250000e+00,3.438943386077880859e+00,2.744187355041503906e+00,-2.529602050781250000e+00,-3.438943386077880859e+00,-2.744187355041503906e+00
1.188000000000000078e+01,-6.191536188125610352e-01,-5.200393795967102051e-01,-1.538251042366027832e-01,2.529602050781250000e+00,3.438943386077880859e+00,2.744187355041503906e+00,-2.529602050781250000e+00,-3.438943386077880859e+00,-2.744187355041503906e+00
1.191999999999999993e+01,-6.210879087448120117e-01,-5.216389894485473633e-01,-1.544054746627807617e-01,2.529602050781250000e+00,3.438943386077880859e+00,2.744187355041503906e+00,-2.529602050781250000e+00,-3.438943386077880859e+00,-2.744187355041503906e+00
1.196000000000000085e+01,-6.230200529098510742e-01,-5.232368111610412598e-01,-1.549853682518005371e-01,2.529602050781250000e+00,3.438943386077880859e+00,2.744187355041503906e+00,-2.529602050781250000e+00,-3.438943386077880859e+00,-2.744187355041503906e+00
1.200000000000000000e+01,-6.249499320983886719e-01,-5.248327255249023438e-01,-1.555646061897277832e-01,2.529602050781250000e+00,3.438943386077880859e+00,2.744187355041503906e+00,-2.529602050781250000e+00,-3.438943386077880859e+00,-2.744187355041503906e+00
1.204000000000000092e+01,-6.268776655197143555e-01,-5.264269113540649414e-01,-1.561433672904968262e-01,2.529602050781250000e+00,3.438943386077880859e+00,2.744187355041503906e+00,-2.529602050781250000e+00,-3.438943386077880859e+00,-2.744187355041503906e+00
1.208000000000000007e+01,-6.288032531738281250e-01,-5.280191898345947266e-01,-1.567215919494628906e-01,2.529602050781250000e+00,3.438943386077880859e+00,2.744187355041503906e+00,-2.529602050781250000e+00,-3.438943386077880859e+00,-2.744187355041503906e+00
1.212000000000000099e+01,-6.307265758514404297e-01,-5.296096801757812500e-01,-1.572992205619812012e-01,2.529602050781250000e+00,3.438943386077880859e+00,2.744187355041503906e+00,-2.529602050781250000e+00,-3.438943386077880859e+00,-2.744187355041503906e+00
1.216000000000000014e+01,-6.326477527618408203e-01,-5.311983227729797363e-01,-1.578763127326965332e-01,2.529602050781250000e+00,3.438943386077880859e+00,2.744187355041503906e+00,-2.529602050781250000e+00,-3.438943386077880859e+00,-2.744187355041503906e+00
1.220000000000000107e+01,-6.345666646957397461e-01,-5.327850580215454102e-01,-1.584528684616088867e-01,2.529602050781250000e+00,3.438943386077880859e+00,2.744187355041503906e+00,-2.529602050781250000e+00,-3.438943386077880859e+00,-2.744187355041503906e+00
1.224000000000000021e+01,-6.364834308624267578e-01,-5.343700051307678223e-01,-1.590289473533630371e-01,2.529602050781250000e+00,3.438943386077880859e+00,2.744187355041503906e+00,-2.529602050781250000e+00,-3.438943386077880859e+00,-2.744187355041503906e+00
1.228000000000000114e+01,-6.383979320526123047e-01,-5.359531044960021973e-01,-1.596044898033142090e-01,2.529602050781250000e+00,3.438943386077880859e+00,2.744187355041503906e+00,-2.529602050781250000e+00,-3.438943386077880859e+00,-2.744187355041503906e+00
1.232000000000000028e+01,-6.403102874755859375e-01,-5.375343561172485352e-01,-1.601794362068176270e-01,2.529602050781250000e+00,3.438943386077880859e+00,2.744187355041503906e+00,-2.529602050781250000e+00,-3.438943386077880859e+00,-2.744187355041503906e+00
1.235999999999999943e+01,-6.422204971313476562e-01,-5.391138195991516113e-01,-1.607538461685180664e-01,2.529602050781250000e+00,3.438943386077880859e+00,2.744187355041503906e+00,-2.529602050781250000e+00,-3.438943386077880859e+00,-2.744187355041503906e+00
1.240000000000000036e+01,-6.441284418106079102e-01,-5.406913161277770996e-01,-1.613277196884155273e-01,2.529602050781250000e+00,3.438943386077880859e+00,2.744187355041503906e+00,-2.529602050781250000e+00,-3.438943386077880859e+00,-2.744187355041503906e+00
1.243999999999999950e+01,-6.460342407226562500e-01,-5.422670841217041016e-01,-1.619009971618652344e-01,2.529602050781250000e+00,3.438943386077880859e+00,2.744187355041503906e+00,-2.529602050781250000e+00,-3.438943386077880859e+00,-2.744187355041503906e+00
1.248000000000000043e+01,-6.479377746582031250e-01,-5.438409447669982910e-01,-1.624737977981567383e-01,2.529602050781250000e+00,3.438943386077880859e+00,2.744187355041503906e+00,-2.529602050781250000e+00,-3.438943386077880859e+00,-2.744187355041503906e+00
1.251999999999999957e+01,-6.498390436172485352e-01,-5.454129576683044434e-01,-1.630460023880004883e-01,2.529602050781250000e+00,3.438943386077880859e+00,2.744187355041503906e+00,-2.529602050781250000e+00,-3.438943386077880859e+00,-2.744187355041503906e+00
1.256000000000000050e+01,-6.517381668090820312e-01,-5.469831228256225586e-01,-1.636176109313964844e-01,2.529602050781250000e+00,3.438943386077880859e+00,2.744187355041503906e+00,-2.529602050781250000e+00,-3.438943386077880859e+00,-2.744187355041503906e+00
1.259999999999999964e+01,-6.536351442337036133e-01,-5.485513806343078613e-01,-1.641887426376342773e-01,2.529602050781250000e+00,3.438943386077880859e+00,2.744187355041503906e+00,-2.529602050781250000e+00,-3.438943386077880859e+00,-2.744187355041503906e+00
1.264000000000000057e+01,-6.555298566818237305e-01,-5.501178503036499023e-01,-1.647592782974243164e-01,2.529602050781250000e+00,3.438943386077880859e+00,2.744187355041503906e+00,-2.529602050781250000e+00,-3.438943386077880859e+00,-2.744187355041503906e+00
1.267999999999999972e+01,-6.574224233627319336e-01,-5.516824722290039062e-01,-1.653293371200561523e-01,2.529602050781250000e+00,3.438943386077880859e+00,2.744187355041503906e+00,-2.529602050781250000e+00,-3.438943386077880859e+00,-2.744187355041503906e+00
1.272000000000000064e+01,-6.593127250671386719e-01,-5.532452464103698730e-01,-1.658987998962402344e-01,2.529602050781250000e+00,3.438943386077880859e+00,2.744187355041503906e+00,-2.529602050781250000e+00,-3.438943386077880859e+00,-2.744187355041503906e+00
1.275999999999999979e+01,-6.612007617950439453e-01,-5.548061728477478027e-01,-1.664677858352661133e-01,2.529602050781250000e+00,3.438943386077880859e+00,2.744187355041503906e+00,-2.529602050781250000e+00,-3.438943386077880859e+00,-2.744187355041503906e+00
1.280000000000000071e+01,-6.630866527557373047e-01,-5.563652515411376953e-01,-1.670360565185546875e-01,2.529602050781250000e+00,3.438943386077880859e+00,2.744187355041503906e+00,-2.529602050781250000e+00,-3.438943386077880859e+00,-2.744187355041503906e+00
1.283999999999999986e+01,-6.649703979492187500e-01,-5.579226016998291016e-01,-1.676038503646850586e-01,2.529602050781250000e+00,3.438943386077880859e+00,2.744187355041503906e+00,-2.529602050781250000e+00,-3.438943386077880859e+00,-2.744187355041503906e+00
1.288000000000000078e+01,-6.668518781661987305e-01,-5.594780445098876953e-01,-1.681710481643676758e-01,2.529602050781250000e+00,3.438943386077880859e+00,2.744187355041503906e+00,-2.529602050781250000e+00,-3.438943386077880859e+00,-2.744187355041503906e+00
1.291999999999999993e+01,-6.687312126159667969e-01,-5.610315799713134766e-01,-1.687376499176025391e-01,2.529602050781250000e+00,3.438943386077880859e+00,2.744187355041503906e+00,-2.529602050781250000e+00,-3.438943386077880859e+00,-2.744187355041503906e+00
1.296000000000000085e+01,-6.706084012985229492e-01,-5.625833272933959961e-01,-1.693037748336791992e-01,2.529602050781250000e+00,3.438943386077880859e+00,2.744187355041503906e+00,-2.529602050781250000e+00,-3.438943386077880859e+00,-2.744187355041503906e+00
1.300000000000000000e+01,-6.724833250045776367e-01,-5.641332864761352539e-01,-1.698693037033081055e-01,2.529602050781250000e+00,3.438943386077880859e+00,2.744187355041503906e+00,-2.529602050781250000e+00,-3.438943386077880859e+00,-2.744187355041503906e+00
1.304000000000000092e+01,-6.743559837341308594e-01,-5.656814575195312500e-01,-1.704343557357788086e-01,2.529602050781250000e+00,3.438943386077880859e+00,2.744187355041503906e+00,-2.529602050781250000e+00,-3.438943386077880859e+00,-2.744187355041503906e+00
1.308000000000000007e+01,-6.762263774871826172e-01,-5.672277212142944336e-01,-1.709986925125122070e-01,2.529602050781250000e+00,3.438943386077880859e+00,2.744187355041503906e+00,-2.529602050781250000e+00,-3.438943386077880859e+00,-2.744187355041503906e+00
1.312000000000000099e+01,-6.780947446823120117e-01,-5.687721967697143555e-01,-1.715625524520874023e-01,2.529602050781250000e+00,3.438943386077880859e+00,2.744187355041503906e+00,-2.529602050781250000e+00,-3.438943386077880859e+00,-2.744187355041503906e+00
1.316000000000000014e+01,-6.799607276916503906e-01,-5.703148841857910156e-01,-1.721258163452148438e-01,2.529602050781250000e+00,3.438943386077880859e+00,2.744187355041503906e+00,-2.529602050781250000e+00,-3.438943386077880859e+00,-2.744187355041503906e+00
1.320000000000000107e+01,-6.818245649337768555e-01,-5.718556642532348633e-01,-1.726886034011840820e-01,2.529602050781250000e+00,3.438943386077880859e+00,2.744187355041503906e+00,-2.529602050781250000e+00,-3.438943386077880859e+00,-2.744187355041503906e+00
1.324000000000000021e+01,-6.836861371994018555e-01,-5.733945369720458984e-01,-1.732507944107055664e-01,2.529602050781250000e+00,3.438943386077880859e+00,2.744187355041503906e+00,-2.529602050781250000e+00,-3.438943386077880859e+00,-2.744187355041503906e+00
1.328000000000000114e+01,-6.855456829071044922e-01,-5.749316215515136719e-01,-1.738123893737792969e-01,2.529602050781250000e+00,3.438943386077880859e+00,2.744187355041503906e+00,-2.529602050781250000e+00,-3.438943386077880859e+00,-2.744187355041503906e+00
1.332000000000000028e+01,-6.874029636383056641e-01,-5.764669179916381836e-01,-1.743735074996948242e-01,2.529602050781250000e+00,3.438943386077880859e+00,2.744187355041503906e+00,-2.529602050781250000e+00,-3.438943386077880859e+00,-2.744187355041503906e+00
1.335999999999999943e+01,-6.892579793930053711e-01,-5.780003070831298828e-01,-1.749340295791625977e-01,2.529602050781250000e+00,3.438943386077880859e+00,2.744187355041503906e+00,-2.529602050781250000e+00,-3.438943386077880859e+00,-2.744187355041503906e+00
1.340000000000000036e+01,-6.911108493804931641e-01,-5.795319080352783203e-01,-1.754939556121826172e-01,2.529602050781250000e+00,3.438943386077880859e+00,2.744187355041503906e+00,-2.529602050781250000e+00,-3.438943386077880859e+00,-2.744187355041503906e+00
1.343999999999999950e+01,-6.929614543914794922e-01,-5.810617208480834961e-01,-1.760534048080444336e-01,2.529602050781250000e+00,3.438943386077880859e+00,2.744187355041503906e+00,-2.529602050781250000e+00,-3.438943386077880859e+00,-2.744187355041503906e+00
1.348000000000000043e+01,-6.948100328445434570e-01,-5.825897455215454102e-01,-1.766122579574584961e-01,2.529602050781250000e+00,3.438943386077880859e+00,2.744187355041503906e+00,-2.529602050781250000e+00,-3.438943386077880859e+00,-2.744187355041503906e+00
1.351999999999999957e+01,-6.966562271118164062e-01,-5.841158628463745117e-01,-1.771703958511352539e-01,2.529602050781250000e+00,3.438943386077880859e+00,2.744187355041503906e+00,-2.529602050781250000e+00,-3.438943386077880859e+00,-2.744187355041503906e+00
1.356000000000000050e+01,-6.985001564025878906e-01,-5.856400728225708008e-01,-1.777280569076538086e-01,2.529602050781250000e+00,3.438943386077880859e+00,2.744187355041503906e+00,-2.529602050781250000e+00,-3.438943386077880859e+00,-2.744187355041503906e+00
1.359999999999999964e+01,-7.003420591354370117e-01,-5.871624946594238281e-01,-1.782851219177246094e-01,2.529602050781250000e+00,3.438943386077880859e+00,2.744187355041503906e+00,-2.529602050781250000e+00,-3.438943386077880859e+00,-2.744187355041503906e+00
1.364000000000000057e+01,-7.021816968917846680e-01,-5.886831283569335938e-01,-1.788415908813476562e-01,2.529602050781250000e+00,3.438943386077880859e+00,2.744187355041503906e+00,-2.529602050781250000e+00,-3.438943386077880859e+00,-2.744187355041503906e+00
1.367999999999999972e+01,-7.040191888809204102e-01,-5.902018547058105469e-01,-1.793975830078125000e-01,2.529602050781250000e+00,3.438943386077880859e+00,2.744187355041503906e+00,-2.529602050781250000e+00,-3.438943386077880859e+00,-2.744187355041503906e+00
1.372000000000000064e+01,-7.058545351028442383e-01,-5.917187929153442383e-01,-1.799529790878295898e-01,2.529602050781250000e+00,3.438943386077880859e+00,2.744187355041503906e+00,-2.529602050781250000e+00,-3.438943386077880859e+00,-2.744187355041503906e+00
1.375999999999999979e+01,-7.076874971389770508e-01,-5.932339429855346680e-01,-1.805077791213989258e-01,2.529602050781250000e+00,3.438943386077880859e+00,2.744187355041503906e+00,-2.529602050781250000e+00,-3.438943386077880859e+00,-2.744187355041503906e+00
1.380000000000000071e+01,-7.095183134078979492e-01,-5.947471857070922852e-01,-1.810619831085205078e-01,2.529602050781250000e+00,3.438943386077880859e+00,2.744187355041503906e+00,-2.529602050781250000e+00,-3.438943386077880859e+00,-2.744187355041503906e+00
1.383999999999999986e+01,-7.113468647003173828e-01,-5.962586402893066406e-01,-1.816155910491943359e-01,2.529602050781250000e+00,3.438943386077880859e+00,2.744187355041503906e+00,-2.529602050781250000e+00,-3.438943386077880859e+00,-2.744187355041503906e+00
1.388000000000000078e+01,-7.131732702255249023e-01,-5.977683067321777344e-01,-1.821687221527099609e-01,2.529602050781250000e+00,3.438943386077880859e+00,2.744187355041503906e+00,-2.529602050781250000e+00,-3.438943386077880859e+00,-2.744187355041503906e+00
1.391999999999999993e+01,-7.149974107742309570e-01,-5.992760658264160156e-01,-1.827212572097778320e-01,2.529602050781250000e+00,3.438943386077880859e+00,2.744187355041503906e+00,-2.529602050781250000e+00,-3.438943386077880859e+00,-2.744187355041503906e+00
1.396000000000000085e+01,-7.168192863464355469e-01,-6.007820367813110352e-01,-1.832731962203979492e-01,2.529602050781250000e+00,3.438943386077880859e+00,2.744187355041503906e+00,-2.529602050781250000e+00,-3.438943386077880859e+00,-2.744187355041503906e+00
1.400000000000000000e+01,-7.186390161514282227e-01,-6.022862195968627930e-01,-1.838245391845703125e-01,2.529602050781250000e+00,3.438943386077880859e+00,2.744187355041503906e+00,-2.529602050781250000e+00,-3.438943386077880859e+00,-2.744187355041503906e+00
1.404000000000000092e+01,-7.204564809799194336e-01,-6.037886142730712891e-01,-1.843752861022949219e-01,2.529602050781250000e+00,3.438943386077880859e+00,2.744187355041503906e+00,-2.529602050781250000e+00,-3.438943386077880859e+00,-2.744187355041503906e+00
1.408000000000000007e+01,-7.222718000411987305e-01,-6.052891016006469727e-01,-1.849254369735717773e-01,2.529602050781250000e+00,3.438943386077880859e+00,2.744187355041503906e+00,-2.529602050781250000e+00,-3.438943386077880859e+00,-2.744187355041503906e+00
1.412000000000000099e+01,-7.240849733352661133e-01,-6.067878007888793945e-01,-1.854751110076904297e-01,2.529602050781250000e+00,3.438943386077880859e+00,2.744187355041503906e+00,-2.529602050781250000e+00,-3.438943386077880859e+00,-2.744187355041503906e+00
1.416000000000000014e+01,-7.258960008621215820e-01,-6.082845926284790039e-01,-1.860240697860717773e-01,2.529602050781250000e+00,3.438943386077880859e+00,2.744187355041503906e+00,-2.529602050781250000e+00,-3.438943386077880859e+00,-2.744187355041503906e+00
1.420000000000000107e+01,-7.277047634124755859e-01,-6.097795963287353516e-01,-1.865725517272949219e-01,2.529602050781250000e+00,3.438943386077880859e+00,2.744187355041503906e+00,-2.529602050781250000e+00,-3.438943386077880859e+00,-2.744187355041503906e+00
1.424000000000000021e+01,-7.295114994049072266e-01,-6.112726926803588867e-01,-1.871204376220703125e-01,2.529602050781250000e+00,3.438943386077880859e+00,2.744187355041503906e+00,-2.529602050781250000e+00,-3.438943386077880859e+00,-2.744187355041503906e+00
1.428000000000000114e+01,-7.313159704208374023e-01,-6.127640008926391602e-01,-1.876677274703979492e-01,2.529602050781250000e+00,3.438943386077880859e+00,2.744187355041503906e+00,-2.529602050781250000e+00,-3.438943386077880859e+00,-2.744187355041503906e+00
1.432000000000000028e+01,-7.331181764602661133e-01,-6.142535209655761719e-01,-1.882145404815673828e-01,2.529602050781250000e+00,3.438943386077880859e+00,2.744187355041503906e+00,-2.529602050781250000e+00,-3.438943386077880859e+00,-2.744187355041503906e+00
1.435999999999999943e+01,-7.349181175231933594e-01,-6.157411336898803711e-01,-1.887607574462890625e-01,2.529602050781250000e+00,3.438943386077880859e+00,2.744187355041503906e+00,-2.529602050781250000e+00,-3.438943386077880859e+00,-2.744187355041503906e+00
1.440000000000000036e+01,-7.367159128189086914e-01,-6.172270774841308594e-01,-1.893063783645629883e-01,2.529602050781250000e+00,3.438943386077880859e+00,2.744187355041503906e+00,-2.529602050781250000e+00,-3.438943386077880859e+00,-2.744187355041503906e+00
1.443999999999999950e+01,-7.385115623474121094e-01,-6.187112331390380859e-01,-1.898514032363891602e-01,2.529602050781250000e+00,3.438943386077880859e+00,2.744187355041503906e+00,-2.529602050781250000e+00,-3.438943386077880859e+00,-2.744187355041503906e+00
1.448000000000000043e+01,-7.403048276901245117e-01,-6.201934814453125000e-01,-1.903958320617675781e-01,2.529602050781250000e+00,3.438943386077880859e+00,2.744187355041503906e+00,-2.529602050781250000e+00,-3.438943386077880859e+00,-2.744187355041503906e+00
1.451999999999999957e+01,-7.420959472656250000e-01,-6.216738224029541016e-01,-1.909396648406982422e-01,2.529602050781250000e+00,3.438943386077880859e+00,2.744187355041503906e+00,-2.529602050781250000e+00,-3.438943386077880859e+00,-2.744187355041503906e+00
1.456000000000000050e+01,-7.438850402832031250e-01,-6.231524944305419922e-01,-1.914829015731811523e-01,2.529602050781250000e+00,3.438943386077880859e+00,2.744187355041503906e+00,-2.529602050781250000e+00,-3.438943386077880859e+00,-2.744187355041503906e+00
1.459999999999999964e+01,-7.456717491149902344e-01,-6.246292591094970703e-01,-1.920255422592163086e-01,2.529602050781250000e+00,3.438943386077880859e+00,2.744187355041503906e+00,-2.529602050781250000e+00,-3.438943386077880859e+00,-2.744187355041503906e+00
1.464000000000000057e+01,-7.474561929702758789e-01,-6.261042356491088867e-01,-1.925677061080932617e-01,2.529602050781250000e+00,3.438943386077880859e+00,2.744187355041503906e+00,-2.529602050781250000e+00,-3.438943386077880859e+00,-2.744187355041503906e+00
1.467999999999999972e+01,-7.492384910583496094e-01,-6.275774240493774414e-01,-1.931092739105224609e-01,2.529602050781250000e+00,3.438943386077880859e+00,2.744187355041503906e+00,-2.529602050781250000e+00,-3.438943386077880859e+00,-2.744187355041503906e+00
1.472000000000000064e+01,-7.510185241699218750e-01,-6.290488243103027344e-01,-1.936502456665039062e-01,2.529602050781250000e+00,3.438943386077880859e+00,2.744187355041503906e+00,-2.529602050781250000e+00,-3.438943386077880859e+00,-2.744187355041503906e+00
1.475999999999999979e+01,-7.527964115142822266e-01,-6.305183172225952148e-01,-1.941906213760375977e-01,2.529602050781250000e+00,3.438943386077880859e+00,2.744187355041503906e+00,-2.529602050781250000e+00,-3.438943386077880859e+00,-2.744187355041503906e+00
1.480000000000000071e+01,-7.545721530914306641e-01,-6.319860219955444336e-01,-1.947304010391235352e-01,2.529602050781250000e+00,3.438943386077880859e+00,2.744187355041503906e+00,-2.529602050781250000e+00,-3.438943386077880859e+00,-2.744187355041503906e+00
1.483999999999999986e+01,-7.563457489013671875e-01,-6.334519386291503906e-01,-1.952695846557617188e-01,2.529602050781250000e+00,3.438943386077880859e+00,2.744187355041503906e+00,-2.529602050781250000e+00,-3.438943386077880859e+00,-2.744187355041503906e+00
1.488000000000000078e+01,-7.581171989440917969e-01,-6.349159479141235352e-01,-1.958082914352416992e-01,2.529602050781250000e+00,3.438943386077880859e+00,2.744187355041503906e+00,-2.529602050781250000e+00,-3.438943386077880859e+00,-2.744187355041503906e+00
1.491999999999999993e+01,-7.598863840103149414e-01,-6.363781690597534180e-01,-1.963462829589843750e-01,2.529602050781250000e+00,3.438943386077880859e+00,2.744187355041503906e+00,-2.529602050781250000e+00,-3.438943386077880859e+00,-2.744187355041503906e+00
1.496000000000000085e+01,-7.616533041000366211e-01,-6.378386020660400391e-01,-1.968837976455688477e-01,2.529602050781250000e+00,3.438943386077880859e+00,2.744187355041503906e+00,-2.529602050781250000e+00,-3.438943386077880859e+00,-2.744187355041503906e+00
1.500000000000000000e+01,-7.634181976318359375e-01,-6.392971277236938477e-01,-1.974205970764160156e-01,2.529602050781250000e+00,3.438943386077880859e+00,2.744187355041503906e+00,-2.529602050781250000e+00,-3.438943386077880859e+00,-2.744187355041503906e+00
1.504000000000000092e+01,-7.651808261871337891e-01,-6.407538652420043945e-01,-1.979568004608154297e-01,2.529602050781250000e+00,3.438943386077880859e+00,2.744187355041503906e+00,-2.529602050781250000e+00,-3.438943386077880859e+00,-2.744187355041503906e+00
1.508000000000000007e+01,-7.669411897659301758e-01,-6.422086954116821289e-01,-1.984924077987670898e-01,2.529602050781250000e+00,3.438943386077880859e+00,2.744187355041503906e+00,-2.529602050781250000e+00,-3.438943386077880859e+00,-2.744187355041503906e+00
1.512000000000000099e+01,-7.686994075775146484e-01,-6.436618566513061523e-01,-1.990275382995605469e-01,2.529602050781250000e+00,3.438943386077880859e+00,2.744187355041503906e+00,-2.529602050781250000e+00,-3.438943386077880859e+00,-2.744187355041503906e+00
1.516000000000000014e+01,-7.704554796218872070e-01,-6.451131105422973633e-01,-1.995620727539062500e-01,2.529602050781250000e+00,3.438943386077880859e+00,2.744187355041503906e+00,-2.529602050781250000e+00,-3.438943386077880859e+00,-2.744187355041503906e+00
1.520000000000000107e+01,-7.722091674804687500e-01,-6.465624570846557617e-01,-2.000960111618041992e-01,2.529602050781250000e+00,3.438943386077880859e+00,2.744187355041503906e+00,-2.529602050781250000e+00,-3.438943386077880859e+00,-2.744187355041503906e+00
1.524000000000000021e+01,-7.739608287811279297e-01,-6.480102539062500000e-01,-2.006293535232543945e-01,2.529602050781250000e+00,3.438943386077880859e+00,2.744187355041503906e+00,-2.529602050781250000e+00,-3.438943386077880859e+00,-2.744187355041503906e+00
1.528000000000000114e+01,-7.757101058959960938e-01,-6.494561433792114258e-01,-2.011620998382568359e-01,2.529602050781250000e+00,3.438943386077880859e+00,2.744187355041503906e+00,-2.529602050781250000e+00,-3.438943386077880859e+00,-2.744187355041503906e+00
1.532000000000000028e+01,-7.774573564529418945e-01,-6.509002447128295898e-01,-2.016943693161010742e-01,2.529602050781250000e+00,3.438943386077880859e+00,2.744187355041503906e+00,-2.529602050781250000e+00,-3.438943386077880859e+00,-2.744187355041503906e+00
1.535999999999999943e+01,-7.792023420333862305e-01,-6.523425579071044922e-01,-2.022260427474975586e-01,2.529602050781250000e+00,3.438943386077880859e+00,2.744187355041503906e+00,-2.529602050781250000e+00,-3.438943386077880859e+00,-2.744187355041503906e+00
1.540000000000000036e+01,-7.809451818466186523e-01,-6.537829637527465820e-01,-2.027570009231567383e-01,2.529602050781250000e+00,3.438943386077880859e+00,2.744187355041503906e+00,-2.529602050781250000e+00,-3.438943386077880859e+00,-2.744187355041503906e+00
1.543999999999999950e+01,-7.826857566833496094e-01,-6.552215814590454102e-01,-2.032873630523681641e-01,2.529602050781250000e+00,3.438943386077880859e+00,2.744187355041503906e+00,-2.529602050781250000e+00,-3.438943386077880859e+00,-2.744187355041503906e+00
1.548000000000000043e+01,-7.844241857528686523e-01,-6.566585302352905273e-01,-2.038172483444213867e-01,2.529602050781250000e+00,3.438943386077880859e+00,2.744187355041503906e+00,-2.529602050781250000e+00,-3.438943386077880859e+00,-2.744187355041503906e+00
1.551999999999999957e+01,-7.861604690551757812e-01,-6.580934524536132812e-01,-2.043465375900268555e-01,2.529602050781250000e+00,3.438943386077880859e+00,2.744187355041503906e+00,-2.529602050781250000e+00,-3.438943386077880859e+00,-2.744187355041503906e+00
1.556000000000000050e+01,-7.878943681716918945e-01,-6.595264673233032227e-01,-2.048751115798950195e-01,2.529602050781250000e+00,3.438943386077880859e+00,2.744187355041503906e+00,-2.529602050781250000e+00,-3.438943386077880859e+00,-2.744187355041503906e+00
1.559999999999999964e+01,-7.896262407302856445e-01,-6.609579324722290039e-01,-2.054030895233154297e-01,2.529602050781250000e+00,3.438943386077880859e+00,2.744187355041503906e+00,-2.529602050781250000e+00,-3.438943386077880859e+00,-2.744187355041503906e+00
1.564000000000000057e+01,-7.913558483123779297e-01,-6.623874902725219727e-01,-2.059305906295776367e-01,2.529602050781250000e+00,3.438943386077880859e+00,2.744187355041503906e+00,-2.529602050781250000e+00,-3.438943386077880859e+00,-2.744187355041503906e+00
1.567999999999999972e+01,-7.930834293365478516e-01,-6.638152599334716797e-01,-2.064574956893920898e-01,2.529602050781250000e+00,3.438943386077880859e+00,2.744187355041503906e+00,-2.529602050781250000e+00,-3.438943386077880859e+00,-2.744187355041503906e+00
1.572000000000000064e+01,-7.948087453842163086e-01,-6.652411222457885742e-01,-2.069838047027587891e-01,2.529602050781250000e+00,3.438943386077880859e+00,2.744187355041503906e+00,-2.529602050781250000e+00,-3.438943386077880859e+00,-2.744187355041503906e+00
1.575999999999999979e+01,-7.965317964553833008e-01,-6.666651964187622070e-01,-2.075095176696777344e-01,2.529602050781250000e+00,3.438943386077880859e+00,2.744187355041503906e+00,-2.529602050781250000e+00,-3.438943386077880859e+00,-2.744187355041503906e+00
1.580000000000000071e+01,-7.982527017593383789e-01,-6.680874824523925781e-01,-2.080345153808593750e-01,2.529602050781250000e+00,3.438943386077880859e+00,2.744187355041503906e+00,-2.529602050781250000e+00,-3.438943386077880859e+00,-2.744187355041503906e+00
1.583999999999999986e+01,-7.999714612960815430e-01,-6.695080995559692383e-01,-2.085590362548828125e-01,2.529602050781250000e+00,3.438943386077880859e+00,2.744187355041503906e+00,-2.529602050781250000e+00,-3.438943386077880859e+00,-2.744187355041503906e+00
1.588000000000000078e+01,-8.016880750656127930e-01,-6.709266901016235352e-01,-2.090829610824584961e-01,2.529602050781250000e+00,3.438943386077880859e+00,2.744187355041503906e+00,-2.529602050781250000e+00,-3.438943386077880859e+00,-2.744187355041503906e+00
1.591999999999999993e+01,-8.034023046493530273e-01,-6.723436117172241211e-01,-2.096062898635864258e-01,2.529602050781250000e+00,3.438943386077880859e+00,2.744187355041503906e+00,-2.529602050781250000e+00,-3.438943386077880859e+00,-2.744187355041503906e+00
1.596000000000000085e+01,-8.051143884658813477e-01,-6.737586259841918945e-01,-2.101290225982666016e-01,2.529602050781250000e+00,3.438943386077880859e+00,2.744187355041503906e+00,-2.529602050781250000e+00,-3.438943386077880859e+00,-2.744187355041503906e+00
1.600000000000000000e+01,-8.068242073059082031e-01,-6.751719713211059570e-01,-2.106511592864990234e-01,2.529602050781250000e+00,3.438943386077880859e+00,2.744187355041503906e+00,-2.529602050781250000e+00,-3.438943386077880859e+00,-2.744187355041503906e+00
1.603999999999999915e+01,-8.085319995880126953e-01,-6.765834093093872070e-01,-2.111726999282836914e-01,2.529602050781250000e+00,3.438943386077880859e+00,2.744187355041503906e+00,-2.529602050781250000e+00,-3.438943386077880859e+00,-2.744187355041503906e+00
1.608000000000000185e+01,-8.102375268936157227e-01,-6.779930591583251953e-01,-2.116936445236206055e-01,2.529602050781250000e+00,3.438943386077880859e+00,2.744187355041503906e+00,-2.529602050781250000e+00,-3.438943386077880859e+00,-2.744187355041503906e+00
1.612000000000000099e+01,-8.119409084320068359e-01,-6.794009208679199219e-01,-2.122139930725097656e-01,2.529602050781250000e+00,3.438943386077880859e+00,2.744187355041503906e+00,-2.529602050781250000e+00,-3.438943386077880859e+00,-2.744187355041503906e+00
1.616000000000000014e+01,-8.136421442031860352e-01,-6.808068752288818359e-01,-2.127337455749511719e-01,2.529602050781250000e+00,3.438943386077880859e+00,2.744187355041503906e+00,-2.529602050781250000e+00,-3.438943386077880859e+00,-2.744187355041503906e+00
1.619999999999999929e+01,-8.153411149978637695e-01,-6.822110414505004883e-01,-2.132529020309448242e-01,2.529602050781250000e+00,3.438943386077880859e+00,2.744187355041503906e+00,-2.529602050781250000e+00,-3.438943386077880859e+00,-2.744187355041503906e+00
1.624000000000000199e+01,-8.170380592346191406e-01,-6.836135387420654297e-01,-2.137714624404907227e-01,2.529602050781250000e+00,3.438943386077880859e+00,2.744187355041503906e+00,-2.529602050781250000e+00,-3.438943386077880859e+00,-2.744187355041503906e+00
1.628000000000000114e+01,-8.187326192855834961e-01,-6.850142478942871094e-01,-2.142894268035888672e-01,2.529602050781250000e+00,3.438943386077880859e+00,2.744187355041503906e+00,-2.529602050781250000e+00,-3.438943386077880859e+00,-2.744187355041503906e+00
1.632000000000000028e+01,-8.204251527786254883e-01,-6.864130496978759766e-01,-2.148067951202392578e-01,2.529602050781250000e+00,3.438943386077880859e+00,2.744187355041503906e+00,-2.529602050781250000e+00,-3.438943386077880859e+00,-2.744187355041503906e+00
1.635999999999999943e+01,-8.221153020858764648e-01,-6.878101825714111328e-01,-2.153235673904418945e-01,2.529602050781250000e+00,3.438943386077880859e+00,2.744187355041503906e+00,-2.529602050781250000e+00,-3.438943386077880859e+00,-2.744187355041503906e+00
1.639999999999999858e+01,-8.238031864166259766e-01,-6.892054080963134766e-01,-2.158397436141967773e-01,2.529602050781250000e+00,3.438943386077880859e+00,2.744187355041503906e+00,-2.529602050781250000e+00,-3.438943386077880859e+00,-2.744187355041503906e+00
1.644000000000000128e+01,-8.254890441894531250e-01,-6.905987262725830078e-01,-2.163553237915039062e-01,2.529602050781250000e+00,3.438943386077880859e+00,2.744187355041503906e+00,-2.529602050781250000e+00,-3.438943386077880859e+00,-2.744187355041503906e+00
1.648000000000000043e+01,-8.271727561950683594e-01,-6.919903755187988281e-01,-2.168703079223632812e-01,2.529602050781250000e+00,3.438943386077880859e+00,2.744187355041503906e+00,-2.529602050781250000e+00,-3.438943386077880859e+00,-2.744187355041503906e+00
1.651999999999999957e+01,-8.288543224334716797e-01,-6.933802366256713867e-01,-2.173846960067749023e-01,2.529602050781250000e+00,3.438943386077880859e+00,2.744187355041503906e+00,-2.529602050781250000e+00,-3.438943386077880859e+00,-2.744187355041503906e+00
1.655999999999999872e+01,-8.305337429046630859e-01,-6.947681903839111328e-01,-2.178984880447387695e-01,2.529602050781250000e+00,3.438943386077880859e+00,2.744187355041503906e+00,-2.529602050781250000e+00,-3.438943386077880859e+00,-2.744187355041503906e+00
1.660000000000000142e+01,-8.322107791900634766e-01,-6.961543560028076172e-01,-2.184116840362548828e-01,2.529602050781250000e+00,3.438943386077880859e+00,2.744187355041503906e+00,-2.529602050781250000e+00,-3.438943386077880859e+00,-2.744187355041503906e+00
1.664000000000000057e+01,-8.338856697082519531e-01,-6.975388526916503906e-01,-2.189242839813232422e-01,2.529602050781250000e+00,3.438943386077880859e+00,2.744187355041503906e+00,-2.529602050781250000e+00,-3.438943386077880859e+00,-2.744187355041503906e+00
1.667999999999999972e+01,-8.355586528778076172e-01,-6.989213228225708008e-01,-2.194362878799438477e-01,2.529602050781250000e+00,3.438943386077880859e+00,2.744187355041503906e+00,-2.529602050781250000e+00,-3.438943386077880859e+00,-2.744187355041503906e+00
1.671999999999999886e+01,-8.372292518615722656e-01,-7.003020048141479492e-01,-2.199476957321166992e-01,2.529602050781250000e+00,3.438943386077880859e+00,2.744187355041503906e+00,-2.529602050781250000e+00,-3.438943386077880859e+00,-2.744187355041503906e+00
1.676000000000000156e+01,-8.388974666595458984e-01,-7.016810178756713867e-01,-2.204585075378417969e-01,2.529602050781250000e+00,3.438943386077880859e+00,2.744187355041503906e+00,-2.529602050781250000e+00,-3.438943386077880859e+00,-2.744187355041503906e+00
1.680000000000000071e+01,-8.405635356903076172e-01,-7.030581235885620117e-01,-2.209687232971191406e-01,2.529602050781250000e+00,3.438943386077880859e+00,2.744187355041503906e+00,-2.529602050781250000e+00,-3.438943386077880859e+00,-2.744187355041503906e+00
1.683999999999999986e+01,-8.422274589538574219e-01,-7.044335603713989258e-01,-2.214782238006591797e-01,2.529602050781250000e+00,3.438943386077880859e+00,2.744187355041503906e+00,-2.529602050781250000e+00,-3.438943386077880859e+00,-2.744187355041503906e+00
1.687999999999999901e+01,-8.438892364501953125e-01,-7.058070898056030273e-01,-2.219872474670410156e-01,2.529602050781250000e+00,3.438943386077880859e+00,2.744187355041503906e+00,-2.529602050781250000e+00,-3.438943386077880859e+00,-2.744187355041503906e+00
1.692000000000000171e+01,-8.455488681793212891e-01,-7.071788311004638672e-01,-2.224956750869750977e-01,2.529602050781250000e+00,3.438943386077880859e+00,2.744187355041503906e+00,-2.529602050781250000e+00,-3.438943386077880859e+00,-2.744187355041503906e+00
1.696000000000000085e+01,-8.472063541412353516e-01,-7.085487842559814453e-01,-2.230035066604614258e-01,2.529602050781250000e+00,3.438943386077880859e+00,2.744187355041503906e+00,-2.529602050781250000e+00,-3.438943386077880859e+00,-2.744187355041503906e+00
1.700000000000000000e+01,-8.488616943359375000e-01,-7.099168300628662109e-01,-2.235107421875000000e-01,2.529602050781250000e+00,3.438943386077880859e+00,2.744187355041503906e+00,-2.529602050781250000e+00,-3.438943386077880859e+00,-2.744187355041503906e+00
1.703999999999999915e+01,-8.505148887634277344e-01,-7.112830877304077148e-01,-2.240173816680908203e-01,2.529602050781250000e+00,3.438943386077880859e+00,2.744187355041503906e+00,-2.529602050781250000e+00,-3.438943386077880859e+00,-2.744187355041503906e+00
1.708000000000000185e+01,-8.521659374237060547e-01,-7.126476764678955078e-01,-2.245233058929443359e-01,2.529602050781250000e+00,3.438943386077880859e+00,2.744187355041503906e+00,-2.529602050781250000e+00,-3.438943386077880859e+00,-2.744187355041503906e+00
1.712000000000000099e+01,-8.538148403167724609e-01,-7.140104770660400391e-01,-2.250287532806396484e-01,2.529602050781250000e+00,3.438943386077880859e+00,2.744187355041503906e+00,-2.529602050781250000e+00,-3.438943386077880859e+00,-2.744187355041503906e+00
1.716000000000000014e+01,-8.554613590240478516e-01,-7.153713703155517578e-01,-2.255336046218872070e-01,2.529602050781250000e+00,3.438943386077880859e+00,2.744187355041503906e+00,-2.529602050781250000e+00,-3.438943386077880859e+00,-2.744187355041503906e+00
1.719999999999999929e+01,-8.571057319641113281e-01,-7.167305946350097656e-01,-2.260378599166870117e-01,2.529602050781250000e+00,3.438943386077880859e+00,2.744187355041503906e+00,-2.529602050781250000e+00,-3.438943386077880859e+00,-2.744187355041503906e+00
1.724000000000000199e+01,-8.587479591369628906e-01,-7.180879116058349609e-01,-2.265415191650390625e-01,2.529602050781250000e+00,3.438943386077880859e+00,2.744187355041503906e+00,-2.529602050781250000e+00,-3.438943386077880859e+00,-2.744187355041503906e+00
1.728000000000000114e+01,-8.603880405426025391e-01,-7.194435596466064453e-01,-2.270445823669433594e-01,2.529602050781250000e+00,3.438943386077880859e+00,2.744187355041503906e+00,-2.529602050781250000e+00,-3.438943386077880859e+00,-2.744187355041503906e+00
1.732000000000000028e+01,-8.620259761810302734e-01,-7.207973003387451172e-01,-2.275468111038208008e-01,2.529602050781250000e+00,3.438943386077880859e+00,2.744187355041503906e+00,-2.529602050781250000e+00,-3.438943386077880859e+00,-2.744187355041503906e+00
1.735999999999999943e+01,-8.636615276336669922e-01,-7.221492528915405273e-01,-2.280485630035400391e-01,2.529602050781250000e+00,3.438943386077880859e+00,2.744187355041503906e+00,-2.529602050781250000e+00,-3.438943386077880859e+00,-2.744187355041503906e+00
1.740000000000000213e+01,-8.652951717376708984e-01,-7.234992980957031250e-01,-2.285497188568115234e-01,2.529602050781250000e+00,3.438943386077880859e+00,2.744187355041503906e+00,-2.529602050781250000e+00,-3.438943386077880859e+00,-2.744187355041503906e+00
1.744000000000000128e+01,-8.669264316558837891e-01,-7.248475551605224609e-01,-2.290501594543457031e-01,2.529602050781250000e+00,3.438943386077880859e+00,2.744187355041503906e+00,-2.529602050781250000e+00,-3.438943386077880859e+00,-2.744187355041503906e+00
1.748000000000000043e+01,-8.685555458068847656e-01,-7.261940240859985352e-01,-2.295501232147216797e-01,2.529602050781250000e+00,3.438943386077880859e+00,2.744187355041503906e+00,-2.529602050781250000e+00,-3.438943386077880859e+00,-2.744187355041503906e+00
1.751999999999999957e+01,-8.701827526092529297e-01,-7.275388240814208984e-01,-2.300493717193603516e-01,2.529602050781250000e+00,3.438943386077880859e+00,2.744187355041503906e+00,-2.529602050781250000e+00,-3.438943386077880859e+00,-2.744187355041503906e+00
1.755999999999999872e+01,-8.718075752258300781e-01,-7.288818359375000000e-01,-2.305481433868408203e-01,2.529602050781250000e+00,3.438943386077880859e+00,2.744187355041503906e+00,-2.529602050781250000e+00,-3.438943386077880859e+00,-2.744187355041503906e+00
1.760000000000000142e+01,-8.734302520751953125e-01,-7.302229404449462891e-01,-2.310463190078735352e-01,2.529602050781250000e+00,3.438943386077880859e+00,2.744187355041503906e+00,-2.529602050781250000e+00,-3.438943386077880859e+00,-2.744187355041503906e+00
1.764000000000000057e+01,-8.750505447387695312e-01,-7.315623760223388672e-01,-2.315437793731689453e-01,2.529602050781250000e+00,3.438943386077880859e+00,2.744187355041503906e+00,-2.529602050781250000e+00,-3.438943386077880859e+00,-2.744187355041503906e+00
1.767999999999999972e+01,-8.766686916351318359e-01,-7.328999042510986328e-01,-2.320406436920166016e-01,2.529602050781250000e+00,3.438943386077880859e+00,2.744187355041503906e+00,-2.529602050781250000e+00,-3.438943386077880859e+00,-2.744187355041503906e+00
1.771999999999999886e+01,-8.782849311828613281e-01,-7.342357635498046875e-01,-2.325369119644165039e-01,2.529602050781250000e+00,3.438943386077880859e+00,2.744187355041503906e+00,-2.529602050781250000e+00,-3.438943386077880859e+00,-2.744187355041503906e+00
1.776000000000000156e+01,-8.798987865447998047e-01,-7.355698347091674805e-01,-2.330325841903686523e-01,2.529602050781250000e+00,3.438943386077880859e+00,2.744187355041503906e+00,-2.529602050781250000e+00,-3.438943386077880859e+00,-2.744187355041503906e+00
1.780000000000000071e+01,-8.815104961395263672e-01,-7.369019985198974609e-01,-2.335276603698730469e-01,2.529602050781250000e+00,3.438943386077880859e+00,2.744187355041503906e+00,-2.529602050781250000e+00,-3.438943386077880859e+00,-2.744187355041503906e+00
1.783999999999999986e+01,-8.831200599670410156e-01,-7.382323741912841797e-01,-2.340221405029296875e-01,2.529602050781250000e+00,3.438943386077880859e+00,2.744187355041503906e+00,-2.529602050781250000e+00,-3.438943386077880859e+00,-2.744187355041503906e+00
1.787999999999999901e+01,-8.847274780273437500e-01,-7.395609617233276367e-01,-2.345160245895385742e-01,2.529602050781250000e+00,3.438943386077880859e+00,2.744187355041503906e+00,-2.529602050781250000e+00,-3.438943386077880859e+00,-2.744187355041503906e+00
1.792000000000000171e+01,-8.863327503204345703e-01,-7.408877611160278320e-01,-2.350094318389892578e-01,2.529602050781250000e+00,3.438943386077880859e+00,2.744187355041503906e+00,-2.529602050781250000e+00,-3.438943386077880859e+00,-2.744187355041503906e+00
1.796000000000000085e+01,-8.879358768463134766e-01,-7.422126531600952148e-01,-2.355021238327026367e-01,2.529602050781250000e+00,3.438943386077880859e+00,2.744187355041503906e+00,-2.529602050781250000e+00,-3.438943386077880859e+00,-2.744187355041503906e+00
1.800000000000000000e+01,-8.895368576049804688e-01,-7.435357570648193359e-01,-2.359942197799682617e-01,2.529602050781250000e+00,3.438943386077880859e+00,2.744187355041503906e+00,-2.529602050781250000e+00,-3.438943386077880859e+00,-2.744187355041503906e+00
1.803999999999999915e+01,-8.911354541778564453e-01,-7.448573112487792969e-01,-2.364856004714965820e-01,2.529602050781250000e+00,3.438943386077880859e+00,2.744187355041503906e+00,-2.529602050781250000e+00,-3.438943386077880859e+00,-2.744187355041503906e+00
1.808000000000000185e+01,-8.927319049835205078e-01,-7.461769580841064453e-01,-2.369766235351562500e-01,2.529602050781250000e+00,3.438943386077880859e+00,2.744187355041503906e+00,-2.529602050781250000e+00,-3.438943386077880859e+00,-2.744187355041503906e+00
1.812000000000000099e+01,-8.943262100219726562e-01,-7.474949359893798828e-01,-2.374669313430786133e-01,2.529602050781250000e+00,3.438943386077880859e+00,2.744187355041503906e+00,-2.529602050781250000e+00,-3.438943386077880859e+00,-2.744187355041503906e+00
1.816000000000000014e+01,-8.959183692932128906e-01,-7.488110065460205078e-01,-2.379565238952636719e-01,2.529602050781250000e+00,3.438943386077880859e+00,2.744187355041503906e+00,-2.529602050781250000e+00,-3.438943386077880859e+00,-2.744187355041503906e+00
1.819999999999999929e+01,-8.975083827972412109e-01,-7.501251697540283203e-01,-2.384455204010009766e-01,2.529602050781250000e+00,3.438943386077880859e+00,2.744187355041503906e+00,-2.529602050781250000e+00,-3.438943386077880859e+00,-2.744187355041503906e+00
1.824000000000000199e+01,-8.990962505340576172e-01,-7.514374256134033203e-01,-2.389338016510009766e-01,2.529602050781250000e+00,3.438943386077880859e+00,2.744187355041503906e+00,-2.529602050781250000e+00,-3.438943386077880859e+00,-2.744187355041503906e+00
1.828000000000000114e+01,-9.006819725036621094e-01,-7.527480125427246094e-01,-2.394216060638427734e-01,2.529602050781250000e+00,3.438943386077880859e+00,2.744187355041503906e+00,-2.529602050781250000e+00,-3.438943386077880859e+00,-2.744187355041503906e+00
1.832000000000000028e+01,-9.022655487060546875e-01,-7.540566921234130859e-01,-2.399086952209472656e-01,2.529602050781250000e+00,3.438943386077880859e+00,2.744187355041503906e+00,-2.529602050781250000e+00,-3.438943386077880859e+00,-2.744187355041503906e+00
1.835999999999999943e+01,-9.038469791412353516e-01,-7.553637027740478516e-01,-2.403953075408935547e-01,2.529602050781250000e+00,3.438943386077880859e+00,2.744187355041503906e+00,-2.529602050781250000e+00,-3.438943386077880859e+00,-2.744187355041503906e+00
1.840000000000000213e+01,-9.054260253906250000e-01,-7.566690444946289062e-01,-2.408812046051025391e-01,2.529602050781250000e+00,3.438943386077880859e+00,2.744187355041503906e+00,-2.529602050781250000e+00,-3.438943386077880859e+00,-2.744187355041503906e+00
1.844000000000000128e+01,-9.070029258728027344e-01,-7.579724788665771484e-01,-2.413666248321533203e-01,2.529602050781250000e+00,3.438943386077880859e+00,2.744187355041503906e+00,-2.529602050781250000e+00,-3.438943386077880859e+00,-2.744187355041503906e+00
1.848000000000000043e+01,-9.085776805877685547e-01,-7.592742443084716797e-01,-2.418513298034667969e-01,2.529602050781250000e+00,3.438943386077880859e+00,2.744187355041503906e+00,-2.529602050781250000e+00,-3.438943386077880859e+00,-2.744187355041503906e+00
1.851999999999999957e+01,-9.101502895355224609e-01,-7.605741024017333984e-01,-2.423355579376220703e-01,2.529602050781250000e+00,3.438943386077880859e+00,2.744187355041503906e+00,-2.529602050781250000e+00,-3.438943386077880859e+00,-2.744187355041503906e+00
1.855999999999999872e+01,-9.117207527160644531e-01,-7.618722915649414062e-01,-2.428190708160400391e-01,2.529602050781250000e+00,3.438943386077880859e+00,2.744187355041503906e+00,-2.529602050781250000e+00,-3.438943386077880859e+00,-2.744187355041503906e+00
1.860000000000000142e+01,-9.132890701293945312e-01,-7.631685733795166016e-01,-2.433021068572998047e-01,2.529602050781250000e+00,3.438943386077880859e+00,2.744187355041503906e+00,-2.529602050781250000e+00,-3.438943386077880859e+00,-2.744187355041503906e+00
1.864000000000000057e+01,-9.148552417755126953e-01,-7.644629478454589844e-01,-2.437844276428222656e-01,2.529602050781250000e+00,3.438943386077880859e+00,2.744187355041503906e+00,-2.529602050781250000e+00,-3.438943386077880859e+00,-2.744187355041503906e+00
1.867999999999999972e+01,-9.164192676544189453e-01,-7.657556533813476562e-01,-2.442660331726074219e-01,2.529602050781250000e+00,3.438943386077880859e+00,2.744187355041503906e+00,-2.529602050781250000e+00,-3.438943386077880859e+00,-2.744187355041503906e+00
1.871999999999999886e+01,-9.179811477661132812e-01,-7.670464515686035156e-01,-2.447471618652343750e-01,2.529602050781250000e+00,3.438943386077880859e+00,2.744187355041503906e+00,-2.529602050781250000e+00,-3.438943386077880859e+00,-2.744187355041503906e+00
1.876000000000000156e+01,-9.195406436920166016e-01,-7.683355808258056641e-01,-2.452278137207031250e-01,2.529602050781250000e+00,3.438943386077880859e+00,2.744187355041503906e+00,-2.529602050781250000e+00,-3.438943386077880859e+00,-2.744187355041503906e+00
1.880000000000000071e+01,-9.210979938507080078e-01,-7.696228027343750000e-01,-2.457077503204345703e-01,2.529602050781250000e+00,3.438943386077880859e+00,2.744187355041503906e+00,-2.529602050781250000e+00,-3.438943386077880859e+00,-2.744187355041503906e+00
1.883999999999999986e+01,-9.226531982421875000e-01,-7.709081172943115234e-01,-2.461869716644287109e-01,2.529602050781250000e+00,3.438943386077880859e+00,2.744187355041503906e+00,-2.529602050781250000e+00,-3.438943386077880859e+00,-2.744187355041503906e+00
1.887999999999999901e+01,-9.242062568664550781e-01,-7.721917629241943359e-01,-2.466657161712646484e-01,2.529602050781250000e+00,3.438943386077880859e+00,2.744187355041503906e+00,-2.529602050781250000e+00,-3.438943386077880859e+00,-2.744187355041503906e+00
1.892000000000000171e+01,-9.257571697235107422e-01,-7.734737396240234375e-01,-2.471437454223632812e-01,2.529602050781250000e+00,3.438943386077880859e+00,2.744187355041503906e+00,-2.529602050781250000e+00,-3.438943386077880859e+00,-2.744187355041503906e+00
1.896000000000000085e+01,-9.273059368133544922e-01,-7.747538089752197266e-01,-2.476210594177246094e-01,2.529602050781250000e+00,3.438943386077880859e+00,2.744187355041503906e+00,-2.529602050781250000e+00,-3.438943386077880859e+00,-2.744187355041503906e+00
1.900000000000000000e+01,-9.288525581359863281e-01,-7.760319709777832031e-01,-2.480978965759277344e-01,2.529602050781250000e+00,3.438943386077880859e+00,2.744187355041503906e+00,-2.529602050781250000e+00,-3.438943386077880859e+00,-2.744187355041503906e+00
1.903999999999999915e+01,-9.303970336914062500e-01,-7.773087024688720703e-01,-2.485740184783935547e-01,2.529602050781250000e+00,3.438943386077880859e+00,2.744187355041503906e+00,-2.529602050781250000e+00,-3.438943386077880859e+00,-2.744187355041503906e+00
1.908000000000000185e+01,-9.319393634796142578e-01,-7.785835266113281250e-01,-2.490496635437011719e-01,2.529602050781250000e+00,3.438943386077880859e+00,2.744187355041503906e+00,-2.529602050781250000e+00,-3.438943386077880859e+00,-2.744187355041503906e+00
1.912000000000000099e+01,-9.334793090820312500e-01,-7.798564434051513672e-01,-2.495245933532714844e-01,2.529602050781250000e+00,3.438943386077880859e+00,2.744187355041503906e+00,-2.529602050781250000e+00,-3.438943386077880859e+00,-2.744187355041503906e+00
1.916000000000000014e+01,-9.350173473358154297e-01,-7.811276912689208984e-01,-2.499990463256835938e-01,2.529602050781250000e+00,3.438943386077880859e+00,2.744187355041503906e+00,-2.529602050781250000e+00,-3.438943386077880859e+00,-2.744187355041503906e+00
1.919999999999999929e+01,-9.365530014038085938e-01,-7.823972702026367188e-01,-2.504727840423583984e-01,2.529602050781250000e+00,3.438943386077880859e+00,2.744187355041503906e+00,-2.529602050781250000e+00,-3.438943386077880859e+00,-2.744187355041503906e+00
1.924000000000000199e+01,-9.380867481231689453e-01,-7.836647033691406250e-01,-2.509458065032958984e-01,2.529602050781250000e+00,3.438943386077880859e+00,2.744187355041503906e+00,-2.529602050781250000e+00,-3.438943386077880859e+00,-2.744187355041503906e+00
1.928000000000000114e+01,-9.396181106567382812e-01,-7.849304676055908203e-01,-2.514183521270751953e-01,2.529602050781250000e+00,3.438943386077880859e+00,2.744187355041503906e+00,-2.529602050781250000e+00,-3.438943386077880859e+00,-2.744187355041503906e+00
1.932000000000000028e+01,-9.411473274230957031e-01,-7.861943244934082031e-01,-2.518901824951171875e-01,2.529602050781250000e+00,3.438943386077880859e+00,2.744187355041503906e+00,-2.529602050781250000e+00,-3.438943386077880859e+00,-2.744187355041503906e+00
1.935999999999999943e+01,-9.426743984222412109e-01,-7.874565124511718750e-01,-2.523612976074218750e-01,2.529602050781250000e+00,3.438943386077880859e+00,2.744187355041503906e+00,-2.529602050781250000e+00,-3.438943386077880859e+00,-2.744187355041503906e+00
1.940000000000000213e+01,-9.441993236541748047e-01,-7.887167930603027344e-01,-2.528319358825683594e-01,2.529602050781250000e+00,3.438943386077880859e+00,2.744187355041503906e+00,-2.529602050781250000e+00,-3.438943386077880859e+00,-2.744187355041503906e+00
1.944000000000000128e+01,-9.457218647003173828e-01,-7.899754047393798828e-01,-2.533018589019775391e-01,2.529602050781250000e+00,3.438943386077880859e+00,2.744187355041503906e+00,-2.529602050781250000e+00,-3.438943386077880859e+00,-2.744187355041503906e+00
1.948000000000000043e+01,-9.472424983978271484e-01,-7.912323474884033203e-01,-2.537713050842285156e-01,2.529602050781250000e+00,3.438943386077880859e+00,2.744187355041503906e+00,-2.529602050781250000e+00,-3.438943386077880859e+00,-2.744187355041503906e+00
1.951999999999999957e+01,-9.487607479095458984e-01,-7.924873828887939453e-01,-2.542400360107421875e-01,2.529602050781250000e+00,3.438943386077880859e+00,2.744187355041503906e+00,-2.529602050781250000e+00,-3.438943386077880859e+00,-2.744187355041503906e+00
1.955999999999999872e+01,-9.502770900726318359e-01,-7.937407493591308594e-01,-2.547082901000976562e-01,2.529602050781250000e+00,3.438943386077880859e+00,2.744187355041503906e+00,-2.529602050781250000e+00,-3.438943386077880859e+00,-2.744187355041503906e+00
1.960000000000000142e+01,-9.517910480499267578e-01,-7.949922084808349609e-01,-2.551755905151367188e-01,2.529602050781250000e+00,3.438943386077880859e+00,2.744187355041503906e+00,-2.529602050781250000e+00,-3.438943386077880859e+00,-2.744187355041503906e+00
1.964000000000000057e+01,-9.533028602600097656e-01,-7.962419986724853516e-01,-2.556424140930175781e-01,2.529602050781250000e+00,3.438943386077880859e+00,2.744187355041503906e+00,-2.529602050781250000e+00,-3.438943386077880859e+00,-2.744187355041503906e+00
1.967999999999999972e+01,-9.548125267028808594e-01,-7.974898815155029297e-01,-2.561085224151611328e-01,2.529602050781250000e+00,3.438943386077880859e+00,2.744187355041503906e+00,-2.529602050781250000e+00,-3.438943386077880859e+00,-2.744187355041503906e+00
1.971999999999999886e+01,-9.563200473785400391e-01,-7.987358570098876953e-01,-2.565743923187255859e-01,2.529602050781250000e+00,3.438943386077880859e+00,2.744187355041503906e+00,-2.529602050781250000e+00,-3.438943386077880859e+00,-2.744187355041503906e+00
1.976000000000000156e+01,-9.578254222869873047e-01,-7.999801635742187500e-01,-2.570395469665527344e-01,2.529602050781250000e+00,3.438943386077880859e+00,2.744187355041503906e+00,-2.529602050781250000e+00,-3.438943386077880859e+00,-2.744187355041503906e+00
1.980000000000000071e+01,-9.593286514282226562e-01,-8.012225627899169922e-01,-2.575039863586425781e-01,2.529602050781250000e+00,3.438943386077880859e+00,2.744187355041503906e+00,-2.529602050781250000e+00,-3.438943386077880859e+00,-2.744187355041503906e+00
1.983999999999999986e+01,-9.608297348022460938e-01,-8.024632930755615234e-01,-2.579677104949951172e-01,2.529602050781250000e+00,3.438943386077880859e+00,2.744187355041503906e+00,-2.529602050781250000e+00,-3.438943386077880859e+00,-2.744187355041503906e+00
1.987999999999999901e+01,-9.623286724090576172e-01,-8.037023544311523438e-01,-2.584309577941894531e-01,2.529602050781250000e+00,3.438943386077880859e+00,2.744187355041503906e+00,-2.529602050781250000e+00,-3.438943386077880859e+00,-2.744187355041503906e+00
1.992000000000000171e+01,-9.638254642486572266e-01,-8.049395084381103516e-01,-2.588934898376464844e-01,2.529602050781250000e+00,3.438943386077880859e+00,2.744187355041503906e+00,-2.529602050781250000e+00,-3.438943386077880859e+00,-2.744187355041503906e+00
1.996000000000000085e+01,-9.653201103210449219e-01,-8.061749935150146484e-01,-2.593555450439453125e-01,2.529602050781250000e+00,3.438943386077880859e+00,2.744187355041503906e+00,-2.529602050781250000e+00,-3.438943386077880859e+00,-2.744187355041503906e+00
2.000000000000000000e+01,-9.668126106262207031e-01,-8.074085712432861328e-01,-2.598168849945068359e-01,2.529602050781250000e+00,3.438943386077880859e+00,2.744187355041503906e+00,-2.529602050781250000e+00,-3.438943386077880859e+00,-2.744187355041503906e+00
2.003999999999999915e+01,-9.683027267456054688e-01,-8.086404800415039062e-01,-2.602775096893310547e-01,2.529602050781250000e+00,3.438943386077880859e+00,2.744187355041503906e+00,-2.529602050781250000e+00,-3.438943386077880859e+00,-2.744187355041503906e+00
2.008000000000000185e+01,-9.697906970977783203e-01,-8.098702430725097656e-01,-2.607376575469970703e-01,2.529602050781250000e+00,3.438943386077880859e+00,2.744187355041503906e+00,-2.529602050781250000e+00,-3.438943386077880859e+00,-2.744187355041503906e+00
2.012000000000000099e+01,-9.712767601013183594e-01,-8.110983371734619141e-01,-2.611973285675048828e-01,2.529602050781250000e+00,3.438943386077880859e+00,2.744187355041503906e+00,-2.529602050781250000e+00,-3.438943386077880859e+00,-2.744187355041503906e+00
2.016000000000000014e+01,-9.727606773376464844e-01,-8.123247623443603516e-01,-2.616562843322753906e-01,2.529602050781250000e+00,3.438943386077880859e+00,2.744187355041503906e+00,-2.529602050781250000e+00,-3.438943386077880859e+00,-2.744187355041503906e+00
2.019999999999999929e+01,-9.742422103881835938e-01,-8.135492801666259766e-01,-2.621145248413085938e-01,2.529602050781250000e+00,3.438943386077880859e+00,2.744187355041503906e+00,-2.529602050781250000e+00,-3.438943386077880859e+00,-2.744187355041503906e+00
2.024000000000000199e+01,-9.757218360900878906e-01,-8.147721290588378906e-01,-2.625722885131835938e-01,2.529602050781250000e+00,3.438943386077880859e+00,2.744187355041503906e+00,-2.529602050781250000e+00,-3.438943386077880859e+00,-2.744187355041503906e+00
2.028000000000000114e+01,-9.771990776062011719e-01,-8.159930706024169922e-01,-2.630293369293212891e-01,2.529602050781250000e+00,3.438943386077880859e+00,2.744187355041503906e+00,-2.529602050781250000e+00,-3.438943386077880859e+00,-2.744187355041503906e+00
2.032000000000000028e+01,-9.786741733551025391e-01,-8.172123432159423828e-01,-2.634856700897216797e-01,2.529602050781250000e+00,3.438943386077880859e+00,2.744187355041503906e+00,-2.529602050781250000e+00,-3.438943386077880859e+00,-2.744187355041503906e+00
2.035999999999999943e+01,-9.801468849182128906e-01,-8.184297084808349609e-01,-2.639412879943847656e-01,2.529602050781250000e+00,3.438943386077880859e+00,2.744187355041503906e+00,-2.529602050781250000e+00,-3.438943386077880859e+00,-2.744187355041503906e+00
2.040000000000000213e+01,-9.816174507141113281e-01,-8.196451663970947266e-01,-2.643964290618896484e-01,2.529602050781250000e+00,3.438943386077880859e+00,2.744187355041503906e+00,-2.529602050781250000e+00,-3.438943386077880859e+00,-2.744187355041503906e+00
2.044000000000000128e+01,-9.830858707427978516e-01,-8.208589553833007812e-01,-2.648508548736572266e-01,2.529602050781250000e+00,3.438943386077880859e+00,2.744187355041503906e+00,-2.529602050781250000e+00,-3.438943386077880859e+00,-2.744187355041503906e+00
2.048000000000000043e+01,-9.845523834228515625e-01,-8.220710754394531250e-01,-2.653045654296875000e-01,2.529602050781250000e+00,3.438943386077880859e+00,2.744187355041503906e+00,-2.529602050781250000e+00,-3.438943386077880859e+00,-2.744187355041503906e+00
2.051999999999999957e+01,-9.860167503356933594e-01,-8.232812881469726562e-01,-2.657577991485595703e-01,2.529602050781250000e+00,3.438943386077880859e+00,2.744187355041503906e+00,-2.529602050781250000e+00,-3.438943386077880859e+00,-2.744187355041503906e+00
2.055999999999999872e+01,-9.874789714813232422e-01,-8.244898319244384766e-01,-2.662105560302734375e-01,2.529602050781250000e+00,3.438943386077880859e+00,2.744187355041503906e+00,-2.529602050781250000e+00,-3.438943386077880859e+00,-2.744187355041503906e+00
2.060000000000000142e+01,-9.889392852783203125e-01,-8.256964683532714844e-01,-2.666623592376708984e-01,2.529602050781250000e+00,3.438943386077880859e+00,2.744187355041503906e+00,-2.529602050781250000e+00,-3.438943386077880859e+00,-2.744187355041503906e+00
2.064000000000000057e+01,-9.903969764709472656e-01,-8.269014358520507812e-01,-2.671136856079101562e-01,2.529602050781250000e+00,3.438943386077880859e+00,2.744187355041503906e+00,-2.529602050781250000e+00,-3.438943386077880859e+00,-2.744187355041503906e+00
2.067999999999999972e+01,-9.918527603149414062e-01,-8.281044960021972656e-01,-2.675642967224121094e-01,2.529602050781250000e+00,3.438943386077880859e+00,2.744187355041503906e+00,-2.529602050781250000e+00,-3.438943386077880859e+00,-2.744187355041503906e+00
2.071999999999999886e+01,-9.933061599731445312e-01,-8.293058872222900391e-01,-2.680144309997558594e-01,2.529602050781250000e+00,3.438943386077880859e+00,2.744187355041503906e+00,-2.529602050781250000e+00,-3.438943386077880859e+00,-2.744187355041503906e+00
2.076000000000000156e+01,-9.947576522827148438e-01,-8.305053710937500000e-01,-2.684638500213623047e-01,2.529602050781250000e+00,3.438943386077880859e+00,2.744187355041503906e+00,-2.529602050781250000e+00,-3.438943386077880859e+00,-2.744187355041503906e+00
2.080000000000000071e+01,-9.962067604064941406e-01,-8.317031860351562500e-01,-2.689127922058105469e-01,2.529602050781250000e+00,3.438943386077880859e+00,2.744187355041503906e+00,-2.529602050781250000e+00,-3.438943386077880859e+00,-2.744187355041503906e+00
2.083999999999999986e+01,-9.976539611816406250e-01,-8.328993320465087891e-01,-2.693610191345214844e-01,2.529602050781250000e+00,3.438943386077880859e+00,2.744187355041503906e+00,-2.529602050781250000e+00,-3.438943386077880859e+00,-2.744187355041503906e+00
2.087999999999999901e+01,-9.990987777709960938e-01,-8.340933322906494141e-01,-2.698087692260742188e-01,2.529602050781250000e+00,3.438943386077880859e+00,2.744187355041503906e+00,-2.529602050781250000e+00,-3.438943386077880859e+00,-2.744187355041503906e+00
2.092000000000000171e+01,-1.000541210174560547e+00,-8.352856636047363281e-01,-2.702558040618896484e-01,2.529602050781250000e+00,3.438943386077880859e+00,2.744187355041503906e+00,-2.529602050781250000e+00,-3.438943386077880859e+00,-2.744187355041503906e+00
2.096000000000000085e+01,-1.001981973648071289e+00,-8.364763259887695312e-01,-2.707021236419677734e-01,2.529602050781250000e+00,3.438943386077880859e+00,2.744187355041503906e+00,-2.529602050781250000e+00,-3.438943386077880859e+00,-2.744187355041503906e+00
2.100000000000000000e+01,-1.003420352935791016e+00,-8.376653194427490234e-01,-2.711479663848876953e-01,2.529602050781250000e+00,3.438943386077880859e+00,2.744187355041503906e+00,-2.529602050781250000e+00,-3.438943386077880859e+00,-2.744187355041503906e+00
2.103999999999999915e+01,-1.004856586456298828e+00,-8.388524055480957031e-01,-2.715930938720703125e-01,2.529602050781250000e+00,3.438943386077880859e+00,2.744187355041503906e+00,-2.529602050781250000e+00,-3.438943386077880859e+00,-2.744187355041503906e+00
2.108000000000000185e+01,-1.006290674209594727e+00,-8.400378227233886719e-01,-2.720375061035156250e-01,2.529602050781250000e+00,3.438943386077880859e+00,2.744187355041503906e+00,-2.529602050781250000e+00,-3.438943386077880859e+00,-2.744187355041503906e+00
2.112000000000000099e+01,-1.007722616195678711e+00,-8.412213325500488281e-01,-2.724814414978027344e-01,2.529602050781250000e+00,3.438943386077880859e+00,2.744187355041503906e+00,-2.529602050781250000e+00,-3.438943386077880859e+00,-2.744187355041503906e+00
2.116000000000000014e+01,-1.009152412414550781e+00,-8.424029350280761719e-01,-2.729246616363525391e-01,2.529602050781250000e+00,3.438943386077880859e+00,2.744187355041503906e+00,-2.529602050781250000e+00,-3.438943386077880859e+00,-2.744187355041503906e+00
2.119999999999999929e+01,-1.010580062866210938e+00,-8.435828685760498047e-01,-2.733671665191650391e-01,2.529602050781250000e+00,3.438943386077880859e+00,2.744187355041503906e+00,-2.529602050781250000e+00,-3.438943386077880859e+00,-2.744187355041503906e+00
2.124000000000000199e+01,-1.012005567550659180e+00,-8.447608947753906250e-01,-2.738089561462402344e-01,2.529602050781250000e+00,3.438943386077880859e+00,2.744187355041503906e+00,-2.529602050781250000e+00,-3.438943386077880859e+00,-2.744187355041503906e+00
2.128000000000000114e+01,-1.013428688049316406e+00,-8.459372520446777344e-01,-2.742502689361572266e-01,2.529602050781250000e+00,3.438943386077880859e+00,2.744187355041503906e+00,-2.529602050781250000e+00,-3.438943386077880859e+00,-2.744187355041503906e+00
2.132000000000000028e+01,-1.014849662780761719e+00,-8.471117019653320312e-01,-2.746908664703369141e-01,2.529602050781250000e+00,3.438943386077880859e+00,2.744187355041503906e+00,-2.529602050781250000e+00,-3.438943386077880859e+00,-2.744187355041503906e+00
2.135999999999999943e+01,-1.016268730163574219e+00,-8.482844829559326172e-01,-2.751307487487792969e-01,2.529602050781250000e+00,3.438943386077880859e+00,2.744187355041503906e+00,-2.529602050781250000e+00,-3.438943386077880859e+00,-2.744187355041503906e+00
2.140000000000000213e+01,-1.017685174942016602e+00,-8.494555950164794922e-01,-2.755703926086425781e-01,2.529602050781250000e+00,3.438943386077880859e+00,2.744187355041503906e+00,-2.529602050781250000e+00,-3.438943386077880859e+00,-2.744187355041503906e+00
2.144000000000000128e+01,-1.019099712371826172e+00,-8.506247997283935547e-01,-2.760093212127685547e-01,2.529602050781250000e+00,3.438943386077880859e+00,2.744187355041503906e+00,-2.529602050781250000e+00,-3.438943386077880859e+00,-2.744187355041503906e+00
2.148000000000000043e+01,-1.020511865615844727e+00,-8.517923355102539062e-01,-2.764475345611572266e-01,2.529602050781250000e+00,3.438943386077880859e+00,2.744187355041503906e+00,-2.529602050781250000e+00,-3.438943386077880859e+00,-2.744187355041503906e+00
2.151999999999999957e+01,-1.021922111511230469e+00,-8.529579639434814453e-01,-2.768850326538085938e-01,2.529602050781250000e+00,3.438943386077880859e+00,2.744187355041503906e+00,-2.529602050781250000e+00,-3.438943386077880859e+00,-2.744187355041503906e+00
2.155999999999999872e+01,-1.023330211639404297e+00,-8.541219234466552734e-01,-2.773218154907226562e-01,2.529602050781250000e+00,3.438943386077880859e+00,2.744187355041503906e+00,-2.529602050781250000e+00,-3.438943386077880859e+00,-2.744187355041503906e+00
2.160000000000000142e+01,-1.024736404418945312e+00,-8.552839756011962891e-01,-2.777581214904785156e-01,2.529602050781250000e+00,3.438943386077880859e+00,2.744187355041503906e+00,-2.529602050781250000e+00,-3.438943386077880859e+00,-2.744187355041503906e+00
2.164000000000000057e+01,-1.026140213012695312e+00,-8.564443588256835938e-01,-2.781939506530761719e-01,2.529602050781250000e+00,3.438943386077880859e+00,2.744187355041503906e+00,-2.529602050781250000e+00,-3.438943386077880859e+00,-2.744187355041503906e+00
2.167999999999999972e+01,-1.027541875839233398e+00,-8.576028347015380859e-01,-2.786288261413574219e-01,2.529602050781250000e+00,3.438943386077880859e+00,2.744187355041503906e+00,-2.529602050781250000e+00,-3.438943386077880859e+00,-2.744187355041503906e+00
2.171999999999999886e+01,-1.028941154479980469e+00,-8.587596416473388672e-01,-2.790632247924804688e-01,2.529602050781250000e+00,3.438943386077880859e+00,2.744187355041503906e+00,-2.529602050781250000e+00,-3.438943386077880859e+00,-2.744187355041503906e+00
2.176000000000000156e+01,-1.030338287353515625e+00,-8.599145412445068359e-01,-2.794969081878662109e-01,2.529602050781250000e+00,3.438943386077880859e+00,2.744187355041503906e+00,-2.529602050781250000e+00,-3.438943386077880859e+00,-2.744187355041503906e+00
2.180000000000000071e+01,-1.031733274459838867e+00,-8.610675334930419922e-01,-2.799301147460937500e-01,2.529602050781250000e+00,3.438943386077880859e+00,2.744187355041503906e+00,-2.529602050781250000e+00,-3.438943386077880859e+00,-2.744187355041503906e+00
2.183999999999999986e+01,-1.033126115798950195e+00,-8.622188568115234375e-01,-2.803626060485839844e-01,2.529602050781250000e+00,3.438943386077880859e+00,2.744187355041503906e+00,-2.529602050781250000e+00,-3.438943386077880859e+00,-2.744187355041503906e+00
2.187999999999999901e+01,-1.034516811370849609e+00,-8.633685111999511719e-01,-2.807943820953369141e-01,2.529602050781250000e+00,3.438943386077880859e+00,2.744187355041503906e+00,-2.529602050781250000e+00,-3.438943386077880859e+00,-2.744187355041503906e+00
2.192000000000000171e+01,-1.035905361175537109e+00,-8.645162582397460938e-01,-2.812256813049316406e-01,2.529602050781250000e+00,3.438943386077880859e+00,2.744187355041503906e+00,-2.529602050781250000e+00,-3.438943386077880859e+00,-2.744187355041503906e+00
2.196000000000000085e+01,-1.037292003631591797e+00,-8.656620979309082031e-01,-2.816565036773681641e-01,2.529602050781250000e+00,3.438943386077880859e+00,2.744187355041503906e+00,-2.529602050781250000e+00,-3.438943386077880859e+00,-2.744187355041503906e+00
2.200000000000000000e+01,-1.038676500320434570e+00,-8.668062686920166016e-01,-2.820866107940673828e-01,2.529602050781250000e+00,3.438943386077880859e+00,2.744187355041503906e+00,-2.529602050781250000e+00,-3.438943386077880859e+00,-2.744187355041503906e+00
2.203999999999999915e+01,-1.040059089660644531e+00,-8.679487705230712891e-01,-2.825160026550292969e-01,2.529602050781250000e+00,3.438943386077880859e+00,2.744187355041503906e+00,-2.529602050781250000e+00,-3.438943386077880859e+00,-2.744187355041503906e+00
2.208000000000000185e+01,-1.041439056396484375e+00,-8.690893650054931641e-01,-2.829449176788330078e-01,2.529602050781250000e+00,3.438943386077880859e+00,2.744187355041503906e+00,-2.529602050781250000e+00,-3.438943386077880859e+00,-2.744187355041503906e+00
2.212000000000000099e+01,-1.042817115783691406e+00,-8.702282905578613281e-01,-2.833728790283203125e-01,2.529602050781250000e+00,3.438943386077880859e+00,2.744187355041503906e+00,-2.529602050781250000e+00,-3.438943386077880859e+00,-2.744187355041503906e+00
2.216000000000000014e+01,-1.044192790985107422e+00,-8.713653087615966797e-01,-2.838003635406494141e-01,2.529602050781250000e+00,3.438943386077880859e+00,2.744187355041503906e+00,-2.529602050781250000e+00,-3.438943386077880859e+00,-2.744187355041503906e+00
2.219999999999999929e+01,-1.045566558837890625e+00,-8.725006580352783203e-01,-2.842273712158203125e-01,2.529602050781250000e+00,3.438943386077880859e+00,2.744187355041503906e+00,-2.529602050781250000e+00,-3.438943386077880859e+00,-2.744187355041503906e+00
2.224000000000000199e+01,-1.046937942504882812e+00,-8.736340999603271484e-01,-2.846534252166748047e-01,2.529602050781250000e+00,3.438943386077880859e+00,2.744187355041503906e+00,-2.529602050781250000e+00,-3.438943386077880859e+00,-2.744187355041503906e+00
2.228000000000000114e+01,-1.048307418823242188e+00,-8.747658729553222656e-01,-2.850790023803710938e-01,2.529602050781250000e+00,3.438943386077880859e+00,2.744187355041503906e+00,-2.529602050781250000e+00,-3.438943386077880859e+00,-2.744187355041503906e+00
2.232000000000000028e+01,-1.049674510955810547e+00,-8.758957386016845703e-01,-2.855038642883300781e-01,2.529602050781250000e+00,3.438943386077880859e+00,2.744187355041503906e+00,-2.529602050781250000e+00,-3.438943386077880859e+00,-2.744187355041503906e+00
2.235999999999999943e+01,-1.051039457321166992e+00,-8.770239353179931641e-01,-2.859282493591308594e-01,2.529602050781250000e+00,3.438943386077880859e+00,2.744187355041503906e+00,-2.529602050781250000e+00,-3.438943386077880859e+00,-2.744187355041503906e+00
2.240000000000000213e+01,-1.052402496337890625e+00,-8.781502246856689453e-01,-2.863519191741943359e-01,2.529602050781250000e+00,3.438943386077880859e+00,2.744187355041503906e+00,-2.529602050781250000e+00,-3.438943386077880859e+00,-2.744187355041503906e+00
2.244000000000000128e+01,-1.053763389587402344e+00,-8.792748451232910156e-01,-2.867748737335205078e-01,2.529602050781250000e+00,3.438943386077880859e+00,2.744187355041503906e+00,-2.529602050781250000e+00,-3.438943386077880859e+00,-2.744187355041503906e+00
2.248000000000000043e+01,-1.055122137069702148e+00,-8.803977966308593750e-01,-2.871973514556884766e-01,2.529602050781250000e+00,3.438943386077880859e+00,2.744187355041503906e+00,-2.529602050781250000e+00,-3.438943386077880859e+00,-2.744187355041503906e+00
2.251999999999999957e+01,-1.056478738784790039e+00,-8.815186023712158203e-01,-2.876191139221191406e-01,2.529602050781250000e+00,3.438943386077880859e+00,2.744187355041503906e+00,-2.529602050781250000e+00,-3.438943386077880859e+00,-2.744187355041503906e+00
2.255999999999999872e+01,-1.057833194732666016e+00,-8.826377391815185547e-01,-2.880401611328125000e-01,2.529602050781250000e+00,3.438943386077880859e+00,2.744187355041503906e+00,-2.529602050781250000e+00,-3.438943386077880859e+00,-2.744187355041503906e+00
2.260000000000000142e+01,-1.059185504913330078e+00,-8.837552070617675781e-01,-2.884607315063476562e-01,2.529602050781250000e+00,3.438943386077880859e+00,2.744187355041503906e+00,-2.529602050781250000e+00,-3.438943386077880859e+00,-2.744187355041503906e+00
2.264000000000000057e+01,-1.060535192489624023e+00,-8.848707675933837891e-01,-2.888805866241455078e-01,2.529602050781250000e+00,3.438943386077880859e+00,2.744187355041503906e+00,-2.529602050781250000e+00,-3.438943386077880859e+00,-2.744187355041503906e+00
2.267999999999999972e+01,-1.061882972717285156e+00,-8.859848976135253906e-01,-2.892999649047851562e-01,2.529602050781250000e+00,3.438943386077880859e+00,2.744187355041503906e+00,-2.529602050781250000e+00,-3.438943386077880859e+00,-2.744187355041503906e+00
2.271999999999999886e+01,-1.063228607177734375e+00,-8.870971202850341797e-01,-2.897186279296875000e-01,2.529602050781250000e+00,3.438943386077880859e+00,2.744187355041503906e+00,-2.529602050781250000e+00,-3.438943386077880859e+00,-2.744187355041503906e+00
2.276000000000000156e+01,-1.064572334289550781e+00,-8.882074356079101562e-01,-2.901365756988525391e-01,2.529602050781250000e+00,3.438943386077880859e+00,2.744187355041503906e+00,-2.529602050781250000e+00,-3.438943386077880859e+00,-2.744187355041503906e+00
2.280000000000000071e+01,-1.065913438796997070e+00,-8.893158435821533203e-01,-2.905538082122802734e-01,2.529602050781250000e+00,3.438943386077880859e+00,2.744187355041503906e+00,-2.529602050781250000e+00,-3.438943386077880859e+00,-2.744187355041503906e+00
2.283999999999999986e+01,-1.067252635955810547e+00,-8.904223442077636719e-01,-2.909705638885498047e-01,2.529602050781250000e+00,3.438943386077880859e+00,2.744187355041503906e+00,-2.529602050781250000e+00,-3.438943386077880859e+00,-2.744187355041503906e+00
2.287999999999999901e+01,-1.068589448928833008e+00,-8.915276527404785156e-01,-2.913866043090820312e-01,2.529602050781250000e+00,3.438943386077880859e+00,2.744187355041503906e+00,-2.529602050781250000e+00,-3.438943386077880859e+00,-2.744187355041503906e+00
2.292000000000000171e+01,-1.069924354553222656e+00,-8.926310539245605469e-01,-2.918021678924560547e-01,2.529602050781250000e+00,3.438943386077880859e+00,2.744187355041503906e+00,-2.529602050781250000e+00,-3.438943386077880859e+00,-2.744187355041503906e+00
2.296000000000000085e+01,-1.071256875991821289e+00,-8.937327861785888672e-01,-2.922170162200927734e-01,2.529602050781250000e+00,3.438943386077880859e+00,2.744187355041503906e+00,-2.529602050781250000e+00,-3.438943386077880859e+00,-2.744187355041503906e+00
2.300000000000000000e+01,-1.072587490081787109e+00,-8.948326110839843750e-01,-2.926311492919921875e-01,2.529602050781250000e+00,3.438943386077880859e+00,2.744187355041503906e+00,-2.529602050781250000e+00,-3.438943386077880859e+00,-2.744187355041503906e+00
2.303999999999999915e+01,-1.073915958404541016e+00,-8.959302902221679688e-01,-2.930448055267333984e-01,2.529602050781250000e+00,3.438943386077880859e+00,2.744187355041503906e+00,-2.529602050781250000e+00,-3.438943386077880859e+00,-2.744187355041503906e+00
2.308000000000000185e+01,-1.075242042541503906e+00,-8.970263004302978516e-01,-2.934577465057373047e-01,2.529602050781250000e+00,3.438943386077880859e+00,2.744187355041503906e+00,-2.529602050781250000e+00,-3.438943386077880859e+00,-2.744187355041503906e+00
2.312000000000000099e+01,-1.076565980911254883e+00,-8.981204032897949219e-01,-2.938699722290039062e-01,2.529602050781250000e+00,3.438943386077880859e+00,2.744187355041503906e+00,-2.529602050781250000e+00,-3.438943386077880859e+00,-2.744187355041503906e+00
2.316000000000000014e+01,-1.077888250350952148e+00,-8.992128372192382812e-01,-2.942817211151123047e-01,2.529602050781250000e+00,3.438943386077880859e+00,2.744187355041503906e+00,-2.529602050781250000e+00,-3.438943386077880859e+00,-2.744187355041503906e+00
2.319999999999999929e+01,-1.079208135604858398e+00,-9.003036022186279297e-01,-2.946925163269042969e-01,2.529602050781250000e+00,3.438943386077880859e+00,2.744187355041503906e+00,-2.529602050781250000e+00,-3.438943386077880859e+00,-2.744187355041503906e+00
2.324000000000000199e+01,-1.080525875091552734e+00,-9.013924598693847656e-01,-2.951028347015380859e-01,2.529602050781250000e+00,3.438943386077880859e+00,2.744187355041503906e+00,-2.529602050781250000e+00,-3.438943386077880859e+00,-2.744187355041503906e+00
2.328000000000000114e+01,-1.081841468811035156e+00,-9.024796485900878906e-01,-2.955126762390136719e-01,2.529602050781250000e+00,3.438943386077880859e+00,2.744187355041503906e+00,-2.529602050781250000e+00,-3.438943386077880859e+00,-2.744187355041503906e+00
2.332000000000000028e+01,-1.083154678344726562e+00,-9.035651683807373047e-01,-2.959215641021728516e-01,2.529602050781250000e+00,3.438943386077880859e+00,2.744187355041503906e+00,-2.529602050781250000e+00,-3.438943386077880859e+00,-2.744187355041503906e+00
2.335999999999999943e+01,-1.084465503692626953e+00,-9.046487808227539062e-01,-2.963299751281738281e-01,2.529602050781250000e+00,3.438943386077880859e+00,2.744187355041503906e+00,-2.529602050781250000e+00,-3.438943386077880859e+00,-2.744187355041503906e+00
2.340000000000000213e+01,-1.085774421691894531e+00,-9.057307243347167969e-01,-2.967376708984375000e-01,2.529602050781250000e+00,3.438943386077880859e+00,2.744187355041503906e+00,-2.529602050781250000e+00,-3.438943386077880859e+00,-2.744187355041503906e+00
2.344000000000000128e+01,-1.087081432342529297e+00,-9.068107604980468750e-01,-2.971446514129638672e-01,2.529602050781250000e+00,3.438943386077880859e+00,2.744187355041503906e+00,-2.529602050781250000e+00,-3.438943386077880859e+00,-2.744187355041503906e+00
2.348000000000000043e+01,-1.088386058807373047e+00,-9.078888893127441406e-01,-2.975511550903320312e-01,2.529602050781250000e+00,3.438943386077880859e+00,2.744187355041503906e+00,-2.529602050781250000e+00,-3.438943386077880859e+00,-2.744187355041503906e+00
2.351999999999999957e+01,-1.089688777923583984e+00,-9.089653491973876953e-01,-2.979571819305419922e-01,2.529602050781250000e+00,3.438943386077880859e+00,2.744187355041503906e+00,-2.529602050781250000e+00,-3.438943386077880859e+00,-2.744187355041503906e+00
2.355999999999999872e+01,-1.090989112854003906e+00,-9.100399017333984375e-01,-2.983624935150146484e-01,2.529602050781250000e+00,3.438943386077880859e+00,2.744187355041503906e+00,-2.529602050781250000e+00,-3.438943386077880859e+00,-2.744187355041503906e+00
2.360000000000000142e+01,-1.092287063598632812e+00,-9.111125469207763672e-01,-2.987670898437500000e-01,2.529602050781250000e+00,3.438943386077880859e+00,2.744187355041503906e+00,-2.529602050781250000e+00,-3.438943386077880859e+00,-2.744187355041503906e+00
2.364000000000000057e+01,-1.093583106994628906e+00,-9.121832847595214844e-01,-2.991709709167480469e-01,2.529602050781250000e+00,3.438943386077880859e+00,2.744187355041503906e+00,-2.529602050781250000e+00,-3.438943386077880859e+00,-2.744187355041503906e+00
2.367999999999999972e+01,-1.094877243041992188e+00,-9.132528305053710938e-01,-2.995743751525878906e-01,2.529602050781250000e+00,3.438943386077880859e+00,2.744187355041503906e+00,-2.529602050781250000e+00,-3.438943386077880859e+00,-2.744187355041503906e+00
2.371999999999999886e+01,-1.096168994903564453e+00,-9.143204689025878906e-01,-2.999770641326904297e-01,2.529602050781250000e+00,3.438943386077880859e+00,2.744187355041503906e+00,-2.529602050781250000e+00,-3.438943386077880859e+00,-2.744187355041503906e+00
2.376000000000000156e+01,-1.097458839416503906e+00,-9.153861999511718750e-01,-3.003790378570556641e-01,2.529602050781250000e+00,3.438943386077880859e+00,2.744187355041503906e+00,-2.529602050781250000e+00,-3.438943386077880859e+00,-2.744187355041503906e+00
2.380000000000000071e+01,-1.098746299743652344e+00,-9.164502620697021484e-01,-3.007805347442626953e-01,2.529602050781250000e+00,3.438943386077880859e+00,2.744187355041503906e+00,-2.529602050781250000e+00,-3.438943386077880859e+00,-2.744187355041503906e+00
2.383999999999999986e+01,-1.100031852722167969e+00,-9.175124168395996094e-01,-3.011810779571533203e-01,2.529602050781250000e+00,3.438943386077880859e+00,2.744187355041503906e+00,-2.529602050781250000e+00,-3.438943386077880859e+00,-2.744187355041503906e+00
2.387999999999999901e+01,-1.101315021514892578e+00,-9.185729026794433594e-01,-3.015811443328857422e-01,2.529602050781250000e+00,3.438943386077880859e+00,2.744187355041503906e+00,-2.529602050781250000e+00,-3.438943386077880859e+00,-2.744187355041503906e+00
2.392000000000000171e+01,-1.102595806121826172e+00,-9.196317195892333984e-01,-3.019804954528808594e-01,2.529602050781250000e+00,3.438943386077880859e+00,2.744187355041503906e+00,-2.529602050781250000e+00,-3.438943386077880859e+00,-2.744187355041503906e+00
2.396000000000000085e+01,-1.103874683380126953e+00,-9.206888675689697266e-01,-3.023793697357177734e-01,2.529602050781250000e+00,3.438943386077880859e+00,2.744187355041503906e+00,-2.529602050781250000e+00,-3.438943386077880859e+00,-2.744187355041503906e+00
2.400000000000000000e+01,-1.105151176452636719e+00,-9.217438697814941406e-01,-3.027775287628173828e-01,2.529602050781250000e+00,3.438943386077880859e+00,2.744187355041503906e+00,-2.529602050781250000e+00,-3.438943386077880859e+00,-2.744187355041503906e+00
2.403999999999999915e+01,-1.106425762176513672e+00,-9.227972030639648438e-01,-3.031749725341796875e-01,2.529602050781250000e+00,3.438943386077880859e+00,2.744187355041503906e+00,-2.529602050781250000e+00,-3.438943386077880859e+00,-2.744187355041503906e+00
2.408000000000000185e+01,-1.107698440551757812e+00,-9.238488674163818359e-01,-3.035719394683837891e-01,2.529602050781250000e+00,3.438943386077880859e+00,2.744187355041503906e+00,-2.529602050781250000e+00,-3.438943386077880859e+00,-2.744187355041503906e+00
2.412000000000000099e+01,-1.108968734741210938e+00,-9.248983860015869141e-01,-3.039681911468505859e-01,2.529602050781250000e+00,3.438943386077880859e+00,2.744187355041503906e+00,-2.529602050781250000e+00,-3.438943386077880859e+00,-2.744187355041503906e+00
2.416000000000000014e+01,-1.110237121582031250e+00,-9.259462356567382812e-01,-3.043637275695800781e-01,2.529602050781250000e+00,3.438943386077880859e+00,2.744187355041503906e+00,-2.529602050781250000e+00,-3.438943386077880859e+00,-2.744187355041503906e+00
2.419999999999999929e+01,-1.111503124237060547e+00,-9.269926548004150391e-01,-3.047587871551513672e-01,2.529602050781250000e+00,3.438943386077880859e+00,2.744187355041503906e+00,-2.529602050781250000e+00,-3.438943386077880859e+00,-2.744187355041503906e+00
2.424000000000000199e+01,-1.112767219543457031e+00,-9.280369281768798828e-01,-3.051531314849853516e-01,2.529602050781250000e+00,3.438943386077880859e+00,2.744187355041503906e+00,-2.529602050781250000e+00,-3.438943386077880859e+00,-2.744187355041503906e+00
2.428000000000000114e+01,-1.114028930664062500e+00,-9.290797710418701172e-01,-3.055469989776611328e-01,2.529602050781250000e+00,3.438943386077880859e+00,2.744187355041503906e+00,-2.529602050781250000e+00,-3.438943386077880859e+00,-2.744187355041503906e+00
2.432000000000000028e+01,-1.115288734436035156e+00,-9.301207065582275391e-01,-3.059399127960205078e-01,2.529602050781250000e+00,3.438943386077880859e+00,2.744187355041503906e+00,-2.529602050781250000e+00,-3.438943386077880859e+00,-2.744187355041503906e+00
2.435999999999999943e+01,-1.116546154022216797e+00,-9.311594963073730469e-01,-3.063323497772216797e-01,2.529602050781250000e+00,3.438943386077880859e+00,2.744187355041503906e+00,-2.529602050781250000e+00,-3.438943386077880859e+00,-2.744187355041503906e+00
2.440000000000000213e+01,-1.117801666259765625e+00,-9.321968555450439453e-01,-3.067243099212646484e-01,2.529602050781250000e+00,3.438943386077880859e+00,2.744187355041503906e+00,-2.529602050781250000e+00,-3.438943386077880859e+00,-2.744187355041503906e+00
2.444000000000000128e+01,-1.119054794311523438e+00,-9.332323074340820312e-01,-3.071155548095703125e-01,2.529602050781250000e+00,3.438943386077880859e+00,2.744187355041503906e+00,-2.529602050781250000e+00,-3.438943386077880859e+00,-2.744187355041503906e+00
2.448000000000000043e+01,-1.120305538177490234e+00,-9.342658519744873047e-01,-3.075060844421386719e-01,2.529602050781250000e+00,3.438943386077880859e+00,2.744187355041503906e+00,-2.529602050781250000e+00,-3.438943386077880859e+00,-2.744187355041503906e+00
2.451999999999999957e+01,-1.121554851531982422e+00,-9.352977275848388672e-01,-3.078961372375488281e-01,2.529602050781250000e+00,3.438943386077880859e+00,2.744187355041503906e+00,-2.529602050781250000e+00,-3.438943386077880859e+00,-2.744187355041503906e+00
2.456000000000000227e+01,-1.122801780700683594e+00,-9.363276958465576172e-01,-3.082854747772216797e-01,2.529602050781250000e+00,3.438943386077880859e+00,2.744187355041503906e+00,-2.529602050781250000e+00,-3.438943386077880859e+00,-2.744187355041503906e+00
2.460000000000000142e+01,-1.124046325683593750e+00,-9.373562335968017578e-01,-3.086740970611572266e-01,2.529602050781250000e+00,3.438943386077880859e+00,2.744187355041503906e+00,-2.529602050781250000e+00,-3.438943386077880859e+00,-2.744187355041503906e+00
2.464000000000000057e+01,-1.125288963317871094e+00,-9.383831024169921875e-01,-3.090620040893554688e-01,2.529602050781250000e+00,3.438943386077880859e+00,2.744187355041503906e+00,-2.529602050781250000e+00,-3.438943386077880859e+00,-2.744187355041503906e+00
2.467999999999999972e+01,-1.126529216766357422e+00,-9.394080638885498047e-01,-3.094491958618164062e-01,2.529602050781250000e+00,3.438943386077880859e+00,2.744187355041503906e+00,-2.529602050781250000e+00,-3.438943386077880859e+00,-2.744187355041503906e+00
2.471999999999999886e+01,-1.127767562866210938e+00,-9.404308795928955078e-01,-3.098359107971191406e-01,2.529602050781250000e+00,3.438943386077880859e+00,2.744187355041503906e+00,-2.529602050781250000e+00,-3.438943386077880859e+00,-2.744187355041503906e+00
2.476000000000000156e+01,-1.129003524780273438e+00,-9.414520263671875000e-01,-3.102219104766845703e-01,2.529602050781250000e+00,3.438943386077880859e+00,2.744187355041503906e+00,-2.529602050781250000e+00,-3.438943386077880859e+00,-2.744187355041503906e+00
2.480000000000000071e+01,-1.130237102508544922e+00,-9.424715042114257812e-01,-3.106074333190917969e-01,2.529602050781250000e+00,3.438943386077880859e+00,2.744187355041503906e+00,-2.529602050781250000e+00,-3.438943386077880859e+00,-2.744187355041503906e+00
2.483999999999999986e+01,-1.131468772888183594e+00,-9.434890747070312500e-01,-3.109920024871826172e-01,2.529602050781250000e+00,3.438943386077880859e+00,2.744187355041503906e+00,-2.529602050781250000e+00,-3.438943386077880859e+00,-2.744187355041503906e+00
2.487999999999999901e+01,-1.132698535919189453e+00,-9.445052146911621094e-01,-3.113760948181152344e-01,2.529602050781250000e+00,3.438943386077880859e+00,2.744187355041503906e+00,-2.529602050781250000e+00,-3.438943386077880859e+00,-2.744187355041503906e+00
2.492000000000000171e+01,-1.133925914764404297e+00,-9.455196857452392578e-01,-3.117594718933105469e-01,2.529602050781250000e+00,3.438943386077880859e+00,2.744187355041503906e+00,-2.529602050781250000e+00,-3.438943386077880859e+00,-2.744187355041503906e+00
2.496000000000000085e+01,-1.135150909423828125e+00,-9.465320110321044922e-01,-3.121423721313476562e-01,2.529602050781250000e+00,3.438943386077880859e+00,2.744187355041503906e+00,-2.529602050781250000e+00,-3.438943386077880859e+00,-2.744187355041503906e+00
2.500000000000000000e+01,-1.136373996734619141e+00,-9.475426673889160156e-01,-3.125243186950683594e-01,2.529602050781250000e+00,3.438943386077880859e+00,2.744187355041503906e+00,-2.529602050781250000e+00,-3.438943386077880859e+00,-2.744187355041503906e+00
2.503999999999999915e+01,-1.137594699859619141e+00,-9.485514163970947266e-01,-3.129055500030517578e-01,2.529602050781250000e+00,3.438943386077880859e+00,2.744187355041503906e+00,-2.529602050781250000e+00,-3.438943386077880859e+00,-2.744187355041503906e+00
2.508000000000000185e+01,-1.138813018798828125e+00,-9.495584964752197266e-01,-3.132863044738769531e-01,2.529602050781250000e+00,3.438943386077880859e+00,2.744187355041503906e+00,-2.529602050781250000e+00,-3.438943386077880859e+00,-2.744187355041503906e+00
2.512000000000000099e+01,-1.140029907226562500e+00,-9.505636692047119141e-01,-3.136665821075439453e-01,2.529602050781250000e+00,3.438943386077880859e+00,2.744187355041503906e+00,-2.529602050781250000e+00,-3.438943386077880859e+00,-2.744187355041503906e+00
2.516000000000000014e+01,-1.141244411468505859e+00,-9.515671730041503906e-01,-3.140461444854736328e-01,2.529602050781250000e+00,3.438943386077880859e+00,2.744187355041503906e+00,-2.529602050781250000e+00,-3.438943386077880859e+00,-2.744187355041503906e+00
2.519999999999999929e+01,-1.142456531524658203e+00,-9.525687694549560547e-01,-3.144249916076660156e-01,2.529602050781250000e+00,3.438943386077880859e+00,2.744187355041503906e+00,-2.529602050781250000e+00,-3.438943386077880859e+00,-2.744187355041503906e+00
2.524000000000000199e+01,-1.143666744232177734e+00,-9.535689353942871094e-01,-3.148031234741210938e-01,2.529602050781250000e+00,3.438943386077880859e+00,2.744187355041503906e+00,-2.529602050781250000e+00,-3.438943386077880859e+00,-2.744187355041503906e+00
2.528000000000000114e+01,-1.144875049591064453e+00,-9.545671939849853516e-01,-3.151807785034179688e-01,2.529602050781250000e+00,3.438943386077880859e+00,2.744187355041503906e+00,-2.529602050781250000e+00,-3.438943386077880859e+00,-2.744187355041503906e+00
2.532000000000000028e+01,-1.146080970764160156e+00,-9.555635452270507812e-01,-3.155577182769775391e-01,2.529602050781250000e+00,3.438943386077880859e+00,2.744187355041503906e+00,-2.529602050781250000e+00,-3.438943386077880859e+00,-2.744187355041503906e+00
2.535999999999999943e+01,-1.147284984588623047e+00,-9.565579891204833984e-01,-3.159339427947998047e-01,2.529602050781250000e+00,3.438943386077880859e+00,2.744187355041503906e+00,-2.529602050781250000e+00,-3.438943386077880859e+00,-2.744187355041503906e+00
2.540000000000000213e+01,-1.148486614227294922e+00,-9.575505256652832031e-01,-3.163096904754638672e-01,2.529602050781250000e+00,3.438943386077880859e+00,2.744187355041503906e+00,-2.529602050781250000e+00,-3.438943386077880859e+00,-2.744187355041503906e+00
2.544000000000000128e+01,-1.149686336517333984e+00,-9.585418701171875000e-01,-3.166844844818115234e-01,2.529602050781250000e+00,3.438943386077880859e+00,2.744187355041503906e+00,-2.529602050781250000e+00,-3.438943386077880859e+00,-2.744187355041503906e+00
2.548000000000000043e+01,-1.150883674621582031e+00,-9.595313072204589844e-01,-3.170588016510009766e-01,2.529602050781250000e+00,3.438943386077880859e+00,2.744187355041503906e+00,-2.529602050781250000e+00,-3.438943386077880859e+00,-2.744187355041503906e+00
2.551999999999999957e+01,-1.152078628540039062e+00,-9.605190753936767578e-01,-3.174324035644531250e-01,2.529602050781250000e+00,3.438943386077880859e+00,2.744187355041503906e+00,-2.529602050781250000e+00,-3.438943386077880859e+00,-2.744187355041503906e+00
2.556000000000000227e+01,-1.153271675109863281e+00,-9.615049362182617188e-01,-3.178055286407470703e-01,2.529602050781250000e+00,3.438943386077880859e+00,2.744187355041503906e+00,-2.529602050781250000e+00,-3.438943386077880859e+00,-2.744187355041503906e+00
2.560000000000000142e+01,-1.154462814331054688e+00,-9.624886512756347656e-01,-3.181779384613037109e-01,2.529602050781250000e+00,3.438943386077880859e+00,2.744187355041503906e+00,-2.529602050781250000e+00,-3.438943386077880859e+00,-2.744187355041503906e+00
2.564000000000000057e+01,-1.155651569366455078e+00,-9.634704589843750000e-01,-3.185496330261230469e-01,2.529602050781250000e+00,3.438943386077880859e+00,2.744187355041503906e+00,-2.529602050781250000e+00,-3.438943386077880859e+00,-2.744187355041503906e+00
2.567999999999999972e+01,-1.156837940216064453e+00,-9.644508361816406250e-01,-3.189206123352050781e-01,2.529602050781250000e+00,3.438943386077880859e+00,2.744187355041503906e+00,-2.529602050781250000e+00,-3.438943386077880859e+00,-2.744187355041503906e+00
2.571999999999999886e+01,-1.158022403717041016e+00,-9.654293060302734375e-01,-3.192908763885498047e-01,2.529602050781250000e+00,3.438943386077880859e+00,2.744187355041503906e+00,-2.529602050781250000e+00,-3.438943386077880859e+00,-2.744187355041503906e+00
2.576000000000000156e+01,-1.159204483032226562e+00,-9.664063453674316406e-01,-3.196606636047363281e-01,2.529602050781250000e+00,3.438943386077880859e+00,2.744187355041503906e+00,-2.529602050781250000e+00,-3.438943386077880859e+00,-2.744187355041503906e+00
2.580000000000000071e+01,-1.160385131835937500e+00,-9.673814773559570312e-01,-3.200297355651855469e-01,2.529602050781250000e+00,3.438943386077880859e+00,2.744187355041503906e+00,-2.529602050781250000e+00,-3.438943386077880859e+00,-2.744187355041503906e+00
2.583999999999999986e+01,-1.161563396453857422e+00,-9.683547019958496094e-01,-3.203983306884765625e-01,2.529602050781250000e+00,3.438943386077880859e+00,2.744187355041503906e+00,-2.529602050781250000e+00,-3.438943386077880859e+00,-2.744187355041503906e+00
2.587999999999999901e+01,-1.162739276885986328e+00,-9.693264961242675781e-01,-3.207662105560302734e-01,2.529602050781250000e+00,3.438943386077880859e+00,2.744187355041503906e+00,-2.529602050781250000e+00,-3.438943386077880859e+00,-2.744187355041503906e+00
2.592000000000000171e+01,-1.163912773132324219e+00,-9.702963829040527344e-01,-3.211336135864257812e-01,2.529602050781250000e+00,3.438943386077880859e+00,2.744187355041503906e+00,-2.529602050781250000e+00,-3.438943386077880859e+00,-2.744187355041503906e+00
2.596000000000000085e+01,-1.165084362030029297e+00,-9.712643623352050781e-01,-3.215000629425048828e-01,2.529602050781250000e+00,3.438943386077880859e+00,2.744187355041503906e+00,-2.529602050781250000e+00,-3.438943386077880859e+00,-2.744187355041503906e+00
2.600000000000000000e+01,-1.166254043579101562e+00,-9.722304344177246094e-01,-3.218657970428466797e-01,2.529602050781250000e+00,3.438943386077880859e+00,2.744187355041503906e+00,-2.529602050781250000e+00,-3.438943386077880859e+00,-2.744187355041503906e+00
2.603999999999999915e+01,-1.167421340942382812e+00,-9.731945991516113281e-01,-3.222310543060302734e-01,2.529602050781250000e+00,3.438943386077880859e+00,2.744187355041503906e+00,-2.529602050781250000e+00,-3.438943386077880859e+00,-2.744187355041503906e+00
2.608000000000000185e+01,-1.168586730957031250e+00,-9.741573333740234375e-01,-3.225958347320556641e-01,2.529602050781250000e+00,3.438943386077880859e+00,2.744187355041503906e+00,-2.529602050781250000e+00,-3.438943386077880859e+00,-2.744187355041503906e+00
2.612000000000000099e+01,-1.169749736785888672e+00,-9.751181602478027344e-01,-3.229596614837646484e-01,2.529602050781250000e+00,3.438943386077880859e+00,2.744187355041503906e+00,-2.529602050781250000e+00,-3.438943386077880859e+00,-2.744187355041503906e+00
2.616000000000000014e+01,-1.170910835266113281e+00,-9.760770797729492188e-01,-3.233230113983154297e-01,2.529602050781250000e+00,3.438943386077880859e+00,2.744187355041503906e+00,-2.529602050781250000e+00,-3.438943386077880859e+00,-2.744187355041503906e+00
2.619999999999999929e+01,-1.172069549560546875e+00,-9.770340919494628906e-01,-3.236854076385498047e-01,2.529602050781250000e+00,3.438943386077880859e+00,2.744187355041503906e+00,-2.529602050781250000e+00,-3.438943386077880859e+00,-2.744187355041503906e+00
2.624000000000000199e+01,-1.173225879669189453e+00,-9.779896736145019531e-01,-3.240473270416259766e-01,2.529602050781250000e+00,3.438943386077880859e+00,2.744187355041503906e+00,-2.529602050781250000e+00,-3.438943386077880859e+00,-2.744187355041503906e+00
2.628000000000000114e+01,-1.174380302429199219e+00,-9.789433479309082031e-01,-3.244085311889648438e-01,2.529602050781250000e+00,3.438943386077880859e+00,2.744187355041503906e+00,-2.529602050781250000e+00,-3.438943386077880859e+00,-2.744187355041503906e+00
2.632000000000000028e+01,-1.175532817840576172e+00,-9.798955917358398438e-01,-3.247692584991455078e-01,2.529602050781250000e+00,3.438943386077880859e+00,2.744187355041503906e+00,-2.529602050781250000e+00,-3.438943386077880859e+00,-2.744187355041503906e+00
2.635999999999999943e+01,-1.176682949066162109e+00,-9.808459281921386719e-01,-3.251292705535888672e-01,2.529602050781250000e+00,3.438943386077880859e+00,2.744187355041503906e+00,-2.529602050781250000e+00,-3.438943386077880859e+00,-2.744187355041503906e+00
2.640000000000000213e+01,-1.177831172943115234e+00,-9.817943572998046875e-01,-3.254888057708740234e-01,2.529602050781250000e+00,3.438943386077880859e+00,2.744187355041503906e+00,-2.529602050781250000e+00,-3.438943386077880859e+00,-2.744187355041503906e+00
2.644000000000000128e+01,-1.178977012634277344e+00,-9.827413558959960938e-01,-3.258476257324218750e-01,2.529602050781250000e+00,3.438943386077880859e+00,2.744187355041503906e+00,-2.529602050781250000e+00,-3.438943386077880859e+00,-2.744187355041503906e+00
2.648000000000000043e+01,-1.180120944976806641e+00,-9.836864471435546875e-01,-3.262054920196533203e-01,2.529602050781250000e+00,3.438943386077880859e+00,2.744187355041503906e+00,-2.529602050781250000e+00,-3.438943386077880859e+00,-2.744187355041503906e+00
2.651999999999999957e+01,-1.181262493133544922e+00,-9.846291542053222656e-01,-3.265631198883056641e-01,2.529602050781250000e+00,3.438943386077880859e+00,2.744187355041503906e+00,-2.529602050781250000e+00,-3.438943386077880859e+00,-2.744187355041503906e+00
2.656000000000000227e+01,-1.182402133941650391e+00,-9.855704307556152344e-01,-3.269200325012207031e-01,2.529602050781250000e+00,3.438943386077880859e+00,2.744187355041503906e+00,-2.529602050781250000e+00,-3.438943386077880859e+00,-2.744187355041503906e+00
2.660000000000000142e+01,-1.183539390563964844e+00,-9.865102767944335938e-01,-3.272762298583984375e-01,2.529602050781250000e+00,3.438943386077880859e+00,2.744187355041503906e+00,-2.529602050781250000e+00,-3.438943386077880859e+00,-2.744187355041503906e+00
2.664000000000000057e+01,-1.184674739837646484e+00,-9.874482154846191406e-01,-3.276317119598388672e-01,2.529602050781250000e+00,3.438943386077880859e+00,2.744187355041503906e+00,-2.529602050781250000e+00,-3.438943386077880859e+00,-2.744187355041503906e+00
2.667999999999999972e+01,-1.185807704925537109e+00,-9.883842468261718750e-01,-3.279864788055419922e-01,2.529602050781250000e+00,3.438943386077880859e+00,2.744187355041503906e+00,-2.529602050781250000e+00,-3.438943386077880859e+00,-2.744187355041503906e+00
2.671999999999999886e+01,-1.186938285827636719e+00,-9.893183708190917969e-01,-3.283405303955078125e-01,2.529602050781250000e+00,3.438943386077880859e+00,2.744187355041503906e+00,-2.529602050781250000e+00,-3.438943386077880859e+00,-2.744187355041503906e+00
2.676000000000000156e+01,-1.188067436218261719e+00,-9.902505874633789062e-01,-3.286938667297363281e-01,2.529602050781250000e+00,3.438943386077880859e+00,2.744187355041503906e+00,-2.529602050781250000e+00,-3.438943386077880859e+00,-2.744187355041503906e+00
2.680000000000000071e+01,-1.189194202423095703e+00,-9.911813735961914062e-01,-3.290464878082275391e-01,2.529602050781250000e+00,3.438943386077880859e+00,2.744187355041503906e+00,-2.529602050781250000e+00,-3.438943386077880859e+00,-2.744187355041503906e+00
2.683999999999999986e+01,-1.190319061279296875e+00,-9.921102523803710938e-01,-3.293986320495605469e-01,2.529602050781250000e+00,3.438943386077880859e+00,2.744187355041503906e+00,-2.529602050781250000e+00,-3.438943386077880859e+00,-2.744187355041503906e+00
2.687999999999999901e+01,-1.191441059112548828e+00,-9.930377006530761719e-01,-3.297500610351562500e-01,2.529602050781250000e+00,3.438943386077880859e+00,2.744187355041503906e+00,-2.529602050781250000e+00,-3.438943386077880859e+00,-2.744187355041503906e+00
2.692000000000000171e+01,-1.192561149597167969e+00,-9.939632415771484375e-01,-3.301010131835937500e-01,2.529602050781250000e+00,3.438943386077880859e+00,2.744187355041503906e+00,-2.529602050781250000e+00,-3.438943386077880859e+00,-2.744187355041503906e+00
2.696000000000000085e+01,-1.193679332733154297e+00,-9.948868751525878906e-01,-3.304512500762939453e-01,2.529602050781250000e+00,3.438943386077880859e+00,2.744187355041503906e+00,-2.529602050781250000e+00,-3.438943386077880859e+00,-2.744187355041503906e+00
2.700000000000000000e+01,-1.194795608520507812e+00,-9.958090782165527344e-01,-3.308010101318359375e-01,2.529602050781250000e+00,3.438943386077880859e+00,2.744187355041503906e+00,-2.529602050781250000e+00,-3.438943386077880859e+00,-2.744187355041503906e+00
2.703999999999999915e+01,-1.195909023284912109e+00,-9.967293739318847656e-01,-3.311500549316406250e-01,2.529602050781250000e+00,3.438943386077880859e+00,2.744187355041503906e+00,-2.529602050781250000e+00,-3.438943386077880859e+00,-2.744187355041503906e+00
2.708000000000000185e+01,-1.197020530700683594e+00,-9.976477622985839844e-01,-3.314981460571289062e-01,2.529602050781250000e+00,3.438943386077880859e+00,2.744187355041503906e+00,-2.529602050781250000e+00,-3.438943386077880859e+00,-2.744187355041503906e+00
2.712000000000000099e+01,-1.198130130767822266e+00,-9.985642433166503906e-01,-3.318457603454589844e-01,2.529602050781250000e+00,3.438943386077880859e+00,2.744187355041503906e+00,-2.529602050781250000e+00,-3.438943386077880859e+00,-2.744187355041503906e+00
2.716000000000000014e+01,-1.199237346649169922e+00,-9.994788169860839844e-01,-3.321928977966308594e-01,2.529602050781250000e+00,3.438943386077880859e+00,2.744187355041503906e+00,-2.529602050781250000e+00,-3.438943386077880859e+00,-2.744187355041503906e+00
2.719999999999999929e+01,-1.200342655181884766e+00,-1.000391483306884766e+00,-3.325390815734863281e-01,2.529602050781250000e+00,3.438943386077880859e+00,2.744187355041503906e+00,-2.529602050781250000e+00,-3.438943386077880859e+00,-2.744187355041503906e+00
2.724000000000000199e+01,-1.201446056365966797e+00,-1.001302719116210938e+00,-3.328847885131835938e-01,2.529602050781250000e+00,3.438943386077880859e+00,2.744187355041503906e+00,-2.529602050781250000e+00,-3.438943386077880859e+00,-2.744187355041503906e+00
2.728000000000000114e+01,-1.202547073364257812e+00,-1.002212047576904297e+00,-3.332300186157226562e-01,2.529602050781250000e+00,3.438943386077880859e+00,2.744187355041503906e+00,-2.529602050781250000e+00,-3.438943386077880859e+00,-2.744187355041503906e+00
2.732000000000000028e+01,-1.203645706176757812e+00,-1.003119468688964844e+00,-3.335742950439453125e-01,2.529602050781250000e+00,3.438943386077880859e+00,2.744187355041503906e+00,-2.529602050781250000e+00,-3.438943386077880859e+00,-2.744187355041503906e+00
2.735999999999999943e+01,-1.204742431640625000e+00,-1.004025459289550781e+00,-3.339180946350097656e-01,2.529602050781250000e+00,3.438943386077880859e+00,2.744187355041503906e+00,-2.529602050781250000e+00,-3.438943386077880859e+00,-2.744187355041503906e+00
2.740000000000000213e+01,-1.205837249755859375e+00,-1.004929542541503906e+00,-3.342614173889160156e-01,2.529602050781250000e+00,3.438943386077880859e+00,2.744187355041503906e+00,-2.529602050781250000e+00,-3.438943386077880859e+00,-2.744187355041503906e+00
2.744000000000000128e+01,-1.206929683685302734e+00,-1.005832195281982422e+00,-3.346037864685058594e-01,2.529602050781250000e+00,3.438943386077880859e+00,2.744187355041503906e+00,-2.529602050781250000e+00,-3.438943386077880859e+00,-2.744187355041503906e+00
2.748000000000000043e+01,-1.208020210266113281e+00,-1.006732463836669922e+00,-3.349456787109375000e-01,2.529602050781250000e+00,3.438943386077880859e+00,2.744187355041503906e+00,-2.529602050781250000e+00,-3.438943386077880859e+00,-2.744187355041503906e+00
2.751999999999999957e+01,-1.209108352661132812e+00,-1.007631301879882812e+00,-3.352866172790527344e-01,2.529602050781250000e+00,3.438943386077880859e+00,2.744187355041503906e+00,-2.529602050781250000e+00,-3.438943386077880859e+00,-2.744187355041503906e+00
2.756000000000000227e+01,-1.210194587707519531e+00,-1.008528709411621094e+00,-3.356270790100097656e-01,2.529602050781250000e+00,3.438943386077880859e+00,2.744187355041503906e+00,-2.529602050781250000e+00,-3.438943386077880859e+00,-2.744187355041503906e+00
2.760000000000000142e+01,-1.211278438568115234e+00,-1.009423732757568359e+00,-3.359670639038085938e-01,2.529602050781250000e+00,3.438943386077880859e+00,2.744187355041503906e+00,-2.529602050781250000e+00,-3.438943386077880859e+00,-2.744187355041503906e+00
2.764000000000000057e+01,-1.212360382080078125e+00,-1.010317325592041016e+00,-3.363060951232910156e-01,2.529602050781250000e+00,3.438943386077880859e+00,2.744187355041503906e+00,-2.529602050781250000e+00,-3.438943386077880859e+00,-2.744187355041503906e+00
2.767999999999999972e+01,-1.213439941406250000e+00,-1.011209011077880859e+00,-3.366446495056152344e-01,2.529602050781250000e+00,3.438943386077880859e+00,2.744187355041503906e+00,-2.529602050781250000e+00,-3.438943386077880859e+00,-2.744187355041503906e+00
2.771999999999999886e+01,-1.214517593383789062e+00,-1.012099266052246094e+00,-3.369822502136230469e-01,2.529602050781250000e+00,3.438943386077880859e+00,2.744187355041503906e+00,-2.529602050781250000e+00,-3.438943386077880859e+00,-2.744187355041503906e+00
2.776000000000000156e+01,-1.215592861175537109e+00,-1.012987613677978516e+00,-3.373193740844726562e-01,2.529602050781250000e+00,3.438943386077880859e+00,2.744187355041503906e+00,-2.529602050781250000e+00,-3.438943386077880859e+00,-2.744187355041503906e+00
2.780000000000000071e+01,-1.216665744781494141e+00,-1.013874053955078125e+00,-3.376555442810058594e-01,2.529602050781250000e+00,3.438943386077880859e+00,2.744187355041503906e+00,-2.529602050781250000e+00,-3.438943386077880859e+00,-2.744187355041503906e+00
2.783999999999999986e+01,-1.217736721038818359e+00,-1.014759063720703125e+00,-3.379912376403808594e-01,2.529602050781250000e+00,3.438943386077880859e+00,2.744187355041503906e+00,-2.529602050781250000e+00,-3.438943386077880859e+00,-2.744187355041503906e+00
2.787999999999999901e+01,-1.218805313110351562e+00,-1.015642166137695312e+00,-3.383264541625976562e-01,2.529602050781250000e+00,3.438943386077880859e+00,2.744187355041503906e+00,-2.529602050781250000e+00,-3.438943386077880859e+00,-2.744187355041503906e+00
2.792000000000000171e+01,-1.219871997833251953e+00,-1.016523361206054688e+00,-3.386607170104980469e-01,2.529602050781250000e+00,3.438943386077880859e+00,2.744187355041503906e+00,-2.529602050781250000e+00,-3.438943386077880859e+00,-2.744187355041503906e+00
2.796000000000000085e+01,-1.220936775207519531e+00,-1.017402648925781250e+00,-3.389945030212402344e-01,2.529602050781250000e+00,3.438943386077880859e+00,2.744187355041503906e+00,-2.529602050781250000e+00,-3.438943386077880859e+00,-2.744187355041503906e+00
2.800000000000000000e+01,-1.221999168395996094e+00,-1.018280029296875000e+00,-3.393278121948242188e-01,2.529602050781250000e+00,3.438943386077880859e+00,2.744187355041503906e+00,-2.529602050781250000e+00,-3.438943386077880859e+00,-2.744187355041503906e+00
2.803999999999999915e+01,-1.223059654235839844e+00,-1.019155502319335938e+00,-3.396606445312500000e-01,2.529602050781250000e+00,3.438943386077880859e+00,2.744187355041503906e+00,-2.529602050781250000e+00,-3.438943386077880859e+00,-2.744187355041503906e+00
2.808000000000000185e+01,-1.224117755889892578e+00,-1.020029544830322266e+00,-3.399925231933593750e-01,2.529602050781250000e+00,3.438943386077880859e+00,2.744187355041503906e+00,-2.529602050781250000e+00,-3.438943386077880859e+00,-2.744187355041503906e+00
2.812000000000000099e+01,-1.225173950195312500e+00,-1.020901679992675781e+00,-3.403234481811523438e-01,2.529602050781250000e+00,3.438943386077880859e+00,2.744187355041503906e+00,-2.529602050781250000e+00,-3.438943386077880859e+00,-2.744187355041503906e+00
2.816000000000000014e+01,-1.226227760314941406e+00,-1.021771907806396484e+00,-3.406538963317871094e-01,2.529602050781250000e+00,3.438943386077880859e+00,2.744187355041503906e+00,-2.529602050781250000e+00,-3.438943386077880859e+00,-2.744187355041503906e+00
2.819999999999999929e+01,-1.227279663085937500e+00,-1.022640705108642578e+00,-3.409838676452636719e-01,2.529602050781250000e+00,3.438943386077880859e+00,2.744187355041503906e+00,-2.529602050781250000e+00,-3.438943386077880859e+00,-2.744187355041503906e+00
2.824000000000000199e+01,-1.228329181671142578e+00,-1.023507595062255859e+00,-3.413133621215820312e-01,2.529602050781250000e+00,3.438943386077880859e+00,2.744187355041503906e+00,-2.529602050781250000e+00,-3.438943386077880859e+00,-2.744187355041503906e+00
2.828000000000000114e+01,-1.229376792907714844e+00,-1.024373054504394531e+00,-3.416419029235839844e-01,2.529602050781250000e+00,3.438943386077880859e+00,2.744187355041503906e+00,-2.529602050781250000e+00,-3.438943386077880859e+00,-2.744187355041503906e+00
2.832000000000000028e+01,-1.230422496795654297e+00,-1.025236129760742188e+00,-3.419699668884277344e-01,2.529602050781250000e+00,3.438943386077880859e+00,2.744187355041503906e+00,-2.529602050781250000e+00,-3.438943386077880859e+00,-2.744187355041503906e+00
2.835999999999999943e+01,-1.231465816497802734e+00,-1.026097774505615234e+00,-3.422970771789550781e-01,2.529602050781250000e+00,3.438943386077880859e+00,2.744187355041503906e+00,-2.529602050781250000e+00,-3.438943386077880859e+00,-2.744187355041503906e+00
2.840000000000000213e+01,-1.232506752014160156e+00,-1.026957988739013672e+00,-3.426237106323242188e-01,2.529602050781250000e+00,3.438943386077880859e+00,2.744187355041503906e+00,-2.529602050781250000e+00,-3.438943386077880859e+00,-2.744187355041503906e+00
2.844000000000000128e+01,-1.233545780181884766e+00,-1.027815818786621094e+00,-3.429498672485351562e-01,2.529602050781250000e+00,3.438943386077880859e+00,2.744187355041503906e+00,-2.529602050781250000e+00,-3.438943386077880859e+00,-2.744187355041503906e+00
2.848000000000000043e+01,-1.234582901000976562e+00,-1.028672218322753906e+00,-3.432755470275878906e-01,2.529602050781250000e+00,3.438943386077880859e+00,2.744187355041503906e+00,-2.529602050781250000e+00,-3.438943386077880859e+00,-2.744187355041503906e+00
2.851999999999999957e+01,-1.235617637634277344e+00,-1.029526710510253906e+00,-3.436002731323242188e-01,2.529602050781250000e+00,3.438943386077880859e+00,2.744187355041503906e+00,-2.529602050781250000e+00,-3.438943386077880859e+00,-2.744187355041503906e+00
2.856000000000000227e+01,-1.236650466918945312e+00,-1.030379772186279297e+00,-3.439240455627441406e-01,2.529602050781250000e+00,3.438943386077880859e+00,2.744187355041503906e+00,-2.529602050781250000e+00,-3.438943386077880859e+00,-2.744187355041503906e+00
2.860000000000000142e+01,-1.237680912017822266e+00,-1.031230926513671875e+00,-3.442478179931640625e-01,2.529602050781250000e+00,3.438943386077880859e+00,2.744187355041503906e+00,-2.529602050781250000e+00,-3.438943386077880859e+00,-2.744187355041503906e+00
2.864000000000000057e+01,-1.238709449768066406e+00,-1.032080173492431641e+00,-3.445706367492675781e-01,2.529602050781250000e+00,3.438943386077880859e+00,2.744187355041503906e+00,-2.529602050781250000e+00,-3.438943386077880859e+00,-2.744187355041503906e+00
2.867999999999999972e+01,-1.239735603332519531e+00,-1.032927989959716797e+00,-3.448925018310546875e-01,2.529602050781250000e+00,3.438943386077880859e+00,2.744187355041503906e+00,-2.529602050781250000e+00,-3.438943386077880859e+00,-2.744187355041503906e+00
2.871999999999999886e+01,-1.240759372711181641e+00,-1.033773899078369141e+00,-3.452138900756835938e-01,2.529602050781250000e+00,3.438943386077880859e+00,2.744187355041503906e+00,-2.529602050781250000e+00,-3.438943386077880859e+00,-2.744187355041503906e+00
2.876000000000000156e+01,-1.241781711578369141e+00,-1.034617900848388672e+00,-3.455343246459960938e-01,2.529602050781250000e+00,3.438943386077880859e+00,2.744187355041503906e+00,-2.529602050781250000e+00,-3.438943386077880859e+00,-2.744187355041503906e+00
2.880000000000000071e+01,-1.242801666259765625e+00,-1.035459995269775391e+00,-3.458547592163085938e-01,2.529602050781250000e+00,3.438943386077880859e+00,2.744187355041503906e+00,-2.529602050781250000e+00,-3.438943386077880859e+00,-2.744187355041503906e+00
2.883999999999999986e+01,-1.243819236755371094e+00,-1.036300182342529297e+00,-3.461742401123046875e-01,2.529602050781250000e+00,3.438943386077880859e+00,2.744187355041503906e+00,-2.529602050781250000e+00,-3.438943386077880859e+00,-2.744187355041503906e+00
2.887999999999999901e+01,-1.244834899902343750e+00,-1.037138462066650391e+00,-3.464932441711425781e-01,2.529602050781250000e+00,3.438943386077880859e+00,2.744187355041503906e+00,-2.529602050781250000e+00,-3.438943386077880859e+00,-2.744187355041503906e+00
2.892000000000000171e+01,-1.245848178863525391e+00,-1.037975311279296875e+00,-3.468112945556640625e-01,2.529602050781250000e+00,3.438943386077880859e+00,2.744187355041503906e+00,-2.529602050781250000e+00,-3.438943386077880859e+00,-2.744187355041503906e+00
2.896000000000000085e+01,-1.246859550476074219e+00,-1.038810253143310547e+00,-3.471288681030273438e-01,2.529602050781250000e+00,3.438943386077880859e+00,2.744187355041503906e+00,-2.529602050781250000e+00,-3.438943386077880859e+00,-2.744187355041503906e+00
2.900000000000000000e+01,-1.247868537902832031e+00,-1.039643287658691406e+00,-3.474459648132324219e-01,2.529602050781250000e+00,3.438943386077880859e+00,2.744187355041503906e+00,-2.529602050781250000e+00,-3.438943386077880859e+00,-2.744187355041503906e+00
2.903999999999999915e+01,-1.248875617980957031e+00,-1.040474891662597656e+00,-3.477616310119628906e-01,2.529602050781250000e+00,3.438943386077880859e+00,2.744187355041503906e+00,-2.529602050781250000e+00,-3.438943386077880859e+00,-2.744187355041503906e+00
2.908000000000000185e+01,-1.249880790710449219e+00,-1.041304588317871094e+00,-3.480768203735351562e-01,2.529602050781250000e+00,3.438943386077880859e+00,2.744187355041503906e+00,-2.529602050781250000e+00,-3.438943386077880859e+00,-2.744187355041503906e+00
2.912000000000000099e+01,-1.250883579254150391e+00,-1.042132854461669922e+00,-3.483915328979492188e-01,2.529602050781250000e+00,3.438943386077880859e+00,2.744187355041503906e+00,-2.529602050781250000e+00,-3.438943386077880859e+00,-2.744187355041503906e+00
2.916000000000000014e+01,-1.251884460449218750e+00,-1.042959213256835938e+00,-3.487057685852050781e-01,2.529602050781250000e+00,3.438943386077880859e+00,2.744187355041503906e+00,-2.529602050781250000e+00,-3.438943386077880859e+00,-2.744187355041503906e+00
2.919999999999999929e+01,-1.252882957458496094e+00,-1.043783664703369141e+00,-3.490195274353027344e-01,2.529602050781250000e+00,3.438943386077880859e+00,2.744187355041503906e+00,-2.529602050781250000e+00,-3.438943386077880859e+00,-2.744187355041503906e+00
2.924000000000000199e+01,-1.253879070281982422e+00,-1.044606685638427734e+00,-3.493318557739257812e-01,2.529602050781250000e+00,3.438943386077880859e+00,2.744187355041503906e+00,-2.529602050781250000e+00,-3.438943386077880859e+00,-2.744187355041503906e+00
2.928000000000000114e+01,-1.254873275756835938e+00,-1.045427799224853516e+00,-3.496437072753906250e-01,2.529602050781250000e+00,3.438943386077880859e+00,2.744187355041503906e+00,-2.529602050781250000e+00,-3.438943386077880859e+00,-2.744187355041503906e+00
2.932000000000000028e+01,-1.255865097045898438e+00,-1.046247005462646484e+00,-3.499550819396972656e-01,2.529602050781250000e+00,3.438943386077880859e+00,2.744187355041503906e+00,-2.529602050781250000e+00,-3.438943386077880859e+00,-2.744187355041503906e+00
2.935999999999999943e+01,-1.256855487823486328e+00,-1.047064781188964844e+00,-3.502655029296875000e-01,2.529602050781250000e+00,3.438943386077880859e+00,2.744187355041503906e+00,-2.529602050781250000e+00,-3.438943386077880859e+00,-2.744187355041503906e+00
2.940000000000000213e+01,-1.257843494415283203e+00,-1.047880649566650391e+00,-3.505754470825195312e-01,2.529602050781250000e+00,3.438943386077880859e+00,2.744187355041503906e+00,-2.529602050781250000e+00,-3.438943386077880859e+00,-2.744187355041503906e+00
2.944000000000000128e+01,-1.258829116821289062e+00,-1.048694610595703125e+00,-3.508849143981933594e-01,2.529602050781250000e+00,3.438943386077880859e+00,2.744187355041503906e+00,-2.529602050781250000e+00,-3.438943386077880859e+00,-2.744187355041503906e+00
2.948000000000000043e+01,-1.259812355041503906e+00,-1.049507141113281250e+00,-3.511939048767089844e-01,2.529602050781250000e+00,3.438943386077880859e+00,2.744187355041503906e+00,-2.529602050781250000e+00,-3.438943386077880859e+00,-2.744187355041503906e+00
2.951999999999999957e+01,-1.260793685913085938e+00,-1.050317764282226562e+00,-3.515019416809082031e-01,2.529602050781250000e+00,3.438943386077880859e+00,2.744187355041503906e+00,-2.529602050781250000e+00,-3.438943386077880859e+00,-2.744187355041503906e+00
2.956000000000000227e+01,-1.261773109436035156e+00,-1.051126480102539062e+00,-3.518095016479492188e-01,2.529602050781250000e+00,3.438943386077880859e+00,2.744187355041503906e+00,-2.529602050781250000e+00,-3.438943386077880859e+00,-2.744187355041503906e+00
2.960000000000000142e+01,-1.262750625610351562e+00,-1.051933288574218750e+00,-3.521161079406738281e-01,2.529602050781250000e+00,3.438943386077880859e+00,2.744187355041503906e+00,-2.529602050781250000e+00,-3.438943386077880859e+00,-2.744187355041503906e+00
2.964000000000000057e+01,-1.263725757598876953e+00,-1.052738666534423828e+00,-3.524222373962402344e-01,2.529602050781250000e+00,3.438943386077880859e+00,2.744187355041503906e+00,-2.529602050781250000e+00,-3.438943386077880859e+00,-2.744187355041503906e+00
2.967999999999999972e+01,-1.264698982238769531e+00,-1.053542137145996094e+00,-3.527278900146484375e-01,2.529602050781250000e+00,3.438943386077880859e+00,2.744187355041503906e+00,-2.529602050781250000e+00,-3.438943386077880859e+00,-2.744187355041503906e+00
2.971999999999999886e+01,-1.265669345855712891e+00,-1.054343700408935547e+00,-3.530325889587402344e-01,2.529602050781250000e+00,3.438943386077880859e+00,2.744187355041503906e+00,-2.529602050781250000e+00,-3.438943386077880859e+00,-2.744187355041503906e+00
2.976000000000000156e+01,-1.266637802124023438e+00,-1.055143356323242188e+00,-3.533368110656738281e-01,2.529602050781250000e+00,3.438943386077880859e+00,2.744187355041503906e+00,-2.529602050781250000e+00,-3.438943386077880859e+00,-2.744187355041503906e+00
2.980000000000000071e+01,-1.267604351043701172e+00,-1.055941581726074219e+00,-3.536400794982910156e-01,2.529602050781250000e+00,3.438943386077880859e+00,2.744187355041503906e+00,-2.529602050781250000e+00,-3.438943386077880859e+00,-2.744187355041503906e+00
2.983999999999999986e+01,-1.268568992614746094e+00,-1.056737899780273438e+00,-3.539433479309082031e-01,2.529602050781250000e+00,3.438943386077880859e+00,2.744187355041503906e+00,-2.529602050781250000e+00,-3.438943386077880859e+00,-2.744187355041503906e+00
2.987999999999999901e+01,-1.269531726837158203e+00,-1.057532787322998047e+00,-3.542456626892089844e-01,2.529602050781250000e+00,3.438943386077880859e+00,2.744187355041503906e+00,-2.529602050781250000e+00,-3.438943386077880859e+00,-2.744187355041503906e+00
2.992000000000000171e+01,-1.270491600036621094e+00,-1.058325290679931641e+00,-3.545475006103515625e-01,2.529602050781250000e+00,3.438943386077880859e+00,2.744187355041503906e+00,-2.529602050781250000e+00,-3.438943386077880859e+00,-2.744187355041503906e+00
2.996000000000000085e+01,-1.271449565887451172e+00,-1.059116363525390625e+00,-3.548483848571777344e-01,2.529602050781250000e+00,3.438943386077880859e+00,2.744187355041503906e+00,-2.529602050781250000e+00,-3.438943386077880859e+00,-2.744187355041503906e+00
3.000000000000000000e+01,-1.272405147552490234e+00,-1.059905529022216797e+00,-3.551487922668457031e-01,2.529602050781250000e+00,3.438943386077880859e+00,2.744187355041503906e+00,-2.529602050781250000e+00,-3.438943386077880859e+00,-2.744187355041503906e+00
3.003999999999999915e+01,-1.273359298706054688e+00,-1.060693264007568359e+00,-3.554482460021972656e-01,2.529602050781250000e+00,3.438943386077880859e+00,2.744187355041503906e+00,-2.529602050781250000e+00,-3.438943386077880859e+00,-2.744187355041503906e+00
3.008000000000000185e+01,-1.274311065673828125e+00,-1.061478614807128906e+00,-3.557472229003906250e-01,2.529602050781250000e+00,3.438943386077880859e+00,2.744187355041503906e+00,-2.529602050781250000e+00,-3.438943386077880859e+00,-2.744187355041503906e+00
3.012000000000000099e+01,-1.275260448455810547e+00,-1.062262535095214844e+00,-3.560457229614257812e-01,2.529602050781250000e+00,3.438943386077880859e+00,2.744187355041503906e+00,-2.529602050781250000e+00,-3.438943386077880859e+00,-2.744187355041503906e+00
3.016000000000000014e+01,-1.276207923889160156e+00,-1.063044548034667969e+00,-3.563432693481445312e-01,2.529602050781250000e+00,3.438943386077880859e+00,2.744187355041503906e+00,-2.529602050781250000e+00,-3.438943386077880859e+00,-2.744187355041503906e+00
3.019999999999999929e+01,-1.277153015136718750e+00,-1.063825130462646484e+00,-3.566398620605468750e-01,2.529602050781250000e+00,3.438943386077880859e+00,2.744187355041503906e+00,-2.529602050781250000e+00,-3.438943386077880859e+00,-2.744187355041503906e+00
3.024000000000000199e+01,-1.278096199035644531e+00,-1.064603328704833984e+00,-3.569359779357910156e-01,2.529602050781250000e+00,3.438943386077880859e+00,2.744187355041503906e+00,-2.529602050781250000e+00,-3.438943386077880859e+00,-2.744187355041503906e+00
3.028000000000000114e+01,-1.279036998748779297e+00,-1.065380096435546875e+00,-3.572316169738769531e-01,2.529602050781250000e+00,3.438943386077880859e+00,2.744187355041503906e+00,-2.529602050781250000e+00,-3.438943386077880859e+00,-2.744187355041503906e+00
3.032000000000000028e+01,-1.279975891113281250e+00,-1.066154956817626953e+00,-3.575263023376464844e-01,2.529602050781250000e+00,3.438943386077880859e+00,2.744187355041503906e+00,-2.529602050781250000e+00,-3.438943386077880859e+00,-2.744187355041503906e+00
3.035999999999999943e+01,-1.280912399291992188e+00,-1.066928386688232422e+00,-3.578205108642578125e-01,2.529602050781250000e+00,3.438943386077880859e+00,2.744187355041503906e+00,-2.529602050781250000e+00,-3.438943386077880859e+00,-2.744187355041503906e+00
3.040000000000000213e+01,-1.281847000122070312e+00,-1.067699909210205078e+00,-3.581142425537109375e-01,2.529602050781250000e+00,3.438943386077880859e+00,2.744187355041503906e+00,-2.529602050781250000e+00,-3.438943386077880859e+00,-2.744187355041503906e+00
3.044000000000000128e+01,-1.282779693603515625e+00,-1.068469524383544922e+00,-3.584070205688476562e-01,2.529602050781250000e+00,3.438943386077880859e+00,2.744187355041503906e+00,-2.529602050781250000e+00,-3.438943386077880859e+00,-2.744187355041503906e+00
3.048000000000000043e+01,-1.283710002899169922e+00,-1.069237232208251953e+00,-3.586993217468261719e-01,2.529602050781250000e+00,3.438943386077880859e+00,2.744187355041503906e+00,-2.529602050781250000e+00,-3.438943386077880859e+00,-2.744187355041503906e+00
3.051999999999999957e+01,-1.284637928009033203e+00,-1.070003509521484375e+00,-3.589906692504882812e-01,2.529602050781250000e+00,3.438943386077880859e+00,2.744187355041503906e+00,-2.529602050781250000e+00,-3.438943386077880859e+00,-2.744187355041503906e+00
3.056000000000000227e+01,-1.285563945770263672e+00,-1.070768356323242188e+00,-3.592815399169921875e-01,2.529602050781250000e+00,3.438943386077880859e+00,2.744187355041503906e+00,-2.529602050781250000e+00,-3.438943386077880859e+00,-2.744187355041503906e+00
3.060000000000000142e+01,-1.286488056182861328e+00,-1.071531295776367188e+00,-3.595714569091796875e-01,2.529602050781250000e+00,3.438943386077880859e+00,2.744187355041503906e+00,-2.529602050781250000e+00,-3.438943386077880859e+00,-2.744187355041503906e+00
3.064000000000000057e+01,-1.287410259246826172e+00,-1.072292327880859375e+00,-3.598613739013671875e-01,2.529602050781250000e+00,3.438943386077880859e+00,2.744187355041503906e+00,-2.529602050781250000e+00,-3.438943386077880859e+00,-2.744187355041503906e+00
3.067999999999999972e+01,-1.288329601287841797e+00,-1.073051452636718750e+00,-3.601503372192382812e-01,2.529602050781250000e+00,3.438943386077880859e+00,2.744187355041503906e+00,-2.529602050781250000e+00,-3.438943386077880859e+00,-2.744187355041503906e+00
3.071999999999999886e+01,-1.289247035980224609e+00,-1.073808670043945312e+00,-3.604383468627929688e-01,2.529602050781250000e+00,3.438943386077880859e+00,2.744187355041503906e+00,-2.529602050781250000e+00,-3.438943386077880859e+00,-2.744187355041503906e+00
3.076000000000000156e+01,-1.290162563323974609e+00,-1.074564456939697266e+00,-3.607254028320312500e-01,2.529602050781250000e+00,3.438943386077880859e+00,2.744187355041503906e+00,-2.529602050781250000e+00,-3.438943386077880859e+00,-2.744187355041503906e+00
3.080000000000000071e+01,-1.291076183319091797e+00,-1.075318336486816406e+00,-3.610124588012695312e-01,2.529602050781250000e+00,3.438943386077880859e+00,2.744187355041503906e+00,-2.529602050781250000e+00,-3.438943386077880859e+00,-2.744187355041503906e+00
3.083999999999999986e+01,-1.291986942291259766e+00,-1.076070785522460938e+00,-3.612985610961914062e-01,2.529602050781250000e+00,3.438943386077880859e+00,2.744187355041503906e+00,-2.529602050781250000e+00,-3.438943386077880859e+00,-2.744187355041503906e+00
3.087999999999999901e+01,-1.292896270751953125e+00,-1.076821327209472656e+00,-3.615841865539550781e-01,2.529602050781250000e+00,3.438943386077880859e+00,2.744187355041503906e+00,-2.529602050781250000e+00,-3.438943386077880859e+00,-2.744187355041503906e+00
3.092000000000000171e+01,-1.293802738189697266e+00,-1.077569961547851562e+00,-3.618688583374023438e-01,2.529602050781250000e+00,3.438943386077880859e+00,2.744187355041503906e+00,-2.529602050781250000e+00,-3.438943386077880859e+00,-2.744187355041503906e+00
3.096000000000000085e+01,-1.294707298278808594e+00,-1.078317165374755859e+00,-3.621530532836914062e-01,2.529602050781250000e+00,3.438943386077880859e+00,2.744187355041503906e+00,-2.529602050781250000e+00,-3.438943386077880859e+00,-2.744187355041503906e+00
3.100000000000000000e+01,-1.295610427856445312e+00,-1.079061985015869141e+00,-3.624362945556640625e-01,2.529602050781250000e+00,3.438943386077880859e+00,2.744187355041503906e+00,-2.529602050781250000e+00,-3.438943386077880859e+00,-2.744187355041503906e+00
3.103999999999999915e+01,-1.296510696411132812e+00,-1.079805374145507812e+00,-3.627195358276367188e-01,2.529602050781250000e+00,3.438943386077880859e+00,2.744187355041503906e+00,-2.529602050781250000e+00,-3.438943386077880859e+00,-2.744187355041503906e+00
3.108000000000000185e+01,-1.297409534454345703e+00,-1.080546855926513672e+00,-3.630018234252929688e-01,2.529602050781250000e+00,3.438943386077880859e+00,2.744187355041503906e+00,-2.529602050781250000e+00,-3.438943386077880859e+00,-2.744187355041503906e+00
3.112000000000000099e+01,-1.298305988311767578e+00,-1.081286907196044922e+00,-3.632831573486328125e-01,2.529602050781250000e+00,3.438943386077880859e+00,2.744187355041503906e+00,-2.529602050781250000e+00,-3.438943386077880859e+00,-2.744187355041503906e+00
3.116000000000000014e+01,-1.299200534820556641e+00,-1.082025051116943359e+00,-3.635640144348144531e-01,2.529602050781250000e+00,3.438943386077880859e+00,2.744187355041503906e+00,-2.529602050781250000e+00,-3.438943386077880859e+00,-2.744187355041503906e+00
3.119999999999999929e+01,-1.300092697143554688e+00,-1.082761764526367188e+00,-3.638439178466796875e-01,2.529602050781250000e+00,3.438943386077880859e+00,2.744187355041503906e+00,-2.529602050781250000e+00,-3.438943386077880859e+00,-2.744187355041503906e+00
3.124000000000000199e+01,-1.300982475280761719e+00,-1.083496570587158203e+00,-3.641233444213867188e-01,2.529602050781250000e+00,3.438943386077880859e+00,2.744187355041503906e+00,-2.529602050781250000e+00,-3.438943386077880859e+00,-2.744187355041503906e+00
3.128000000000000114e+01,-1.301870822906494141e+00,-1.084229469299316406e+00,-3.644022941589355469e-01,2.529602050781250000e+00,3.438943386077880859e+00,2.744187355041503906e+00,-2.529602050781250000e+00,-3.438943386077880859e+00,-2.744187355041503906e+00
3.132000000000000028e+01,-1.302756786346435547e+00,-1.084960460662841797e+00,-3.646807670593261719e-01,2.529602050781250000e+00,3.438943386077880859e+00,2.744187355041503906e+00,-2.529602050781250000e+00,-3.438943386077880859e+00,-2.744187355041503906e+00
3.135999999999999943e+01,-1.303639888763427734e+00,-1.085689544677734375e+00,-3.649582862854003906e-01,2.529602050781250000e+00,3.438943386077880859e+00,2.744187355041503906e+00,-2.529602050781250000e+00,-3.438943386077880859e+00,-2.744187355041503906e+00
3.140000000000000213e+01,-1.304520606994628906e+00,-1.086417198181152344e+00,-3.652353286743164062e-01,2.529602050781250000e+00,3.438943386077880859e+00,2.744187355041503906e+00,-2.529602050781250000e+00,-3.438943386077880859e+00,-2.744187355041503906e+00
3.144000000000000128e+01,-1.305400371551513672e+00,-1.087142944335937500e+00,-3.655118942260742188e-01,2.529602050781250000e+00,3.438943386077880859e+00,2.744187355041503906e+00,-2.529602050781250000e+00,-3.438943386077880859e+00,-2.744187355041503906e+00
3.148000000000000043e+01,-1.306277751922607422e+00,-1.087867259979248047e+00,-3.657875061035156250e-01,2.529602050781250000e+00,3.438943386077880859e+00,2.744187355041503906e+00,-2.529602050781250000e+00,-3.438943386077880859e+00,-2.744187355041503906e+00
3.151999999999999957e+01,-1.307152748107910156e+00,-1.088589191436767578e+00,-3.660626411437988281e-01,2.529602050781250000e+00,3.438943386077880859e+00,2.744187355041503906e+00,-2.529602050781250000e+00,-3.438943386077880859e+00,-2.744187355041503906e+00
3.156000000000000227e+01,-1.308025360107421875e+00,-1.089309692382812500e+00,-3.663368225097656250e-01,2.529602050781250000e+00,3.438943386077880859e+00,2.744187355041503906e+00,-2.529602050781250000e+00,-3.438943386077880859e+00,-2.744187355041503906e+00
3.160000000000000142e+01,-1.308895587921142578e+00,-1.090028285980224609e+00,-3.666105270385742188e-01,2.529602050781250000e+00,3.438943386077880859e+00,2.744187355041503906e+00,-2.529602050781250000e+00,-3.438943386077880859e+00,-2.744187355041503906e+00
3.164000000000000057e+01,-1.309763908386230469e+00,-1.090744972229003906e+00,-3.668832778930664062e-01,2.529602050781250000e+00,3.438943386077880859e+00,2.744187355041503906e+00,-2.529602050781250000e+00,-3.438943386077880859e+00,-2.744187355041503906e+00
3.167999999999999972e+01,-1.310630798339843750e+00,-1.091460227966308594e+00,-3.671555519104003906e-01,2.529602050781250000e+00,3.438943386077880859e+00,2.744187355041503906e+00,-2.529602050781250000e+00,-3.438943386077880859e+00,-2.744187355041503906e+00
3.172000000000000242e+01,-1.311495780944824219e+00,-1.092174053192138672e+00,-3.674268722534179688e-01,2.529602050781250000e+00,3.438943386077880859e+00,2.744187355041503906e+00,-2.529602050781250000e+00,-3.438943386077880859e+00,-2.744187355041503906e+00
3.176000000000000156e+01,-1.312358379364013672e+00,-1.092885494232177734e+00,-3.676977157592773438e-01,2.529602050781250000e+00,3.438943386077880859e+00,2.744187355041503906e+00,-2.529602050781250000e+00,-3.438943386077880859e+00,-2.744187355041503906e+00
3.180000000000000071e+01,-1.313219070434570312e+00,-1.093595504760742188e+00,-3.679680824279785156e-01,2.529602050781250000e+00,3.438943386077880859e+00,2.744187355041503906e+00,-2.529602050781250000e+00,-3.438943386077880859e+00,-2.744187355041503906e+00
3.183999999999999986e+01,-1.314076423645019531e+00,-1.094304084777832031e+00,-3.682374954223632812e-01,2.529602050781250000e+00,3.438943386077880859e+00,2.744187355041503906e+00,-2.529602050781250000e+00,-3.438943386077880859e+00,-2.744187355041503906e+00
3.187999999999999901e+01,-1.314931869506835938e+00,-1.095010280609130859e+00,-3.685059547424316406e-01,2.529602050781250000e+00,3.438943386077880859e+00,2.744187355041503906e+00,-2.529602050781250000e+00,-3.438943386077880859e+00,-2.744187355041503906e+00
3.192000000000000171e+01,-1.315785408020019531e+00,-1.095715045928955078e+00,-3.687739372253417969e-01,2.529602050781250000e+00,3.438943386077880859e+00,2.744187355041503906e+00,-2.529602050781250000e+00,-3.438943386077880859e+00,-2.744187355041503906e+00
3.196000000000000085e+01,-1.316637039184570312e+00,-1.096417903900146484e+00,-3.690414428710937500e-01,2.529602050781250000e+00,3.438943386077880859e+00,2.744187355041503906e+00,-2.529602050781250000e+00,-3.438943386077880859e+00,-2.744187355041503906e+00
3.200000000000000000e+01,-1.317486763000488281e+00,-1.097118854522705078e+00,-3.693084716796875000e-01,2.529602050781250000e+00,3.438943386077880859e+00,2.744187355041503906e+00,-2.529602050781250000e+00,-3.438943386077880859e+00,-2.744187355041503906e+00
3.203999999999999915e+01,-1.318334579467773438e+00,-1.097818374633789062e+00,-3.695745468139648438e-01,2.529602050781250000e+00,3.438943386077880859e+00,2.744187355041503906e+00,-2.529602050781250000e+00,-3.438943386077880859e+00,-2.744187355041503906e+00
3.207999999999999829e+01,-1.319180488586425781e+00,-1.098515987396240234e+00,-3.698401451110839844e-01,2.529602050781250000e+00,3.438943386077880859e+00,2.744187355041503906e+00,-2.529602050781250000e+00,-3.438943386077880859e+00,-2.744187355041503906e+00
3.211999999999999744e+01,-1.320023536682128906e+00,-1.099211692810058594e+00,-3.701047897338867188e-01,2.529602050781250000e+00,3.438943386077880859e+00,2.744187355041503906e+00,-2.529602050781250000e+00,-3.438943386077880859e+00,-2.744187355041503906e+00
3.216000000000000369e+01,-1.320864677429199219e+00,-1.099905490875244141e+00,-3.703689575195312500e-01,2.529602050781250000e+00,3.438943386077880859e+00,2.744187355041503906e+00,-2.529602050781250000e+00,-3.438943386077880859e+00,-2.744187355041503906e+00
3.220000000000000284e+01,-1.321703910827636719e+00,-1.100597858428955078e+00,-3.706326484680175781e-01,2.529602050781250000e+00,3.438943386077880859e+00,2.744187355041503906e+00,-2.529602050781250000e+00,-3.438943386077880859e+00,-2.744187355041503906e+00
3.224000000000000199e+01,-1.322540283203125000e+00,-1.101288318634033203e+00,-3.708953857421875000e-01,2.529602050781250000e+00,3.438943386077880859e+00,2.744187355041503906e+00,-2.529602050781250000e+00,-3.438943386077880859e+00,-2.744187355041503906e+00
3.228000000000000114e+01,-1.323374748229980469e+00,-1.101977348327636719e+00,-3.711571693420410156e-01,2.529602050781250000e+00,3.438943386077880859e+00,2.744187355041503906e+00,-2.529602050781250000e+00,-3.438943386077880859e+00,-2.744187355041503906e+00
3.232000000000000028e+01,-1.324207782745361328e+00,-1.102664470672607422e+00,-3.714184761047363281e-01,2.529602050781250000e+00,3.438943386077880859e+00,2.744187355041503906e+00,-2.529602050781250000e+00,-3.438943386077880859e+00,-2.744187355041503906e+00
3.235999999999999943e+01,-1.325037956237792969e+00,-1.103349685668945312e+00,-3.716793060302734375e-01,2.529602050781250000e+00,3.438943386077880859e+00,2.744187355041503906e+00,-2.529602050781250000e+00,-3.438943386077880859e+00,-2.744187355041503906e+00
3.239999999999999858e+01,-1.325866222381591797e+00,-1.104033470153808594e+00,-3.719396591186523438e-01,2.529602050781250000e+00,3.438943386077880859e+00,2.744187355041503906e+00,-2.529602050781250000e+00,-3.438943386077880859e+00,-2.744187355041503906e+00
3.243999999999999773e+01,-1.326692104339599609e+00,-1.104715347290039062e+00,-3.721990585327148438e-01,2.529602050781250000e+00,3.438943386077880859e+00,2.744187355041503906e+00,-2.529602050781250000e+00,-3.438943386077880859e+00,-2.744187355041503906e+00
3.248000000000000398e+01,-1.327516078948974609e+00,-1.105395317077636719e+00,-3.724575042724609375e-01,2.529602050781250000e+00,3.438943386077880859e+00,2.744187355041503906e+00,-2.529602050781250000e+00,-3.438943386077880859e+00,-2.744187355041503906e+00
3.252000000000000313e+01,-1.328337669372558594e+00,-1.106073379516601562e+00,-3.727154731750488281e-01,2.529602050781250000e+00,3.438943386077880859e+00,2.744187355041503906e+00,-2.529602050781250000e+00,-3.438943386077880859e+00,-2.744187355041503906e+00
3.256000000000000227e+01,-1.329157829284667969e+00,-1.106750011444091797e+00,-3.729724884033203125e-01,2.529602050781250000e+00,3.438943386077880859e+00,2.744187355041503906e+00,-2.529602050781250000e+00,-3.438943386077880859e+00,-2.744187355041503906e+00
3.260000000000000142e+01,-1.329975128173828125e+00,-1.107424736022949219e+00,-3.732290267944335938e-01,2.529602050781250000e+00,3.438943386077880859e+00,2.744187355041503906e+00,-2.529602050781250000e+00,-3.438943386077880859e+00,-2.744187355041503906e+00
3.264000000000000057e+01,-1.330790996551513672e+00,-1.108097553253173828e+00,-3.734850883483886719e-01,2.529602050781250000e+00,3.438943386077880859e+00,2.744187355041503906e+00,-2.529602050781250000e+00,-3.438943386077880859e+00,-2.744187355041503906e+00
3.267999999999999972e+01,-1.331604480743408203e+00,-1.108768939971923828e+00,-3.737406730651855469e-01,2.529602050781250000e+00,3.438943386077880859e+00,2.744187355041503906e+00,-2.529602050781250000e+00,-3.438943386077880859e+00,-2.744187355041503906e+00
3.271999999999999886e+01,-1.332415580749511719e+00,-1.109437942504882812e+00,-3.739953041076660156e-01,2.529602050781250000e+00,3.438943386077880859e+00,2.744187355041503906e+00,-2.529602050781250000e+00,-3.438943386077880859e+00,-2.744187355041503906e+00
3.275999999999999801e+01,-1.333225250244140625e+00,-1.110105514526367188e+00,-3.742494583129882812e-01,2.529602050781250000e+00,3.438943386077880859e+00,2.744187355041503906e+00,-2.529602050781250000e+00,-3.438943386077880859e+00,-2.744187355041503906e+00
3.279999999999999716e+01,-1.334032535552978516e+00,-1.110771179199218750e+00,-3.745026588439941406e-01,2.529602050781250000e+00,3.438943386077880859e+00,2.744187355041503906e+00,-2.529602050781250000e+00,-3.438943386077880859e+00,-2.744187355041503906e+00
3.284000000000000341e+01,-1.334837436676025391e+00,-1.111435413360595703e+00,-3.747553825378417969e-01,2.529602050781250000e+00,3.438943386077880859e+00,2.744187355041503906e+00,-2.529602050781250000e+00,-3.438943386077880859e+00,-2.744187355041503906e+00
3.288000000000000256e+01,-1.335639953613281250e+00,-1.112097740173339844e+00,-3.750076293945312500e-01,2.529602050781250000e+00,3.438943386077880859e+00,2.744187355041503906e+00,-2.529602050781250000e+00,-3.438943386077880859e+00,-2.744187355041503906e+00
3.292000000000000171e+01,-1.336441040039062500e+00,-1.112758636474609375e+00,-3.752589225769042969e-01,2.529602050781250000e+00,3.438943386077880859e+00,2.744187355041503906e+00,-2.529602050781250000e+00,-3.438943386077880859e+00,-2.744187355041503906e+00
3.296000000000000085e+01,-1.337239742279052734e+00,-1.113417625427246094e+00,-3.755097389221191406e-01,2.529602050781250000e+00,3.438943386077880859e+00,2.744187355041503906e+00,-2.529602050781250000e+00,-3.438943386077880859e+00,-2.744187355041503906e+00
3.300000000000000000e+01,-1.338036537170410156e+00,-1.114074707031250000e+00,-3.757596015930175781e-01,2.529602050781250000e+00,3.438943386077880859e+00,2.744187355041503906e+00,-2.529602050781250000e+00,-3.438943386077880859e+00,-2.744187355041503906e+00
3.303999999999999915e+01,-1.338830947875976562e+00,-1.114729881286621094e+00,-3.760089874267578125e-01,2.529602050781250000e+00,3.438943386077880859e+00,2.744187355041503906e+00,-2.529602050781250000e+00,-3.438943386077880859e+00,-2.744187355041503906e+00
3.307999999999999829e+01,-1.339622974395751953e+00,-1.115383148193359375e+00,-3.762578964233398438e-01,2.529602050781250000e+00,3.438943386077880859e+00,2.744187355041503906e+00,-2.529602050781250000e+00,-3.438943386077880859e+00,-2.744187355041503906e+00
3.311999999999999744e+01,-1.340413093566894531e+00,-1.116034984588623047e+00,-3.765058517456054688e-01,2.529602050781250000e+00,3.438943386077880859e+00,2.744187355041503906e+00,-2.529602050781250000e+00,-3.438943386077880859e+00,-2.744187355041503906e+00
3.316000000000000369e+01,-1.341200828552246094e+00,-1.116685390472412109e+00,-3.767533302307128906e-01,2.529602050781250000e+00,3.438943386077880859e+00,2.744187355041503906e+00,-2.529602050781250000e+00,-3.438943386077880859e+00,-2.744187355041503906e+00
3.320000000000000284e+01,-1.341986656188964844e+00,-1.117333412170410156e+00,-3.770003318786621094e-01,2.529602050781250000e+00,3.438943386077880859e+00,2.744187355041503906e+00,-2.529602050781250000e+00,-3.438943386077880859e+00,-2.744187355041503906e+00
3.324000000000000199e+01,-1.342770576477050781e+00,-1.117980003356933594e+00,-3.772463798522949219e-01,2.529602050781250000e+00,3.438943386077880859e+00,2.744187355041503906e+00,-2.529602050781250000e+00,-3.438943386077880859e+00,-2.744187355041503906e+00
3.328000000000000114e+01,-1.343552112579345703e+00,-1.118624687194824219e+00,-3.774919509887695312e-01,2.529602050781250000e+00,3.438943386077880859e+00,2.744187355041503906e+00,-2.529602050781250000e+00,-3.438943386077880859e+00,-2.744187355041503906e+00
3.332000000000000028e+01,-1.344331741333007812e+00,-1.119267940521240234e+00,-3.777370452880859375e-01,2.529602050781250000e+00,3.438943386077880859e+00,2.744187355041503906e+00,-2.529602050781250000e+00,-3.438943386077880859e+00,-2.744187355041503906e+00
3.335999999999999943e+01,-1.345109462738037109e+00,-1.119909286499023438e+00,-3.779807090759277344e-01,2.529602050781250000e+00,3.438943386077880859e+00,2.744187355041503906e+00,-2.529602050781250000e+00,-3.438943386077880859e+00,-2.744187355041503906e+00
3.339999999999999858e+01,-1.345885276794433594e+00,-1.120549201965332031e+00,-3.782238960266113281e-01,2.529602050781250000e+00,3.438943386077880859e+00,2.744187355041503906e+00,-2.529602050781250000e+00,-3.438943386077880859e+00,-2.744187355041503906e+00
3.343999999999999773e+01,-1.346658229827880859e+00,-1.121187210083007812e+00,-3.784666061401367188e-01,2.529602050781250000e+00,3.438943386077880859e+00,2.744187355041503906e+00,-2.529602050781250000e+00,-3.438943386077880859e+00,-2.744187355041503906e+00
3.348000000000000398e+01,-1.347429275512695312e+00,-1.121823310852050781e+00,-3.787088394165039062e-01,2.529602050781250000e+00,3.438943386077880859e+00,2.744187355041503906e+00,-2.529602050781250000e+00,-3.438943386077880859e+00,-2.744187355041503906e+00
3.352000000000000313e+01,-1.348198413848876953e+00,-1.122457981109619141e+00,-3.789501190185546875e-01,2.529602050781250000e+00,3.438943386077880859e+00,2.744187355041503906e+00,-2.529602050781250000e+00,-3.438943386077880859e+00,-2.744187355041503906e+00
3.356000000000000227e+01,-1.348965644836425781e+00,-1.123090267181396484e+00,-3.791909217834472656e-01,2.529602050781250000e+00,3.438943386077880859e+00,2.744187355041503906e+00,-2.529602050781250000e+00,-3.438943386077880859e+00,-2.744187355041503906e+00
3.360000000000000142e+01,-1.349730014801025391e+00,-1.123721122741699219e+00,-3.794312477111816406e-01,2.529602050781250000e+00,3.438943386077880859e+00,2.744187355041503906e+00,-2.529602050781250000e+00,-3.438943386077880859e+00,-2.744187355041503906e+00
3.364000000000000057e+01,-1.350492477416992188e+00,-1.124350070953369141e+00,-3.796706199645996094e-01,2.529602050781250000e+00,3.438943386077880859e+00,2.744187355041503906e+00,-2.529602050781250000e+00,-3.438943386077880859e+00,-2.744187355041503906e+00
3.367999999999999972e+01,-1.351253032684326172e+00,-1.124977588653564453e+00,-3.799095153808593750e-01,2.529602050781250000e+00,3.438943386077880859e+00,2.744187355041503906e+00,-2.529602050781250000e+00,-3.438943386077880859e+00,-2.744187355041503906e+00
3.371999999999999886e+01,-1.352011203765869141e+00,-1.125603199005126953e+00,-3.801474571228027344e-01,2.529602050781250000e+00,3.438943386077880859e+00,2.744187355041503906e+00,-2.529602050781250000e+00,-3.438943386077880859e+00,-2.744187355041503906e+00
3.375999999999999801e+01,-1.352766990661621094e+00,-1.126226902008056641e+00,-3.803849220275878906e-01,2.529602050781250000e+00,3.438943386077880859e+00,2.744187355041503906e+00,-2.529602050781250000e+00,-3.438943386077880859e+00,-2.744187355041503906e+00
3.379999999999999716e+01,-1.353521347045898438e+00,-1.126849174499511719e+00,-3.806214332580566406e-01,2.529602050781250000e+00,3.438943386077880859e+00,2.744187355041503906e+00,-2.529602050781250000e+00,-3.438943386077880859e+00,-2.744187355041503906e+00
3.384000000000000341e+01,-1.354272842407226562e+00,-1.127469539642333984e+00,-3.808569908142089844e-01,2.529602050781250000e+00,3.438943386077880859e+00,2.744187355041503906e+00,-2.529602050781250000e+00,-3.438943386077880859e+00,-2.744187355041503906e+00
3.388000000000000256e+01,-1.355023384094238281e+00,-1.128087997436523438e+00,-3.810920715332031250e-01,2.529602050781250000e+00,3.438943386077880859e+00,2.744187355041503906e+00,-2.529602050781250000e+00,-3.438943386077880859e+00,-2.744187355041503906e+00
3.392000000000000171e+01,-1.355771064758300781e+00,-1.128704547882080078e+00,-3.813266754150390625e-01,2.529602050781250000e+00,3.438943386077880859e+00,2.744187355041503906e+00,-2.529602050781250000e+00,-3.438943386077880859e+00,-2.744187355041503906e+00
3.396000000000000085e+01,-1.356516838073730469e+00,-1.129319667816162109e+00,-3.815603256225585938e-01,2.529602050781250000e+00,3.438943386077880859e+00,2.744187355041503906e+00,-2.529602050781250000e+00,-3.438943386077880859e+00,-2.744187355041503906e+00
3.400000000000000000e+01,-1.357260704040527344e+00,-1.129932880401611328e+00,-3.817934989929199219e-01,2.529602050781250000e+00,3.438943386077880859e+00,2.744187355041503906e+00,-2.529602050781250000e+00,-3.438943386077880859e+00,-2.744187355041503906e+00
3.403999999999999915e+01,-1.358001708984375000e+00,-1.130544185638427734e+00,-3.820261955261230469e-01,2.529602050781250000e+00,3.438943386077880859e+00,2.744187355041503906e+00,-2.529602050781250000e+00,-3.438943386077880859e+00,-2.744187355041503906e+00
3.407999999999999829e+01,-1.358740806579589844e+00,-1.131154060363769531e+00,-3.822579383850097656e-01,2.529602050781250000e+00,3.438943386077880859e+00,2.744187355041503906e+00,-2.529602050781250000e+00,-3.438943386077880859e+00,-2.744187355041503906e+00
3.411999999999999744e+01,-1.359477996826171875e+00,-1.131762027740478516e+00,-3.824892044067382812e-01,2.529602050781250000e+00,3.438943386077880859e+00,2.744187355041503906e+00,-2.529602050781250000e+00,-3.438943386077880859e+00,-2.744187355041503906e+00
3.416000000000000369e+01,-1.360213279724121094e+00,-1.132368087768554688e+00,-3.827195167541503906e-01,2.529602050781250000e+00,3.438943386077880859e+00,2.744187355041503906e+00,-2.529602050781250000e+00,-3.438943386077880859e+00,-2.744187355041503906e+00
3.420000000000000284e+01,-1.360946655273437500e+00,-1.132972717285156250e+00,-3.829493522644042969e-01,2.529602050781250000e+00,3.438943386077880859e+00,2.744187355041503906e+00,-2.529602050781250000e+00,-3.438943386077880859e+00,-2.744187355041503906e+00
3.424000000000000199e+01,-1.361677169799804688e+00,-1.133575439453125000e+00,-3.831782341003417969e-01,2.529602050781250000e+00,3.438943386077880859e+00,2.744187355041503906e+00,-2.529602050781250000e+00,-3.438943386077880859e+00,-2.744187355041503906e+00
3.428000000000000114e+01,-1.362405776977539062e+00,-1.134176731109619141e+00,-3.834066390991210938e-01,2.529602050781250000e+00,3.438943386077880859e+00,2.744187355041503906e+00,-2.529602050781250000e+00,-3.438943386077880859e+00,-2.744187355041503906e+00
3.432000000000000028e+01,-1.363131523132324219e+00,-1.134776592254638672e+00,-3.836340904235839844e-01,2.529602050781250000e+00,3.438943386077880859e+00,2.744187355041503906e+00,-2.529602050781250000e+00,-3.438943386077880859e+00,-2.744187355041503906e+00
3.435999999999999943e+01,-1.363856315612792969e+00,-1.135373592376708984e+00,-3.838610649108886719e-01,2.529602050781250000e+00,3.438943386077880859e+00,2.744187355041503906e+00,-2.529602050781250000e+00,-3.438943386077880859e+00,-2.744187355041503906e+00
3.439999999999999858e+01,-1.364579200744628906e+00,-1.135969161987304688e+00,-3.840875625610351562e-01,2.529602050781250000e+00,3.438943386077880859e+00,2.744187355041503906e+00,-2.529602050781250000e+00,-3.438943386077880859e+00,-2.744187355041503906e+00
3.443999999999999773e+01,-1.365299224853515625e+00,-1.136563301086425781e+00,-3.843135833740234375e-01,2.529602050781250000e+00,3.438943386077880859e+00,2.744187355041503906e+00,-2.529602050781250000e+00,-3.438943386077880859e+00,-2.744187355041503906e+00
3.448000000000000398e+01,-1.366017341613769531e+00,-1.137156009674072266e+00,-3.845386505126953125e-01,2.529602050781250000e+00,3.438943386077880859e+00,2.744187355041503906e+00,-2.529602050781250000e+00,-3.438943386077880859e+00,-2.744187355041503906e+00
3.452000000000000313e+01,-1.366733551025390625e+00,-1.137746334075927734e+00,-3.847627639770507812e-01,2.529602050781250000e+00,3.438943386077880859e+00,2.744187355041503906e+00,-2.529602050781250000e+00,-3.438943386077880859e+00,-2.744187355041503906e+00
3.456000000000000227e+01,-1.367446899414062500e+00,-1.138335227966308594e+00,-3.849864006042480469e-01,2.529602050781250000e+00,3.438943386077880859e+00,2.744187355041503906e+00,-2.529602050781250000e+00,-3.438943386077880859e+00,-2.744187355041503906e+00
3.460000000000000142e+01,-1.368158340454101562e+00,-1.138922691345214844e+00,-3.852095603942871094e-01,2.529602050781250000e+00,3.438943386077880859e+00,2.744187355041503906e+00,-2.529602050781250000e+00,-3.438943386077880859e+00,-2.744187355041503906e+00
3.464000000000000057e+01,-1.368867874145507812e+00,-1.139507770538330078e+00,-3.854317665100097656e-01,2.529602050781250000e+00,3.438943386077880859e+00,2.744187355041503906e+00,-2.529602050781250000e+00,-3.438943386077880859e+00,-2.744187355041503906e+00
3.467999999999999972e+01,-1.369575500488281250e+00,-1.140091419219970703e+00,-3.856534957885742188e-01,2.529602050781250000e+00,3.438943386077880859e+00,2.744187355041503906e+00,-2.529602050781250000e+00,-3.438943386077880859e+00,-2.744187355041503906e+00
3.471999999999999886e+01,-1.370281219482421875e+00,-1.140673637390136719e+00,-3.858747482299804688e-01,2.529602050781250000e+00,3.438943386077880859e+00,2.744187355041503906e+00,-2.529602050781250000e+00,-3.438943386077880859e+00,-2.744187355041503906e+00
3.475999999999999801e+01,-1.370985031127929688e+00,-1.141253471374511719e+00,-3.860950469970703125e-01,2.529602050781250000e+00,3.438943386077880859e+00,2.744187355041503906e+00,-2.529602050781250000e+00,-3.438943386077880859e+00,-2.744187355041503906e+00
3.480000000000000426e+01,-1.371686935424804688e+00,-1.141831874847412109e+00,-3.863148689270019531e-01,2.529602050781250000e+00,3.438943386077880859e+00,2.744187355041503906e+00,-2.529602050781250000e+00,-3.438943386077880859e+00,-2.744187355041503906e+00
3.484000000000000341e+01,-1.372386932373046875e+00,-1.142407894134521484e+00,-3.865337371826171875e-01,2.529602050781250000e+00,3.438943386077880859e+00,2.744187355041503906e+00,-2.529602050781250000e+00,-3.438943386077880859e+00,-2.744187355041503906e+00
3.488000000000000256e+01,-1.373083114624023438e+00,-1.142982959747314453e+00,-3.867521286010742188e-01,2.529602050781250000e+00,3.438943386077880859e+00,2.744187355041503906e+00,-2.529602050781250000e+00,-3.438943386077880859e+00,-2.744187355041503906e+00
3.492000000000000171e+01,-1.373777389526367188e+00,-1.143555641174316406e+00,-3.869700431823730469e-01,2.529602050781250000e+00,3.438943386077880859e+00,2.744187355041503906e+00,-2.529602050781250000e+00,-3.438943386077880859e+00,-2.744187355041503906e+00
3.496000000000000085e+01,-1.374470710754394531e+00,-1.144127368927001953e+00,-3.871870040893554688e-01,2.529602050781250000e+00,3.438943386077880859e+00,2.744187355041503906e+00,-2.529602050781250000e+00,-3.438943386077880859e+00,-2.744187355041503906e+00
3.500000000000000000e+01,-1.375162124633789062e+00,-1.144696712493896484e+00,-3.874034881591796875e-01,2.529602050781250000e+00,3.438943386077880859e+00,2.744187355041503906e+00,-2.529602050781250000e+00,-3.438943386077880859e+00,-2.744187355041503906e+00
3.503999999999999915e+01,-1.375850677490234375e+00,-1.145264625549316406e+00,-3.876190185546875000e-01,2.529602050781250000e+00,3.438943386077880859e+00,2.744187355041503906e+00,-2.529602050781250000e+00,-3.438943386077880859e+00,-2.744187355041503906e+00
3.507999999999999829e+01,-1.376537322998046875e+00,-1.145830631256103516e+00,-3.878340721130371094e-01,2.529602050781250000e+00,3.438943386077880859e+00,2.744187355041503906e+00,-2.529602050781250000e+00,-3.438943386077880859e+00,-2.744187355041503906e+00
3.511999999999999744e+01,-1.377222061157226562e+00,-1.146394729614257812e+00,-3.880481719970703125e-01,2.529602050781250000e+00,3.438943386077880859e+00,2.744187355041503906e+00,-2.529602050781250000e+00,-3.438943386077880859e+00,-2.744187355041503906e+00
3.516000000000000369e+01,-1.377903938293457031e+00,-1.146957397460937500e+00,-3.882617950439453125e-01,2.529602050781250000e+00,3.438943386077880859e+00,2.744187355041503906e+00,-2.529602050781250000e+00,-3.438943386077880859e+00,-2.744187355041503906e+00
3.520000000000000284e+01,-1.378583908081054688e+00,-1.147518157958984375e+00,-3.884744644165039062e-01,2.529602050781250000e+00,3.438943386077880859e+00,2.744187355041503906e+00,-2.529602050781250000e+00,-3.438943386077880859e+00,-2.744187355041503906e+00
3.524000000000000199e+01,-1.379261970520019531e+00,-1.148077011108398438e+00,-3.886866569519042969e-01,2.529602050781250000e+00,3.438943386077880859e+00,2.744187355041503906e+00,-2.529602050781250000e+00,-3.438943386077880859e+00,-2.744187355041503906e+00
3.528000000000000114e+01,-1.379938125610351562e+00,-1.148634433746337891e+00,-3.888983726501464844e-01,2.529602050781250000e+00,3.438943386077880859e+00,2.744187355041503906e+00,-2.529602050781250000e+00,-3.438943386077880859e+00,-2.744187355041503906e+00
3.532000000000000028e+01,-1.380611419677734375e+00,-1.149189949035644531e+00,-3.891096115112304688e-01,2.529602050781250000e+00,3.438943386077880859e+00,2.744187355041503906e+00,-2.529602050781250000e+00,-3.438943386077880859e+00,-2.744187355041503906e+00
3.535999999999999943e+01,-1.381282806396484375e+00,-1.149743556976318359e+00,-3.893194198608398438e-01,2.529602050781250000e+00,3.438943386077880859e+00,2.744187355041503906e+00,-2.529602050781250000e+00,-3.438943386077880859e+00,-2.744187355041503906e+00
3.539999999999999858e+01,-1.381952285766601562e+00,-1.150295257568359375e+00,-3.895287513732910156e-01,2.529602050781250000e+00,3.438943386077880859e+00,2.744187355041503906e+00,-2.529602050781250000e+00,-3.438943386077880859e+00,-2.744187355041503906e+00
3.543999999999999773e+01,-1.382619857788085938e+00,-1.150845050811767578e+00,-3.897376060485839844e-01,2.529602050781250000e+00,3.438943386077880859e+00,2.744187355041503906e+00,-2.529602050781250000e+00,-3.438943386077880859e+00,-2.744187355041503906e+00
3.548000000000000398e+01,-1.383284568786621094e+00,-1.151393890380859375e+00,-3.899455070495605469e-01,2.529602050781250000e+00,3.438943386077880859e+00,2.744187355041503906e+00,-2.529602050781250000e+00,-3.438943386077880859e+00,-2.744187355041503906e+00
3.552000000000000313e+01,-1.383947372436523438e+00,-1.151940822601318359e+00,-3.901529312133789062e-01,2.529602050781250000e+00,3.438943386077880859e+00,2.744187355041503906e+00,-2.529602050781250000e+00,-3.438943386077880859e+00,-2.744187355041503906e+00
3.556000000000000227e+01,-1.384608268737792969e+00,-1.152485847473144531e+00,-3.903598785400390625e-01,2.529602050781250000e+00,3.438943386077880859e+00,2.744187355041503906e+00,-2.529602050781250000e+00,-3.438943386077880859e+00,-2.744187355041503906e+00
3.560000000000000142e+01,-1.385267257690429688e+00,-1.153028964996337891e+00,-3.905658721923828125e-01,2.529602050781250000e+00,3.438943386077880859e+00,2.744187355041503906e+00,-2.529602050781250000e+00,-3.438943386077880859e+00,-2.744187355041503906e+00
3.564000000000000057e+01,-1.385923385620117188e+00,-1.153570652008056641e+00,-3.907713890075683594e-01,2.529602050781250000e+00,3.438943386077880859e+00,2.744187355041503906e+00,-2.529602050781250000e+00,-3.438943386077880859e+00,-2.744187355041503906e+00
3.567999999999999972e+01,-1.386578559875488281e+00,-1.154110431671142578e+00,-3.909764289855957031e-01,2.529602050781250000e+00,3.438943386077880859e+00,2.744187355041503906e+00,-2.529602050781250000e+00,-3.438943386077880859e+00,-2.744187355041503906e+00
3.571999999999999886e+01,-1.387230873107910156e+00,-1.154648303985595703e+00,-3.911809921264648438e-01,2.529602050781250000e+00,3.438943386077880859e+00,2.744187355041503906e+00,-2.529602050781250000e+00,-3.438943386077880859e+00,-2.744187355041503906e+00
3.575999999999999801e+01,-1.387881278991699219e+00,-1.155184745788574219e+00,-3.913846015930175781e-01,2.529602050781250000e+00,3.438943386077880859e+00,2.744187355041503906e+00,-2.529602050781250000e+00,-3.438943386077880859e+00,-2.744187355041503906e+00
3.580000000000000426e+01,-1.388529777526855469e+00,-1.155719280242919922e+00,-3.915877342224121094e-01,2.529602050781250000e+00,3.438943386077880859e+00,2.744187355041503906e+00,-2.529602050781250000e+00,-3.438943386077880859e+00,-2.744187355041503906e+00
3.584000000000000341e+01,-1.389175415039062500e+00,-1.156251907348632812e+00,-3.917899131774902344e-01,2.529602050781250000e+00,3.438943386077880859e+00,2.744187355041503906e+00,-2.529602050781250000e+00,-3.438943386077880859e+00,-2.744187355041503906e+00
3.588000000000000256e+01,-1.389819145202636719e+00,-1.156783103942871094e+00,-3.919916152954101562e-01,2.529602050781250000e+00,3.438943386077880859e+00,2.744187355041503906e+00,-2.529602050781250000e+00,-3.438943386077880859e+00,-2.744187355041503906e+00
3.592000000000000171e+01,-1.390460968017578125e+00,-1.157312393188476562e+00,-3.921923637390136719e-01,2.529602050781250000e+00,3.438943386077880859e+00,2.744187355041503906e+00,-2.529602050781250000e+00,-3.438943386077880859e+00,-2.744187355041503906e+00
3.596000000000000085e+01,-1.391100883483886719e+00,-1.157840251922607422e+00,-3.923921585083007812e-01,2.529602050781250000e+00,3.438943386077880859e+00,2.744187355041503906e+00,-2.529602050781250000e+00,-3.438943386077880859e+00,-2.744187355041503906e+00
3.600000000000000000e+01,-1.391738891601562500e+00,-1.158365726470947266e+00,-3.925914764404296875e-01,2.529602050781250000e+00,3.438943386077880859e+00,2.744187355041503906e+00,-2.529602050781250000e+00,-3.438943386077880859e+00,-2.744187355041503906e+00
3.603999999999999915e+01,-1.392374992370605469e+00,-1.158889293670654297e+00,-3.927898406982421875e-01,2.529602050781250000e+00,3.438943386077880859e+00,2.744187355041503906e+00,-2.529602050781250000e+00,-3.438943386077880859e+00,-2.744187355041503906e+00
3.607999999999999829e+01,-1.393009185791015625e+00,-1.159411430358886719e+00,-3.929877281188964844e-01,2.529602050781250000e+00,3.438943386077880859e+00,2.744187355041503906e+00,-2.529602050781250000e+00,-3.438943386077880859e+00,-2.744187355041503906e+00
3.611999999999999744e+01,-1.393640518188476562e+00,-1.159932136535644531e+00,-3.931851387023925781e-01,2.529602050781250000e+00,3.438943386077880859e+00,2.744187355041503906e+00,-2.529602050781250000e+00,-3.438943386077880859e+00,-2.744187355041503906e+00
3.616000000000000369e+01,-1.394269943237304688e+00,-1.160451412200927734e+00,-3.933815956115722656e-01,2.529602050781250000e+00,3.438943386077880859e+00,2.744187355041503906e+00,-2.529602050781250000e+00,-3.438943386077880859e+00,-2.744187355041503906e+00
3.620000000000000284e+01,-1.394896507263183594e+00,-1.160968303680419922e+00,-3.935775756835937500e-01,2.529602050781250000e+00,3.438943386077880859e+00,2.744187355041503906e+00,-2.529602050781250000e+00,-3.438943386077880859e+00,-2.744187355041503906e+00
3.624000000000000199e+01,-1.395521163940429688e+00,-1.161483287811279297e+00,-3.937726020812988281e-01,2.529602050781250000e+00,3.438943386077880859e+00,2.744187355041503906e+00,-2.529602050781250000e+00,-3.438943386077880859e+00,-2.744187355041503906e+00
3.628000000000000114e+01,-1.396143913269042969e+00,-1.161996841430664062e+00,-3.939671516418457031e-01,2.529602050781250000e+00,3.438943386077880859e+00,2.744187355041503906e+00,-2.529602050781250000e+00,-3.438943386077880859e+00,-2.744187355041503906e+00
3.632000000000000028e+01,-1.396764755249023438e+00,-1.162508010864257812e+00,-3.941607475280761719e-01,2.529602050781250000e+00,3.438943386077880859e+00,2.744187355041503906e+00,-2.529602050781250000e+00,-3.438943386077880859e+00,-2.744187355041503906e+00
3.635999999999999943e+01,-1.397382736206054688e+00,-1.163017749786376953e+00,-3.943538665771484375e-01,2.529602050781250000e+00,3.438943386077880859e+00,2.744187355041503906e+00,-2.529602050781250000e+00,-3.438943386077880859e+00,-2.744187355041503906e+00
3.639999999999999858e+01,-1.397998809814453125e+00,-1.163526535034179688e+00,-3.945460319519042969e-01,2.529602050781250000e+00,3.438943386077880859e+00,2.744187355041503906e+00,-2.529602050781250000e+00,-3.438943386077880859e+00,-2.744187355041503906e+00
3.643999999999999773e+01,-1.398612976074218750e+00,-1.164032936096191406e+00,-3.947377204895019531e-01,2.529602050781250000e+00,3.438943386077880859e+00,2.744187355041503906e+00,-2.529602050781250000e+00,-3.438943386077880859e+00,-2.744187355041503906e+00
3.648000000000000398e+01,-1.399226188659667969e+00,-1.164537906646728516e+00,-3.949289321899414062e-01,2.529602050781250000e+00,3.438943386077880859e+00,2.744187355041503906e+00,-2.529602050781250000e+00,-3.438943386077880859e+00,-2.744187355041503906e+00
3.652000000000000313e+01,-1.399836540222167969e+00,-1.165040493011474609e+00,-3.951191902160644531e-01,2.529602050781250000e+00,3.438943386077880859e+00,2.744187355041503906e+00,-2.529602050781250000e+00,-3.438943386077880859e+00,-2.744187355041503906e+00
3.656000000000000227e+01,-1.400444984436035156e+00,-1.165541648864746094e+00,-3.953089714050292969e-01,2.529602050781250000e+00,3.438943386077880859e+00,2.744187355041503906e+00,-2.529602050781250000e+00,-3.438943386077880859e+00,-2.744187355041503906e+00
3.660000000000000142e+01,-1.401051521301269531e+00,-1.166040897369384766e+00,-3.954982757568359375e-01,2.529602050781250000e+00,3.438943386077880859e+00,2.744187355041503906e+00,-2.529602050781250000e+00,-3.438943386077880859e+00,-2.744187355041503906e+00
3.664000000000000057e+01,-1.401655197143554688e+00,-1.166538715362548828e+00,-3.956866264343261719e-01,2.529602050781250000e+00,3.438943386077880859e+00,2.744187355041503906e+00,-2.529602050781250000e+00,-3.438943386077880859e+00,-2.744187355041503906e+00
3.667999999999999972e+01,-1.402257919311523438e+00,-1.167034626007080078e+00,-3.958745002746582031e-01,2.529602050781250000e+00,3.438943386077880859e+00,2.744187355041503906e+00,-2.529602050781250000e+00,-3.438943386077880859e+00,-2.744187355041503906e+00
3.671999999999999886e+01,-1.402857780456542969e+00,-1.167529106140136719e+00,-3.960618972778320312e-01,2.529602050781250000e+00,3.438943386077880859e+00,2.744187355041503906e+00,-2.529602050781250000e+00,-3.438943386077880859e+00,-2.744187355041503906e+00
3.675999999999999801e+01,-1.403455734252929688e+00,-1.168021678924560547e+00,-3.962483406066894531e-01,2.529602050781250000e+00,3.438943386077880859e+00,2.744187355041503906e+00,-2.529602050781250000e+00,-3.438943386077880859e+00,-2.744187355041503906e+00
3.680000000000000426e+01,-1.404050827026367188e+00,-1.168512821197509766e+00,-3.964338302612304688e-01,2.529602050781250000e+00,3.438943386077880859e+00,2.744187355041503906e+00,-2.529602050781250000e+00,-3.438943386077880859e+00,-2.744187355041503906e+00
3.684000000000000341e+01,-1.404644012451171875e+00,-1.169002056121826172e+00,-3.966188430786132812e-01,2.529602050781250000e+00,3.438943386077880859e+00,2.744187355041503906e+00,-2.529602050781250000e+00,-3.438943386077880859e+00,-2.744187355041503906e+00
3.688000000000000256e+01,-1.405235290527343750e+00,-1.169489383697509766e+00,-3.968029022216796875e-01,2.529602050781250000e+00,3.438943386077880859e+00,2.744187355041503906e+00,-2.529602050781250000e+00,-3.438943386077880859e+00,-2.744187355041503906e+00
3.692000000000000171e+01,-1.405824661254882812e+00,-1.169975280761718750e+00,-3.969869613647460938e-01,2.529602050781250000e+00,3.438943386077880859e+00,2.744187355041503906e+00,-2.529602050781250000e+00,-3.438943386077880859e+00,-2.744187355041503906e+00
3.696000000000000085e+01,-1.406412124633789062e+00,-1.170459270477294922e+00,-3.971700668334960938e-01,2.529602050781250000e+00,3.438943386077880859e+00,2.744187355041503906e+00,-2.529602050781250000e+00,-3.438943386077880859e+00,-2.744187355041503906e+00
3.700000000000000000e+01,-1.406997680664062500e+00,-1.170941352844238281e+00,-3.973526954650878906e-01,2.529602050781250000e+00,3.438943386077880859e+00,2.744187355041503906e+00,-2.529602050781250000e+00,-3.438943386077880859e+00,-2.744187355041503906e+00
3.703999999999999915e+01,-1.407580375671386719e+00,-1.171421527862548828e+00,-3.975343704223632812e-01,2.529602050781250000e+00,3.438943386077880859e+00,2.744187355041503906e+00,-2.529602050781250000e+00,-3.438943386077880859e+00,-2.744187355041503906e+00
3.707999999999999829e+01,-1.408161163330078125e+00,-1.171900749206542969e+00,-3.977150917053222656e-01,2.529602050781250000e+00,3.438943386077880859e+00,2.744187355041503906e+00,-2.529602050781250000e+00,-3.438943386077880859e+00,-2.744187355041503906e+00
3.711999999999999744e+01,-1.408740043640136719e+00,-1.172378063201904297e+00,-3.978953361511230469e-01,2.529602050781250000e+00,3.438943386077880859e+00,2.744187355041503906e+00,-2.529602050781250000e+00,-3.438943386077880859e+00,-2.744187355041503906e+00
3.716000000000000369e+01,-1.409317016601562500e+00,-1.172853469848632812e+00,-3.980751037597656250e-01,2.529602050781250000e+00,3.438943386077880859e+00,2.744187355041503906e+00,-2.529602050781250000e+00,-3.438943386077880859e+00,-2.744187355041503906e+00
3.720000000000000284e+01,-1.409891128540039062e+00,-1.173326969146728516e+00,-3.982539176940917969e-01,2.529602050781250000e+00,3.438943386077880859e+00,2.744187355041503906e+00,-2.529602050781250000e+00,-3.438943386077880859e+00,-2.744187355041503906e+00
3.724000000000000199e+01,-1.410463333129882812e+00,-1.173798561096191406e+00,-3.984322547912597656e-01,2.529602050781250000e+00,3.438943386077880859e+00,2.744187355041503906e+00,-2.529602050781250000e+00,-3.438943386077880859e+00,-2.744187355041503906e+00
3.728000000000000114e+01,-1.411033630371093750e+00,-1.174268245697021484e+00,-3.986096382141113281e-01,2.529602050781250000e+00,3.438943386077880859e+00,2.744187355041503906e+00,-2.529602050781250000e+00,-3.438943386077880859e+00,-2.744187355041503906e+00
3.732000000000000028e+01,-1.411601066589355469e+00,-1.174736022949218750e+00,-3.987865447998046875e-01,2.529602050781250000e+00,3.438943386077880859e+00,2.744187355041503906e+00,-2.529602050781250000e+00,-3.438943386077880859e+00,-2.744187355041503906e+00
3.735999999999999943e+01,-1.412166595458984375e+00,-1.175201892852783203e+00,-3.989629745483398438e-01,2.529602050781250000e+00,3.438943386077880859e+00,2.744187355041503906e+00,-2.529602050781250000e+00,-3.438943386077880859e+00,-2.744187355041503906e+00
3.739999999999999858e+01,-1.412731170654296875e+00,-1.175666332244873047e+00,-3.991384506225585938e-01,2.529602050781250000e+00,3.438943386077880859e+00,2.744187355041503906e+00,-2.529602050781250000e+00,-3.438943386077880859e+00,-2.744187355041503906e+00
3.743999999999999773e+01,-1.413293838500976562e+00,-1.176128387451171875e+00,-3.993134498596191406e-01,2.529602050781250000e+00,3.438943386077880859e+00,2.744187355041503906e+00,-2.529602050781250000e+00,-3.438943386077880859e+00,-2.744187355041503906e+00
3.748000000000000398e+01,-1.413853645324707031e+00,-1.176589012145996094e+00,-3.994879722595214844e-01,2.529602050781250000e+00,3.438943386077880859e+00,2.744187355041503906e+00,-2.529602050781250000e+00,-3.438943386077880859e+00,-2.744187355041503906e+00
3.752000000000000313e+01,-1.414410591125488281e+00,-1.177047729492187500e+00,-3.996615409851074219e-01,2.529602050781250000e+00,3.438943386077880859e+00,2.744187355041503906e+00,-2.529602050781250000e+00,-3.438943386077880859e+00,-2.744187355041503906e+00
3.756000000000000227e+01,-1.414965629577636719e+00,-1.177505493164062500e+00,-3.998341560363769531e-01,2.529602050781250000e+00,3.438943386077880859e+00,2.744187355041503906e+00,-2.529602050781250000e+00,-3.438943386077880859e+00,-2.744187355041503906e+00
3.760000000000000142e+01,-1.415518760681152344e+00,-1.177961349487304688e+00,-4.000062942504882812e-01,2.529602050781250000e+00,3.438943386077880859e+00,2.744187355041503906e+00,-2.529602050781250000e+00,-3.438943386077880859e+00,-2.744187355041503906e+00
3.764000000000000057e+01,-1.416069984436035156e+00,-1.178415298461914062e+00,-4.001774787902832031e-01,2.529602050781250000e+00,3.438943386077880859e+00,2.744187355041503906e+00,-2.529602050781250000e+00,-3.438943386077880859e+00,-2.744187355041503906e+00
3.767999999999999972e+01,-1.416619300842285156e+00,-1.178867340087890625e+00,-4.003481864929199219e-01,2.529602050781250000e+00,3.438943386077880859e+00,2.744187355041503906e+00,-2.529602050781250000e+00,-3.438943386077880859e+00,-2.744187355041503906e+00
3.771999999999999886e+01,-1.417166709899902344e+00,-1.179318428039550781e+00,-4.005184173583984375e-01,2.529602050781250000e+00,3.438943386077880859e+00,2.744187355041503906e+00,-2.529602050781250000e+00,-3.438943386077880859e+00,-2.744187355041503906e+00
3.775999999999999801e+01,-1.417712211608886719e+00,-1.179767608642578125e+00,-4.006876945495605469e-01,2.529602050781250000e+00,3.438943386077880859e+00,2.744187355041503906e+00,-2.529602050781250000e+00,-3.438943386077880859e+00,-2.744187355041503906e+00
3.780000000000000426e+01,-1.418254852294921875e+00,-1.180214881896972656e+00,-4.008564949035644531e-01,2.529602050781250000e+00,3.438943386077880859e+00,2.744187355041503906e+00,-2.529602050781250000e+00,-3.438943386077880859e+00,-2.744187355041503906e+00
3.784000000000000341e+01,-1.418795585632324219e+00,-1.180660247802734375e+00,-4.010248184204101562e-01,2.529602050781250000e+00,3.438943386077880859e+00,2.744187355041503906e+00,-2.529602050781250000e+00,-3.438943386077880859e+00,-2.744187355041503906e+00
3.788000000000000256e+01,-1.419334411621093750e+00,-1.181103706359863281e+00,-4.011921882629394531e-01,2.529602050781250000e+00,3.438943386077880859e+00,2.744187355041503906e+00,-2.529602050781250000e+00,-3.438943386077880859e+00,-2.744187355041503906e+00
3.792000000000000171e+01,-1.419870376586914062e+00,-1.181546211242675781e+00,-4.013590812683105469e-01,2.529602050781250000e+00,3.438943386077880859e+00,2.744187355041503906e+00,-2.529602050781250000e+00,-3.438943386077880859e+00,-2.744187355041503906e+00
3.796000000000000085e+01,-1.420404434204101562e+00,-1.181986808776855469e+00,-4.015250205993652344e-01,2.529602050781250000e+00,3.438943386077880859e+00,2.744187355041503906e+00,-2.529602050781250000e+00,-3.438943386077880859e+00,-2.744187355041503906e+00
3.800000000000000000e+01,-1.420937538146972656e+00,-1.182425498962402344e+00,-4.016904830932617188e-01,2.529602050781250000e+00,3.438943386077880859e+00,2.744187355041503906e+00,-2.529602050781250000e+00,-3.438943386077880859e+00,-2.744187355041503906e+00
3.803999999999999915e+01,-1.421467781066894531e+00,-1.182862281799316406e+00,-4.018549919128417969e-01,2.529602050781250000e+00,3.438943386077880859e+00,2.744187355041503906e+00,-2.529602050781250000e+00,-3.438943386077880859e+00,-2.744187355041503906e+00
3.807999999999999829e+01,-1.421996116638183594e+00,-1.183297157287597656e+00,-4.020190238952636719e-01,2.529602050781250000e+00,3.438943386077880859e+00,2.744187355041503906e+00,-2.529602050781250000e+00,-3.438943386077880859e+00,-2.744187355041503906e+00
3.811999999999999744e+01,-1.422521591186523438e+00,-1.183730125427246094e+00,-4.021821022033691406e-01,2.529602050781250000e+00,3.438943386077880859e+00,2.744187355041503906e+00,-2.529602050781250000e+00,-3.438943386077880859e+00,-2.744187355041503906e+00
3.816000000000000369e+01,-1.423046112060546875e+00,-1.184162139892578125e+00,-4.023442268371582031e-01,2.529602050781250000e+00,3.438943386077880859e+00,2.744187355041503906e+00,-2.529602050781250000e+00,-3.438943386077880859e+00,-2.744187355041503906e+00
3.820000000000000284e+01,-1.423567771911621094e+00,-1.184592247009277344e+00,-4.025063514709472656e-01,2.529602050781250000e+00,3.438943386077880859e+00,2.744187355041503906e+00,-2.529602050781250000e+00,-3.438943386077880859e+00,-2.744187355041503906e+00
3.824000000000000199e+01,-1.424087524414062500e+00,-1.185020446777343750e+00,-4.026675224304199219e-01,2.529602050781250000e+00,3.438943386077880859e+00,2.744187355041503906e+00,-2.529602050781250000e+00,-3.438943386077880859e+00,-2.744187355041503906e+00
3.828000000000000114e+01,-1.424605369567871094e+00,-1.185446739196777344e+00,-4.028277397155761719e-01,2.529602050781250000e+00,3.438943386077880859e+00,2.744187355041503906e+00,-2.529602050781250000e+00,-3.438943386077880859e+00,-2.744187355041503906e+00
3.832000000000000028e+01,-1.425121307373046875e+00,-1.185872077941894531e+00,-4.029874801635742188e-01,2.529602050781250000e+00,3.438943386077880859e+00,2.744187355041503906e+00,-2.529602050781250000e+00,-3.438943386077880859e+00,-2.744187355041503906e+00
3.835999999999999943e+01,-1.425634384155273438e+00,-1.186294555664062500e+00,-4.031467437744140625e-01,2.529602050781250000e+00,3.438943386077880859e+00,2.744187355041503906e+00,-2.529602050781250000e+00,-3.438943386077880859e+00,-2.744187355041503906e+00
3.839999999999999858e+01,-1.426145553588867188e+00,-1.186716079711914062e+00,-4.033055305480957031e-01,2.529602050781250000e+00,3.438943386077880859e+00,2.744187355041503906e+00,-2.529602050781250000e+00,-3.438943386077880859e+00,-2.744187355041503906e+00
3.843999999999999773e+01,-1.426654815673828125e+00,-1.187135696411132812e+00,-4.034633636474609375e-01,2.529602050781250000e+00,3.438943386077880859e+00,2.744187355041503906e+00,-2.529602050781250000e+00,-3.438943386077880859e+00,-2.744187355041503906e+00
3.848000000000000398e+01,-1.427162170410156250e+00,-1.187552452087402344e+00,-4.036207199096679688e-01,2.529602050781250000e+00,3.438943386077880859e+00,2.744187355041503906e+00,-2.529602050781250000e+00,-3.438943386077880859e+00,-2.744187355041503906e+00
3.852000000000000313e+01,-1.427666664123535156e+00,-1.187968254089355469e+00,-4.037771224975585938e-01,2.529602050781250000e+00,3.438943386077880859e+00,2.744187355041503906e+00,-2.529602050781250000e+00,-3.438943386077880859e+00,-2.744187355041503906e+00
3.856000000000000227e+01,-1.428169250488281250e+00,-1.188382148742675781e+00,-4.039330482482910156e-01,2.529602050781250000e+00,3.438943386077880859e+00,2.744187355041503906e+00,-2.529602050781250000e+00,-3.438943386077880859e+00,-2.744187355041503906e+00
3.860000000000000142e+01,-1.428669929504394531e+00,-1.188794136047363281e+00,-4.040884971618652344e-01,2.529602050781250000e+00,3.438943386077880859e+00,2.744187355041503906e+00,-2.529602050781250000e+00,-3.438943386077880859e+00,-2.744187355041503906e+00
3.864000000000000057e+01,-1.429168701171875000e+00,-1.189205169677734375e+00,-4.042425155639648438e-01,2.529602050781250000e+00,3.438943386077880859e+00,2.744187355041503906e+00,-2.529602050781250000e+00,-3.438943386077880859e+00,-2.744187355041503906e+00
3.867999999999999972e+01,-1.429665565490722656e+00,-1.189614295959472656e+00,-4.043960571289062500e-01,2.529602050781250000e+00,3.438943386077880859e+00,2.744187355041503906e+00,-2.529602050781250000e+00,-3.438943386077880859e+00,-2.744187355041503906e+00
3.871999999999999886e+01,-1.430160522460937500e+00,-1.190021514892578125e+00,-4.045491218566894531e-01,2.529602050781250000e+00,3.438943386077880859e+00,2.744187355041503906e+00,-2.529602050781250000e+00,-3.438943386077880859e+00,-2.744187355041503906e+00
3.875999999999999801e+01,-1.430652618408203125e+00,-1.190426826477050781e+00,-4.047017097473144531e-01,2.529602050781250000e+00,3.438943386077880859e+00,2.744187355041503906e+00,-2.529602050781250000e+00,-3.438943386077880859e+00,-2.744187355041503906e+00
3.880000000000000426e+01,-1.431142807006835938e+00,-1.190831184387207031e+00,-4.048533439636230469e-01,2.529602050781250000e+00,3.438943386077880859e+00,2.744187355041503906e+00,-2.529602050781250000e+00,-3.438943386077880859e+00,-2.744187355041503906e+00
3.884000000000000341e+01,-1.431631088256835938e+00,-1.191233634948730469e+00,-4.050040245056152344e-01,2.529602050781250000e+00,3.438943386077880859e+00,2.744187355041503906e+00,-2.529602050781250000e+00,-3.438943386077880859e+00,-2.744187355041503906e+00
3.888000000000000256e+01,-1.432117462158203125e+00,-1.191634178161621094e+00,-4.051542282104492188e-01,2.529602050781250000e+00,3.438943386077880859e+00,2.744187355041503906e+00,-2.529602050781250000e+00,-3.438943386077880859e+00,-2.744187355041503906e+00
3.892000000000000171e+01,-1.432600975036621094e+00,-1.192032814025878906e+00,-4.053039550781250000e-01,2.529602050781250000e+00,3.438943386077880859e+00,2.744187355041503906e+00,-2.529602050781250000e+00,-3.438943386077880859e+00,-2.744187355041503906e+00
3.896000000000000085e+01,-1.433082580566406250e+00,-1.192429542541503906e+00,-4.054527282714843750e-01,2.529602050781250000e+00,3.438943386077880859e+00,2.744187355041503906e+00,-2.529602050781250000e+00,-3.438943386077880859e+00,-2.744187355041503906e+00
3.900000000000000000e+01,-1.433562278747558594e+00,-1.192824363708496094e+00,-4.056010246276855469e-01,2.529602050781250000e+00,3.438943386077880859e+00,2.744187355041503906e+00,-2.529602050781250000e+00,-3.438943386077880859e+00,-2.744187355041503906e+00
3.903999999999999915e+01,-1.434040069580078125e+00,-1.193217277526855469e+00,-4.057483673095703125e-01,2.529602050781250000e+00,3.438943386077880859e+00,2.744187355041503906e+00,-2.529602050781250000e+00,-3.438943386077880859e+00,-2.744187355041503906e+00
3.907999999999999829e+01,-1.434515953063964844e+00,-1.193608283996582031e+00,-4.058952331542968750e-01,2.529602050781250000e+00,3.438943386077880859e+00,2.744187355041503906e+00,-2.529602050781250000e+00,-3.438943386077880859e+00,-2.744187355041503906e+00
3.911999999999999744e+01,-1.434988975524902344e+00,-1.193997383117675781e+00,-4.060411453247070312e-01,2.529602050781250000e+00,3.438943386077880859e+00,2.744187355041503906e+00,-2.529602050781250000e+00,-3.438943386077880859e+00,-2.744187355041503906e+00
3.916000000000000369e+01,-1.435460090637207031e+00,-1.194385528564453125e+00,-4.061865806579589844e-01,2.529602050781250000e+00,3.438943386077880859e+00,2.744187355041503906e+00,-2.529602050781250000e+00,-3.438943386077880859e+00,-2.744187355041503906e+00
3.920000000000000284e+01,-1.435929298400878906e+00,-1.194771766662597656e+00,-4.063315391540527344e-01,2.529602050781250000e+00,3.438943386077880859e+00,2.744187355041503906e+00,-2.529602050781250000e+00,-3.438943386077880859e+00,-2.744187355041503906e+00
3.924000000000000199e+01,-1.436396598815917969e+00,-1.195156097412109375e+00,-4.064755439758300781e-01,2.529602050781250000e+00,3.438943386077880859e+00,2.744187355041503906e+00,-2.529602050781250000e+00,-3.438943386077880859e+00,-2.744187355041503906e+00
3.928000000000000114e+01,-1.436861038208007812e+00,-1.195538520812988281e+00,-4.066185951232910156e-01,2.529602050781250000e+00,3.438943386077880859e+00,2.744187355041503906e+00,-2.529602050781250000e+00,-3.438943386077880859e+00,-2.744187355041503906e+00
3.932000000000000028e+01,-1.437323570251464844e+00,-1.195919036865234375e+00,-4.067616462707519531e-01,2.529602050781250000e+00,3.438943386077880859e+00,2.744187355041503906e+00,-2.529602050781250000e+00,-3.438943386077880859e+00,-2.744187355041503906e+00
3.935999999999999943e+01,-1.437784194946289062e+00,-1.196298599243164062e+00,-4.069037437438964844e-01,2.529602050781250000e+00,3.438943386077880859e+00,2.744187355041503906e+00,-2.529602050781250000e+00,-3.438943386077880859e+00,-2.744187355041503906e+00
3.939999999999999858e+01,-1.438242912292480469e+00,-1.196676254272460938e+00,-4.070448875427246094e-01,2.529602050781250000e+00,3.438943386077880859e+00,2.744187355041503906e+00,-2.529602050781250000e+00,-3.438943386077880859e+00,-2.744187355041503906e+00
3.943999999999999773e+01,-1.438699722290039062e+00,-1.197052001953125000e+00,-4.071855545043945312e-01,2.529602050781250000e+00,3.438943386077880859e+00,2.744187355041503906e+00,-2.529602050781250000e+00,-3.438943386077880859e+00,-2.744187355041503906e+00
3.948000000000000398e+01,-1.439153671264648438e+00,-1.197426795959472656e+00,-4.073252677917480469e-01,2.529602050781250000e+00,3.438943386077880859e+00,2.744187355041503906e+00,-2.529602050781250000e+00,-3.438943386077880859e+00,-2.744187355041503906e+00
3.952000000000000313e+01,-1.439605712890625000e+00,-1.197799682617187500e+00,-4.074645042419433594e-01,2.529602050781250000e+00,3.438943386077880859e+00,2.744187355041503906e+00,-2.529602050781250000e+00,-3.438943386077880859e+00,-2.744187355041503906e+00
3.956000000000000227e+01,-1.440055847167968750e+00,-1.198169708251953125e+00,-4.076027870178222656e-01,2.529602050781250000e+00,3.438943386077880859e+00,2.744187355041503906e+00,-2.529602050781250000e+00,-3.438943386077880859e+00,-2.744187355041503906e+00
3.960000000000000142e+01,-1.440504074096679688e+00,-1.198538780212402344e+00,-4.077410697937011719e-01,2.529602050781250000e+00,3.438943386077880859e+00,2.744187355041503906e+00,-2.529602050781250000e+00,-3.438943386077880859e+00,-2.744187355041503906e+00
3.964000000000000057e+01,-1.440949440002441406e+00,-1.198905944824218750e+00,-4.078788757324218750e-01,2.529602050781250000e+00,3.438943386077880859e+00,2.744187355041503906e+00,-2.529602050781250000e+00,-3.438943386077880859e+00,-2.744187355041503906e+00
3.967999999999999972e+01,-1.441393852233886719e+00,-1.199271202087402344e+00,-4.080157279968261719e-01,2.529602050781250000e+00,3.438943386077880859e+00,2.744187355041503906e+00,-2.529602050781250000e+00,-3.438943386077880859e+00,-2.744187355041503906e+00
3.971999999999999886e+01,-1.441835403442382812e+00,-1.199634552001953125e+00,-4.081521034240722656e-01,2.529602050781250000e+00,3.438943386077880859e+00,2.744187355041503906e+00,-2.529602050781250000e+00,-3.438943386077880859e+00,-2.744187355041503906e+00
3.975999999999999801e+01,-1.442275047302246094e+00,-1.199996948242187500e+00,-4.082870483398437500e-01,2.529602050781250000e+00,3.438943386077880859e+00,2.744187355041503906e+00,-2.529602050781250000e+00,-3.438943386077880859e+00,-2.744187355041503906e+00
3.980000000000000426e+01,-1.442712783813476562e+00,-1.200356483459472656e+00,-4.084210395812988281e-01,2.529602050781250000e+00,3.438943386077880859e+00,2.744187355041503906e+00,-2.529602050781250000e+00,-3.438943386077880859e+00,-2.744187355041503906e+00
3.984000000000000341e+01,-1.443147659301757812e+00,-1.200715065002441406e+00,-4.085545539855957031e-01,2.529602050781250000e+00,3.438943386077880859e+00,2.744187355041503906e+00,-2.529602050781250000e+00,-3.438943386077880859e+00,-2.744187355041503906e+00
3.988000000000000256e+01,-1.443581581115722656e+00,-1.201071739196777344e+00,-4.086875915527343750e-01,2.529602050781250000e+00,3.438943386077880859e+00,2.744187355041503906e+00,-2.529602050781250000e+00,-3.438943386077880859e+00,-2.744187355041503906e+00
3.992000000000000171e+01,-1.444012641906738281e+00,-1.201426506042480469e+00,-4.088201522827148438e-01,2.529602050781250000e+00,3.438943386077880859e+00,2.744187355041503906e+00,-2.529602050781250000e+00,-3.438943386077880859e+00,-2.744187355041503906e+00
3.996000000000000085e+01,-1.444441795349121094e+00,-1.201780319213867188e+00,-4.089522361755371094e-01,2.529602050781250000e+00,3.438943386077880859e+00,2.744187355041503906e+00,-2.529602050781250000e+00,-3.438943386077880859e+00,-2.744187355041503906e+00
4.000000000000000000e+01,-1.444868087768554688e+00,-1.202131271362304688e+00,-4.090838432312011719e-01,2.529602050781250000e+00,3.438943386077880859e+00,2.744187355041503906e+00,-2.529602050781250000e+00,-3.438943386077880859e+00,-2.744187355041503906e+00
4.003999999999999915e+01,-1.445293426513671875e+00,-1.202480316162109375e+00,-4.092140197753906250e-01,2.529602050781250000e+00,3.438943386077880859e+00,2.744187355041503906e+00,-2.529602050781250000e+00,-3.438943386077880859e+00,-2.744187355041503906e+00
4.007999999999999829e+01,-1.445716857910156250e+00,-1.202828407287597656e+00,-4.093437194824218750e-01,2.529602050781250000e+00,3.438943386077880859e+00,2.744187355041503906e+00,-2.529602050781250000e+00,-3.438943386077880859e+00,-2.744187355041503906e+00
4.011999999999999744e+01,-1.446137428283691406e+00,-1.203174591064453125e+00,-4.094729423522949219e-01,2.529602050781250000e+00,3.438943386077880859e+00,2.744187355041503906e+00,-2.529602050781250000e+00,-3.438943386077880859e+00,-2.744187355041503906e+00
4.016000000000000369e+01,-1.446556091308593750e+00,-1.203518867492675781e+00,-4.096016883850097656e-01,2.529602050781250000e+00,3.438943386077880859e+00,2.744187355041503906e+00,-2.529602050781250000e+00,-3.438943386077880859e+00,-2.744187355041503906e+00
4.020000000000000284e+01,-1.446972846984863281e+00,-1.203861236572265625e+00,-4.097290039062500000e-01,2.529602050781250000e+00,3.438943386077880859e+00,2.744187355041503906e+00,-2.529602050781250000e+00,-3.438943386077880859e+00,-2.744187355041503906e+00
4.024000000000000199e+01,-1.447387695312500000e+00,-1.204201698303222656e+00,-4.098558425903320312e-01,2.529602050781250000e+00,3.438943386077880859e+00,2.744187355041503906e+00,-2.529602050781250000e+00,-3.438943386077880859e+00,-2.744187355041503906e+00
4.028000000000000114e+01,-1.447799682617187500e+00,-1.204541206359863281e+00,-4.099826812744140625e-01,2.529602050781250000e+00,3.438943386077880859e+00,2.744187355041503906e+00,-2.529602050781250000e+00,-3.438943386077880859e+00,-2.744187355041503906e+00
4.032000000000000028e+01,-1.448209762573242188e+00,-1.204878807067871094e+00,-4.101080894470214844e-01,2.529602050781250000e+00,3.438943386077880859e+00,2.744187355041503906e+00,-2.529602050781250000e+00,-3.438943386077880859e+00,-2.744187355041503906e+00
4.035999999999999943e+01,-1.448617935180664062e+00,-1.205214500427246094e+00,-4.102330207824707031e-01,2.529602050781250000e+00,3.438943386077880859e+00,2.744187355041503906e+00,-2.529602050781250000e+00,-3.438943386077880859e+00,-2.744187355041503906e+00
4.039999999999999858e+01,-1.449024200439453125e+00,-1.205549240112304688e+00,-4.103569984436035156e-01,2.529602050781250000e+00,3.438943386077880859e+00,2.744187355041503906e+00,-2.529602050781250000e+00,-3.438943386077880859e+00,-2.744187355041503906e+00
4.043999999999999773e+01,-1.449428558349609375e+00,-1.205881118774414062e+00,-4.104804992675781250e-01,2.529602050781250000e+00,3.438943386077880859e+00,2.744187355041503906e+00,-2.529602050781250000e+00,-3.438943386077880859e+00,-2.744187355041503906e+00
4.048000000000000398e+01,-1.449830055236816406e+00,-1.206211090087890625e+00,-4.106035232543945312e-01,2.529602050781250000e+00,3.438943386077880859e+00,2.744187355041503906e+00,-2.529602050781250000e+00,-3.438943386077880859e+00,-2.744187355041503906e+00
4.052000000000000313e+01,-1.450229644775390625e+00,-1.206539154052734375e+00,-4.107255935668945312e-01,2.529602050781250000e+00,3.438943386077880859e+00,2.744187355041503906e+00,-2.529602050781250000e+00,-3.438943386077880859e+00,-2.744187355041503906e+00
4.056000000000000227e+01,-1.450627326965332031e+00,-1.206866264343261719e+00,-4.108471870422363281e-01,2.529602050781250000e+00,3.438943386077880859e+00,2.744187355041503906e+00,-2.529602050781250000e+00,-3.438943386077880859e+00,-2.744187355041503906e+00
4.060000000000000142e+01,-1.451023101806640625e+00,-1.207191467285156250e+00,-4.109678268432617188e-01,2.529602050781250000e+00,3.438943386077880859e+00,2.744187355041503906e+00,-2.529602050781250000e+00,-3.438943386077880859e+00,-2.744187355041503906e+00
4.064000000000000057e+01,-1.451416969299316406e+00,-1.207514762878417969e+00,-4.110879898071289062e-01,2.529602050781250000e+00,3.438943386077880859e+00,2.744187355041503906e+00,-2.529602050781250000e+00,-3.438943386077880859e+00,-2.744187355041503906e+00
4.067999999999999972e+01,-1.451807975769042969e+00,-1.207837104797363281e+00,-4.112071990966796875e-01,2.529602050781250000e+00,3.438943386077880859e+00,2.744187355041503906e+00,-2.529602050781250000e+00,-3.438943386077880859e+00,-2.744187355041503906e+00
4.071999999999999886e+01,-1.452197074890136719e+00,-1.208157539367675781e+00,-4.113264083862304688e-01,2.529602050781250000e+00,3.438943386077880859e+00,2.744187355041503906e+00,-2.529602050781250000e+00,-3.438943386077880859e+00,-2.744187355041503906e+00
4.075999999999999801e+01,-1.452584266662597656e+00,-1.208476066589355469e+00,-4.114441871643066406e-01,2.529602050781250000e+00,3.438943386077880859e+00,2.744187355041503906e+00,-2.529602050781250000e+00,-3.438943386077880859e+00,-2.744187355041503906e+00
4.080000000000000426e+01,-1.452968597412109375e+00,-1.208792686462402344e+00,-4.115619659423828125e-01,2.529602050781250000e+00,3.438943386077880859e+00,2.744187355041503906e+00,-2.529602050781250000e+00,-3.438943386077880859e+00,-2.744187355041503906e+00
4.084000000000000341e+01,-1.453351020812988281e+00,-1.209107398986816406e+00,-4.116787910461425781e-01,2.529602050781250000e+00,3.438943386077880859e+00,2.744187355041503906e+00,-2.529602050781250000e+00,-3.438943386077880859e+00,-2.744187355041503906e+00
4.088000000000000256e+01,-1.453732490539550781e+00,-1.209420204162597656e+00,-4.117946624755859375e-01,2.529602050781250000e+00,3.438943386077880859e+00,2.744187355041503906e+00,-2.529602050781250000e+00,-3.438943386077880859e+00,-2.744187355041503906e+00
4.092000000000000171e+01,-1.454111099243164062e+00,-1.209731101989746094e+00,-4.119100570678710938e-01,2.529602050781250000e+00,3.438943386077880859e+00,2.744187355041503906e+00,-2.529602050781250000e+00,-3.438943386077880859e+00,-2.744187355041503906e+00
4.096000000000000085e+01,-1.454487800598144531e+00,-1.210041046142578125e+00,-4.120244979858398438e-01,2.529602050781250000e+00,3.438943386077880859e+00,2.744187355041503906e+00,-2.529602050781250000e+00,-3.438943386077880859e+00,-2.744187355041503906e+00
4.100000000000000000e+01,-1.454861640930175781e+00,-1.210349082946777344e+00,-4.121379852294921875e-01,2.529602050781250000e+00,3.438943386077880859e+00,2.744187355041503906e+00,-2.529602050781250000e+00,-3.438943386077880859e+00,-2.744187355041503906e+00
4.103999999999999915e+01,-1.455234527587890625e+00,-1.210655212402343750e+00,-4.122514724731445312e-01,2.529602050781250000e+00,3.438943386077880859e+00,2.744187355041503906e+00,-2.529602050781250000e+00,-3.438943386077880859e+00,-2.744187355041503906e+00
4.107999999999999829e+01,-1.455604553222656250e+00,-1.210960388183593750e+00,-4.123640060424804688e-01,2.529602050781250000e+00,3.438943386077880859e+00,2.744187355041503906e+00,-2.529602050781250000e+00,-3.438943386077880859e+00,-2.744187355041503906e+00
4.111999999999999744e+01,-1.455973625183105469e+00,-1.211262702941894531e+00,-4.124755859375000000e-01,2.529602050781250000e+00,3.438943386077880859e+00,2.744187355041503906e+00,-2.529602050781250000e+00,-3.438943386077880859e+00,-2.744187355041503906e+00
4.116000000000000369e+01,-1.456339836120605469e+00,-1.211563110351562500e+00,-4.125871658325195312e-01,2.529602050781250000e+00,3.438943386077880859e+00,2.744187355041503906e+00,-2.529602050781250000e+00,-3.438943386077880859e+00,-2.744187355041503906e+00
4.120000000000000284e+01,-1.456703186035156250e+00,-1.211862564086914062e+00,-4.126977920532226562e-01,2.529602050781250000e+00,3.438943386077880859e+00,2.744187355041503906e+00,-2.529602050781250000e+00,-3.438943386077880859e+00,-2.744187355041503906e+00
4.124000000000000199e+01,-1.457065582275390625e+00,-1.212160110473632812e+00,-4.128074645996093750e-01,2.529602050781250000e+00,3.438943386077880859e+00,2.744187355041503906e+00,-2.529602050781250000e+00,-3.438943386077880859e+00,-2.744187355041503906e+00
4.128000000000000114e+01,-1.457425117492675781e+00,-1.212455749511718750e+00,-4.129161834716796875e-01,2.529602050781250000e+00,3.438943386077880859e+00,2.744187355041503906e+00,-2.529602050781250000e+00,-3.438943386077880859e+00,-2.744187355041503906e+00
4.132000000000000028e+01,-1.457782745361328125e+00,-1.212749481201171875e+00,-4.130239486694335938e-01,2.529602050781250000e+00,3.438943386077880859e+00,2.744187355041503906e+00,-2.529602050781250000e+00,-3.438943386077880859e+00,-2.744187355041503906e+00
4.135999999999999943e+01,-1.458137512207031250e+00,-1.213041305541992188e+00,-4.131317138671875000e-01,2.529602050781250000e+00,3.438943386077880859e+00,2.744187355041503906e+00,-2.529602050781250000e+00,-3.438943386077880859e+00,-2.744187355041503906e+00
4.139999999999999858e+01,-1.458491325378417969e+00,-1.213332176208496094e+00,-4.132394790649414062e-01,2.529602050781250000e+00,3.438943386077880859e+00,2.744187355041503906e+00,-2.529602050781250000e+00,-3.438943386077880859e+00,-2.744187355041503906e+00
4.143999999999999773e+01,-1.458843231201171875e+00,-1.213620185852050781e+00,-4.133462905883789062e-01,2.529602050781250000e+00,3.438943386077880859e+00,2.744187355041503906e+00,-2.529602050781250000e+00,-3.438943386077880859e+00,-2.744187355041503906e+00
4.148000000000000398e+01,-1.459192276000976562e+00,-1.213907241821289062e+00,-4.134521484375000000e-01,2.529602050781250000e+00,3.438943386077880859e+00,2.744187355041503906e+00,-2.529602050781250000e+00,-3.438943386077880859e+00,-2.744187355041503906e+00
4.152000000000000313e+01,-1.459539413452148438e+00,-1.214193344116210938e+00,-4.135570526123046875e-01,2.529602050781250000e+00,3.438943386077880859e+00,2.744187355041503906e+00,-2.529602050781250000e+00,-3.438943386077880859e+00,-2.744187355041503906e+00
4.156000000000000227e+01,-1.459884643554687500e+00,-1.214476585388183594e+00,-4.136610031127929688e-01,2.529602050781250000e+00,3.438943386077880859e+00,2.744187355041503906e+00,-2.529602050781250000e+00,-3.438943386077880859e+00,-2.744187355041503906e+00
4.160000000000000142e+01,-1.460227012634277344e+00,-1.214758872985839844e+00,-4.137639999389648438e-01,2.529602050781250000e+00,3.438943386077880859e+00,2.744187355041503906e+00,-2.529602050781250000e+00,-3.438943386077880859e+00,-2.744187355041503906e+00
4.164000000000000057e+01,-1.460567474365234375e+00,-1.215038299560546875e+00,-4.138669967651367188e-01,2.529602050781250000e+00,3.438943386077880859e+00,2.744187355041503906e+00,-2.529602050781250000e+00,-3.438943386077880859e+00,-2.744187355041503906e+00
4.167999999999999972e+01,-1.460906028747558594e+00,-1.215316772460937500e+00,-4.139690399169921875e-01,2.529602050781250000e+00,3.438943386077880859e+00,2.744187355041503906e+00,-2.529602050781250000e+00,-3.438943386077880859e+00,-2.744187355041503906e+00
4.171999999999999886e+01,-1.461242675781250000e+00,-1.215593338012695312e+00,-4.140701293945312500e-01,2.529602050781250000e+00,3.438943386077880859e+00,2.744187355041503906e+00,-2.529602050781250000e+00,-3.438943386077880859e+00,-2.744187355041503906e+00
4.175999999999999801e+01,-1.461577415466308594e+00,-1.215867996215820312e+00,-4.141712188720703125e-01,2.529602050781250000e+00,3.438943386077880859e+00,2.744187355041503906e+00,-2.529602050781250000e+00,-3.438943386077880859e+00,-2.744187355041503906e+00
4.180000000000000426e+01,-1.461909294128417969e+00,-1.216140747070312500e+00,-4.142713546752929688e-01,2.529602050781250000e+00,3.438943386077880859e+00,2.744187355041503906e+00,-2.529602050781250000e+00,-3.438943386077880859e+00,-2.744187355041503906e+00
4.184000000000000341e+01,-1.462239265441894531e+00,-1.216412544250488281e+00,-4.143705368041992188e-01,2.529602050781250000e+00,3.438943386077880859e+00,2.744187355041503906e+00,-2.529602050781250000e+00,-3.438943386077880859e+00,-2.744187355041503906e+00
4.188000000000000256e+01,-1.462567329406738281e+00,-1.216682434082031250e+00,-4.144697189331054688e-01,2.529602050781250000e+00,3.438943386077880859e+00,2.744187355041503906e+00,-2.529602050781250000e+00,-3.438943386077880859e+00,-2.744187355041503906e+00
4.192000000000000171e+01,-1.462893486022949219e+00,-1.216950416564941406e+00,-4.145679473876953125e-01,2.529602050781250000e+00,3.438943386077880859e+00,2.744187355041503906e+00,-2.529602050781250000e+00,-3.438943386077880859e+00,-2.744187355041503906e+00
4.196000000000000085e+01,-1.463217735290527344e+00,-1.217216491699218750e+00,-4.146652221679687500e-01,2.529602050781250000e+00,3.438943386077880859e+00,2.744187355041503906e+00,-2.529602050781250000e+00,-3.438943386077880859e+00,-2.744187355041503906e+00
4.200000000000000000e+01,-1.463540077209472656e+00,-1.217480659484863281e+00,-4.147624969482421875e-01,2.529602050781250000e+00,3.438943386077880859e+00,2.744187355041503906e+00,-2.529602050781250000e+00,-3.438943386077880859e+00,-2.744187355041503906e+00
4.203999999999999915e+01,-1.463859558105468750e+00,-1.217742919921875000e+00,-4.148588180541992188e-01,2.529602050781250000e+00,3.438943386077880859e+00,2.744187355041503906e+00,-2.529602050781250000e+00,-3.438943386077880859e+00,-2.744187355041503906e+00
4.207999999999999829e+01,-1.464177131652832031e+00,-1.218004226684570312e+00,-4.149541854858398438e-01,2.529602050781250000e+00,3.438943386077880859e+00,2.744187355041503906e+00,-2.529602050781250000e+00,-3.438943386077880859e+00,-2.744187355041503906e+00
4.211999999999999744e+01,-1.464492797851562500e+00,-1.218263626098632812e+00,-4.150485992431640625e-01,2.529602050781250000e+00,3.438943386077880859e+00,2.744187355041503906e+00,-2.529602050781250000e+00,-3.438943386077880859e+00,-2.744187355041503906e+00
4.216000000000000369e+01,-1.464806556701660156e+00,-1.218521118164062500e+00,-4.151430130004882812e-01,2.529602050781250000e+00,3.438943386077880859e+00,2.744187355041503906e+00,-2.529602050781250000e+00,-3.438943386077880859e+00,-2.744187355041503906e+00
4.220000000000000284e+01,-1.465118408203125000e+00,-1.218776702880859375e+00,-4.152364730834960938e-01,2.529602050781250000e+00,3.438943386077880859e+00,2.744187355041503906e+00,-2.529602050781250000e+00,-3.438943386077880859e+00,-2.744187355041503906e+00
4.224000000000000199e+01,-1.465428352355957031e+00,-1.219031333923339844e+00,-4.153299331665039062e-01,2.529602050781250000e+00,3.438943386077880859e+00,2.744187355041503906e+00,-2.529602050781250000e+00,-3.438943386077880859e+00,-2.744187355041503906e+00
4.228000000000000114e+01,-1.465735435485839844e+00,-1.219284057617187500e+00,-4.154214859008789062e-01,2.529602050781250000e+00,3.438943386077880859e+00,2.744187355041503906e+00,-2.529602050781250000e+00,-3.438943386077880859e+00,-2.744187355041503906e+00
4.232000000000000028e+01,-1.466040611267089844e+00,-1.219534873962402344e+00,-4.155130386352539062e-01,2.529602050781250000e+00,3.438943386077880859e+00,2.744187355041503906e+00,-2.529602050781250000e+00,-3.438943386077880859e+00,-2.744187355041503906e+00
4.235999999999999943e+01,-1.466342926025390625e+00,-1.219783782958984375e+00,-4.156036376953125000e-01,2.529602050781250000e+00,3.438943386077880859e+00,2.744187355041503906e+00,-2.529602050781250000e+00,-3.438943386077880859e+00,-2.744187355041503906e+00
4.239999999999999858e+01,-1.466644287109375000e+00,-1.220030784606933594e+00,-4.156932830810546875e-01,2.529602050781250000e+00,3.438943386077880859e+00,2.744187355041503906e+00,-2.529602050781250000e+00,-3.438943386077880859e+00,-2.744187355041503906e+00
4.243999999999999773e+01,-1.466942787170410156e+00,-1.220275878906250000e+00,-4.157829284667968750e-01,2.529602050781250000e+00,3.438943386077880859e+00,2.744187355041503906e+00,-2.529602050781250000e+00,-3.438943386077880859e+00,-2.744187355041503906e+00
4.248000000000000398e+01,-1.467239379882812500e+00,-1.220519065856933594e+00,-4.158716201782226562e-01,2.529602050781250000e+00,3.438943386077880859e+00,2.744187355041503906e+00,-2.529602050781250000e+00,-3.438943386077880859e+00,-2.744187355041503906e+00
4.252000000000000313e+01,-1.467534065246582031e+00,-1.220760345458984375e+00,-4.159593582153320312e-01,2.529602050781250000e+00,3.438943386077880859e+00,2.744187355041503906e+00,-2.529602050781250000e+00,-3.438943386077880859e+00,-2.744187355041503906e+00
4.256000000000000227e+01,-1.467826843261718750e+00,-1.221000671386718750e+00,-4.160470962524414062e-01,2.529602050781250000e+00,3.438943386077880859e+00,2.744187355041503906e+00,-2.529602050781250000e+00,-3.438943386077880859e+00,-2.744187355041503906e+00
4.260000000000000142e+01,-1.468117713928222656e+00,-1.221239089965820312e+00,-4.161329269409179688e-01,2.529602050781250000e+00,3.438943386077880859e+00,2.744187355041503906e+00,-2.529602050781250000e+00,-3.438943386077880859e+00,-2.744187355041503906e+00
4.264000000000000057e+01,-1.468405723571777344e+00,-1.221475601196289062e+00,-4.162187576293945312e-01,2.529602050781250000e+00,3.438943386077880859e+00,2.744187355041503906e+00,-2.529602050781250000e+00,-3.438943386077880859e+00,-2.744187355041503906e+00
4.267999999999999972e+01,-1.468692779541015625e+00,-1.221710205078125000e+00,-4.163045883178710938e-01,2.529602050781250000e+00,3.438943386077880859e+00,2.744187355041503906e+00,-2.529602050781250000e+00,-3.438943386077880859e+00,-2.744187355041503906e+00
4.271999999999999886e+01,-1.468976974487304688e+00,-1.221943855285644531e+00,-4.163894653320312500e-01,2.529602050781250000e+00,3.438943386077880859e+00,2.744187355041503906e+00,-2.529602050781250000e+00,-3.438943386077880859e+00,-2.744187355041503906e+00
4.275999999999999801e+01,-1.469259262084960938e+00,-1.222175598144531250e+00,-4.164733886718750000e-01,2.529602050781250000e+00,3.438943386077880859e+00,2.744187355041503906e+00,-2.529602050781250000e+00,-3.438943386077880859e+00,-2.744187355041503906e+00
4.280000000000000426e+01,-1.469539642333984375e+00,-1.222405433654785156e+00,-4.165563583374023438e-01,2.529602050781250000e+00,3.438943386077880859e+00,2.744187355041503906e+00,-2.529602050781250000e+00,-3.438943386077880859e+00,-2.744187355041503906e+00
4.284000000000000341e+01,-1.469818115234375000e+00,-1.222634315490722656e+00,-4.166383743286132812e-01,2.529602050781250000e+00,3.438943386077880859e+00,2.744187355041503906e+00,-2.529602050781250000e+00,-3.438943386077880859e+00,-2.744187355041503906e+00
4.288000000000000256e+01,-1.470093727111816406e+00,-1.222860336303710938e+00,-4.167203903198242188e-01,2.529602050781250000e+00,3.438943386077880859e+00,2.744187355041503906e+00,-2.529602050781250000e+00,-3.438943386077880859e+00,-2.744187355041503906e+00
4.292000000000000171e+01,-1.470367431640625000e+00,-1.223084449768066406e+00,-4.168014526367187500e-01,2.529602050781250000e+00,3.438943386077880859e+00,2.744187355041503906e+00,-2.529602050781250000e+00,-3.438943386077880859e+00,-2.744187355041503906e+00
4.296000000000000085e+01,-1.470639228820800781e+00,-1.223307609558105469e+00,-4.168815612792968750e-01,2.529602050781250000e+00,3.438943386077880859e+00,2.744187355041503906e+00,-2.529602050781250000e+00,-3.438943386077880859e+00,-2.744187355041503906e+00
4.300000000000000000e+01,-1.470908164978027344e+00,-1.223528861999511719e+00,-4.169607162475585938e-01,2.529602050781250000e+00,3.438943386077880859e+00,2.744187355041503906e+00,-2.529602050781250000e+00,-3.438943386077880859e+00,-2.744187355041503906e+00
4.303999999999999915e+01,-1.471175193786621094e+00,-1.223748207092285156e+00,-4.170389175415039062e-01,2.529602050781250000e+00,3.438943386077880859e+00,2.744187355041503906e+00,-2.529602050781250000e+00,-3.438943386077880859e+00,-2.744187355041503906e+00
4.307999999999999829e+01,-1.471440315246582031e+00,-1.223965644836425781e+00,-4.171171188354492188e-01,2.529602050781250000e+00,3.438943386077880859e+00,2.744187355041503906e+00,-2.529602050781250000e+00,-3.438943386077880859e+00,-2.744187355041503906e+00
4.311999999999999744e+01,-1.471703529357910156e+00,-1.224182128906250000e+00,-4.171943664550781250e-01,2.529602050781250000e+00,3.438943386077880859e+00,2.744187355041503906e+00,-2.529602050781250000e+00,-3.438943386077880859e+00,-2.744187355041503906e+00
4.316000000000000369e+01,-1.471964836120605469e+00,-1.224395751953125000e+00,-4.172716140747070312e-01,2.529602050781250000e+00,3.438943386077880859e+00,2.744187355041503906e+00,-2.529602050781250000e+00,-3.438943386077880859e+00,-2.744187355041503906e+00
4.320000000000000284e+01,-1.472223281860351562e+00,-1.224608421325683594e+00,-4.173479080200195312e-01,2.529602050781250000e+00,3.438943386077880859e+00,2.744187355041503906e+00,-2.529602050781250000e+00,-3.438943386077880859e+00,-2.744187355041503906e+00
4.324000000000000199e+01,-1.472479820251464844e+00,-1.224819183349609375e+00,-4.174232482910156250e-01,2.529602050781250000e+00,3.438943386077880859e+00,2.744187355041503906e+00,-2.529602050781250000e+00,-3.438943386077880859e+00,-2.744187355041503906e+00
4.328000000000000114e+01,-1.472734451293945312e+00,-1.225028038024902344e+00,-4.174976348876953125e-01,2.529602050781250000e+00,3.438943386077880859e+00,2.744187355041503906e+00,-2.529602050781250000e+00,-3.438943386077880859e+00,-2.744187355041503906e+00
4.332000000000000028e+01,-1.472987174987792969e+00,-1.225235939025878906e+00,-4.175720214843750000e-01,2.529602050781250000e+00,3.438943386077880859e+00,2.744187355041503906e+00,-2.529602050781250000e+00,-3.438943386077880859e+00,-2.744187355041503906e+00
4.335999999999999943e+01,-1.473237991333007812e+00,-1.225440979003906250e+00,-4.176454544067382812e-01,2.529602050781250000e+00,3.438943386077880859e+00,2.744187355041503906e+00,-2.529602050781250000e+00,-3.438943386077880859e+00,-2.744187355041503906e+00
4.339999999999999858e+01,-1.473486900329589844e+00,-1.225645065307617188e+00,-4.177179336547851562e-01,2.529602050781250000e+00,3.438943386077880859e+00,2.744187355041503906e+00,-2.529602050781250000e+00,-3.438943386077880859e+00,-2.744187355041503906e+00
4.343999999999999773e+01,-1.473733901977539062e+00,-1.225847244262695312e+00,-4.177894592285156250e-01,2.529602050781250000e+00,3.438943386077880859e+00,2.744187355041503906e+00,-2.529602050781250000e+00,-3.438943386077880859e+00,-2.744187355041503906e+00
4.348000000000000398e+01,-1.473978042602539062e+00,-1.226047515869140625e+00,-4.178600311279296875e-01,2.529602050781250000e+00,3.438943386077880859e+00,2.744187355041503906e+00,-2.529602050781250000e+00,-3.438943386077880859e+00,-2.744187355041503906e+00
4.352000000000000313e+01,-1.474220275878906250e+00,-1.226245880126953125e+00,-4.179315567016601562e-01,2.529602050781250000e+00,3.438943386077880859e+00,2.744187355041503906e+00,-2.529602050781250000e+00,-3.438943386077880859e+00,-2.744187355041503906e+00
4.356000000000000227e+01,-1.474460601806640625e+00,-1.226443290710449219e+00,-4.180021286010742188e-01,2.529602050781250000e+00,3.438943386077880859e+00,2.744187355041503906e+00,-2.529602050781250000e+00,-3.438943386077880859e+00,-2.744187355041503906e+00
4.360000000000000142e+01,-1.474699020385742188e+00,-1.226638793945312500e+00,-4.180717468261718750e-01,2.529602050781250000e+00,3.438943386077880859e+00,2.744187355041503906e+00,-2.529602050781250000e+00,-3.438943386077880859e+00,-2.744187355041503906e+00
4.364000000000000057e+01,-1.474935531616210938e+00,-1.226831436157226562e+00,-4.181404113769531250e-01,2.529602050781250000e+00,3.438943386077880859e+00,2.744187355041503906e+00,-2.529602050781250000e+00,-3.438943386077880859e+00,-2.744187355041503906e+00
4.367999999999999972e+01,-1.475170135498046875e+00,-1.227023124694824219e+00,-4.182081222534179688e-01,2.529602050781250000e+00,3.438943386077880859e+00,2.744187355041503906e+00,-2.529602050781250000e+00,-3.438943386077880859e+00,-2.744187355041503906e+00
4.371999999999999886e+01,-1.475401878356933594e+00,-1.227212905883789062e+00,-4.182748794555664062e-01,2.529602050781250000e+00,3.438943386077880859e+00,2.744187355041503906e+00,-2.529602050781250000e+00,-3.438943386077880859e+00,-2.744187355041503906e+00
4.375999999999999801e+01,-1.475631713867187500e+00,-1.227400779724121094e+00,-4.183416366577148438e-01,2.529602050781250000e+00,3.438943386077880859e+00,2.744187355041503906e+00,-2.529602050781250000e+00,-3.438943386077880859e+00,-2.744187355041503906e+00
4.380000000000000426e+01,-1.475859642028808594e+00,-1.227587699890136719e+00,-4.184074401855468750e-01,2.529602050781250000e+00,3.438943386077880859e+00,2.744187355041503906e+00,-2.529602050781250000e+00,-3.438943386077880859e+00,-2.744187355041503906e+00
4.384000000000000341e+01,-1.476085662841796875e+00,-1.227772712707519531e+00,-4.184722900390625000e-01,2.529602050781250000e+00,3.438943386077880859e+00,2.744187355041503906e+00,-2.529602050781250000e+00,-3.438943386077880859e+00,-2.744187355041503906e+00
4.388000000000000256e+01,-1.476308822631835938e+00,-1.227955818176269531e+00,-4.185371398925781250e-01,2.529602050781250000e+00,3.438943386077880859e+00,2.744187355041503906e+00,-2.529602050781250000e+00,-3.438943386077880859e+00,-2.744187355041503906e+00
4.392000000000000171e+01,-1.476530075073242188e+00,-1.228137016296386719e+00,-4.186010360717773438e-01,2.529602050781250000e+00,3.438943386077880859e+00,2.744187355041503906e+00,-2.529602050781250000e+00,-3.438943386077880859e+00,-2.744187355041503906e+00
4.396000000000000085e+01,-1.476749420166015625e+00,-1.228316307067871094e+00,-4.186639785766601562e-01,2.529602050781250000e+00,3.438943386077880859e+00,2.744187355041503906e+00,-2.529602050781250000e+00,-3.438943386077880859e+00,-2.744187355041503906e+00
4.400000000000000000e+01,-1.476965904235839844e+00,-1.228494644165039062e+00,-4.187269210815429688e-01,2.529602050781250000e+00,3.438943386077880859e+00,2.744187355041503906e+00,-2.529602050781250000e+00,-3.438943386077880859e+00,-2.744187355041503906e+00
4.403999999999999915e+01,-1.477181434631347656e+00,-1.228671073913574219e+00,-4.187889099121093750e-01,2.529602050781250000e+00,3.438943386077880859e+00,2.744187355041503906e+00,-2.529602050781250000e+00,-3.438943386077880859e+00,-2.744187355041503906e+00
4.407999999999999829e+01,-1.477394104003906250e+00,-1.228845596313476562e+00,-4.188499450683593750e-01,2.529602050781250000e+00,3.438943386077880859e+00,2.744187355041503906e+00,-2.529602050781250000e+00,-3.438943386077880859e+00,-2.744187355041503906e+00
4.411999999999999744e+01,-1.477604866027832031e+00,-1.229018211364746094e+00,-4.189100265502929688e-01,2.529602050781250000e+00,3.438943386077880859e+00,2.744187355041503906e+00,-2.529602050781250000e+00,-3.438943386077880859e+00,-2.744187355041503906e+00
4.416000000000000369e+01,-1.477812767028808594e+00,-1.229188919067382812e+00,-4.189691543579101562e-01,2.529602050781250000e+00,3.438943386077880859e+00,2.744187355041503906e+00,-2.529602050781250000e+00,-3.438943386077880859e+00,-2.744187355041503906e+00
4.420000000000000284e+01,-1.478019714355468750e+00,-1.229357719421386719e+00,-4.190282821655273438e-01,2.529602050781250000e+00,3.438943386077880859e+00,2.744187355041503906e+00,-2.529602050781250000e+00,-3.438943386077880859e+00,-2.744187355041503906e+00
4.424000000000000199e+01,-1.478224754333496094e+00,-1.229525566101074219e+00,-4.190864562988281250e-01,2.529602050781250000e+00,3.438943386077880859e+00,2.744187355041503906e+00,-2.529602050781250000e+00,-3.438943386077880859e+00,-2.744187355041503906e+00
4.428000000000000114e+01,-1.478426933288574219e+00,-1.229691505432128906e+00,-4.191446304321289062e-01,2.529602050781250000e+00,3.438943386077880859e+00,2.744187355041503906e+00,-2.529602050781250000e+00,-3.438943386077880859e+00,-2.744187355041503906e+00
4.432000000000000028e+01,-1.478627204895019531e+00,-1.229855537414550781e+00,-4.192008972167968750e-01,2.529602050781250000e+00,3.438943386077880859e+00,2.744187355041503906e+00,-2.529602050781250000e+00,-3.438943386077880859e+00,-2.744187355041503906e+00
4.435999999999999943e+01,-1.478824615478515625e+00,-1.230017662048339844e+00,-4.192571640014648438e-01,2.529602050781250000e+00,3.438943386077880859e+00,2.744187355041503906e+00,-2.529602050781250000e+00,-3.438943386077880859e+00,-2.744187355041503906e+00
4.439999999999999858e+01,-1.479021072387695312e+00,-1.230177879333496094e+00,-4.193124771118164062e-01,2.529602050781250000e+00,3.438943386077880859e+00,2.744187355041503906e+00,-2.529602050781250000e+00,-3.438943386077880859e+00,-2.744187355041503906e+00
4.443999999999999773e+01,-1.479215621948242188e+00,-1.230337142944335938e+00,-4.193677902221679688e-01,2.529602050781250000e+00,3.438943386077880859e+00,2.744187355041503906e+00,-2.529602050781250000e+00,-3.438943386077880859e+00,-2.744187355041503906e+00
4.448000000000000398e+01,-1.479408264160156250e+00,-1.230494499206542969e+00,-4.194211959838867188e-01,2.529602050781250000e+00,3.438943386077880859e+00,2.744187355041503906e+00,-2.529602050781250000e+00,-3.438943386077880859e+00,-2.744187355041503906e+00
4.452000000000000313e+01,-1.479598045349121094e+00,-1.230648994445800781e+00,-4.194746017456054688e-01,2.529602050781250000e+00,3.438943386077880859e+00,2.744187355041503906e+00,-2.529602050781250000e+00,-3.438943386077880859e+00,-2.744187355041503906e+00
4.456000000000000227e+01,-1.479785919189453125e+00,-1.230802536010742188e+00,-4.195270538330078125e-01,2.529602050781250000e+00,3.438943386077880859e+00,2.744187355041503906e+00,-2.529602050781250000e+00,-3.438943386077880859e+00,-2.744187355041503906e+00
4.460000000000000142e+01,-1.479971885681152344e+00,-1.230954170227050781e+00,-4.195785522460937500e-01,2.529602050781250000e+00,3.438943386077880859e+00,2.744187355041503906e+00,-2.529602050781250000e+00,-3.438943386077880859e+00,-2.744187355041503906e+00
4.464000000000000057e+01,-1.480155944824218750e+00,-1.231104850769042969e+00,-4.196300506591796875e-01,2.529602050781250000e+00,3.438943386077880859e+00,2.744187355041503906e+00,-2.529602050781250000e+00,-3.438943386077880859e+00,-2.744187355041503906e+00
4.467999999999999972e+01,-1.480337142944335938e+00,-1.231253623962402344e+00,-4.196805953979492188e-01,2.529602050781250000e+00,3.438943386077880859e+00,2.744187355041503906e+00,-2.529602050781250000e+00,-3.438943386077880859e+00,-2.744187355041503906e+00
4.471999999999999886e+01,-1.480516433715820312e+00,-1.231399536132812500e+00,-4.197301864624023438e-01,2.529602050781250000e+00,3.438943386077880859e+00,2.744187355041503906e+00,-2.529602050781250000e+00,-3.438943386077880859e+00,-2.744187355041503906e+00
4.475999999999999801e+01,-1.480693817138671875e+00,-1.231544494628906250e+00,-4.197797775268554688e-01,2.529602050781250000e+00,3.438943386077880859e+00,2.744187355041503906e+00,-2.529602050781250000e+00,-3.438943386077880859e+00,-2.744187355041503906e+00
4.480000000000000426e+01,-1.480869293212890625e+00,-1.231687545776367188e+00,-4.198284149169921875e-01,2.529602050781250000e+00,3.438943386077880859e+00,2.744187355041503906e+00,-2.529602050781250000e+00,-3.438943386077880859e+00,-2.744187355041503906e+00
4.484000000000000341e+01,-1.481042861938476562e+00,-1.231828689575195312e+00,-4.198760986328125000e-01,2.529602050781250000e+00,3.438943386077880859e+00,2.744187355041503906e+00,-2.529602050781250000e+00,-3.438943386077880859e+00,-2.744187355041503906e+00
4.488000000000000256e+01,-1.481214523315429688e+00,-1.231967926025390625e+00,-4.199228286743164062e-01,2.529602050781250000e+00,3.438943386077880859e+00,2.744187355041503906e+00,-2.529602050781250000e+00,-3.438943386077880859e+00,-2.744187355041503906e+00
4.492000000000000171e+01,-1.481383323669433594e+00,-1.232106208801269531e+00,-4.199695587158203125e-01,2.529602050781250000e+00,3.438943386077880859e+00,2.744187355041503906e+00,-2.529602050781250000e+00,-3.438943386077880859e+00,-2.744187355041503906e+00
4.496000000000000085e+01,-1.481550216674804688e+00,-1.232242584228515625e+00,-4.200153350830078125e-01,2.529602050781250000e+00,3.438943386077880859e+00,2.744187355041503906e+00,-2.529602050781250000e+00,-3.438943386077880859e+00,-2.744187355041503906e+00
4.500000000000000000e+01,-1.481715202331542969e+00,-1.232377052307128906e+00,-4.200611114501953125e-01,2.529602050781250000e+00,3.438943386077880859e+00,2.744187355041503906e+00,-2.529602050781250000e+00,-3.438943386077880859e+00,-2.744187355041503906e+00
4.503999999999999915e+01,-1.481877326965332031e+00,-1.232509613037109375e+00,-4.201049804687500000e-01,2.529602050781250000e+00,3.438943386077880859e+00,2.744187355041503906e+00,-2.529602050781250000e+00,-3.438943386077880859e+00,-2.744187355041503906e+00
4.507999999999999829e+01,-1.482037544250488281e+00,-1.232641220092773438e+00,-4.201488494873046875e-01,2.529602050781250000e+00,3.438943386077880859e+00,2.744187355041503906e+00,-2.529602050781250000e+00,-3.438943386077880859e+00,-2.744187355041503906e+00
4.511999999999999744e+01,-1.482196807861328125e+00,-1.232769966125488281e+00,-4.201917648315429688e-01,2.529602050781250000e+00,3.438943386077880859e+00,2.744187355041503906e+00,-2.529602050781250000e+00,-3.438943386077880859e+00,-2.744187355041503906e+00
4.516000000000000369e+01,-1.482353210449218750e+00,-1.232897758483886719e+00,-4.202346801757812500e-01,2.529602050781250000e+00,3.438943386077880859e+00,2.744187355041503906e+00,-2.529602050781250000e+00,-3.438943386077880859e+00,-2.744187355041503906e+00
4.520000000000000284e+01,-1.482507705688476562e+00,-1.233023643493652344e+00,-4.202766418457031250e-01,2.529602050781250000e+00,3.438943386077880859e+00,2.744187355041503906e+00,-2.529602050781250000e+00,-3.438943386077880859e+00,-2.744187355041503906e+00
4.524000000000000199e+01,-1.482659339904785156e+00,-1.233147621154785156e+00,-4.203176498413085938e-01,2.529602050781250000e+00,3.438943386077880859e+00,2.744187355041503906e+00,-2.529602050781250000e+00,-3.438943386077880859e+00,-2.744187355041503906e+00
4.528000000000000114e+01,-1.482810020446777344e+00,-1.233269691467285156e+00,-4.203586578369140625e-01,2.529602050781250000e+00,3.438943386077880859e+00,2.744187355041503906e+00,-2.529602050781250000e+00,-3.438943386077880859e+00,-2.744187355041503906e+00
4.532000000000000028e+01,-1.482957839965820312e+00,-1.233389854431152344e+00,-4.203987121582031250e-01,2.529602050781250000e+00,3.438943386077880859e+00,2.744187355041503906e+00,-2.529602050781250000e+00,-3.438943386077880859e+00,-2.744187355041503906e+00
4.535999999999999943e+01,-1.483103752136230469e+00,-1.233509063720703125e+00,-4.204378128051757812e-01,2.529602050781250000e+00,3.438943386077880859e+00,2.744187355041503906e+00,-2.529602050781250000e+00,-3.438943386077880859e+00,-2.744187355041503906e+00
4.539999999999999858e+01,-1.483247756958007812e+00,-1.233626365661621094e+00,-4.204759597778320312e-01,2.529602050781250000e+00,3.438943386077880859e+00,2.744187355041503906e+00,-2.529602050781250000e+00,-3.438943386077880859e+00,-2.744187355041503906e+00
4.543999999999999773e+01,-1.483388900756835938e+00,-1.233741760253906250e+00,-4.205141067504882812e-01,2.529602050781250000e+00,3.438943386077880859e+00,2.744187355041503906e+00,-2.529602050781250000e+00,-3.438943386077880859e+00,-2.744187355041503906e+00
4.548000000000000398e+01,-1.483529090881347656e+00,-1.233855247497558594e+00,-4.205513000488281250e-01,2.529602050781250000e+00,3.438943386077880859e+00,2.744187355041503906e+00,-2.529602050781250000e+00,-3.438943386077880859e+00,-2.744187355041503906e+00
4.552000000000000313e+01,-1.483666419982910156e+00,-1.233966827392578125e+00,-4.205875396728515625e-01,2.529602050781250000e+00,3.438943386077880859e+00,2.744187355041503906e+00,-2.529602050781250000e+00,-3.438943386077880859e+00,-2.744187355041503906e+00
4.556000000000000227e+01,-1.483801841735839844e+00,-1.234076499938964844e+00,-4.206228256225585938e-01,2.529602050781250000e+00,3.438943386077880859e+00,2.744187355041503906e+00,-2.529602050781250000e+00,-3.438943386077880859e+00,-2.744187355041503906e+00
4.560000000000000142e+01,-1.483935356140136719e+00,-1.234184265136718750e+00,-4.206571578979492188e-01,2.529602050781250000e+00,3.438943386077880859e+00,2.744187355041503906e+00,-2.529602050781250000e+00,-3.438943386077880859e+00,-2.744187355041503906e+00
4.564000000000000057e+01,-1.484066963195800781e+00,-1.234291076660156250e+00,-4.206914901733398438e-01,2.529602050781250000e+00,3.438943386077880859e+00,2.744187355041503906e+00,-2.529602050781250000e+00,-3.438943386077880859e+00,-2.744187355041503906e+00
4.567999999999999972e+01,-1.484195709228515625e+00,-1.234395980834960938e+00,-4.207248687744140625e-01,2.529602050781250000e+00,3.438943386077880859e+00,2.744187355041503906e+00,-2.529602050781250000e+00,-3.438943386077880859e+00,-2.744187355041503906e+00
4.571999999999999886e+01,-1.484322547912597656e+00,-1.234498977661132812e+00,-4.207582473754882812e-01,2.529602050781250000e+00,3.438943386077880859e+00,2.744187355041503906e+00,-2.529602050781250000e+00,-3.438943386077880859e+00,-2.744187355041503906e+00
4.575999999999999801e+01,-1.484447479248046875e+00,-1.234600067138671875e+00,-4.207906723022460938e-01,2.529602050781250000e+00,3.438943386077880859e+00,2.744187355041503906e+00,-2.529602050781250000e+00,-3.438943386077880859e+00,-2.744187355041503906e+00
4.580000000000000426e+01,-1.484569549560546875e+00,-1.234700202941894531e+00,-4.208221435546875000e-01,2.529602050781250000e+00,3.438943386077880859e+00,2.744187355041503906e+00,-2.529602050781250000e+00,-3.438943386077880859e+00,-2.744187355041503906e+00
4.584000000000000341e+01,-1.484689712524414062e+00,-1.234798431396484375e+00,-4.208526611328125000e-01,2.529602050781250000e+00,3.438943386077880859e+00,2.744187355041503906e+00,-2.529602050781250000e+00,-3.438943386077880859e+00,-2.744187355041503906e+00
4.588000000000000256e+01,-1.484808921813964844e+00,-1.234894752502441406e+00,-4.208822250366210938e-01,2.529602050781250000e+00,3.438943386077880859e+00,2.744187355041503906e+00,-2.529602050781250000e+00,-3.438943386077880859e+00,-2.744187355041503906e+00
4.592000000000000171e+01,-1.484926223754882812e+00,-1.234989166259765625e+00,-4.209117889404296875e-01,2.529602050781250000e+00,3.438943386077880859e+00,2.744187355041503906e+00,-2.529602050781250000e+00,-3.438943386077880859e+00,-2.744187355041503906e+00
4.596000000000000085e+01,-1.485041618347167969e+00,-1.235081672668457031e+00,-4.209403991699218750e-01,2.529602050781250000e+00,3.438943386077880859e+00,2.744187355041503906e+00,-2.529602050781250000e+00,-3.438943386077880859e+00,-2.744187355041503906e+00
4.600000000000000000e+01,-1.485154151916503906e+00,-1.235172271728515625e+00,-4.209680557250976562e-01,2.529602050781250000e+00,3.438943386077880859e+00,2.744187355041503906e+00,-2.529602050781250000e+00,-3.438943386077880859e+00,-2.744187355041503906e+00
4.603999999999999915e+01,-1.485263824462890625e+00,-1.235261917114257812e+00,-4.209947586059570312e-01,2.529602050781250000e+00,3.438943386077880859e+00,2.744187355041503906e+00,-2.529602050781250000e+00,-3.438943386077880859e+00,-2.744187355041503906e+00
4.607999999999999829e+01,-1.485371589660644531e+00,-1.235349655151367188e+00,-4.210214614868164062e-01,2.529602050781250000e+00,3.438943386077880859e+00,2.744187355041503906e+00,-2.529602050781250000e+00,-3.438943386077880859e+00,-2.744187355041503906e+00
4.611999999999999744e+01,-1.485477447509765625e+00,-1.235435485839843750e+00,-4.210472106933593750e-01,2.529602050781250000e+00,3.438943386077880859e+00,2.744187355041503906e+00,-2.529602050781250000e+00,-3.438943386077880859e+00,-2.744187355041503906e+00
4.616000000000000369e+01,-1.485581398010253906e+00,-1.235519409179687500e+00,-4.210729598999023438e-01,2.529602050781250000e+00,3.438943386077880859e+00,2.744187355041503906e+00,-2.529602050781250000e+00,-3.438943386077880859e+00,-2.744187355041503906e+00
4.620000000000000284e+01,-1.485683441162109375e+00,-1.235602378845214844e+00,-4.210977554321289062e-01,2.529602050781250000e+00,3.438943386077880859e+00,2.744187355041503906e+00,-2.529602050781250000e+00,-3.438943386077880859e+00,-2.744187355041503906e+00
4.624000000000000199e+01,-1.485783576965332031e+00,-1.235683441162109375e+00,-4.211215972900390625e-01,2.529602050781250000e+00,3.438943386077880859e+00,2.744187355041503906e+00,-2.529602050781250000e+00,-3.438943386077880859e+00,-2.744187355041503906e+00
4.628000000000000114e+01,-1.485881805419921875e+00,-1.235762596130371094e+00,-4.211444854736328125e-01,2.529602050781250000e+00,3.438943386077880859e+00,2.744187355041503906e+00,-2.529602050781250000e+00,-3.438943386077880859e+00,-2.744187355041503906e+00
4.632000000000000028e+01,-1.485977172851562500e+00,-1.235840797424316406e+00,-4.211664199829101562e-01,2.529602050781250000e+00,3.438943386077880859e+00,2.744187355041503906e+00,-2.529602050781250000e+00,-3.438943386077880859e+00,-2.744187355041503906e+00
4.635999999999999943e+01,-1.486070632934570312e+00,-1.235916137695312500e+00,-4.211883544921875000e-01,2.529602050781250000e+00,3.438943386077880859e+00,2.744187355041503906e+00,-2.529602050781250000e+00,-3.438943386077880859e+00,-2.744187355041503906e+00
4.639999999999999858e+01,-1.486162185668945312e+00,-1.235990524291992188e+00,-4.212093353271484375e-01,2.529602050781250000e+00,3.438943386077880859e+00,2.744187355041503906e+00,-2.529602050781250000e+00,-3.438943386077880859e+00,-2.744187355041503906e+00
4.643999999999999773e+01,-1.486250877380371094e+00,-1.236063003540039062e+00,-4.212303161621093750e-01,2.529602050781250000e+00,3.438943386077880859e+00,2.744187355041503906e+00,-2.529602050781250000e+00,-3.438943386077880859e+00,-2.744187355041503906e+00
4.648000000000000398e+01,-1.486337661743164062e+00,-1.236133575439453125e+00,-4.212493896484375000e-01,2.529602050781250000e+00,3.438943386077880859e+00,2.744187355041503906e+00,-2.529602050781250000e+00,-3.438943386077880859e+00,-2.744187355041503906e+00
4.652000000000000313e+01,-1.486423492431640625e+00,-1.236202239990234375e+00,-4.212684631347656250e-01,2.529602050781250000e+00,3.438943386077880859e+00,2.744187355041503906e+00,-2.529602050781250000e+00,-3.438943386077880859e+00,-2.744187355041503906e+00
4.656000000000000227e+01,-1.486506462097167969e+00,-1.236269950866699219e+00,-4.212865829467773438e-01,2.529602050781250000e+00,3.438943386077880859e+00,2.744187355041503906e+00,-2.529602050781250000e+00,-3.438943386077880859e+00,-2.744187355041503906e+00
4.660000000000000142e+01,-1.486587524414062500e+00,-1.236334800720214844e+00,-4.213047027587890625e-01,2.529602050781250000e+00,3.438943386077880859e+00,2.744187355041503906e+00,-2.529602050781250000e+00,-3.438943386077880859e+00,-2.744187355041503906e+00
4.664000000000000057e+01,-1.486665725708007812e+00,-1.236398696899414062e+00,-4.213209152221679688e-01,2.529602050781250000e+00,3.438943386077880859e+00,2.744187355041503906e+00,-2.529602050781250000e+00,-3.438943386077880859e+00,-2.744187355041503906e+00
4.667999999999999972e+01,-1.486742973327636719e+00,-1.236460685729980469e+00,-4.213371276855468750e-01,2.529602050781250000e+00,3.438943386077880859e+00,2.744187355041503906e+00,-2.529602050781250000e+00,-3.438943386077880859e+00,-2.744187355041503906e+00
4.671999999999999886e+01,-1.486817359924316406e+00,-1.236520767211914062e+00,-4.213533401489257812e-01,2.529602050781250000e+00,3.438943386077880859e+00,2.744187355041503906e+00,-2.529602050781250000e+00,-3.438943386077880859e+00,-2.744187355041503906e+00
4.675999999999999801e+01,-1.486889839172363281e+00,-1.236579895019531250e+00,-4.213676452636718750e-01,2.529602050781250000e+00,3.438943386077880859e+00,2.744187355041503906e+00,-2.529602050781250000e+00,-3.438943386077880859e+00,-2.744187355041503906e+00
4.680000000000000426e+01,-1.486960411071777344e+00,-1.236636161804199219e+00,-4.213819503784179688e-01,2.529602050781250000e+00,3.438943386077880859e+00,2.744187355041503906e+00,-2.529602050781250000e+00,-3.438943386077880859e+00,-2.744187355041503906e+00
4.684000000000000341e+01,-1.487029075622558594e+00,-1.236691474914550781e+00,-4.213953018188476562e-01,2.529602050781250000e+00,3.438943386077880859e+00,2.744187355041503906e+00,-2.529602050781250000e+00,-3.438943386077880859e+00,-2.744187355041503906e+00
4.688000000000000256e+01,-1.487095832824707031e+00,-1.236744880676269531e+00,-4.214076995849609375e-01,2.529602050781250000e+00,3.438943386077880859e+00,2.744187355041503906e+00,-2.529602050781250000e+00,-3.438943386077880859e+00,-2.744187355041503906e+00
4.692000000000000171e+01,-1.487159729003906250e+00,-1.236796379089355469e+00,-4.214191436767578125e-01,2.529602050781250000e+00,3.438943386077880859e+00,2.744187355041503906e+00,-2.529602050781250000e+00,-3.438943386077880859e+00,-2.744187355041503906e+00
4.696000000000000085e+01,-1.487222671508789062e+00,-1.236845970153808594e+00,-4.214305877685546875e-01,2.529602050781250000e+00,3.438943386077880859e+00,2.744187355041503906e+00,-2.529602050781250000e+00,-3.438943386077880859e+00,-2.744187355041503906e+00
4.700000000000000000e+01,-1.487282752990722656e+00,-1.236893653869628906e+00,-4.214420318603515625e-01,2.529602050781250000e+00,3.438943386077880859e+00,2.744187355041503906e+00,-2.529602050781250000e+00,-3.438943386077880859e+00,-2.744187355041503906e+00
4.703999999999999915e+01,-1.487340927124023438e+00,-1.236940383911132812e+00,-4.214515686035156250e-01,2.529602050781250000e+00,3.438943386077880859e+00,2.744187355041503906e+00,-2.529602050781250000e+00,-3.438943386077880859e+00,-2.744187355041503906e+00
4.707999999999999829e+01,-1.487396240234375000e+00,-1.236985206604003906e+00,-4.214601516723632812e-01,2.529602050781250000e+00,3.438943386077880859e+00,2.744187355041503906e+00,-2.529602050781250000e+00,-3.438943386077880859e+00,-2.744187355041503906e+00
4.711999999999999744e+01,-1.487450599670410156e+00,-1.237028121948242188e+00,-4.214687347412109375e-01,2.529602050781250000e+00,3.438943386077880859e+00,2.744187355041503906e+00,-2.529602050781250000e+00,-3.438943386077880859e+00,-2.744187355041503906e+00
4.716000000000000369e+01,-1.487503051757812500e+00,-1.237069129943847656e+00,-4.214763641357421875e-01,2.529602050781250000e+00,3.438943386077880859e+00,2.744187355041503906e+00,-2.529602050781250000e+00,-3.438943386077880859e+00,-2.744187355041503906e+00
4.720000000000000284e+01,-1.487552642822265625e+00,-1.237108230590820312e+00,-4.214839935302734375e-01,2.529602050781250000e+00,3.438943386077880859e+00,2.744187355041503906e+00,-2.529602050781250000e+00,-3.438943386077880859e+00,-2.744187355041503906e+00
4.724000000000000199e+01,-1.487600326538085938e+00,-1.237145423889160156e+00,-4.214906692504882812e-01,2.529602050781250000e+00,3.438943386077880859e+00,2.744187355041503906e+00,-2.529602050781250000e+00,-3.438943386077880859e+00,-2.744187355041503906e+00
4.728000000000000114e+01,-1.487646102905273438e+00,-1.237180709838867188e+00,-4.214963912963867188e-01,2.529602050781250000e+00,3.438943386077880859e+00,2.744187355041503906e+00,-2.529602050781250000e+00,-3.438943386077880859e+00,-2.744187355041503906e+00
4.732000000000000028e+01,-1.487689971923828125e+00,-1.237214088439941406e+00,-4.215011596679687500e-01,2.529602050781250000e+00,3.438943386077880859e+00,2.744187355041503906e+00,-2.529602050781250000e+00,-3.438943386077880859e+00,-2.744187355041503906e+00
4.735999999999999943e+01,-1.487730979919433594e+00,-1.237246513366699219e+00,-4.215049743652343750e-01,2.529602050781250000e+00,3.438943386077880859e+00,2.744187355041503906e+00,-2.529602050781250000e+00,-3.438943386077880859e+00,-2.744187355041503906e+00
4.739999999999999858e+01,-1.487770080566406250e+00,-1.237277030944824219e+00,-4.215087890625000000e-01,2.529602050781250000e+00,3.438943386077880859e+00,2.744187355041503906e+00,-2.529602050781250000e+00,-3.438943386077880859e+00,-2.744187355041503906e+00
4.743999999999999773e+01,-1.487807273864746094e+00,-1.237305641174316406e+00,-4.215116500854492188e-01,2.529602050781250000e+00,3.438943386077880859e+00,2.744187355041503906e+00,-2.529602050781250000e+00,-3.438943386077880859e+00,-2.744187355041503906e+00
4.748000000000000398e+01,-1.487842559814453125e+00,-1.237332344055175781e+00,-4.215135574340820312e-01,2.529602050781250000e+00,3.438943386077880859e+00,2.744187355041503906e+00,-2.529602050781250000e+00,-3.438943386077880859e+00,-2.744187355041503906e+00
4.752000000000000313e+01,-1.487875938415527344e+00,-1.237358093261718750e+00,-4.215154647827148438e-01,2.529602050781250000e+00,3.438943386077880859e+00,2.744187355041503906e+00,-2.529602050781250000e+00,-3.438943386077880859e+00,-2.744187355041503906e+00
4.756000000000000227e+01,-1.487907409667968750e+00,-1.237381935119628906e+00,-4.215164184570312500e-01,2.529602050781250000e+00,3.438943386077880859e+00,2.744187355041503906e+00,-2.529602050781250000e+00,-3.438943386077880859e+00,-2.744187355041503906e+00
4.760000000000000142e+01,-1.487936973571777344e+00,-1.237403869628906250e+00,-4.215164184570312500e-01,2.529602050781250000e+00,3.438943386077880859e+00,2.744187355041503906e+00,-2.529602050781250000e+00,-3.438943386077880859e+00,-2.744187355041503906e+00
4.764000000000000057e+01,-1.487963676452636719e+00,-1.237423896789550781e+00,-4.215164184570312500e-01,2.529602050781250000e+00,3.438943386077880859e+00,2.744187355041503906e+00,-2.529602050781250000e+00,-3.438943386077880859e+00,-2.744187355041503906e+00
4.767999999999999972e+01,-1.487988471984863281e+00,-1.237442016601562500e+00,-4.215154647827148438e-01,2.529602050781250000e+00,3.438943386077880859e+00,2.744187355041503906e+00,-2.529602050781250000e+00,-3.438943386077880859e+00,-2.744187355041503906e+00
4.771999999999999886e+01,-1.488011360168457031e+00,-1.237458229064941406e+00,-4.215145111083984375e-01,2.529602050781250000e+00,3.438943386077880859e+00,2.744187355041503906e+00,-2.529602050781250000e+00,-3.438943386077880859e+00,-2.744187355041503906e+00
4.775999999999999801e+01,-1.488032341003417969e+00,-1.237473487854003906e+00,-4.215126037597656250e-01,2.529602050781250000e+00,3.438943386077880859e+00,2.744187355041503906e+00,-2.529602050781250000e+00,-3.438943386077880859e+00,-2.744187355041503906e+00
4.780000000000000426e+01,-1.488050460815429688e+00,-1.237486839294433594e+00,-4.215097427368164062e-01,2.529602050781250000e+00,3.438943386077880859e+00,2.744187355041503906e+00,-2.529602050781250000e+00,-3.438943386077880859e+00,-2.744187355041503906e+00
4.784000000000000341e+01,-1.488066673278808594e+00,-1.237498283386230469e+00,-4.215059280395507812e-01,2.529602050781250000e+00,3.438943386077880859e+00,2.744187355041503906e+00,-2.529602050781250000e+00,-3.438943386077880859e+00,-2.744187355041503906e+00
4.788000000000000256e+01,-1.488080978393554688e+00,-1.237508773803710938e+00,-4.215021133422851562e-01,2.529602050781250000e+00,3.438943386077880859e+00,2.744187355041503906e+00,-2.529602050781250000e+00,-3.438943386077880859e+00,-2.744187355041503906e+00
4.792000000000000171e+01,-1.488092422485351562e+00,-1.237517356872558594e+00,-4.214973449707031250e-01,2.529602050781250000e+00,3.438943386077880859e+00,2.744187355041503906e+00,-2.529602050781250000e+00,-3.438943386077880859e+00,-2.744187355041503906e+00
4.796000000000000085e+01,-1.488102912902832031e+00,-1.237524032592773438e+00,-4.214916229248046875e-01,2.529602050781250000e+00,3.438943386077880859e+00,2.744187355041503906e+00,-2.529602050781250000e+00,-3.438943386077880859e+00,-2.744187355041503906e+00
4.800000000000000000e+01,-1.488110542297363281e+00,-1.237529754638671875e+00,-4.214859008789062500e-01,2.529602050781250000e+00,3.438943386077880859e+00,2.744187355041503906e+00,-2.529602050781250000e+00,-3.438943386077880859e+00,-2.744187355041503906e+00
4.803999999999999915e+01,-1.488115310668945312e+00,-1.237532615661621094e+00,-4.214792251586914062e-01,2.529602050781250000e+00,3.438943386077880859e+00,2.744187355041503906e+00,-2.529602050781250000e+00,-3.438943386077880859e+00,-2.744187355041503906e+00
4.807999999999999829e+01,-1.488119125366210938e+00,-1.237533569335937500e+00,-4.214715957641601562e-01,2.529602050781250000e+00,3.438943386077880859e+00,2.744187355041503906e+00,-2.529602050781250000e+00,-3.438943386077880859e+00,-2.744187355041503906e+00
4.812000000000000455e+01,-1.488121032714843750e+00,-1.237533569335937500e+00,-4.214630126953125000e-01,2.529602050781250000e+00,3.438943386077880859e+00,2.744187355041503906e+00,-2.529602050781250000e+00,-3.438943386077880859e+00,-2.744187355041503906e+00
4.816000000000000369e+01,-1.488120079040527344e+00,-1.237530708312988281e+00,-4.214544296264648438e-01,2.529602050781250000e+00,3.438943386077880859e+00,2.744187355041503906e+00,-2.529602050781250000e+00,-3.438943386077880859e+00,-2.744187355041503906e+00
4.820000000000000284e+01,-1.488116264343261719e+00,-1.237526893615722656e+00,-4.214448928833007812e-01,2.529602050781250000e+00,3.438943386077880859e+00,2.744187355041503906e+00,-2.529602050781250000e+00,-3.438943386077880859e+00,-2.744187355041503906e+00
4.824000000000000199e+01,-1.488112449645996094e+00,-1.237521171569824219e+00,-4.214353561401367188e-01,2.529602050781250000e+00,3.438943386077880859e+00,2.744187355041503906e+00,-2.529602050781250000e+00,-3.438943386077880859e+00,-2.744187355041503906e+00
4.828000000000000114e+01,-1.488105773925781250e+00,-1.237513542175292969e+00,-4.214248657226562500e-01,2.529602050781250000e+00,3.438943386077880859e+00,2.744187355041503906e+00,-2.529602050781250000e+00,-3.438943386077880859e+00,-2.744187355041503906e+00
4.832000000000000028e+01,-1.488097190856933594e+00,-1.237504959106445312e+00,-4.214134216308593750e-01,2.529602050781250000e+00,3.438943386077880859e+00,2.744187355041503906e+00,-2.529602050781250000e+00,-3.438943386077880859e+00,-2.744187355041503906e+00
4.835999999999999943e+01,-1.488085746765136719e+00,-1.237494468688964844e+00,-4.214019775390625000e-01,2.529602050781250000e+00,3.438943386077880859e+00,2.744187355041503906e+00,-2.529602050781250000e+00,-3.438943386077880859e+00,-2.744187355041503906e+00
4.839999999999999858e+01,-1.488072395324707031e+00,-1.237482070922851562e+00,-4.213895797729492188e-01,2.529602050781250000e+00,3.438943386077880859e+00,2.744187355041503906e+00,-2.529602050781250000e+00,-3.438943386077880859e+00,-2.744187355041503906e+00
4.843999999999999773e+01,-1.488056182861328125e+00,-1.237467765808105469e+00,-4.213771820068359375e-01,2.529602050781250000e+00,3.438943386077880859e+00,2.744187355041503906e+00,-2.529602050781250000e+00,-3.438943386077880859e+00,-2.744187355041503906e+00
4.848000000000000398e+01,-1.488039970397949219e+00,-1.237451553344726562e+00,-4.213638305664062500e-01,2.529602050781250000e+00,3.438943386077880859e+00,2.744187355041503906e+00,-2.529602050781250000e+00,-3.438943386077880859e+00,-2.744187355041503906e+00
4.852000000000000313e+01,-1.488020896911621094e+00,-1.237434387207031250e+00,-4.213495254516601562e-01,2.529602050781250000e+00,3.438943386077880859e+00,2.744187355041503906e+00,-2.529602050781250000e+00,-3.438943386077880859e+00,-2.744187355041503906e+00
4.856000000000000227e+01,-1.487999916076660156e+00,-1.237414360046386719e+00,-4.213342666625976562e-01,2.529602050781250000e+00,3.438943386077880859e+00,2.744187355041503906e+00,-2.529602050781250000e+00,-3.438943386077880859e+00,-2.744187355041503906e+00
4.860000000000000142e+01,-1.487977027893066406e+00,-1.237393379211425781e+00,-4.213190078735351562e-01,2.529602050781250000e+00,3.438943386077880859e+00,2.744187355041503906e+00,-2.529602050781250000e+00,-3.438943386077880859e+00,-2.744187355041503906e+00
4.864000000000000057e+01,-1.487951278686523438e+00,-1.237370491027832031e+00,-4.213037490844726562e-01,2.529602050781250000e+00,3.438943386077880859e+00,2.744187355041503906e+00,-2.529602050781250000e+00,-3.438943386077880859e+00,-2.744187355041503906e+00
4.867999999999999972e+01,-1.487923622131347656e+00,-1.237346649169921875e+00,-4.212865829467773438e-01,2.529602050781250000e+00,3.438943386077880859e+00,2.744187355041503906e+00,-2.529602050781250000e+00,-3.438943386077880859e+00,-2.744187355041503906e+00
4.871999999999999886e+01,-1.487894058227539062e+00,-1.237320899963378906e+00,-4.212694168090820312e-01,2.529602050781250000e+00,3.438943386077880859e+00,2.744187355041503906e+00,-2.529602050781250000e+00,-3.438943386077880859e+00,-2.744187355041503906e+00
4.875999999999999801e+01,-1.487862586975097656e+00,-1.237292289733886719e+00,-4.212512969970703125e-01,2.529602050781250000e+00,3.438943386077880859e+00,2.744187355041503906e+00,-2.529602050781250000e+00,-3.438943386077880859e+00,-2.744187355041503906e+00
4.880000000000000426e+01,-1.487828254699707031e+00,-1.237262725830078125e+00,-4.212322235107421875e-01,2.529602050781250000e+00,3.438943386077880859e+00,2.744187355041503906e+00,-2.529602050781250000e+00,-3.438943386077880859e+00,-2.744187355041503906e+00
4.884000000000000341e+01,-1.487792015075683594e+00,-1.237231254577636719e+00,-4.212131500244140625e-01,2.529602050781250000e+00,3.438943386077880859e+00,2.744187355041503906e+00,-2.529602050781250000e+00,-3.438943386077880859e+00,-2.744187355041503906e+00
4.888000000000000256e+01,-1.487753868103027344e+00,-1.237197875976562500e+00,-4.211931228637695312e-01,2.529602050781250000e+00,3.438943386077880859e+00,2.744187355041503906e+00,-2.529602050781250000e+00,-3.438943386077880859e+00,-2.744187355041503906e+00
4.892000000000000171e+01,-1.487713813781738281e+00,-1.237162590026855469e+00,-4.211721420288085938e-01,2.529602050781250000e+00,3.438943386077880859e+00,2.744187355041503906e+00,-2.529602050781250000e+00,-3.438943386077880859e+00,-2.744187355041503906e+00
4.896000000000000085e+01,-1.487671852111816406e+00,-1.237126350402832031e+00,-4.211511611938476562e-01,2.529602050781250000e+00,3.438943386077880859e+00,2.744187355041503906e+00,-2.529602050781250000e+00,-3.438943386077880859e+00,-2.744187355041503906e+00
4.900000000000000000e+01,-1.487627983093261719e+00,-1.237088203430175781e+00,-4.211282730102539062e-01,2.529602050781250000e+00,3.438943386077880859e+00,2.744187355041503906e+00,-2.529602050781250000e+00,-3.438943386077880859e+00,-2.744187355041503906e+00
4.903999999999999915e+01,-1.487582206726074219e+00,-1.237048149108886719e+00,-4.211053848266601562e-01,2.529602050781250000e+00,3.438943386077880859e+00,2.744187355041503906e+00,-2.529602050781250000e+00,-3.438943386077880859e+00,-2.744187355041503906e+00
4.907999999999999829e+01,-1.487532615661621094e+00,-1.237006187438964844e+00,-4.210815429687500000e-01,2.529602050781250000e+00,3.438943386077880859e+00,2.744187355041503906e+00,-2.529602050781250000e+00,-3.438943386077880859e+00,-2.744187355041503906e+00
4.912000000000000455e+01,-1.487481117248535156e+00,-1.236962318420410156e+00,-4.210577011108398438e-01,2.529602050781250000e+00,3.438943386077880859e+00,2.744187355041503906e+00,-2.529602050781250000e+00,-3.438943386077880859e+00,-2.744187355041503906e+00
4.916000000000000369e+01,-1.487427711486816406e+00,-1.236917495727539062e+00,-4.210329055786132812e-01,2.529602050781250000e+00,3.438943386077880859e+00,2.744187355041503906e+00,-2.529602050781250000e+00,-3.438943386077880859e+00,-2.744187355041503906e+00
4.920000000000000284e+01,-1.487372398376464844e+00,-1.236870765686035156e+00,-4.210071563720703125e-01,2.529602050781250000e+00,3.438943386077880859e+00,2.744187355041503906e+00,-2.529602050781250000e+00,-3.438943386077880859e+00,-2.744187355041503906e+00
4.924000000000000199e+01,-1.487315177917480469e+00,-1.236822128295898438e+00,-4.209804534912109375e-01,2.529602050781250000e+00,3.438943386077880859e+00,2.744187355041503906e+00,-2.529602050781250000e+00,-3.438943386077880859e+00,-2.744187355041503906e+00
4.928000000000000114e+01,-1.487256050109863281e+00,-1.236771583557128906e+00,-4.209537506103515625e-01,2.529602050781250000e+00,3.438943386077880859e+00,2.744187355041503906e+00,-2.529602050781250000e+00,-3.438943386077880859e+00,-2.744187355041503906e+00
4.932000000000000028e+01,-1.487195014953613281e+00,-1.236719131469726562e+00,-4.209260940551757812e-01,2.529602050781250000e+00,3.438943386077880859e+00,2.744187355041503906e+00,-2.529602050781250000e+00,-3.438943386077880859e+00,-2.744187355041503906e+00
4.935999999999999943e+01,-1.487131118774414062e+00,-1.236665725708007812e+00,-4.208984375000000000e-01,2.529602050781250000e+00,3.438943386077880859e+00,2.744187355041503906e+00,-2.529602050781250000e+00,-3.438943386077880859e+00,-2.744187355041503906e+00
4.939999999999999858e+01,-1.487065315246582031e+00,-1.236610412597656250e+00,-4.208698272705078125e-01,2.529602050781250000e+00,3.438943386077880859e+00,2.744187355041503906e+00,-2.529602050781250000e+00,-3.438943386077880859e+00,-2.744187355041503906e+00
4.943999999999999773e+01,-1.486997604370117188e+00,-1.236553192138671875e+00,-4.208402633666992188e-01,2.529602050781250000e+00,3.438943386077880859e+00,2.744187355041503906e+00,-2.529602050781250000e+00,-3.438943386077880859e+00,-2.744187355041503906e+00
4.948000000000000398e+01,-1.486927986145019531e+00,-1.236494064331054688e+00,-4.208106994628906250e-01,2.529602050781250000e+00,3.438943386077880859e+00,2.744187355041503906e+00,-2.529602050781250000e+00,-3.438943386077880859e+00,-2.744187355041503906e+00
4.952000000000000313e+01,-1.486857414245605469e+00,-1.236433982849121094e+00,-4.207801818847656250e-01,2.529602050781250000e+00,3.438943386077880859e+00,2.744187355041503906e+00,-2.529602050781250000e+00,-3.438943386077880859e+00,-2.744187355041503906e+00
4.956000000000000227e+01,-1.486783027648925781e+00,-1.236371040344238281e+00,-4.207496643066406250e-01,2.529602050781250000e+00,3.438943386077880859e+00,2.744187355041503906e+00,-2.529602050781250000e+00,-3.438943386077880859e+00,-2.744187355041503906e+00
4.960000000000000142e+01,-1.486706733703613281e+00,-1.236306190490722656e+00,-4.207181930541992188e-01,2.529602050781250000e+00,3.438943386077880859e+00,2.744187355041503906e+00,-2.529602050781250000e+00,-3.438943386077880859e+00,-2.744187355041503906e+00
4.964000000000000057e+01,-1.486629486083984375e+00,-1.236240386962890625e+00,-4.206857681274414062e-01,2.529602050781250000e+00,3.438943386077880859e+00,2.744187355041503906e+00,-2.529602050781250000e+00,-3.438943386077880859e+00,-2.744187355041503906e+00
4.967999999999999972e+01,-1.486548423767089844e+00,-1.236172676086425781e+00,-4.206523895263671875e-01,2.529602050781250000e+00,3.438943386077880859e+00,2.744187355041503906e+00,-2.529602050781250000e+00,-3.438943386077880859e+00,-2.744187355041503906e+00
4.971999999999999886e+01,-1.486466407775878906e+00,-1.236103057861328125e+00,-4.206190109252929688e-01,2.529602050781250000e+00,3.438943386077880859e+00,2.744187355041503906e+00,-2.529602050781250000e+00,-3.438943386077880859e+00,-2.744187355041503906e+00
4.975999999999999801e+01,-1.486382484436035156e+00,-1.236031532287597656e+00,-4.205846786499023438e-01,2.529602050781250000e+00,3.438943386077880859e+00,2.744187355041503906e+00,-2.529602050781250000e+00,-3.438943386077880859e+00,-2.744187355041503906e+00
4.980000000000000426e+01,-1.486295700073242188e+00,-1.235958099365234375e+00,-4.205493927001953125e-01,2.529602050781250000e+00,3.438943386077880859e+00,2.744187355041503906e+00,-2.529602050781250000e+00,-3.438943386077880859e+00,-2.744187355041503906e+00
4.984000000000000341e+01,-1.486207008361816406e+00,-1.235883712768554688e+00,-4.205131530761718750e-01,2.529602050781250000e+00,3.438943386077880859e+00,2.744187355041503906e+00,-2.529602050781250000e+00,-3.438943386077880859e+00,-2.744187355041503906e+00
4.988000000000000256e+01,-1.486117362976074219e+00,-1.235807418823242188e+00,-4.204759597778320312e-01,2.529602050781250000e+00,3.438943386077880859e+00,2.744187355041503906e+00,-2.529602050781250000e+00,-3.438943386077880859e+00,-2.744187355041503906e+00
4.992000000000000171e+01,-1.486023902893066406e+00,-1.235729217529296875e+00,-4.204378128051757812e-01,2.529602050781250000e+00,3.438943386077880859e+00,2.744187355041503906e+00,-2.529602050781250000e+00,-3.438943386077880859e+00,-2.744187355041503906e+00
4.996000000000000085e+01,-1.485929489135742188e+00,-1.235649108886718750e+00,-4.204006195068359375e-01,2.529602050781250000e+00,3.438943386077880859e+00,2.744187355041503906e+00,-2.529602050781250000e+00,-3.438943386077880859e+00,-2.744187355041503906e+00
5.000000000000000000e+01,-1.485832214355468750e+00,-1.235568046569824219e+00,-4.203624725341796875e-01,2.529602050781250000e+00,3.438943386077880859e+00,2.744187355041503906e+00,-2.529602050781250000e+00,-3.438943386077880859e+00,-2.744187355041503906e+00
5.003999999999999915e+01,-1.485733032226562500e+00,-1.235484123229980469e+00,-4.203233718872070312e-01,2.529602050781250000e+00,3.438943386077880859e+00,2.744187355041503906e+00,-2.529602050781250000e+00,-3.438943386077880859e+00,-2.744187355041503906e+00
5.007999999999999829e+01,-1.485632896423339844e+00,-1.235399246215820312e+00,-4.202833175659179688e-01,2.529602050781250000e+00,3.438943386077880859e+00,2.744187355041503906e+00,-2.529602050781250000e+00,-3.438943386077880859e+00,-2.744187355041503906e+00
5.012000000000000455e+01,-1.485529899597167969e+00,-1.235311508178710938e+00,-4.202423095703125000e-01,2.529602050781250000e+00,3.438943386077880859e+00,2.744187355041503906e+00,-2.529602050781250000e+00,-3.438943386077880859e+00,-2.744187355041503906e+00
5.016000000000000369e+01,-1.485425949096679688e+00,-1.235222816467285156e+00,-4.202013015747070312e-01,2.529602050781250000e+00,3.438943386077880859e+00,2.744187355041503906e+00,-2.529602050781250000e+00,-3.438943386077880859e+00,-2.744187355041503906e+00
5.020000000000000284e+01,-1.485318183898925781e+00,-1.235133171081542969e+00,-4.201593399047851562e-01,2.529602050781250000e+00,3.438943386077880859e+00,2.744187355041503906e+00,-2.529602050781250000e+00,-3.438943386077880859e+00,-2.744187355041503906e+00
5.024000000000000199e+01,-1.485209465026855469e+00,-1.235041618347167969e+00,-4.201164245605468750e-01,2.529602050781250000e+00,3.438943386077880859e+00,2.744187355041503906e+00,-2.529602050781250000e+00,-3.438943386077880859e+00,-2.744187355041503906e+00
5.028000000000000114e+01,-1.485097885131835938e+00,-1.234948158264160156e+00,-4.200735092163085938e-01,2.529602050781250000e+00,3.438943386077880859e+00,2.744187355041503906e+00,-2.529602050781250000e+00,-3.438943386077880859e+00,-2.744187355041503906e+00
5.032000000000000028e+01,-1.484985351562500000e+00,-1.234852790832519531e+00,-4.200296401977539062e-01,2.529602050781250000e+00,3.438943386077880859e+00,2.744187355041503906e+00,-2.529602050781250000e+00,-3.438943386077880859e+00,-2.744187355041503906e+00
5.035999999999999943e+01,-1.484869956970214844e+00,-1.234755516052246094e+00,-4.199848175048828125e-01,2.529602050781250000e+00,3.438943386077880859e+00,2.744187355041503906e+00,-2.529602050781250000e+00,-3.438943386077880859e+00,-2.744187355041503906e+00
5.039999999999999858e+01,-1.484751701354980469e+00,-1.234657287597656250e+00,-4.199390411376953125e-01,2.529602050781250000e+00,3.438943386077880859e+00,2.744187355041503906e+00,-2.529602050781250000e+00,-3.438943386077880859e+00,-2.744187355041503906e+00
5.043999999999999773e+01,-1.484632492065429688e+00,-1.234556198120117188e+00,-4.198923110961914062e-01,2.529602050781250000e+00,3.438943386077880859e+00,2.744187355041503906e+00,-2.529602050781250000e+00,-3.438943386077880859e+00,-2.744187355041503906e+00
5.048000000000000398e+01,-1.484510421752929688e+00,-1.234454154968261719e+00,-4.198446273803710938e-01,2.529602050781250000e+00,3.438943386077880859e+00,2.744187355041503906e+00,-2.529602050781250000e+00,-3.438943386077880859e+00,-2.744187355041503906e+00
5.052000000000000313e+01,-1.484387397766113281e+00,-1.234350204467773438e+00,-4.197969436645507812e-01,2.529602050781250000e+00,3.438943386077880859e+00,2.744187355041503906e+00,-2.529602050781250000e+00,-3.438943386077880859e+00,-2.744187355041503906e+00
5.056000000000000227e+01,-1.484261512756347656e+00,-1.234244346618652344e+00,-4.197483062744140625e-01,2.529602050781250000e+00,3.438943386077880859e+00,2.744187355041503906e+00,-2.529602050781250000e+00,-3.438943386077880859e+00,-2.744187355041503906e+00
5.060000000000000142e+01,-1.484132766723632812e+00,-1.234136581420898438e+00,-4.196996688842773438e-01,2.529602050781250000e+00,3.438943386077880859e+00,2.744187355041503906e+00,-2.529602050781250000e+00,-3.438943386077880859e+00,-2.744187355041503906e+00
5.064000000000000057e+01,-1.484003067016601562e+00,-1.234027862548828125e+00,-4.196500778198242188e-01,2.529602050781250000e+00,3.438943386077880859e+00,2.744187355041503906e+00,-2.529602050781250000e+00,-3.438943386077880859e+00,-2.744187355041503906e+00
5.067999999999999972e+01,-1.483870506286621094e+00,-1.233917236328125000e+00,-4.195995330810546875e-01,2.529602050781250000e+00,3.438943386077880859e+00,2.744187355041503906e+00,-2.529602050781250000e+00,-3.438943386077880859e+00,-2.744187355041503906e+00
5.071999999999999886e+01,-1.483735084533691406e+00,-1.233804702758789062e+00,-4.195480346679687500e-01,2.529602050781250000e+00,3.438943386077880859e+00,2.744187355041503906e+00,-2.529602050781250000e+00,-3.438943386077880859e+00,-2.744187355041503906e+00
5.075999999999999801e+01,-1.483598709106445312e+00,-1.233690261840820312e+00,-4.194965362548828125e-01,2.529602050781250000e+00,3.438943386077880859e+00,2.744187355041503906e+00,-2.529602050781250000e+00,-3.438943386077880859e+00,-2.744187355041503906e+00
5.080000000000000426e+01,-1.483460426330566406e+00,-1.233573913574218750e+00,-4.194440841674804688e-01,2.529602050781250000e+00,3.438943386077880859e+00,2.744187355041503906e+00,-2.529602050781250000e+00,-3.438943386077880859e+00,-2.744187355041503906e+00
5.084000000000000341e+01,-1.483319282531738281e+00,-1.233456611633300781e+00,-4.193906784057617188e-01,2.529602050781250000e+00,3.438943386077880859e+00,2.744187355041503906e+00,-2.529602050781250000e+00,-3.438943386077880859e+00,-2.744187355041503906e+00
5.088000000000000256e+01,-1.483177185058593750e+00,-1.233337402343750000e+00,-4.193372726440429688e-01,2.529602050781250000e+00,3.438943386077880859e+00,2.744187355041503906e+00,-2.529602050781250000e+00,-3.438943386077880859e+00,-2.744187355041503906e+00
5.092000000000000171e+01,-1.483032226562500000e+00,-1.233216285705566406e+00,-4.192829132080078125e-01,2.529602050781250000e+00,3.438943386077880859e+00,2.744187355041503906e+00,-2.529602050781250000e+00,-3.438943386077880859e+00,-2.744187355041503906e+00
5.096000000000000085e+01,-1.482885360717773438e+00,-1.233093261718750000e+00,-4.192276000976562500e-01,2.529602050781250000e+00,3.438943386077880859e+00,2.744187355041503906e+00,-2.529602050781250000e+00,-3.438943386077880859e+00,-2.744187355041503906e+00
5.100000000000000000e+01,-1.482735633850097656e+00,-1.232968330383300781e+00,-4.191722869873046875e-01,2.529602050781250000e+00,3.438943386077880859e+00,2.744187355041503906e+00,-2.529602050781250000e+00,-3.438943386077880859e+00,-2.744187355041503906e+00
5.103999999999999915e+01,-1.482584953308105469e+00,-1.232841491699218750e+00,-4.191160202026367188e-01,2.529602050781250000e+00,3.438943386077880859e+00,2.744187355041503906e+00,-2.529602050781250000e+00,-3.438943386077880859e+00,-2.744187355041503906e+00
5.107999999999999829e+01,-1.482432365417480469e+00,-1.232713699340820312e+00,-4.190587997436523438e-01,2.529602050781250000e+00,3.438943386077880859e+00,2.744187355041503906e+00,-2.529602050781250000e+00,-3.438943386077880859e+00,-2.744187355041503906e+00
5.112000000000000455e+01,-1.482276916503906250e+00,-1.232583999633789062e+00,-4.190015792846679688e-01,2.529602050781250000e+00,3.438943386077880859e+00,2.744187355041503906e+00,-2.529602050781250000e+00,-3.438943386077880859e+00,-2.744187355041503906e+00
5.116000000000000369e+01,-1.482119560241699219e+00,-1.232452392578125000e+00,-4.189434051513671875e-01,2.529602050781250000e+00,3.438943386077880859e+00,2.744187355041503906e+00,-2.529602050781250000e+00,-3.438943386077880859e+00,-2.744187355041503906e+00
5.120000000000000284e+01,-1.481960296630859375e+00,-1.232318878173828125e+00,-4.188842773437500000e-01,2.529602050781250000e+00,3.438943386077880859e+00,2.744187355041503906e+00,-2.529602050781250000e+00,-3.438943386077880859e+00,-2.744187355041503906e+00
5.124000000000000199e+01,-1.481798171997070312e+00,-1.232184410095214844e+00,-4.188251495361328125e-01,2.529602050781250000e+00,3.438943386077880859e+00,2.744187355041503906e+00,-2.529602050781250000e+00,-3.438943386077880859e+00,-2.744187355041503906e+00
5.128000000000000114e+01,-1.481636047363281250e+00,-1.232047080993652344e+00,-4.187650680541992188e-01,2.529602050781250000e+00,3.438943386077880859e+00,2.744187355041503906e+00,-2.529602050781250000e+00,-3.438943386077880859e+00,-2.744187355041503906e+00
5.132000000000000028e+01,-1.481470108032226562e+00,-1.231907844543457031e+00,-4.187040328979492188e-01,2.529602050781250000e+00,3.438943386077880859e+00,2.744187355041503906e+00,-2.529602050781250000e+00,-3.438943386077880859e+00,-2.744187355041503906e+00
5.135999999999999943e+01,-1.481302261352539062e+00,-1.231767654418945312e+00,-4.186420440673828125e-01,2.529602050781250000e+00,3.438943386077880859e+00,2.744187355041503906e+00,-2.529602050781250000e+00,-3.438943386077880859e+00,-2.744187355041503906e+00
5.139999999999999858e+01,-1.481132507324218750e+00,-1.231625556945800781e+00,-4.185791015625000000e-01,2.529602050781250000e+00,3.438943386077880859e+00,2.744187355041503906e+00,-2.529602050781250000e+00,-3.438943386077880859e+00,-2.744187355041503906e+00
5.143999999999999773e+01,-1.480960845947265625e+00,-1.231481552124023438e+00,-4.185161590576171875e-01,2.529602050781250000e+00,3.438943386077880859e+00,2.744187355041503906e+00,-2.529602050781250000e+00,-3.438943386077880859e+00,-2.744187355041503906e+00
5.148000000000000398e+01,-1.480787277221679688e+00,-1.231336593627929688e+00,-4.184522628784179688e-01,2.529602050781250000e+00,3.438943386077880859e+00,2.744187355041503906e+00,-2.529602050781250000e+00,-3.438943386077880859e+00,-2.744187355041503906e+00
5.152000000000000313e+01,-1.480611801147460938e+00,-1.231188774108886719e+00,-4.183883666992187500e-01,2.529602050781250000e+00,3.438943386077880859e+00,2.744187355041503906e+00,-2.529602050781250000e+00,-3.438943386077880859e+00,-2.744187355041503906e+00
5.156000000000000227e+01,-1.480432510375976562e+00,-1.231040000915527344e+00,-4.183235168457031250e-01,2.529602050781250000e+00,3.438943386077880859e+00,2.744187355041503906e+00,-2.529602050781250000e+00,-3.438943386077880859e+00,-2.744187355041503906e+00
5.160000000000000142e+01,-1.480251312255859375e+00,-1.230889320373535156e+00,-4.182577133178710938e-01,2.529602050781250000e+00,3.438943386077880859e+00,2.744187355041503906e+00,-2.529602050781250000e+00,-3.438943386077880859e+00,-2.744187355041503906e+00
5.164000000000000057e+01,-1.480068206787109375e+00,-1.230736732482910156e+00,-4.181909561157226562e-01,2.529602050781250000e+00,3.438943386077880859e+00,2.744187355041503906e+00,-2.529602050781250000e+00,-3.438943386077880859e+00,-2.744187355041503906e+00
5.167999999999999972e+01,-1.479883193969726562e+00,-1.230582237243652344e+00,-4.181232452392578125e-01,2.529602050781250000e+00,3.438943386077880859e+00,2.744187355041503906e+00,-2.529602050781250000e+00,-3.438943386077880859e+00,-2.744187355041503906e+00
5.171999999999999886e+01,-1.479696273803710938e+00,-1.230426788330078125e+00,-4.180545806884765625e-01,2.529602050781250000e+00,3.438943386077880859e+00,2.744187355041503906e+00,-2.529602050781250000e+00,-3.438943386077880859e+00,-2.744187355041503906e+00
5.175999999999999801e+01,-1.479507446289062500e+00,-1.230268478393554688e+00,-4.179859161376953125e-01,2.529602050781250000e+00,3.438943386077880859e+00,2.744187355041503906e+00,-2.529602050781250000e+00,-3.438943386077880859e+00,-2.744187355041503906e+00
5.180000000000000426e+01,-1.479316711425781250e+00,-1.230109214782714844e+00,-4.179162979125976562e-01,2.529602050781250000e+00,3.438943386077880859e+00,2.744187355041503906e+00,-2.529602050781250000e+00,-3.438943386077880859e+00,-2.744187355041503906e+00
5.184000000000000341e+01,-1.479124069213867188e+00,-1.229948043823242188e+00,-4.178466796875000000e-01,2.529602050781250000e+00,3.438943386077880859e+00,2.744187355041503906e+00,-2.529602050781250000e+00,-3.438943386077880859e+00,-2.744187355041503906e+00
5.188000000000000256e+01,-1.478929519653320312e+00,-1.229784965515136719e+00,-4.177761077880859375e-01,2.529602050781250000e+00,3.438943386077880859e+00,2.744187355041503906e+00,-2.529602050781250000e+00,-3.438943386077880859e+00,-2.744187355041503906e+00
5.192000000000000171e+01,-1.478733062744140625e+00,-1.229619979858398438e+00,-4.177055358886718750e-01,2.529602050781250000e+00,3.438943386077880859e+00,2.744187355041503906e+00,-2.529602050781250000e+00,-3.438943386077880859e+00,-2.744187355041503906e+00
5.196000000000000085e+01,-1.478534698486328125e+00,-1.229454040527343750e+00,-4.176340103149414062e-01,2.529602050781250000e+00,3.438943386077880859e+00,2.744187355041503906e+00,-2.529602050781250000e+00,-3.438943386077880859e+00,-2.744187355041503906e+00
5.200000000000000000e+01,-1.478332519531250000e+00,-1.229285240173339844e+00,-4.175615310668945312e-01,2.529602050781250000e+00,3.438943386077880859e+00,2.744187355041503906e+00,-2.529602050781250000e+00,-3.438943386077880859e+00,-2.744187355041503906e+00
5.203999999999999915e+01,-1.478128433227539062e+00,-1.229115486145019531e+00,-4.174880981445312500e-01,2.529602050781250000e+00,3.438943386077880859e+00,2.744187355041503906e+00,-2.529602050781250000e+00,-3.438943386077880859e+00,-2.744187355041503906e+00
5.207999999999999829e+01,-1.477922439575195312e+00,-1.228943824768066406e+00,-4.174137115478515625e-01,2.529602050781250000e+00,3.438943386077880859e+00,2.744187355041503906e+00,-2.529602050781250000e+00,-3.438943386077880859e+00,-2.744187355041503906e+00
5.212000000000000455e+01,-1.477714538574218750e+00,-1.228771209716796875e+00,-4.173383712768554688e-01,2.529602050781250000e+00,3.438943386077880859e+00,2.744187355041503906e+00,-2.529602050781250000e+00,-3.438943386077880859e+00,-2.744187355041503906e+00
5.216000000000000369e+01,-1.477504730224609375e+00,-1.228596687316894531e+00,-4.172630310058593750e-01,2.529602050781250000e+00,3.438943386077880859e+00,2.744187355041503906e+00,-2.529602050781250000e+00,-3.438943386077880859e+00,-2.744187355041503906e+00
5.220000000000000284e+01,-1.477293014526367188e+00,-1.228419303894042969e+00,-4.171867370605468750e-01,2.529602050781250000e+00,3.438943386077880859e+00,2.744187355041503906e+00,-2.529602050781250000e+00,-3.438943386077880859e+00,-2.744187355041503906e+00
5.224000000000000199e+01,-1.477077484130859375e+00,-1.228240966796875000e+00,-4.171104431152343750e-01,2.529602050781250000e+00,3.438943386077880859e+00,2.744187355041503906e+00,-2.529602050781250000e+00,-3.438943386077880859e+00,-2.744187355041503906e+00
5.228000000000000114e+01,-1.476861953735351562e+00,-1.228060722351074219e+00,-4.170331954956054688e-01,2.529602050781250000e+00,3.438943386077880859e+00,2.744187355041503906e+00,-2.529602050781250000e+00,-3.438943386077880859e+00,-2.744187355041503906e+00
5.232000000000000028e+01,-1.476644515991210938e+00,-1.227878570556640625e+00,-4.169549942016601562e-01,2.529602050781250000e+00,3.438943386077880859e+00,2.744187355041503906e+00,-2.529602050781250000e+00,-3.438943386077880859e+00,-2.744187355041503906e+00
5.235999999999999943e+01,-1.476425170898437500e+00,-1.227695465087890625e+00,-4.168767929077148438e-01,2.529602050781250000e+00,3.438943386077880859e+00,2.744187355041503906e+00,-2.529602050781250000e+00,-3.438943386077880859e+00,-2.744187355041503906e+00
5.239999999999999858e+01,-1.476202011108398438e+00,-1.227510452270507812e+00,-4.167976379394531250e-01,2.529602050781250000e+00,3.438943386077880859e+00,2.744187355041503906e+00,-2.529602050781250000e+00,-3.438943386077880859e+00,-2.744187355041503906e+00
5.243999999999999773e+01,-1.475976943969726562e+00,-1.227323532104492188e+00,-4.167165756225585938e-01,2.529602050781250000e+00,3.438943386077880859e+00,2.744187355041503906e+00,-2.529602050781250000e+00,-3.438943386077880859e+00,-2.744187355041503906e+00
5.248000000000000398e+01,-1.475749969482421875e+00,-1.227134704589843750e+00,-4.166355133056640625e-01,2.529602050781250000e+00,3.438943386077880859e+00,2.744187355041503906e+00,-2.529602050781250000e+00,-3.438943386077880859e+00,-2.744187355041503906e+00
5.252000000000000313e+01,-1.475521087646484375e+00,-1.226943969726562500e+00,-4.165534973144531250e-01,2.529602050781250000e+00,3.438943386077880859e+00,2.744187355041503906e+00,-2.529602050781250000e+00,-3.438943386077880859e+00,-2.744187355041503906e+00
5.256000000000000227e+01,-1.475290298461914062e+00,-1.226751327514648438e+00,-4.164705276489257812e-01,2.529602050781250000e+00,3.438943386077880859e+00,2.744187355041503906e+00,-2.529602050781250000e+00,-3.438943386077880859e+00,-2.744187355041503906e+00
5.260000000000000142e+01,-1.475057601928710938e+00,-1.226556777954101562e+00,-4.163875579833984375e-01,2.529602050781250000e+00,3.438943386077880859e+00,2.744187355041503906e+00,-2.529602050781250000e+00,-3.438943386077880859e+00,-2.744187355041503906e+00
5.264000000000000057e+01,-1.474821090698242188e+00,-1.226361274719238281e+00,-4.163036346435546875e-01,2.529602050781250000e+00,3.438943386077880859e+00,2.744187355041503906e+00,-2.529602050781250000e+00,-3.438943386077880859e+00,-2.744187355041503906e+00
5.267999999999999972e+01,-1.474584579467773438e+00,-1.226163864135742188e+00,-4.162197113037109375e-01,2.529602050781250000e+00,3.438943386077880859e+00,2.744187355041503906e+00,-2.529602050781250000e+00,-3.438943386077880859e+00,-2.744187355041503906e+00
5.271999999999999886e+01,-1.474346160888671875e+00,-1.225965499877929688e+00,-4.161348342895507812e-01,2.529602050781250000e+00,3.438943386077880859e+00,2.744187355041503906e+00,-2.529602050781250000e+00,-3.438943386077880859e+00,-2.744187355041503906e+00
5.275999999999999801e+01,-1.474103927612304688e+00,-1.225765228271484375e+00,-4.160499572753906250e-01,2.529602050781250000e+00,3.438943386077880859e+00,2.744187355041503906e+00,-2.529602050781250000e+00,-3.438943386077880859e+00,-2.744187355041503906e+00
5.280000000000000426e+01,-1.473861694335937500e+00,-1.225563049316406250e+00,-4.159631729125976562e-01,2.529602050781250000e+00,3.438943386077880859e+00,2.744187355041503906e+00,-2.529602050781250000e+00,-3.438943386077880859e+00,-2.744187355041503906e+00
5.284000000000000341e+01,-1.473617553710937500e+00,-1.225358963012695312e+00,-4.158763885498046875e-01,2.529602050781250000e+00,3.438943386077880859e+00,2.744187355041503906e+00,-2.529602050781250000e+00,-3.438943386077880859e+00,-2.744187355041503906e+00
5.288000000000000256e+01,-1.473369598388671875e+00,-1.225152015686035156e+00,-4.157886505126953125e-01,2.529602050781250000e+00,3.438943386077880859e+00,2.744187355041503906e+00,-2.529602050781250000e+00,-3.438943386077880859e+00,-2.744187355041503906e+00
5.292000000000000171e+01,-1.473121643066406250e+00,-1.224944114685058594e+00,-4.157009124755859375e-01,2.529602050781250000e+00,3.438943386077880859e+00,2.744187355041503906e+00,-2.529602050781250000e+00,-3.438943386077880859e+00,-2.744187355041503906e+00
5.296000000000000085e+01,-1.472869873046875000e+00,-1.224734306335449219e+00,-4.156112670898437500e-01,2.529602050781250000e+00,3.438943386077880859e+00,2.744187355041503906e+00,-2.529602050781250000e+00,-3.438943386077880859e+00,-2.744187355041503906e+00
5.300000000000000000e+01,-1.472616195678710938e+00,-1.224522590637207031e+00,-4.155216217041015625e-01,2.529602050781250000e+00,3.438943386077880859e+00,2.744187355041503906e+00,-2.529602050781250000e+00,-3.438943386077880859e+00,-2.744187355041503906e+00
5.303999999999999915e+01,-1.472360610961914062e+00,-1.224309921264648438e+00,-4.154319763183593750e-01,2.529602050781250000e+00,3.438943386077880859e+00,2.744187355041503906e+00,-2.529602050781250000e+00,-3.438943386077880859e+00,-2.744187355041503906e+00
5.307999999999999829e+01,-1.472103118896484375e+00,-1.224095344543457031e+00,-4.153404235839843750e-01,2.529602050781250000e+00,3.438943386077880859e+00,2.744187355041503906e+00,-2.529602050781250000e+00,-3.438943386077880859e+00,-2.744187355041503906e+00
5.312000000000000455e+01,-1.471843719482421875e+00,-1.223878860473632812e+00,-4.152488708496093750e-01,2.529602050781250000e+00,3.438943386077880859e+00,2.744187355041503906e+00,-2.529602050781250000e+00,-3.438943386077880859e+00,-2.744187355041503906e+00
5.316000000000000369e+01,-1.471582412719726562e+00,-1.223660469055175781e+00,-4.151563644409179688e-01,2.529602050781250000e+00,3.438943386077880859e+00,2.744187355041503906e+00,-2.529602050781250000e+00,-3.438943386077880859e+00,-2.744187355041503906e+00
5.320000000000000284e+01,-1.471317291259765625e+00,-1.223440170288085938e+00,-4.150629043579101562e-01,2.529602050781250000e+00,3.438943386077880859e+00,2.744187355041503906e+00,-2.529602050781250000e+00,-3.438943386077880859e+00,-2.744187355041503906e+00
5.324000000000000199e+01,-1.471052169799804688e+00,-1.223218917846679688e+00,-4.149694442749023438e-01,2.529602050781250000e+00,3.438943386077880859e+00,2.744187355041503906e+00,-2.529602050781250000e+00,-3.438943386077880859e+00,-2.744187355041503906e+00
5.328000000000000114e+01,-1.470783233642578125e+00,-1.222995758056640625e+00,-4.148750305175781250e-01,2.529602050781250000e+00,3.438943386077880859e+00,2.744187355041503906e+00,-2.529602050781250000e+00,-3.438943386077880859e+00,-2.744187355041503906e+00
5.332000000000000028e+01,-1.470512390136718750e+00,-1.222770690917968750e+00,-4.147796630859375000e-01,2.529602050781250000e+00,3.438943386077880859e+00,2.744187355041503906e+00,-2.529602050781250000e+00,-3.438943386077880859e+00,-2.744187355041503906e+00
5.335999999999999943e+01,-1.470239639282226562e+00,-1.222543716430664062e+00,-4.146833419799804688e-01,2.529602050781250000e+00,3.438943386077880859e+00,2.744187355041503906e+00,-2.529602050781250000e+00,-3.438943386077880859e+00,-2.744187355041503906e+00
5.339999999999999858e+01,-1.469964981079101562e+00,-1.222315788269042969e+00,-4.145870208740234375e-01,2.529602050781250000e+00,3.438943386077880859e+00,2.744187355041503906e+00,-2.529602050781250000e+00,-3.438943386077880859e+00,-2.744187355041503906e+00
5.343999999999999773e+01,-1.469688415527343750e+00,-1.222084999084472656e+00,-4.144897460937500000e-01,2.529602050781250000e+00,3.438943386077880859e+00,2.744187355041503906e+00,-2.529602050781250000e+00,-3.438943386077880859e+00,-2.744187355041503906e+00
5.348000000000000398e+01,-1.469409942626953125e+00,-1.221853256225585938e+00,-4.143915176391601562e-01,2.529602050781250000e+00,3.438943386077880859e+00,2.744187355041503906e+00,-2.529602050781250000e+00,-3.438943386077880859e+00,-2.744187355041503906e+00
5.352000000000000313e+01,-1.469129562377929688e+00,-1.221619606018066406e+00,-4.142923355102539062e-01,2.529602050781250000e+00,3.438943386077880859e+00,2.744187355041503906e+00,-2.529602050781250000e+00,-3.438943386077880859e+00,-2.744187355041503906e+00
5.356000000000000227e+01,-1.468847274780273438e+00,-1.221384048461914062e+00,-4.141931533813476562e-01,2.529602050781250000e+00,3.438943386077880859e+00,2.744187355041503906e+00,-2.529602050781250000e+00,-3.438943386077880859e+00,-2.744187355041503906e+00
5.360000000000000142e+01,-1.468563079833984375e+00,-1.221146583557128906e+00,-4.140930175781250000e-01,2.529602050781250000e+00,3.438943386077880859e+00,2.744187355041503906e+00,-2.529602050781250000e+00,-3.438943386077880859e+00,-2.744187355041503906e+00
5.364000000000000057e+01,-1.468275070190429688e+00,-1.220908164978027344e+00,-4.139928817749023438e-01,2.529602050781250000e+00,3.438943386077880859e+00,2.744187355041503906e+00,-2.529602050781250000e+00,-3.438943386077880859e+00,-2.744187355041503906e+00
5.367999999999999972e+01,-1.467985153198242188e+00,-1.220666885375976562e+00,-4.138917922973632812e-01,2.529602050781250000e+00,3.438943386077880859e+00,2.744187355041503906e+00,-2.529602050781250000e+00,-3.438943386077880859e+00,-2.744187355041503906e+00
5.371999999999999886e+01,-1.467695236206054688e+00,-1.220424652099609375e+00,-4.137897491455078125e-01,2.529602050781250000e+00,3.438943386077880859e+00,2.744187355041503906e+00,-2.529602050781250000e+00,-3.438943386077880859e+00,-2.744187355041503906e+00
5.375999999999999801e+01,-1.467401504516601562e+00,-1.220180511474609375e+00,-4.136877059936523438e-01,2.529602050781250000e+00,3.438943386077880859e+00,2.744187355041503906e+00,-2.529602050781250000e+00,-3.438943386077880859e+00,-2.744187355041503906e+00
5.380000000000000426e+01,-1.467105865478515625e+00,-1.219935417175292969e+00,-4.135847091674804688e-01,2.529602050781250000e+00,3.438943386077880859e+00,2.744187355041503906e+00,-2.529602050781250000e+00,-3.438943386077880859e+00,-2.744187355041503906e+00
5.384000000000000341e+01,-1.466808319091796875e+00,-1.219687461853027344e+00,-4.134807586669921875e-01,2.529602050781250000e+00,3.438943386077880859e+00,2.744187355041503906e+00,-2.529602050781250000e+00,-3.438943386077880859e+00,-2.744187355041503906e+00
5.388000000000000256e+01,-1.466508865356445312e+00,-1.219438552856445312e+00,-4.133768081665039062e-01,2.529602050781250000e+00,3.438943386077880859e+00,2.744187355041503906e+00,-2.529602050781250000e+00,-3.438943386077880859e+00,-2.744187355041503906e+00
5.392000000000000171e+01,-1.466207504272460938e+00,-1.219187736511230469e+00,-4.132719039916992188e-01,2.529602050781250000e+00,3.438943386077880859e+00,2.744187355041503906e+00,-2.529602050781250000e+00,-3.438943386077880859e+00,-2.744187355041503906e+00
5.396000000000000085e+01,-1.465904235839843750e+00,-1.218935012817382812e+00,-4.131660461425781250e-01,2.529602050781250000e+00,3.438943386077880859e+00,2.744187355041503906e+00,-2.529602050781250000e+00,-3.438943386077880859e+00,-2.744187355041503906e+00
5.400000000000000000e+01,-1.465597152709960938e+00,-1.218680381774902344e+00,-4.130592346191406250e-01,2.529602050781250000e+00,3.438943386077880859e+00,2.744187355041503906e+00,-2.529602050781250000e+00,-3.438943386077880859e+00,-2.744187355041503906e+00
5.403999999999999915e+01,-1.465288162231445312e+00,-1.218424797058105469e+00,-4.129514694213867188e-01,2.529602050781250000e+00,3.438943386077880859e+00,2.744187355041503906e+00,-2.529602050781250000e+00,-3.438943386077880859e+00,-2.744187355041503906e+00
5.407999999999999829e+01,-1.464977264404296875e+00,-1.218167304992675781e+00,-4.128437042236328125e-01,2.529602050781250000e+00,3.438943386077880859e+00,2.744187355041503906e+00,-2.529602050781250000e+00,-3.438943386077880859e+00,-2.744187355041503906e+00
5.412000000000000455e+01,-1.464666366577148438e+00,-1.217907905578613281e+00,-4.127349853515625000e-01,2.529602050781250000e+00,3.438943386077880859e+00,2.744187355041503906e+00,-2.529602050781250000e+00,-3.438943386077880859e+00,-2.744187355041503906e+00
5.416000000000000369e+01,-1.464353561401367188e+00,-1.217646598815917969e+00,-4.126253128051757812e-01,2.529602050781250000e+00,3.438943386077880859e+00,2.744187355041503906e+00,-2.529602050781250000e+00,-3.438943386077880859e+00,-2.744187355041503906e+00
5.420000000000000284e+01,-1.464036941528320312e+00,-1.217383384704589844e+00,-4.125146865844726562e-01,2.529602050781250000e+00,3.438943386077880859e+00,2.744187355041503906e+00,-2.529602050781250000e+00,-3.438943386077880859e+00,-2.744187355041503906e+00
5.424000000000000199e+01,-1.463718414306640625e+00,-1.217119216918945312e+00,-4.124031066894531250e-01,2.529602050781250000e+00,3.438943386077880859e+00,2.744187355041503906e+00,-2.529602050781250000e+00,-3.438943386077880859e+00,-2.744187355041503906e+00
5.428000000000000114e+01,-1.463397979736328125e+00,-1.216853141784667969e+00,-4.122905731201171875e-01,2.529602050781250000e+00,3.438943386077880859e+00,2.744187355041503906e+00,-2.529602050781250000e+00,-3.438943386077880859e+00,-2.744187355041503906e+00
5.432000000000000028e+01,-1.463075637817382812e+00,-1.216585159301757812e+00,-4.121780395507812500e-01,2.529602050781250000e+00,3.438943386077880859e+00,2.744187355041503906e+00,-2.529602050781250000e+00,-3.438943386077880859e+00,-2.744187355041503906e+00
5.435999999999999943e+01,-1.462751388549804688e+00,-1.216315269470214844e+00,-4.120645523071289062e-01,2.529602050781250000e+00,3.438943386077880859e+00,2.744187355041503906e+00,-2.529602050781250000e+00,-3.438943386077880859e+00,-2.744187355041503906e+00
5.439999999999999858e+01,-1.462425231933593750e+00,-1.216043472290039062e+00,-4.119510650634765625e-01,2.529602050781250000e+00,3.438943386077880859e+00,2.744187355041503906e+00,-2.529602050781250000e+00,-3.438943386077880859e+00,-2.744187355041503906e+00
5.443999999999999773e+01,-1.462095260620117188e+00,-1.215769767761230469e+00,-4.118366241455078125e-01,2.529602050781250000e+00,3.438943386077880859e+00,2.744187355041503906e+00,-2.529602050781250000e+00,-3.438943386077880859e+00,-2.744187355041503906e+00
5.448000000000000398e+01,-1.461763381958007812e+00,-1.215495109558105469e+00,-4.117221832275390625e-01,2.529602050781250000e+00,3.438943386077880859e+00,2.744187355041503906e+00,-2.529602050781250000e+00,-3.438943386077880859e+00,-2.744187355041503906e+00
5.452000000000000313e+01,-1.461429595947265625e+00,-1.215218544006347656e+00,-4.116067886352539062e-01,2.529602050781250000e+00,3.438943386077880859e+00,2.744187355041503906e+00,-2.529602050781250000e+00,-3.438943386077880859e+00,-2.744187355041503906e+00
5.456000000000000227e+01,-1.461093902587890625e+00,-1.214940071105957031e+00,-4.114894866943359375e-01,2.529602050781250000e+00,3.438943386077880859e+00,2.744187355041503906e+00,-2.529602050781250000e+00,-3.438943386077880859e+00,-2.744187355041503906e+00
5.460000000000000142e+01,-1.460756301879882812e+00,-1.214659690856933594e+00,-4.113721847534179688e-01,2.529602050781250000e+00,3.438943386077880859e+00,2.744187355041503906e+00,-2.529602050781250000e+00,-3.438943386077880859e+00,-2.744187355041503906e+00
5.464000000000000057e+01,-1.460416793823242188e+00,-1.214378356933593750e+00,-4.112539291381835938e-01,2.529602050781250000e+00,3.438943386077880859e+00,2.744187355041503906e+00,-2.529602050781250000e+00,-3.438943386077880859e+00,-2.744187355041503906e+00
5.467999999999999972e+01,-1.460075378417968750e+00,-1.214095115661621094e+00,-4.111347198486328125e-01,2.529602050781250000e+00,3.438943386077880859e+00,2.744187355041503906e+00,-2.529602050781250000e+00,-3.438943386077880859e+00,-2.744187355041503906e+00
5.471999999999999886e+01,-1.459732055664062500e+00,-1.213809013366699219e+00,-4.110155105590820312e-01,2.529602050781250000e+00,3.438943386077880859e+00,2.744187355041503906e+00,-2.529602050781250000e+00,-3.438943386077880859e+00,-2.744187355041503906e+00
5.475999999999999801e+01,-1.459386825561523438e+00,-1.213521957397460938e+00,-4.108953475952148438e-01,2.529602050781250000e+00,3.438943386077880859e+00,2.744187355041503906e+00,-2.529602050781250000e+00,-3.438943386077880859e+00,-2.744187355041503906e+00
5.480000000000000426e+01,-1.459039688110351562e+00,-1.213232994079589844e+00,-4.107751846313476562e-01,2.529602050781250000e+00,3.438943386077880859e+00,2.744187355041503906e+00,-2.529602050781250000e+00,-3.438943386077880859e+00,-2.744187355041503906e+00
5.484000000000000341e+01,-1.458690643310546875e+00,-1.212942123413085938e+00,-4.106540679931640625e-01,2.529602050781250000e+00,3.438943386077880859e+00,2.744187355041503906e+00,-2.529602050781250000e+00,-3.438943386077880859e+00,-2.744187355041503906e+00
5.488000000000000256e+01,-1.458337783813476562e+00,-1.212650299072265625e+00,-4.105329513549804688e-01,2.529602050781250000e+00,3.438943386077880859e+00,2.744187355041503906e+00,-2.529602050781250000e+00,-3.438943386077880859e+00,-2.744187355041503906e+00
5.492000000000000171e+01,-1.457983016967773438e+00,-1.212356567382812500e+00,-4.104099273681640625e-01,2.529602050781250000e+00,3.438943386077880859e+00,2.744187355041503906e+00,-2.529602050781250000e+00,-3.438943386077880859e+00,-2.744187355041503906e+00
5.496000000000000085e+01,-1.457626342773437500e+00,-1.212060928344726562e+00,-4.102869033813476562e-01,2.529602050781250000e+00,3.438943386077880859e+00,2.744187355041503906e+00,-2.529602050781250000e+00,-3.438943386077880859e+00,-2.744187355041503906e+00
5.500000000000000000e+01,-1.457267761230468750e+00,-1.211762428283691406e+00,-4.101629257202148438e-01,2.529602050781250000e+00,3.438943386077880859e+00,2.744187355041503906e+00,-2.529602050781250000e+00,-3.438943386077880859e+00,-2.744187355041503906e+00
5.503999999999999915e+01,-1.456907272338867188e+00,-1.211463928222656250e+00,-4.100389480590820312e-01,2.529602050781250000e+00,3.438943386077880859e+00,2.744187355041503906e+00,-2.529602050781250000e+00,-3.438943386077880859e+00,-2.744187355041503906e+00
5.507999999999999829e+01,-1.456546783447265625e+00,-1.211162567138671875e+00,-4.099130630493164062e-01,2.529602050781250000e+00,3.438943386077880859e+00,2.744187355041503906e+00,-2.529602050781250000e+00,-3.438943386077880859e+00,-2.744187355041503906e+00
5.512000000000000455e+01,-1.456182479858398438e+00,-1.210859298706054688e+00,-4.097871780395507812e-01,2.529602050781250000e+00,3.438943386077880859e+00,2.744187355041503906e+00,-2.529602050781250000e+00,-3.438943386077880859e+00,-2.744187355041503906e+00
5.516000000000000369e+01,-1.455816268920898438e+00,-1.210555076599121094e+00,-4.096603393554687500e-01,2.529602050781250000e+00,3.438943386077880859e+00,2.744187355041503906e+00,-2.529602050781250000e+00,-3.438943386077880859e+00,-2.744187355041503906e+00
5.520000000000000284e+01,-1.455448150634765625e+00,-1.210248947143554688e+00,-4.095325469970703125e-01,2.529602050781250000e+00,3.438943386077880859e+00,2.744187355041503906e+00,-2.529602050781250000e+00,-3.438943386077880859e+00,-2.744187355041503906e+00
5.524000000000000199e+01,-1.455076217651367188e+00,-1.209940910339355469e+00,-4.094047546386718750e-01,2.529602050781250000e+00,3.438943386077880859e+00,2.744187355041503906e+00,-2.529602050781250000e+00,-3.438943386077880859e+00,-2.744187355041503906e+00
5.528000000000000114e+01,-1.454702377319335938e+00,-1.209630012512207031e+00,-4.092760086059570312e-01,2.529602050781250000e+00,3.438943386077880859e+00,2.744187355041503906e+00,-2.529602050781250000e+00,-3.438943386077880859e+00,-2.744187355041503906e+00
5.532000000000000028e+01,-1.454328536987304688e+00,-1.209319114685058594e+00,-4.091463088989257812e-01,2.529602050781250000e+00,3.438943386077880859e+00,2.744187355041503906e+00,-2.529602050781250000e+00,-3.438943386077880859e+00,-2.744187355041503906e+00
5.535999999999999943e+01,-1.453952789306640625e+00,-1.209006309509277344e+00,-4.090166091918945312e-01,2.529602050781250000e+00,3.438943386077880859e+00,2.744187355041503906e+00,-2.529602050781250000e+00,-3.438943386077880859e+00,-2.744187355041503906e+00
5.539999999999999858e+01,-1.453573226928710938e+00,-1.208690643310546875e+00,-4.088850021362304688e-01,2.529602050781250000e+00,3.438943386077880859e+00,2.744187355041503906e+00,-2.529602050781250000e+00,-3.438943386077880859e+00,-2.744187355041503906e+00
5.543999999999999773e+01,-1.453191757202148438e+00,-1.208373069763183594e+00,-4.087533950805664062e-01,2.529602050781250000e+00,3.438943386077880859e+00,2.744187355041503906e+00,-2.529602050781250000e+00,-3.438943386077880859e+00,-2.744187355041503906e+00
5.548000000000000398e+01,-1.452808380126953125e+00,-1.208055496215820312e+00,-4.086208343505859375e-01,2.529602050781250000e+00,3.438943386077880859e+00,2.744187355041503906e+00,-2.529602050781250000e+00,-3.438943386077880859e+00,-2.744187355041503906e+00
5.552000000000000313e+01,-1.452423095703125000e+00,-1.207736015319824219e+00,-4.084882736206054688e-01,2.529602050781250000e+00,3.438943386077880859e+00,2.744187355041503906e+00,-2.529602050781250000e+00,-3.438943386077880859e+00,-2.744187355041503906e+00
5.556000000000000227e+01,-1.452035903930664062e+00,-1.207414627075195312e+00,-4.083538055419921875e-01,2.529602050781250000e+00,3.438943386077880859e+00,2.744187355041503906e+00,-2.529602050781250000e+00,-3.438943386077880859e+00,-2.744187355041503906e+00
5.560000000000000142e+01,-1.451644897460937500e+00,-1.207090377807617188e+00,-4.082193374633789062e-01,2.529602050781250000e+00,3.438943386077880859e+00,2.744187355041503906e+00,-2.529602050781250000e+00,-3.438943386077880859e+00,-2.744187355041503906e+00
5.564000000000000057e+01,-1.451253890991210938e+00,-1.206764221191406250e+00,-4.080839157104492188e-01,2.529602050781250000e+00,3.438943386077880859e+00,2.744187355041503906e+00,-2.529602050781250000e+00,-3.438943386077880859e+00,-2.744187355041503906e+00
5.567999999999999972e+01,-1.450860977172851562e+00,-1.206438064575195312e+00,-4.079484939575195312e-01,2.529602050781250000e+00,3.438943386077880859e+00,2.744187355041503906e+00,-2.529602050781250000e+00,-3.438943386077880859e+00,-2.744187355041503906e+00
5.571999999999999886e+01,-1.450464248657226562e+00,-1.206110000610351562e+00,-4.078121185302734375e-01,2.529602050781250000e+00,3.438943386077880859e+00,2.744187355041503906e+00,-2.529602050781250000e+00,-3.438943386077880859e+00,-2.744187355041503906e+00
5.575999999999999801e+01,-1.450067520141601562e+00,-1.205780029296875000e+00,-4.076757431030273438e-01,2.529602050781250000e+00,3.438943386077880859e+00,2.744187355041503906e+00,-2.529602050781250000e+00,-3.438943386077880859e+00,-2.744187355041503906e+00
5.580000000000000426e+01,-1.449666976928710938e+00,-1.205448150634765625e+00,-4.075384140014648438e-01,2.529602050781250000e+00,3.438943386077880859e+00,2.744187355041503906e+00,-2.529602050781250000e+00,-3.438943386077880859e+00,-2.744187355041503906e+00
5.584000000000000341e+01,-1.449264526367187500e+00,-1.205114364624023438e+00,-4.073991775512695312e-01,2.529602050781250000e+00,3.438943386077880859e+00,2.744187355041503906e+00,-2.529602050781250000e+00,-3.438943386077880859e+00,-2.744187355041503906e+00
5.588000000000000256e+01,-1.448860168457031250e+00,-1.204778671264648438e+00,-4.072599411010742188e-01,2.529602050781250000e+00,3.438943386077880859e+00,2.744187355041503906e+00,-2.529602050781250000e+00,-3.438943386077880859e+00,-2.744187355041503906e+00
5.592000000000000171e+01,-1.448453903198242188e+00,-1.204441070556640625e+00,-4.071197509765625000e-01,2.529602050781250000e+00,3.438943386077880859e+00,2.744187355041503906e+00,-2.529602050781250000e+00,-3.438943386077880859e+00,-2.744187355041503906e+00
5.596000000000000085e+01,-1.448045730590820312e+00,-1.204101562500000000e+00,-4.069786071777343750e-01,2.529602050781250000e+00,3.438943386077880859e+00,2.744187355041503906e+00,-2.529602050781250000e+00,-3.438943386077880859e+00,-2.744187355041503906e+00
5.600000000000000000e+01,-1.447635650634765625e+00,-1.203760147094726562e+00,-4.068374633789062500e-01,2.529602050781250000e+00,3.438943386077880859e+00,2.744187355041503906e+00,-2.529602050781250000e+00,-3.438943386077880859e+00,-2.744187355041503906e+00
5.603999999999999915e+01,-1.447223663330078125e+00,-1.203416824340820312e+00,-4.066953659057617188e-01,2.529602050781250000e+00,3.438943386077880859e+00,2.744187355041503906e+00,-2.529602050781250000e+00,-3.438943386077880859e+00,-2.744187355041503906e+00
5.607999999999999829e+01,-1.446809768676757812e+00,-1.203071594238281250e+00,-4.065523147583007812e-01,2.529602050781250000e+00,3.438943386077880859e+00,2.744187355041503906e+00,-2.529602050781250000e+00,-3.438943386077880859e+00,-2.744187355041503906e+00
5.612000000000000455e+01,-1.446392059326171875e+00,-1.202724456787109375e+00,-4.064092636108398438e-01,2.529602050781250000e+00,3.438943386077880859e+00,2.744187355041503906e+00,-2.529602050781250000e+00,-3.438943386077880859e+00,-2.744187355041503906e+00
5.616000000000000369e+01,-1.445972442626953125e+00,-1.202376365661621094e+00,-4.062662124633789062e-01,2.529602050781250000e+00,3.438943386077880859e+00,2.744187355041503906e+00,-2.529602050781250000e+00,-3.438943386077880859e+00,-2.744187355041503906e+00
5.620000000000000284e+01,-1.445550918579101562e+00,-1.202026367187500000e+00,-4.061222076416015625e-01,2.529602050781250000e+00,3.438943386077880859e+00,2.744187355041503906e+00,-2.529602050781250000e+00,-3.438943386077880859e+00,-2.744187355041503906e+00
5.624000000000000199e+01,-1.445127487182617188e+00,-1.201674461364746094e+00,-4.059772491455078125e-01,2.529602050781250000e+00,3.438943386077880859e+00,2.744187355041503906e+00,-2.529602050781250000e+00,-3.438943386077880859e+00,-2.744187355041503906e+00
5.628000000000000114e+01,-1.444704055786132812e+00,-1.201320648193359375e+00,-4.058313369750976562e-01,2.529602050781250000e+00,3.438943386077880859e+00,2.744187355041503906e+00,-2.529602050781250000e+00,-3.438943386077880859e+00,-2.744187355041503906e+00
5.632000000000000028e+01,-1.444276809692382812e+00,-1.200965881347656250e+00,-4.056844711303710938e-01,2.529602050781250000e+00,3.438943386077880859e+00,2.744187355041503906e+00,-2.529602050781250000e+00,-3.438943386077880859e+00,-2.744187355041503906e+00
5.635999999999999943e+01,-1.443847656250000000e+00,-1.200609207153320312e+00,-4.055366516113281250e-01,2.529602050781250000e+00,3.438943386077880859e+00,2.744187355041503906e+00,-2.529602050781250000e+00,-3.438943386077880859e+00,-2.744187355041503906e+00
5.639999999999999858e+01,-1.443416595458984375e+00,-1.200250625610351562e+00,-4.053888320922851562e-01,2.529602050781250000e+00,3.438943386077880859e+00,2.744187355041503906e+00,-2.529602050781250000e+00,-3.438943386077880859e+00,-2.744187355041503906e+00
5.643999999999999773e+01,-1.442983627319335938e+00,-1.199890136718750000e+00,-4.052410125732421875e-01,2.529602050781250000e+00,3.438943386077880859e+00,2.744187355041503906e+00,-2.529602050781250000e+00,-3.438943386077880859e+00,-2.744187355041503906e+00
5.648000000000000398e+01,-1.442546844482421875e+00,-1.199528694152832031e+00,-4.050922393798828125e-01,2.529602050781250000e+00,3.438943386077880859e+00,2.744187355041503906e+00,-2.529602050781250000e+00,-3.438943386077880859e+00,-2.744187355041503906e+00
5.652000000000000313e+01,-1.442110061645507812e+00,-1.199165344238281250e+00,-4.049425125122070312e-01,2.529602050781250000e+00,3.438943386077880859e+00,2.744187355041503906e+00,-2.529602050781250000e+00,-3.438943386077880859e+00,-2.744187355041503906e+00
5.656000000000000227e+01,-1.441671371459960938e+00,-1.198801040649414062e+00,-4.047918319702148438e-01,2.529602050781250000e+00,3.438943386077880859e+00,2.744187355041503906e+00,-2.529602050781250000e+00,-3.438943386077880859e+00,-2.744187355041503906e+00
5.660000000000000142e+01,-1.441228866577148438e+00,-1.198434829711914062e+00,-4.046411514282226562e-01,2.529602050781250000e+00,3.438943386077880859e+00,2.744187355041503906e+00,-2.529602050781250000e+00,-3.438943386077880859e+00,-2.744187355041503906e+00
5.664000000000000057e+01,-1.440784454345703125e+00,-1.198066711425781250e+00,-4.044895172119140625e-01,2.529602050781250000e+00,3.438943386077880859e+00,2.744187355041503906e+00,-2.529602050781250000e+00,-3.438943386077880859e+00,-2.744187355041503906e+00
5.667999999999999972e+01,-1.440340042114257812e+00,-1.197697639465332031e+00,-4.043369293212890625e-01,2.529602050781250000e+00,3.438943386077880859e+00,2.744187355041503906e+00,-2.529602050781250000e+00,-3.438943386077880859e+00,-2.744187355041503906e+00
5.671999999999999886e+01,-1.439891815185546875e+00,-1.197326660156250000e+00,-4.041833877563476562e-01,2.529602050781250000e+00,3.438943386077880859e+00,2.744187355041503906e+00,-2.529602050781250000e+00,-3.438943386077880859e+00,-2.744187355041503906e+00
5.675999999999999801e+01,-1.439441680908203125e+00,-1.196952819824218750e+00,-4.040298461914062500e-01,2.529602050781250000e+00,3.438943386077880859e+00,2.744187355041503906e+00,-2.529602050781250000e+00,-3.438943386077880859e+00,-2.744187355041503906e+00
5.680000000000000426e+01,-1.438989639282226562e+00,-1.196578025817871094e+00,-4.038743972778320312e-01,2.529602050781250000e+00,3.438943386077880859e+00,2.744187355041503906e+00,-2.529602050781250000e+00,-3.438943386077880859e+00,-2.744187355041503906e+00
5.684000000000000341e+01,-1.438535690307617188e+00,-1.196201324462890625e+00,-4.037189483642578125e-01,2.529602050781250000e+00,3.438943386077880859e+00,2.744187355041503906e+00,-2.529602050781250000e+00,-3.438943386077880859e+00,-2.744187355041503906e+00
5.688000000000000256e+01,-1.438077926635742188e+00,-1.195823669433593750e+00,-4.035625457763671875e-01,2.529602050781250000e+00,3.438943386077880859e+00,2.744187355041503906e+00,-2.529602050781250000e+00,-3.438943386077880859e+00,-2.744187355041503906e+00
5.692000000000000171e+01,-1.437620162963867188e+00,-1.195444107055664062e+00,-4.034051895141601562e-01,2.529602050781250000e+00,3.438943386077880859e+00,2.744187355041503906e+00,-2.529602050781250000e+00,-3.438943386077880859e+00,-2.744187355041503906e+00
5.696000000000000085e+01,-1.437160491943359375e+00,-1.195061683654785156e+00,-4.032478332519531250e-01,2.529602050781250000e+00,3.438943386077880859e+00,2.744187355041503906e+00,-2.529602050781250000e+00,-3.438943386077880859e+00,-2.744187355041503906e+00
5.700000000000000000e+01,-1.436698913574218750e+00,-1.194678306579589844e+00,-4.030895233154296875e-01,2.529602050781250000e+00,3.438943386077880859e+00,2.744187355041503906e+00,-2.529602050781250000e+00,-3.438943386077880859e+00,-2.744187355041503906e+00
5.703999999999999915e+01,-1.436233520507812500e+00,-1.194293022155761719e+00,-4.029302597045898438e-01,2.529602050781250000e+00,3.438943386077880859e+00,2.744187355041503906e+00,-2.529602050781250000e+00,-3.438943386077880859e+00,-2.744187355041503906e+00
5.707999999999999829e+01,-1.435766220092773438e+00,-1.193904876708984375e+00,-4.027700424194335938e-01,2.529602050781250000e+00,3.438943386077880859e+00,2.744187355041503906e+00,-2.529602050781250000e+00,-3.438943386077880859e+00,-2.744187355041503906e+00
5.712000000000000455e+01,-1.435297012329101562e+00,-1.193515777587890625e+00,-4.026098251342773438e-01,2.529602050781250000e+00,3.438943386077880859e+00,2.744187355041503906e+00,-2.529602050781250000e+00,-3.438943386077880859e+00,-2.744187355041503906e+00
5.716000000000000369e+01,-1.434825897216796875e+00,-1.193124771118164062e+00,-4.024486541748046875e-01,2.529602050781250000e+00,3.438943386077880859e+00,2.744187355041503906e+00,-2.529602050781250000e+00,-3.438943386077880859e+00,-2.744187355041503906e+00
5.720000000000000284e+01,-1.434352874755859375e+00,-1.192732810974121094e+00,-4.022865295410156250e-01,2.529602050781250000e+00,3.438943386077880859e+00,2.744187355041503906e+00,-2.529602050781250000e+00,-3.438943386077880859e+00,-2.744187355041503906e+00
5.724000000000000199e+01,-1.433877944946289062e+00,-1.192337989807128906e+00,-4.021244049072265625e-01,2.529602050781250000e+00,3.438943386077880859e+00,2.744187355041503906e+00,-2.529602050781250000e+00,-3.438943386077880859e+00,-2.744187355041503906e+00
5.728000000000000114e+01,-1.433401107788085938e+00,-1.191942214965820312e+00,-4.019613265991210938e-01,2.529602050781250000e+00,3.438943386077880859e+00,2.744187355041503906e+00,-2.529602050781250000e+00,-3.438943386077880859e+00,-2.744187355041503906e+00
5.732000000000000028e+01,-1.432920455932617188e+00,-1.191545486450195312e+00,-4.017982482910156250e-01,2.529602050781250000e+00,3.438943386077880859e+00,2.744187355041503906e+00,-2.529602050781250000e+00,-3.438943386077880859e+00,-2.744187355041503906e+00
5.735999999999999943e+01,-1.432437896728515625e+00,-1.191145896911621094e+00,-4.016332626342773438e-01,2.529602050781250000e+00,3.438943386077880859e+00,2.744187355041503906e+00,-2.529602050781250000e+00,-3.438943386077880859e+00,-2.744187355041503906e+00
5.739999999999999858e+01,-1.431953430175781250e+00,-1.190745353698730469e+00,-4.014682769775390625e-01,2.529602050781250000e+00,3.438943386077880859e+00,2.744187355041503906e+00,-2.529602050781250000e+00,-3.438943386077880859e+00,-2.744187355041503906e+00
5.743999999999999773e+01,-1.431467056274414062e+00,-1.190340995788574219e+00,-4.013032913208007812e-01,2.529602050781250000e+00,3.438943386077880859e+00,2.744187355041503906e+00,-2.529602050781250000e+00,-3.438943386077880859e+00,-2.744187355041503906e+00
5.748000000000000398e+01,-1.430978775024414062e+00,-1.189935684204101562e+00,-4.011363983154296875e-01,2.529602050781250000e+00,3.438943386077880859e+00,2.744187355041503906e+00,-2.529602050781250000e+00,-3.438943386077880859e+00,-2.744187355041503906e+00
5.752000000000000313e+01,-1.430488586425781250e+00,-1.189529418945312500e+00,-4.009695053100585938e-01,2.529602050781250000e+00,3.438943386077880859e+00,2.744187355041503906e+00,-2.529602050781250000e+00,-3.438943386077880859e+00,-2.744187355041503906e+00
5.756000000000000227e+01,-1.429996490478515625e+00,-1.189120292663574219e+00,-4.008016586303710938e-01,2.529602050781250000e+00,3.438943386077880859e+00,2.744187355041503906e+00,-2.529602050781250000e+00,-3.438943386077880859e+00,-2.744187355041503906e+00
5.760000000000000142e+01,-1.429502487182617188e+00,-1.188710212707519531e+00,-4.006338119506835938e-01,2.529602050781250000e+00,3.438943386077880859e+00,2.744187355041503906e+00,-2.529602050781250000e+00,-3.438943386077880859e+00,-2.744187355041503906e+00
5.764000000000000057e+01,-1.429006576538085938e+00,-1.188297271728515625e+00,-4.004640579223632812e-01,2.529602050781250000e+00,3.438943386077880859e+00,2.744187355041503906e+00,-2.529602050781250000e+00,-3.438943386077880859e+00,-2.744187355041503906e+00
5.767999999999999972e+01,-1.428508758544921875e+00,-1.187883377075195312e+00,-4.002943038940429688e-01,2.529602050781250000e+00,3.438943386077880859e+00,2.744187355041503906e+00,-2.529602050781250000e+00,-3.438943386077880859e+00,-2.744187355041503906e+00
5.771999999999999886e+01,-1.428007125854492188e+00,-1.187467575073242188e+00,-4.001235961914062500e-01,2.529602050781250000e+00,3.438943386077880859e+00,2.744187355041503906e+00,-2.529602050781250000e+00,-3.438943386077880859e+00,-2.744187355041503906e+00
5.775999999999999801e+01,-1.427503585815429688e+00,-1.187050819396972656e+00,-3.999528884887695312e-01,2.529602050781250000e+00,3.438943386077880859e+00,2.744187355041503906e+00,-2.529602050781250000e+00,-3.438943386077880859e+00,-2.744187355041503906e+00
5.780000000000000426e+01,-1.426998138427734375e+00,-1.186633110046386719e+00,-3.997812271118164062e-01,2.529602050781250000e+00,3.438943386077880859e+00,2.744187355041503906e+00,-2.529602050781250000e+00,-3.438943386077880859e+00,-2.744187355041503906e+00
5.784000000000000341e+01,-1.426490783691406250e+00,-1.186212539672851562e+00,-3.996095657348632812e-01,2.529602050781250000e+00,3.438943386077880859e+00,2.744187355041503906e+00,-2.529602050781250000e+00,-3.438943386077880859e+00,-2.744187355041503906e+00
5.788000000000000256e+01,-1.425983428955078125e+00,-1.185791015625000000e+00,-3.994359970092773438e-01,2.529602050781250000e+00,3.438943386077880859e+00,2.744187355041503906e+00,-2.529602050781250000e+00,-3.438943386077880859e+00,-2.744187355041503906e+00
5.792000000000000171e+01,-1.425474166870117188e+00,-1.185366630554199219e+00,-3.992614746093750000e-01,2.529602050781250000e+00,3.438943386077880859e+00,2.744187355041503906e+00,-2.529602050781250000e+00,-3.438943386077880859e+00,-2.744187355041503906e+00
5.796000000000000085e+01,-1.424961090087890625e+00,-1.184942245483398438e+00,-3.990869522094726562e-01,2.529602050781250000e+00,3.438943386077880859e+00,2.744187355041503906e+00,-2.529602050781250000e+00,-3.438943386077880859e+00,-2.744187355041503906e+00
5.800000000000000000e+01,-1.424446105957031250e+00,-1.184514999389648438e+00,-3.989114761352539062e-01,2.529602050781250000e+00,3.438943386077880859e+00,2.744187355041503906e+00,-2.529602050781250000e+00,-3.438943386077880859e+00,-2.744187355041503906e+00
5.803999999999999915e+01,-1.423929214477539062e+00,-1.184084892272949219e+00,-3.987350463867187500e-01,2.529602050781250000e+00,3.438943386077880859e+00,2.744187355041503906e+00,-2.529602050781250000e+00,-3.438943386077880859e+00,-2.744187355041503906e+00
5.807999999999999829e+01,-1.423410415649414062e+00,-1.183654785156250000e+00,-3.985586166381835938e-01,2.529602050781250000e+00,3.438943386077880859e+00,2.744187355041503906e+00,-2.529602050781250000e+00,-3.438943386077880859e+00,-2.744187355041503906e+00
5.812000000000000455e+01,-1.422887802124023438e+00,-1.183221817016601562e+00,-3.983812332153320312e-01,2.529602050781250000e+00,3.438943386077880859e+00,2.744187355041503906e+00,-2.529602050781250000e+00,-3.438943386077880859e+00,-2.744187355041503906e+00
5.816000000000000369e+01,-1.422365188598632812e+00,-1.182788848876953125e+00,-3.982028961181640625e-01,2.529602050781250000e+00,3.438943386077880859e+00,2.744187355041503906e+00,-2.529602050781250000e+00,-3.438943386077880859e+00,-2.744187355041503906e+00
5.820000000000000284e+01,-1.421840667724609375e+00,-1.182352066040039062e+00,-3.980245590209960938e-01,2.529602050781250000e+00,3.438943386077880859e+00,2.744187355041503906e+00,-2.529602050781250000e+00,-3.438943386077880859e+00,-2.744187355041503906e+00
5.824000000000000199e+01,-1.421312332153320312e+00,-1.181915283203125000e+00,-3.978452682495117188e-01,2.529602050781250000e+00,3.438943386077880859e+00,2.744187355041503906e+00,-2.529602050781250000e+00,-3.438943386077880859e+00,-2.744187355041503906e+00
5.828000000000000114e+01,-1.420782089233398438e+00,-1.181476593017578125e+00,-3.976650238037109375e-01,2.529602050781250000e+00,3.438943386077880859e+00,2.744187355041503906e+00,-2.529602050781250000e+00,-3.438943386077880859e+00,-2.744187355041503906e+00
5.832000000000000028e+01,-1.420251846313476562e+00,-1.181034088134765625e+00,-3.974838256835937500e-01,2.529602050781250000e+00,3.438943386077880859e+00,2.744187355041503906e+00,-2.529602050781250000e+00,-3.438943386077880859e+00,-2.744187355041503906e+00
5.835999999999999943e+01,-1.419717788696289062e+00,-1.180591583251953125e+00,-3.973016738891601562e-01,2.529602050781250000e+00,3.438943386077880859e+00,2.744187355041503906e+00,-2.529602050781250000e+00,-3.438943386077880859e+00,-2.744187355041503906e+00
5.839999999999999858e+01,-1.419181823730468750e+00,-1.180147171020507812e+00,-3.971204757690429688e-01,2.529602050781250000e+00,3.438943386077880859e+00,2.744187355041503906e+00,-2.529602050781250000e+00,-3.438943386077880859e+00,-2.744187355041503906e+00
5.843999999999999773e+01,-1.418642044067382812e+00,-1.179700851440429688e+00,-3.969383239746093750e-01,2.529602050781250000e+00,3.438943386077880859e+00,2.744187355041503906e+00,-2.529602050781250000e+00,-3.438943386077880859e+00,-2.744187355041503906e+00
5.848000000000000398e+01,-1.418102264404296875e+00,-1.179252624511718750e+00,-3.967552185058593750e-01,2.529602050781250000e+00,3.438943386077880859e+00,2.744187355041503906e+00,-2.529602050781250000e+00,-3.438943386077880859e+00,-2.744187355041503906e+00
5.852000000000000313e+01,-1.417560577392578125e+00,-1.178802490234375000e+00,-3.965711593627929688e-01,2.529602050781250000e+00,3.438943386077880859e+00,2.744187355041503906e+00,-2.529602050781250000e+00,-3.438943386077880859e+00,-2.744187355041503906e+00
5.856000000000000227e+01,-1.417015075683593750e+00,-1.178350448608398438e+00,-3.963861465454101562e-01,2.529602050781250000e+00,3.438943386077880859e+00,2.744187355041503906e+00,-2.529602050781250000e+00,-3.438943386077880859e+00,-2.744187355041503906e+00
5.860000000000000142e+01,-1.416469573974609375e+00,-1.177898406982421875e+00,-3.962001800537109375e-01,2.529602050781250000e+00,3.438943386077880859e+00,2.744187355041503906e+00,-2.529602050781250000e+00,-3.438943386077880859e+00,-2.744187355041503906e+00
5.864000000000000057e+01,-1.415920257568359375e+00,-1.177442550659179688e+00,-3.960142135620117188e-01,2.529602050781250000e+00,3.438943386077880859e+00,2.744187355041503906e+00,-2.529602050781250000e+00,-3.438943386077880859e+00,-2.744187355041503906e+00
5.867999999999999972e+01,-1.415369033813476562e+00,-1.176984786987304688e+00,-3.958272933959960938e-01,2.529602050781250000e+00,3.438943386077880859e+00,2.744187355041503906e+00,-2.529602050781250000e+00,-3.438943386077880859e+00,-2.744187355041503906e+00
5.871999999999999886e+01,-1.414815902709960938e+00,-1.176527023315429688e+00,-3.956394195556640625e-01,2.529602050781250000e+00,3.438943386077880859e+00,2.744187355041503906e+00,-2.529602050781250000e+00,-3.438943386077880859e+00,-2.744187355041503906e+00
5.875999999999999801e+01,-1.414260864257812500e+00,-1.176067352294921875e+00,-3.954515457153320312e-01,2.529602050781250000e+00,3.438943386077880859e+00,2.744187355041503906e+00,-2.529602050781250000e+00,-3.438943386077880859e+00,-2.744187355041503906e+00
5.880000000000000426e+01,-1.413703918457031250e+00,-1.175605773925781250e+00,-3.952627182006835938e-01,2.529602050781250000e+00,3.438943386077880859e+00,2.744187355041503906e+00,-2.529602050781250000e+00,-3.438943386077880859e+00,-2.744187355041503906e+00
5.884000000000000341e+01,-1.413145065307617188e+00,-1.175142288208007812e+00,-3.950729370117187500e-01,2.529602050781250000e+00,3.438943386077880859e+00,2.744187355041503906e+00,-2.529602050781250000e+00,-3.438943386077880859e+00,-2.744187355041503906e+00
5.888000000000000256e+01,-1.412584304809570312e+00,-1.174676895141601562e+00,-3.948831558227539062e-01,2.529602050781250000e+00,3.438943386077880859e+00,2.744187355041503906e+00,-2.529602050781250000e+00,-3.438943386077880859e+00,-2.744187355041503906e+00
5.892000000000000171e+01,-1.412021636962890625e+00,-1.174211502075195312e+00,-3.946924209594726562e-01,2.529602050781250000e+00,3.438943386077880859e+00,2.744187355041503906e+00,-2.529602050781250000e+00,-3.438943386077880859e+00,-2.744187355041503906e+00
5.896000000000000085e+01,-1.411457061767578125e+00,-1.173742294311523438e+00,-3.945007324218750000e-01,2.529602050781250000e+00,3.438943386077880859e+00,2.744187355041503906e+00,-2.529602050781250000e+00,-3.438943386077880859e+00,-2.744187355041503906e+00
5.900000000000000000e+01,-1.410890579223632812e+00,-1.173271179199218750e+00,-3.943090438842773438e-01,2.529602050781250000e+00,3.438943386077880859e+00,2.744187355041503906e+00,-2.529602050781250000e+00,-3.438943386077880859e+00,-2.744187355041503906e+00
5.903999999999999915e+01,-1.410322189331054688e+00,-1.172798156738281250e+00,-3.941164016723632812e-01,2.529602050781250000e+00,3.438943386077880859e+00,2.744187355041503906e+00,-2.529602050781250000e+00,-3.438943386077880859e+00,-2.744187355041503906e+00
5.907999999999999829e+01,-1.409749984741210938e+00,-1.172323226928710938e+00,-3.939228057861328125e-01,2.529602050781250000e+00,3.438943386077880859e+00,2.744187355041503906e+00,-2.529602050781250000e+00,-3.438943386077880859e+00,-2.744187355041503906e+00
5.912000000000000455e+01,-1.409177780151367188e+00,-1.171846389770507812e+00,-3.937282562255859375e-01,2.529602050781250000e+00,3.438943386077880859e+00,2.744187355041503906e+00,-2.529602050781250000e+00,-3.438943386077880859e+00,-2.744187355041503906e+00
5.916000000000000369e+01,-1.408601760864257812e+00,-1.171369552612304688e+00,-3.935337066650390625e-01,2.529602050781250000e+00,3.438943386077880859e+00,2.744187355041503906e+00,-2.529602050781250000e+00,-3.438943386077880859e+00,-2.744187355041503906e+00
5.920000000000000284e+01,-1.408023834228515625e+00,-1.170890808105468750e+00,-3.933382034301757812e-01,2.529602050781250000e+00,3.438943386077880859e+00,2.744187355041503906e+00,-2.529602050781250000e+00,-3.438943386077880859e+00,-2.744187355041503906e+00
5.924000000000000199e+01,-1.407444000244140625e+00,-1.170410156250000000e+00,-3.931427001953125000e-01,2.529602050781250000e+00,3.438943386077880859e+00,2.744187355041503906e+00,-2.529602050781250000e+00,-3.438943386077880859e+00,-2.744187355041503906e+00
5.928000000000000114e+01,-1.406862258911132812e+00,-1.169927597045898438e+00,-3.929452896118164062e-01,2.529602050781250000e+00,3.438943386077880859e+00,2.744187355041503906e+00,-2.529602050781250000e+00,-3.438943386077880859e+00,-2.744187355041503906e+00
5.932000000000000028e+01,-1.406276702880859375e+00,-1.169443130493164062e+00,-3.927478790283203125e-01,2.529602050781250000e+00,3.438943386077880859e+00,2.744187355041503906e+00,-2.529602050781250000e+00,-3.438943386077880859e+00,-2.744187355041503906e+00
5.935999999999999943e+01,-1.405691146850585938e+00,-1.168956756591796875e+00,-3.925495147705078125e-01,2.529602050781250000e+00,3.438943386077880859e+00,2.744187355041503906e+00,-2.529602050781250000e+00,-3.438943386077880859e+00,-2.744187355041503906e+00
5.939999999999999858e+01,-1.405103683471679688e+00,-1.168468475341796875e+00,-3.923501968383789062e-01,2.529602050781250000e+00,3.438943386077880859e+00,2.744187355041503906e+00,-2.529602050781250000e+00,-3.438943386077880859e+00,-2.744187355041503906e+00
5.943999999999999773e+01,-1.404512405395507812e+00,-1.167978286743164062e+00,-3.921499252319335938e-01,2.529602050781250000e+00,3.438943386077880859e+00,2.744187355041503906e+00,-2.529602050781250000e+00,-3.438943386077880859e+00,-2.744187355041503906e+00
5.948000000000000398e+01,-1.403919219970703125e+00,-1.167486190795898438e+00,-3.919496536254882812e-01,2.529602050781250000e+00,3.438943386077880859e+00,2.744187355041503906e+00,-2.529602050781250000e+00,-3.438943386077880859e+00,-2.744187355041503906e+00
5.952000000000000313e+01,-1.403326034545898438e+00,-1.166992187500000000e+00,-3.917484283447265625e-01,2.529602050781250000e+00,3.438943386077880859e+00,2.744187355041503906e+00,-2.529602050781250000e+00,-3.438943386077880859e+00,-2.744187355041503906e+00
5.956000000000000227e+01,-1.402729034423828125e+00,-1.166496276855468750e+00,-3.915462493896484375e-01,2.529602050781250000e+00,3.438943386077880859e+00,2.744187355041503906e+00,-2.529602050781250000e+00,-3.438943386077880859e+00,-2.744187355041503906e+00
5.960000000000000142e+01,-1.402130126953125000e+00,-1.165998458862304688e+00,-3.913440704345703125e-01,2.529602050781250000e+00,3.438943386077880859e+00,2.744187355041503906e+00,-2.529602050781250000e+00,-3.438943386077880859e+00,-2.744187355041503906e+00
5.964000000000000057e+01,-1.401529312133789062e+00,-1.165500640869140625e+00,-3.911409378051757812e-01,2.529602050781250000e+00,3.438943386077880859e+00,2.744187355041503906e+00,-2.529602050781250000e+00,-3.438943386077880859e+00,-2.744187355041503906e+00
5.967999999999999972e+01,-1.400926589965820312e+00,-1.165000915527343750e+00,-3.909378051757812500e-01,2.529602050781250000e+00,3.438943386077880859e+00,2.744187355041503906e+00,-2.529602050781250000e+00,-3.438943386077880859e+00,-2.744187355041503906e+00
5.971999999999999886e+01,-1.400320053100585938e+00,-1.164499282836914062e+00,-3.907327651977539062e-01,2.529602050781250000e+00,3.438943386077880859e+00,2.744187355041503906e+00,-2.529602050781250000e+00,-3.438943386077880859e+00,-2.744187355041503906e+00
5.975999999999999801e+01,-1.399713516235351562e+00,-1.163995742797851562e+00,-3.905277252197265625e-01,2.529602050781250000e+00,3.438943386077880859e+00,2.744187355041503906e+00,-2.529602050781250000e+00,-3.438943386077880859e+00,-2.744187355041503906e+00
5.980000000000000426e+01,-1.399105072021484375e+00,-1.163490295410156250e+00,-3.903217315673828125e-01,2.529602050781250000e+00,3.438943386077880859e+00,2.744187355041503906e+00,-2.529602050781250000e+00,-3.438943386077880859e+00,-2.744187355041503906e+00
5.984000000000000341e+01,-1.398494720458984375e+00,-1.162982940673828125e+00,-3.901157379150390625e-01,2.529602050781250000e+00,3.438943386077880859e+00,2.744187355041503906e+00,-2.529602050781250000e+00,-3.438943386077880859e+00,-2.744187355041503906e+00
5.988000000000000256e+01,-1.397880554199218750e+00,-1.162473678588867188e+00,-3.899078369140625000e-01,2.529602050781250000e+00,3.438943386077880859e+00,2.744187355041503906e+00,-2.529602050781250000e+00,-3.438943386077880859e+00,-2.744187355041503906e+00
5.992000000000000171e+01,-1.397264480590820312e+00,-1.161964416503906250e+00,-3.896999359130859375e-01,2.529602050781250000e+00,3.438943386077880859e+00,2.744187355041503906e+00,-2.529602050781250000e+00,-3.438943386077880859e+00,-2.744187355041503906e+00
5.996000000000000085e+01,-1.396646499633789062e+00,-1.161453247070312500e+00,-3.894910812377929688e-01,2.529602050781250000e+00,3.438943386077880859e+00,2.744187355041503906e+00,-2.529602050781250000e+00,-3.438943386077880859e+00,-2.744187355041503906e+00
6.000000000000000000e+01,-1.396026611328125000e+00,-1.160938262939453125e+00,-3.892822265625000000e-01,2.529602050781250000e+00,3.438943386077880859e+00,2.744187355041503906e+00,-2.529602050781250000e+00,-3.438943386077880859e+00,-2.744187355041503906e+00
6.003999999999999915e+01,-1.395404815673828125e+00,-1.160421371459960938e+00,-3.890724182128906250e-01,2.529602050781250000e+00,3.438943386077880859e+00,2.744187355041503906e+00,-2.529602050781250000e+00,-3.438943386077880859e+00,-2.744187355041503906e+00
6.007999999999999829e+01,-1.394781112670898438e+00,-1.159904479980468750e+00,-3.888616561889648438e-01,2.529602050781250000e+00,3.438943386077880859e+00,2.744187355041503906e+00,-2.529602050781250000e+00,-3.438943386077880859e+00,-2.744187355041503906e+00
6.012000000000000455e+01,-1.394153594970703125e+00,-1.159385681152343750e+00,-3.886508941650390625e-01,2.529602050781250000e+00,3.438943386077880859e+00,2.744187355041503906e+00,-2.529602050781250000e+00,-3.438943386077880859e+00,-2.744187355041503906e+00
6.016000000000000369e+01,-1.393524169921875000e+00,-1.158864974975585938e+00,-3.884391784667968750e-01,2.529602050781250000e+00,3.438943386077880859e+00,2.744187355041503906e+00,-2.529602050781250000e+00,-3.438943386077880859e+00,-2.744187355041503906e+00
6.020000000000000284e+01,-1.392892837524414062e+00,-1.158342361450195312e+00,-3.882265090942382812e-01,2.529602050781250000e+00,3.438943386077880859e+00,2.744187355041503906e+00,-2.529602050781250000e+00,-3.438943386077880859e+00,-2.744187355041503906e+00
6.024000000000000199e+01,-1.392259597778320312e+00,-1.157819747924804688e+00,-3.880138397216796875e-01,2.529602050781250000e+00,3.438943386077880859e+00,2.744187355041503906e+00,-2.529602050781250000e+00,-3.438943386077880859e+00,-2.744187355041503906e+00
6.028000000000000114e+01,-1.391624450683593750e+00,-1.157293319702148438e+00,-3.878002166748046875e-01,2.529602050781250000e+00,3.438943386077880859e+00,2.744187355041503906e+00,-2.529602050781250000e+00,-3.438943386077880859e+00,-2.744187355041503906e+00
6.032000000000000028e+01,-1.390987396240234375e+00,-1.156764984130859375e+00,-3.875856399536132812e-01,2.529602050781250000e+00,3.438943386077880859e+00,2.744187355041503906e+00,-2.529602050781250000e+00,-3.438943386077880859e+00,-2.744187355041503906e+00
6.035999999999999943e+01,-1.390348434448242188e+00,-1.156234741210937500e+00,-3.873701095581054688e-01,2.529602050781250000e+00,3.438943386077880859e+00,2.744187355041503906e+00,-2.529602050781250000e+00,-3.438943386077880859e+00,-2.744187355041503906e+00
6.039999999999999858e+01,-1.389707565307617188e+00,-1.155704498291015625e+00,-3.871545791625976562e-01,2.529602050781250000e+00,3.438943386077880859e+00,2.744187355041503906e+00,-2.529602050781250000e+00,-3.438943386077880859e+00,-2.744187355041503906e+00
6.043999999999999773e+01,-1.389064788818359375e+00,-1.155170440673828125e+00,-3.869380950927734375e-01,2.529602050781250000e+00,3.438943386077880859e+00,2.744187355041503906e+00,-2.529602050781250000e+00,-3.438943386077880859e+00,-2.744187355041503906e+00
6.048000000000000398e+01,-1.388420104980468750e+00,-1.154636383056640625e+00,-3.867206573486328125e-01,2.529602050781250000e+00,3.438943386077880859e+00,2.744187355041503906e+00,-2.529602050781250000e+00,-3.438943386077880859e+00,-2.744187355041503906e+00
6.052000000000000313e+01,-1.387773513793945312e+00,-1.154100418090820312e+00,-3.865022659301757812e-01,2.529602050781250000e+00,3.438943386077880859e+00,2.744187355041503906e+00,-2.529602050781250000e+00,-3.438943386077880859e+00,-2.744187355041503906e+00
6.056000000000000227e+01,-1.387125015258789062e+00,-1.153562545776367188e+00,-3.862829208374023438e-01,2.529602050781250000e+00,3.438943386077880859e+00,2.744187355041503906e+00,-2.529602050781250000e+00,-3.438943386077880859e+00,-2.744187355041503906e+00
6.060000000000000142e+01,-1.386472702026367188e+00,-1.153022766113281250e+00,-3.860626220703125000e-01,2.529602050781250000e+00,3.438943386077880859e+00,2.744187355041503906e+00,-2.529602050781250000e+00,-3.438943386077880859e+00,-2.744187355041503906e+00
6.064000000000000057e+01,-1.385818481445312500e+00,-1.152481079101562500e+00,-3.858432769775390625e-01,2.529602050781250000e+00,3.438943386077880859e+00,2.744187355041503906e+00,-2.529602050781250000e+00,-3.438943386077880859e+00,-2.744187355041503906e+00
6.067999999999999972e+01,-1.385162353515625000e+00,-1.151937484741210938e+00,-3.856229782104492188e-01,2.529602050781250000e+00,3.438943386077880859e+00,2.744187355041503906e+00,-2.529602050781250000e+00,-3.438943386077880859e+00,-2.744187355041503906e+00
6.071999999999999886e+01,-1.384504318237304688e+00,-1.151391983032226562e+00,-3.854017257690429688e-01,2.529602050781250000e+00,3.438943386077880859e+00,2.744187355041503906e+00,-2.529602050781250000e+00,-3.438943386077880859e+00,-2.744187355041503906e+00
6.075999999999999801e+01,-1.383846282958984375e+00,-1.150844573974609375e+00,-3.851795196533203125e-01,2.529602050781250000e+00,3.438943386077880859e+00,2.744187355041503906e+00,-2.529602050781250000e+00,-3.438943386077880859e+00,-2.744187355041503906e+00
6.080000000000000426e+01,-1.383184432983398438e+00,-1.150297164916992188e+00,-3.849573135375976562e-01,2.529602050781250000e+00,3.438943386077880859e+00,2.744187355041503906e+00,-2.529602050781250000e+00,-3.438943386077880859e+00,-2.744187355041503906e+00
6.084000000000000341e+01,-1.382520675659179688e+00,-1.149745941162109375e+00,-3.847341537475585938e-01,2.529602050781250000e+00,3.438943386077880859e+00,2.744187355041503906e+00,-2.529602050781250000e+00,-3.438943386077880859e+00,-2.744187355041503906e+00
6.088000000000000256e+01,-1.381855010986328125e+00,-1.149194717407226562e+00,-3.845100402832031250e-01,2.529602050781250000e+00,3.438943386077880859e+00,2.744187355041503906e+00,-2.529602050781250000e+00,-3.438943386077880859e+00,-2.744187355041503906e+00
6.092000000000000171e+01,-1.381187438964843750e+00,-1.148639678955078125e+00,-3.842849731445312500e-01,2.529602050781250000e+00,3.438943386077880859e+00,2.744187355041503906e+00,-2.529602050781250000e+00,-3.438943386077880859e+00,-2.744187355041503906e+00
6.096000000000000085e+01,-1.380516052246093750e+00,-1.148084640502929688e+00,-3.840599060058593750e-01,2.529602050781250000e+00,3.438943386077880859e+00,2.744187355041503906e+00,-2.529602050781250000e+00,-3.438943386077880859e+00,-2.744187355041503906e+00
6.100000000000000000e+01,-1.379844665527343750e+00,-1.147527694702148438e+00,-3.838338851928710938e-01,2.529602050781250000e+00,3.438943386077880859e+00,2.744187355041503906e+00,-2.529602050781250000e+00,-3.438943386077880859e+00,-2.744187355041503906e+00
6.103999999999999915e+01,-1.379171371459960938e+00,-1.146968841552734375e+00,-3.836078643798828125e-01,2.529602050781250000e+00,3.438943386077880859e+00,2.744187355041503906e+00,-2.529602050781250000e+00,-3.438943386077880859e+00,-2.744187355041503906e+00
6.107999999999999829e+01,-1.378494262695312500e+00,-1.146408081054687500e+00,-3.833799362182617188e-01,2.529602050781250000e+00,3.438943386077880859e+00,2.744187355041503906e+00,-2.529602050781250000e+00,-3.438943386077880859e+00,-2.744187355041503906e+00
6.112000000000000455e+01,-1.377815246582031250e+00,-1.145845413208007812e+00,-3.831510543823242188e-01,2.529602050781250000e+00,3.438943386077880859e+00,2.744187355041503906e+00,-2.529602050781250000e+00,-3.438943386077880859e+00,-2.744187355041503906e+00
6.116000000000000369e+01,-1.377134323120117188e+00,-1.145280838012695312e+00,-3.829221725463867188e-01,2.529602050781250000e+00,3.438943386077880859e+00,2.744187355041503906e+00,-2.529602050781250000e+00,-3.438943386077880859e+00,-2.744187355041503906e+00
6.120000000000000284e+01,-1.376451492309570312e+00,-1.144714355468750000e+00,-3.826923370361328125e-01,2.529602050781250000e+00,3.438943386077880859e+00,2.744187355041503906e+00,-2.529602050781250000e+00,-3.438943386077880859e+00,-2.744187355041503906e+00
6.124000000000000199e+01,-1.375766754150390625e+00,-1.144145965576171875e+00,-3.824625015258789062e-01,2.529602050781250000e+00,3.438943386077880859e+00,2.744187355041503906e+00,-2.529602050781250000e+00,-3.438943386077880859e+00,-2.744187355041503906e+00
6.128000000000000114e+01,-1.375080108642578125e+00,-1.143575668334960938e+00,-3.822317123413085938e-01,2.529602050781250000e+00,3.438943386077880859e+00,2.744187355041503906e+00,-2.529602050781250000e+00,-3.438943386077880859e+00,-2.744187355041503906e+00
6.132000000000000028e+01,-1.374391555786132812e+00,-1.143005371093750000e+00,-3.819999694824218750e-01,2.529602050781250000e+00,3.438943386077880859e+00,2.744187355041503906e+00,-2.529602050781250000e+00,-3.438943386077880859e+00,-2.744187355041503906e+00
6.135999999999999943e+01,-1.373701095581054688e+00,-1.142431259155273438e+00,-3.817672729492187500e-01,2.529602050781250000e+00,3.438943386077880859e+00,2.744187355041503906e+00,-2.529602050781250000e+00,-3.438943386077880859e+00,-2.744187355041503906e+00
6.139999999999999858e+01,-1.373006820678710938e+00,-1.141857147216796875e+00,-3.815345764160156250e-01,2.529602050781250000e+00,3.438943386077880859e+00,2.744187355041503906e+00,-2.529602050781250000e+00,-3.438943386077880859e+00,-2.744187355041503906e+00
6.143999999999999773e+01,-1.372312545776367188e+00,-1.141279220581054688e+00,-3.813009262084960938e-01,2.529602050781250000e+00,3.438943386077880859e+00,2.744187355041503906e+00,-2.529602050781250000e+00,-3.438943386077880859e+00,-2.744187355041503906e+00
6.148000000000000398e+01,-1.371614456176757812e+00,-1.140701293945312500e+00,-3.810663223266601562e-01,2.529602050781250000e+00,3.438943386077880859e+00,2.744187355041503906e+00,-2.529602050781250000e+00,-3.438943386077880859e+00,-2.744187355041503906e+00
6.152000000000000313e+01,-1.370914459228515625e+00,-1.140121459960937500e+00,-3.808307647705078125e-01,2.529602050781250000e+00,3.438943386077880859e+00,2.744187355041503906e+00,-2.529602050781250000e+00,-3.438943386077880859e+00,-2.744187355041503906e+00
6.156000000000000227e+01,-1.370212554931640625e+00,-1.139539718627929688e+00,-3.805952072143554688e-01,2.529602050781250000e+00,3.438943386077880859e+00,2.744187355041503906e+00,-2.529602050781250000e+00,-3.438943386077880859e+00,-2.744187355041503906e+00
6.160000000000000142e+01,-1.369508743286132812e+00,-1.138956069946289062e+00,-3.803586959838867188e-01,2.529602050781250000e+00,3.438943386077880859e+00,2.744187355041503906e+00,-2.529602050781250000e+00,-3.438943386077880859e+00,-2.744187355041503906e+00
6.164000000000000057e+01,-1.368803024291992188e+00,-1.138372421264648438e+00,-3.801212310791015625e-01,2.529602050781250000e+00,3.438943386077880859e+00,2.744187355041503906e+00,-2.529602050781250000e+00,-3.438943386077880859e+00,-2.744187355041503906e+00
6.167999999999999972e+01,-1.368095397949218750e+00,-1.137784957885742188e+00,-3.798837661743164062e-01,2.529602050781250000e+00,3.438943386077880859e+00,2.744187355041503906e+00,-2.529602050781250000e+00,-3.438943386077880859e+00,-2.744187355041503906e+00
6.171999999999999886e+01,-1.367383956909179688e+00,-1.137195587158203125e+00,-3.796453475952148438e-01,2.529602050781250000e+00,3.438943386077880859e+00,2.744187355041503906e+00,-2.529602050781250000e+00,-3.438943386077880859e+00,-2.744187355041503906e+00
6.175999999999999801e+01,-1.366672515869140625e+00,-1.136606216430664062e+00,-3.794059753417968750e-01,2.529602050781250000e+00,3.438943386077880859e+00,2.744187355041503906e+00,-2.529602050781250000e+00,-3.438943386077880859e+00,-2.744187355041503906e+00
6.180000000000000426e+01,-1.365957260131835938e+00,-1.136014938354492188e+00,-3.791666030883789062e-01,2.529602050781250000e+00,3.438943386077880859e+00,2.744187355041503906e+00,-2.529602050781250000e+00,-3.438943386077880859e+00,-2.744187355041503906e+00
6.184000000000000341e+01,-1.365242004394531250e+00,-1.135419845581054688e+00,-3.789262771606445312e-01,2.529602050781250000e+00,3.438943386077880859e+00,2.744187355041503906e+00,-2.529602050781250000e+00,-3.438943386077880859e+00,-2.744187355041503906e+00
6.188000000000000256e+01,-1.364522933959960938e+00,-1.134824752807617188e+00,-3.786859512329101562e-01,2.529602050781250000e+00,3.438943386077880859e+00,2.744187355041503906e+00,-2.529602050781250000e+00,-3.438943386077880859e+00,-2.744187355041503906e+00
6.192000000000000171e+01,-1.363801956176757812e+00,-1.134227752685546875e+00,-3.784437179565429688e-01,2.529602050781250000e+00,3.438943386077880859e+00,2.744187355041503906e+00,-2.529602050781250000e+00,-3.438943386077880859e+00,-2.744187355041503906e+00
6.196000000000000085e+01,-1.363079071044921875e+00,-1.133628845214843750e+00,-3.782014846801757812e-01,2.529602050781250000e+00,3.438943386077880859e+00,2.744187355041503906e+00,-2.529602050781250000e+00,-3.438943386077880859e+00,-2.744187355041503906e+00
6.200000000000000000e+01,-1.362354278564453125e+00,-1.133029937744140625e+00,-3.779582977294921875e-01,2.529602050781250000e+00,3.438943386077880859e+00,2.744187355041503906e+00,-2.529602050781250000e+00,-3.438943386077880859e+00,-2.744187355041503906e+00
6.203999999999999915e+01,-1.361629486083984375e+00,-1.132427215576171875e+00,-3.777151107788085938e-01,2.529602050781250000e+00,3.438943386077880859e+00,2.744187355041503906e+00,-2.529602050781250000e+00,-3.438943386077880859e+00,-2.744187355041503906e+00
6.207999999999999829e+01,-1.360900878906250000e+00,-1.131822586059570312e+00,-3.774709701538085938e-01,2.529602050781250000e+00,3.438943386077880859e+00,2.744187355041503906e+00,-2.529602050781250000e+00,-3.438943386077880859e+00,-2.744187355041503906e+00
6.212000000000000455e+01,-1.360170364379882812e+00,-1.131216049194335938e+00,-3.772258758544921875e-01,2.529602050781250000e+00,3.438943386077880859e+00,2.744187355041503906e+00,-2.529602050781250000e+00,-3.438943386077880859e+00,-2.744187355041503906e+00
6.216000000000000369e+01,-1.359436035156250000e+00,-1.130609512329101562e+00,-3.769807815551757812e-01,2.529602050781250000e+00,3.438943386077880859e+00,2.744187355041503906e+00,-2.529602050781250000e+00,-3.438943386077880859e+00,-2.744187355041503906e+00
6.220000000000000284e+01,-1.358701705932617188e+00,-1.130001068115234375e+00,-3.767337799072265625e-01,2.529602050781250000e+00,3.438943386077880859e+00,2.744187355041503906e+00,-2.529602050781250000e+00,-3.438943386077880859e+00,-2.744187355041503906e+00
6.224000000000000199e+01,-1.357965469360351562e+00,-1.129390716552734375e+00,-3.764858245849609375e-01,2.529602050781250000e+00,3.438943386077880859e+00,2.744187355041503906e+00,-2.529602050781250000e+00,-3.438943386077880859e+00,-2.744187355041503906e+00
6.228000000000000114e+01,-1.357225418090820312e+00,-1.128776550292968750e+00,-3.762378692626953125e-01,2.529602050781250000e+00,3.438943386077880859e+00,2.744187355041503906e+00,-2.529602050781250000e+00,-3.438943386077880859e+00,-2.744187355041503906e+00
6.232000000000000028e+01,-1.356483459472656250e+00,-1.128160476684570312e+00,-3.759889602661132812e-01,2.529602050781250000e+00,3.438943386077880859e+00,2.744187355041503906e+00,-2.529602050781250000e+00,-3.438943386077880859e+00,-2.744187355041503906e+00
6.235999999999999943e+01,-1.355741500854492188e+00,-1.127544403076171875e+00,-3.757390975952148438e-01,2.529602050781250000e+00,3.438943386077880859e+00,2.744187355041503906e+00,-2.529602050781250000e+00,-3.438943386077880859e+00,-2.744187355041503906e+00
6.239999999999999858e+01,-1.354995727539062500e+00,-1.126926422119140625e+00,-3.754892349243164062e-01,2.529602050781250000e+00,3.438943386077880859e+00,2.744187355041503906e+00,-2.529602050781250000e+00,-3.438943386077880859e+00,-2.744187355041503906e+00
6.244000000000000483e+01,-1.354248046875000000e+00,-1.126306533813476562e+00,-3.752384185791015625e-01,2.529602050781250000e+00,3.438943386077880859e+00,2.744187355041503906e+00,-2.529602050781250000e+00,-3.438943386077880859e+00,-2.744187355041503906e+00
6.248000000000000398e+01,-1.353498458862304688e+00,-1.125684738159179688e+00,-3.749866485595703125e-01,2.529602050781250000e+00,3.438943386077880859e+00,2.744187355041503906e+00,-2.529602050781250000e+00,-3.438943386077880859e+00,-2.744187355041503906e+00
6.252000000000000313e+01,-1.352745056152343750e+00,-1.125061035156250000e+00,-3.747348785400390625e-01,2.529602050781250000e+00,3.438943386077880859e+00,2.744187355041503906e+00,-2.529602050781250000e+00,-3.438943386077880859e+00,-2.744187355041503906e+00
6.256000000000000227e+01,-1.351991653442382812e+00,-1.124435424804687500e+00,-3.744831085205078125e-01,2.529602050781250000e+00,3.438943386077880859e+00,2.744187355041503906e+00,-2.529602050781250000e+00,-3.438943386077880859e+00,-2.744187355041503906e+00
6.260000000000000142e+01,-1.351236343383789062e+00,-1.123809814453125000e+00,-3.742303848266601562e-01,2.529602050781250000e+00,3.438943386077880859e+00,2.744187355041503906e+00,-2.529602050781250000e+00,-3.438943386077880859e+00,-2.744187355041503906e+00
6.264000000000000057e+01,-1.350479125976562500e+00,-1.123182296752929688e+00,-3.739767074584960938e-01,2.529602050781250000e+00,3.438943386077880859e+00,2.744187355041503906e+00,-2.529602050781250000e+00,-3.438943386077880859e+00,-2.744187355041503906e+00
6.267999999999999972e+01,-1.349718093872070312e+00,-1.122552871704101562e+00,-3.737220764160156250e-01,2.529602050781250000e+00,3.438943386077880859e+00,2.744187355041503906e+00,-2.529602050781250000e+00,-3.438943386077880859e+00,-2.744187355041503906e+00
6.271999999999999886e+01,-1.348955154418945312e+00,-1.121921539306640625e+00,-3.734664916992187500e-01,2.529602050781250000e+00,3.438943386077880859e+00,2.744187355041503906e+00,-2.529602050781250000e+00,-3.438943386077880859e+00,-2.744187355041503906e+00
6.275999999999999801e+01,-1.348190307617187500e+00,-1.121288299560546875e+00,-3.732099533081054688e-01,2.529602050781250000e+00,3.438943386077880859e+00,2.744187355041503906e+00,-2.529602050781250000e+00,-3.438943386077880859e+00,-2.744187355041503906e+00
6.280000000000000426e+01,-1.347423553466796875e+00,-1.120653152465820312e+00,-3.729543685913085938e-01,2.529602050781250000e+00,3.438943386077880859e+00,2.744187355041503906e+00,-2.529602050781250000e+00,-3.438943386077880859e+00,-2.744187355041503906e+00
6.284000000000000341e+01,-1.346654891967773438e+00,-1.120016098022460938e+00,-3.726978302001953125e-01,2.529602050781250000e+00,3.438943386077880859e+00,2.744187355041503906e+00,-2.529602050781250000e+00,-3.438943386077880859e+00,-2.744187355041503906e+00
6.288000000000000256e+01,-1.345884323120117188e+00,-1.119377136230468750e+00,-3.724403381347656250e-01,2.529602050781250000e+00,3.438943386077880859e+00,2.744187355041503906e+00,-2.529602050781250000e+00,-3.438943386077880859e+00,-2.744187355041503906e+00
6.292000000000000171e+01,-1.345109939575195312e+00,-1.118736267089843750e+00,-3.721818923950195312e-01,2.529602050781250000e+00,3.438943386077880859e+00,2.744187355041503906e+00,-2.529602050781250000e+00,-3.438943386077880859e+00,-2.744187355041503906e+00
6.296000000000000085e+01,-1.344333648681640625e+00,-1.118093490600585938e+00,-3.719234466552734375e-01,2.529602050781250000e+00,3.438943386077880859e+00,2.744187355041503906e+00,-2.529602050781250000e+00,-3.438943386077880859e+00,-2.744187355041503906e+00
6.300000000000000000e+01,-1.343555450439453125e+00,-1.117448806762695312e+00,-3.716640472412109375e-01,2.529602050781250000e+00,3.438943386077880859e+00,2.744187355041503906e+00,-2.529602050781250000e+00,-3.438943386077880859e+00,-2.744187355041503906e+00
6.303999999999999915e+01,-1.342775344848632812e+00,-1.116802215576171875e+00,-3.714036941528320312e-01,2.529602050781250000e+00,3.438943386077880859e+00,2.744187355041503906e+00,-2.529602050781250000e+00,-3.438943386077880859e+00,-2.744187355041503906e+00
6.307999999999999829e+01,-1.341993331909179688e+00,-1.116153717041015625e+00,-3.711423873901367188e-01,2.529602050781250000e+00,3.438943386077880859e+00,2.744187355041503906e+00,-2.529602050781250000e+00,-3.438943386077880859e+00,-2.744187355041503906e+00
6.312000000000000455e+01,-1.341209411621093750e+00,-1.115505218505859375e+00,-3.708810806274414062e-01,2.529602050781250000e+00,3.438943386077880859e+00,2.744187355041503906e+00,-2.529602050781250000e+00,-3.438943386077880859e+00,-2.744187355041503906e+00
6.316000000000000369e+01,-1.340423583984375000e+00,-1.114854812622070312e+00,-3.706178665161132812e-01,2.529602050781250000e+00,3.438943386077880859e+00,2.744187355041503906e+00,-2.529602050781250000e+00,-3.438943386077880859e+00,-2.744187355041503906e+00
6.320000000000000284e+01,-1.339635848999023438e+00,-1.114202499389648438e+00,-3.703546524047851562e-01,2.529602050781250000e+00,3.438943386077880859e+00,2.744187355041503906e+00,-2.529602050781250000e+00,-3.438943386077880859e+00,-2.744187355041503906e+00
6.324000000000000199e+01,-1.338846206665039062e+00,-1.113548278808593750e+00,-3.700904846191406250e-01,2.529602050781250000e+00,3.438943386077880859e+00,2.744187355041503906e+00,-2.529602050781250000e+00,-3.438943386077880859e+00,-2.744187355041503906e+00
6.328000000000000114e+01,-1.338054656982421875e+00,-1.112892150878906250e+00,-3.698253631591796875e-01,2.529602050781250000e+00,3.438943386077880859e+00,2.744187355041503906e+00,-2.529602050781250000e+00,-3.438943386077880859e+00,-2.744187355041503906e+00
6.332000000000000028e+01,-1.337261199951171875e+00,-1.112234115600585938e+00,-3.695602416992187500e-01,2.529602050781250000e+00,3.438943386077880859e+00,2.744187355041503906e+00,-2.529602050781250000e+00,-3.438943386077880859e+00,-2.744187355041503906e+00
6.335999999999999943e+01,-1.336465835571289062e+00,-1.111574172973632812e+00,-3.692941665649414062e-01,2.529602050781250000e+00,3.438943386077880859e+00,2.744187355041503906e+00,-2.529602050781250000e+00,-3.438943386077880859e+00,-2.744187355041503906e+00
6.339999999999999858e+01,-1.335668563842773438e+00,-1.110912322998046875e+00,-3.690280914306640625e-01,2.529602050781250000e+00,3.438943386077880859e+00,2.744187355041503906e+00,-2.529602050781250000e+00,-3.438943386077880859e+00,-2.744187355041503906e+00
6.344000000000000483e+01,-1.334867477416992188e+00,-1.110248565673828125e+00,-3.687601089477539062e-01,2.529602050781250000e+00,3.438943386077880859e+00,2.744187355041503906e+00,-2.529602050781250000e+00,-3.438943386077880859e+00,-2.744187355041503906e+00
6.348000000000000398e+01,-1.334064483642578125e+00,-1.109582901000976562e+00,-3.684921264648437500e-01,2.529602050781250000e+00,3.438943386077880859e+00,2.744187355041503906e+00,-2.529602050781250000e+00,-3.438943386077880859e+00,-2.744187355041503906e+00
6.352000000000000313e+01,-1.333259582519531250e+00,-1.108915328979492188e+00,-3.682231903076171875e-01,2.529602050781250000e+00,3.438943386077880859e+00,2.744187355041503906e+00,-2.529602050781250000e+00,-3.438943386077880859e+00,-2.744187355041503906e+00
6.356000000000000227e+01,-1.332452774047851562e+00,-1.108247756958007812e+00,-3.679542541503906250e-01,2.529602050781250000e+00,3.438943386077880859e+00,2.744187355041503906e+00,-2.529602050781250000e+00,-3.438943386077880859e+00,-2.744187355041503906e+00
6.360000000000000142e+01,-1.331644058227539062e+00,-1.107578277587890625e+00,-3.676843643188476562e-01,2.529602050781250000e+00,3.438943386077880859e+00,2.744187355041503906e+00,-2.529602050781250000e+00,-3.438943386077880859e+00,-2.744187355041503906e+00
6.364000000000000057e+01,-1.330833435058593750e+00,-1.106904983520507812e+00,-3.674135208129882812e-01,2.529602050781250000e+00,3.438943386077880859e+00,2.744187355041503906e+00,-2.529602050781250000e+00,-3.438943386077880859e+00,-2.744187355041503906e+00
6.367999999999999972e+01,-1.330020904541015625e+00,-1.106229782104492188e+00,-3.671426773071289062e-01,2.529602050781250000e+00,3.438943386077880859e+00,2.744187355041503906e+00,-2.529602050781250000e+00,-3.438943386077880859e+00,-2.744187355041503906e+00
6.371999999999999886e+01,-1.329206466674804688e+00,-1.105554580688476562e+00,-3.668699264526367188e-01,2.529602050781250000e+00,3.438943386077880859e+00,2.744187355041503906e+00,-2.529602050781250000e+00,-3.438943386077880859e+00,-2.744187355041503906e+00
6.375999999999999801e+01,-1.328390121459960938e+00,-1.104877471923828125e+00,-3.665971755981445312e-01,2.529602050781250000e+00,3.438943386077880859e+00,2.744187355041503906e+00,-2.529602050781250000e+00,-3.438943386077880859e+00,-2.744187355041503906e+00
6.380000000000000426e+01,-1.327569961547851562e+00,-1.104198455810546875e+00,-3.663244247436523438e-01,2.529602050781250000e+00,3.438943386077880859e+00,2.744187355041503906e+00,-2.529602050781250000e+00,-3.438943386077880859e+00,-2.744187355041503906e+00
6.384000000000000341e+01,-1.326747894287109375e+00,-1.103517532348632812e+00,-3.660497665405273438e-01,2.529602050781250000e+00,3.438943386077880859e+00,2.744187355041503906e+00,-2.529602050781250000e+00,-3.438943386077880859e+00,-2.744187355041503906e+00
6.388000000000000256e+01,-1.325925827026367188e+00,-1.102834701538085938e+00,-3.657751083374023438e-01,2.529602050781250000e+00,3.438943386077880859e+00,2.744187355041503906e+00,-2.529602050781250000e+00,-3.438943386077880859e+00,-2.744187355041503906e+00
6.392000000000000171e+01,-1.325099945068359375e+00,-1.102149963378906250e+00,-3.655004501342773438e-01,2.529602050781250000e+00,3.438943386077880859e+00,2.744187355041503906e+00,-2.529602050781250000e+00,-3.438943386077880859e+00,-2.744187355041503906e+00
6.396000000000000085e+01,-1.324272155761718750e+00,-1.101465225219726562e+00,-3.652248382568359375e-01,2.529602050781250000e+00,3.438943386077880859e+00,2.744187355041503906e+00,-2.529602050781250000e+00,-3.438943386077880859e+00,-2.744187355041503906e+00
6.400000000000000000e+01,-1.323442459106445312e+00,-1.100776672363281250e+00,-3.649482727050781250e-01,2.529602050781250000e+00,3.438943386077880859e+00,2.744187355041503906e+00,-2.529602050781250000e+00,-3.438943386077880859e+00,-2.744187355041503906e+00
6.404000000000000625e+01,-1.322610855102539062e+00,-1.100088119506835938e+00,-3.646707534790039062e-01,2.529602050781250000e+00,3.438943386077880859e+00,2.744187355041503906e+00,-2.529602050781250000e+00,-3.438943386077880859e+00,-2.744187355041503906e+00
6.407999999999999829e+01,-1.321777343750000000e+00,-1.099397659301757812e+00,-3.643932342529296875e-01,2.529602050781250000e+00,3.438943386077880859e+00,2.744187355041503906e+00,-2.529602050781250000e+00,-3.438943386077880859e+00,-2.744187355041503906e+00
6.412000000000000455e+01,-1.320941925048828125e+00,-1.098703384399414062e+00,-3.641147613525390625e-01,2.529602050781250000e+00,3.438943386077880859e+00,2.744187355041503906e+00,-2.529602050781250000e+00,-3.438943386077880859e+00,-2.744187355041503906e+00
6.415999999999999659e+01,-1.320102691650390625e+00,-1.098009109497070312e+00,-3.638362884521484375e-01,2.529602050781250000e+00,3.438943386077880859e+00,2.744187355041503906e+00,-2.529602050781250000e+00,-3.438943386077880859e+00,-2.744187355041503906e+00
6.420000000000000284e+01,-1.319263458251953125e+00,-1.097312927246093750e+00,-3.635559082031250000e-01,2.529602050781250000e+00,3.438943386077880859e+00,2.744187355041503906e+00,-2.529602050781250000e+00,-3.438943386077880859e+00,-2.744187355041503906e+00
6.423999999999999488e+01,-1.318420410156250000e+00,-1.096614837646484375e+00,-3.632745742797851562e-01,2.529602050781250000e+00,3.438943386077880859e+00,2.744187355041503906e+00,-2.529602050781250000e+00,-3.438943386077880859e+00,-2.744187355041503906e+00
6.428000000000000114e+01,-1.317575454711914062e+00,-1.095914840698242188e+00,-3.629932403564453125e-01,2.529602050781250000e+00,3.438943386077880859e+00,2.744187355041503906e+00,-2.529602050781250000e+00,-3.438943386077880859e+00,-2.744187355041503906e+00
6.432000000000000739e+01,-1.316728591918945312e+00,-1.095212936401367188e+00,-3.627109527587890625e-01,2.529602050781250000e+00,3.438943386077880859e+00,2.744187355041503906e+00,-2.529602050781250000e+00,-3.438943386077880859e+00,-2.744187355041503906e+00
6.435999999999999943e+01,-1.315879821777343750e+00,-1.094509124755859375e+00,-3.624286651611328125e-01,2.529602050781250000e+00,3.438943386077880859e+00,2.744187355041503906e+00,-2.529602050781250000e+00,-3.438943386077880859e+00,-2.744187355041503906e+00
6.440000000000000568e+01,-1.315031051635742188e+00,-1.093805313110351562e+00,-3.621454238891601562e-01,2.529602050781250000e+00,3.438943386077880859e+00,2.744187355041503906e+00,-2.529602050781250000e+00,-3.438943386077880859e+00,-2.744187355041503906e+00
6.443999999999999773e+01,-1.314178466796875000e+00,-1.093097686767578125e+00,-3.618612289428710938e-01,2.529602050781250000e+00,3.438943386077880859e+00,2.744187355041503906e+00,-2.529602050781250000e+00,-3.438943386077880859e+00,-2.744187355041503906e+00
6.448000000000000398e+01,-1.313322067260742188e+00,-1.092390060424804688e+00,-3.615760803222656250e-01,2.529602050781250000e+00,3.438943386077880859e+00,2.744187355041503906e+00,-2.529602050781250000e+00,-3.438943386077880859e+00,-2.744187355041503906e+00
6.451999999999999602e+01,-1.312465667724609375e+00,-1.091678619384765625e+00,-3.612909317016601562e-01,2.529602050781250000e+00,3.438943386077880859e+00,2.744187355041503906e+00,-2.529602050781250000e+00,-3.438943386077880859e+00,-2.744187355041503906e+00
6.456000000000000227e+01,-1.311605453491210938e+00,-1.090967178344726562e+00,-3.610048294067382812e-01,2.529602050781250000e+00,3.438943386077880859e+00,2.744187355041503906e+00,-2.529602050781250000e+00,-3.438943386077880859e+00,-2.744187355041503906e+00
6.459999999999999432e+01,-1.310745239257812500e+00,-1.090251922607421875e+00,-3.607177734375000000e-01,2.529602050781250000e+00,3.438943386077880859e+00,2.744187355041503906e+00,-2.529602050781250000e+00,-3.438943386077880859e+00,-2.744187355041503906e+00
6.464000000000000057e+01,-1.309881210327148438e+00,-1.089536666870117188e+00,-3.604307174682617188e-01,2.529602050781250000e+00,3.438943386077880859e+00,2.744187355041503906e+00,-2.529602050781250000e+00,-3.438943386077880859e+00,-2.744187355041503906e+00
6.468000000000000682e+01,-1.309017181396484375e+00,-1.088819503784179688e+00,-3.601427078247070312e-01,2.529602050781250000e+00,3.438943386077880859e+00,2.744187355041503906e+00,-2.529602050781250000e+00,-3.438943386077880859e+00,-2.744187355041503906e+00
6.471999999999999886e+01,-1.308149337768554688e+00,-1.088100433349609375e+00,-3.598537445068359375e-01,2.529602050781250000e+00,3.438943386077880859e+00,2.744187355041503906e+00,-2.529602050781250000e+00,-3.438943386077880859e+00,-2.744187355041503906e+00
6.476000000000000512e+01,-1.307279586791992188e+00,-1.087379455566406250e+00,-3.595647811889648438e-01,2.529602050781250000e+00,3.438943386077880859e+00,2.744187355041503906e+00,-2.529602050781250000e+00,-3.438943386077880859e+00,-2.744187355041503906e+00
6.479999999999999716e+01,-1.306407928466796875e+00,-1.086656570434570312e+00,-3.592748641967773438e-01,2.529602050781250000e+00,3.438943386077880859e+00,2.744187355041503906e+00,-2.529602050781250000e+00,-3.438943386077880859e+00,-2.744187355041503906e+00
6.484000000000000341e+01,-1.305534362792968750e+00,-1.085931777954101562e+00,-3.589839935302734375e-01,2.529602050781250000e+00,3.438943386077880859e+00,2.744187355041503906e+00,-2.529602050781250000e+00,-3.438943386077880859e+00,-2.744187355041503906e+00
6.487999999999999545e+01,-1.304656982421875000e+00,-1.085206985473632812e+00,-3.586931228637695312e-01,2.529602050781250000e+00,3.438943386077880859e+00,2.744187355041503906e+00,-2.529602050781250000e+00,-3.438943386077880859e+00,-2.744187355041503906e+00
6.492000000000000171e+01,-1.303779602050781250e+00,-1.084478378295898438e+00,-3.584012985229492188e-01,2.529602050781250000e+00,3.438943386077880859e+00,2.744187355041503906e+00,-2.529602050781250000e+00,-3.438943386077880859e+00,-2.744187355041503906e+00
6.496000000000000796e+01,-1.302898406982421875e+00,-1.083749771118164062e+00,-3.581085205078125000e-01,2.529602050781250000e+00,3.438943386077880859e+00,2.744187355041503906e+00,-2.529602050781250000e+00,-3.438943386077880859e+00,-2.744187355041503906e+00
6.500000000000000000e+01,-1.302015304565429688e+00,-1.083019256591796875e+00,-3.578157424926757812e-01,2.529602050781250000e+00,3.438943386077880859e+00,2.744187355041503906e+00,-2.529602050781250000e+00,-3.438943386077880859e+00,-2.744187355041503906e+00
6.504000000000000625e+01,-1.301132202148437500e+00,-1.082286834716796875e+00,-3.575220108032226562e-01,2.529602050781250000e+00,3.438943386077880859e+00,2.744187355041503906e+00,-2.529602050781250000e+00,-3.438943386077880859e+00,-2.744187355041503906e+00
6.507999999999999829e+01,-1.300245285034179688e+00,-1.081552505493164062e+00,-3.572273254394531250e-01,2.529602050781250000e+00,3.438943386077880859e+00,2.744187355041503906e+00,-2.529602050781250000e+00,-3.438943386077880859e+00,-2.744187355041503906e+00
6.512000000000000455e+01,-1.299356460571289062e+00,-1.080816268920898438e+00,-3.569316864013671875e-01,2.529602050781250000e+00,3.438943386077880859e+00,2.744187355041503906e+00,-2.529602050781250000e+00,-3.438943386077880859e+00,-2.744187355041503906e+00
6.515999999999999659e+01,-1.298465728759765625e+00,-1.080078125000000000e+00,-3.566360473632812500e-01,2.529602050781250000e+00,3.438943386077880859e+00,2.744187355041503906e+00,-2.529602050781250000e+00,-3.438943386077880859e+00,-2.744187355041503906e+00
6.520000000000000284e+01,-1.297573089599609375e+00,-1.079338073730468750e+00,-3.563394546508789062e-01,2.529602050781250000e+00,3.438943386077880859e+00,2.744187355041503906e+00,-2.529602050781250000e+00,-3.438943386077880859e+00,-2.744187355041503906e+00
6.523999999999999488e+01,-1.296678543090820312e+00,-1.078596115112304688e+00,-3.560419082641601562e-01,2.529602050781250000e+00,3.438943386077880859e+00,2.744187355041503906e+00,-2.529602050781250000e+00,-3.438943386077880859e+00,-2.744187355041503906e+00
6.528000000000000114e+01,-1.295782089233398438e+00,-1.077854156494140625e+00,-3.557443618774414062e-01,2.529602050781250000e+00,3.438943386077880859e+00,2.744187355041503906e+00,-2.529602050781250000e+00,-3.438943386077880859e+00,-2.744187355041503906e+00
6.532000000000000739e+01,-1.294881820678710938e+00,-1.077108383178710938e+00,-3.554449081420898438e-01,2.529602050781250000e+00,3.438943386077880859e+00,2.744187355041503906e+00,-2.529602050781250000e+00,-3.438943386077880859e+00,-2.744187355041503906e+00
6.535999999999999943e+01,-1.293979644775390625e+00,-1.076360702514648438e+00,-3.551454544067382812e-01,2.529602050781250000e+00,3.438943386077880859e+00,2.744187355041503906e+00,-2.529602050781250000e+00,-3.438943386077880859e+00,-2.744187355041503906e+00
6.540000000000000568e+01,-1.293077468872070312e+00,-1.075613021850585938e+00,-3.548450469970703125e-01,2.529602050781250000e+00,3.438943386077880859e+00,2.744187355041503906e+00,-2.529602050781250000e+00,-3.438943386077880859e+00,-2.744187355041503906e+00
6.543999999999999773e+01,-1.292173385620117188e+00,-1.074863433837890625e+00,-3.545446395874023438e-01,2.529602050781250000e+00,3.438943386077880859e+00,2.744187355041503906e+00,-2.529602050781250000e+00,-3.438943386077880859e+00,-2.744187355041503906e+00
6.548000000000000398e+01,-1.291265487670898438e+00,-1.074110031127929688e+00,-3.542432785034179688e-01,2.529602050781250000e+00,3.438943386077880859e+00,2.744187355041503906e+00,-2.529602050781250000e+00,-3.438943386077880859e+00,-2.744187355041503906e+00
6.551999999999999602e+01,-1.290355682373046875e+00,-1.073354721069335938e+00,-3.539419174194335938e-01,2.529602050781250000e+00,3.438943386077880859e+00,2.744187355041503906e+00,-2.529602050781250000e+00,-3.438943386077880859e+00,-2.744187355041503906e+00
6.556000000000000227e+01,-1.289443969726562500e+00,-1.072599411010742188e+00,-3.536396026611328125e-01,2.529602050781250000e+00,3.438943386077880859e+00,2.744187355041503906e+00,-2.529602050781250000e+00,-3.438943386077880859e+00,-2.744187355041503906e+00
6.559999999999999432e+01,-1.288530349731445312e+00,-1.071842193603515625e+00,-3.533363342285156250e-01,2.529602050781250000e+00,3.438943386077880859e+00,2.744187355041503906e+00,-2.529602050781250000e+00,-3.438943386077880859e+00,-2.744187355041503906e+00
6.564000000000000057e+01,-1.287614822387695312e+00,-1.071083068847656250e+00,-3.530321121215820312e-01,2.529602050781250000e+00,3.438943386077880859e+00,2.744187355041503906e+00,-2.529602050781250000e+00,-3.438943386077880859e+00,-2.744187355041503906e+00
6.568000000000000682e+01,-1.286695480346679688e+00,-1.070322036743164062e+00,-3.527278900146484375e-01,2.529602050781250000e+00,3.438943386077880859e+00,2.744187355041503906e+00,-2.529602050781250000e+00,-3.438943386077880859e+00,-2.744187355041503906e+00
6.571999999999999886e+01,-1.285774230957031250e+00,-1.069561004638671875e+00,-3.524227142333984375e-01,2.529602050781250000e+00,3.438943386077880859e+00,2.744187355041503906e+00,-2.529602050781250000e+00,-3.438943386077880859e+00,-2.744187355041503906e+00
6.576000000000000512e+01,-1.284851074218750000e+00,-1.068798065185546875e+00,-3.521165847778320312e-01,2.529602050781250000e+00,3.438943386077880859e+00,2.744187355041503906e+00,-2.529602050781250000e+00,-3.438943386077880859e+00,-2.744187355041503906e+00
6.579999999999999716e+01,-1.283926010131835938e+00,-1.068031311035156250e+00,-3.518095016479492188e-01,2.529602050781250000e+00,3.438943386077880859e+00,2.744187355041503906e+00,-2.529602050781250000e+00,-3.438943386077880859e+00,-2.744187355041503906e+00
6.584000000000000341e+01,-1.282999038696289062e+00,-1.067262649536132812e+00,-3.515024185180664062e-01,2.529602050781250000e+00,3.438943386077880859e+00,2.744187355041503906e+00,-2.529602050781250000e+00,-3.438943386077880859e+00,-2.744187355041503906e+00
6.587999999999999545e+01,-1.282070159912109375e+00,-1.066492080688476562e+00,-3.511943817138671875e-01,2.529602050781250000e+00,3.438943386077880859e+00,2.744187355041503906e+00,-2.529602050781250000e+00,-3.438943386077880859e+00,-2.744187355041503906e+00
6.592000000000000171e+01,-1.281139373779296875e+00,-1.065719604492187500e+00,-3.508853912353515625e-01,2.529602050781250000e+00,3.438943386077880859e+00,2.744187355041503906e+00,-2.529602050781250000e+00,-3.438943386077880859e+00,-2.744187355041503906e+00
6.596000000000000796e+01,-1.280206680297851562e+00,-1.064947128295898438e+00,-3.505764007568359375e-01,2.529602050781250000e+00,3.438943386077880859e+00,2.744187355041503906e+00,-2.529602050781250000e+00,-3.438943386077880859e+00,-2.744187355041503906e+00
6.600000000000000000e+01,-1.279272079467773438e+00,-1.064172744750976562e+00,-3.502664566040039062e-01,2.529602050781250000e+00,3.438943386077880859e+00,2.744187355041503906e+00,-2.529602050781250000e+00,-3.438943386077880859e+00,-2.744187355041503906e+00
6.604000000000000625e+01,-1.278335571289062500e+00,-1.063396453857421875e+00,-3.499565124511718750e-01,2.529602050781250000e+00,3.438943386077880859e+00,2.744187355041503906e+00,-2.529602050781250000e+00,-3.438943386077880859e+00,-2.744187355041503906e+00
6.607999999999999829e+01,-1.277397155761718750e+00,-1.062618255615234375e+00,-3.496446609497070312e-01,2.529602050781250000e+00,3.438943386077880859e+00,2.744187355041503906e+00,-2.529602050781250000e+00,-3.438943386077880859e+00,-2.744187355041503906e+00
6.612000000000000455e+01,-1.276456832885742188e+00,-1.061838150024414062e+00,-3.493328094482421875e-01,2.529602050781250000e+00,3.438943386077880859e+00,2.744187355041503906e+00,-2.529602050781250000e+00,-3.438943386077880859e+00,-2.744187355041503906e+00
6.615999999999999659e+01,-1.275514602661132812e+00,-1.061056137084960938e+00,-3.490209579467773438e-01,2.529602050781250000e+00,3.438943386077880859e+00,2.744187355041503906e+00,-2.529602050781250000e+00,-3.438943386077880859e+00,-2.744187355041503906e+00
6.620000000000000284e+01,-1.274570465087890625e+00,-1.060272216796875000e+00,-3.487071990966796875e-01,2.529602050781250000e+00,3.438943386077880859e+00,2.744187355041503906e+00,-2.529602050781250000e+00,-3.438943386077880859e+00,-2.744187355041503906e+00
6.623999999999999488e+01,-1.273624420166015625e+00,-1.059486389160156250e+00,-3.483934402465820312e-01,2.529602050781250000e+00,3.438943386077880859e+00,2.744187355041503906e+00,-2.529602050781250000e+00,-3.438943386077880859e+00,-2.744187355041503906e+00
6.628000000000000114e+01,-1.272674560546875000e+00,-1.058698654174804688e+00,-3.480787277221679688e-01,2.529602050781250000e+00,3.438943386077880859e+00,2.744187355041503906e+00,-2.529602050781250000e+00,-3.438943386077880859e+00,-2.744187355041503906e+00
6.632000000000000739e+01,-1.271722793579101562e+00,-1.057909011840820312e+00,-3.477630615234375000e-01,2.529602050781250000e+00,3.438943386077880859e+00,2.744187355041503906e+00,-2.529602050781250000e+00,-3.438943386077880859e+00,-2.744187355041503906e+00
6.635999999999999943e+01,-1.270769119262695312e+00,-1.057117462158203125e+00,-3.474464416503906250e-01,2.529602050781250000e+00,3.438943386077880859e+00,2.744187355041503906e+00,-2.529602050781250000e+00,-3.438943386077880859e+00,-2.744187355041503906e+00
6.640000000000000568e+01,-1.269813537597656250e+00,-1.056324005126953125e+00,-3.471288681030273438e-01,2.529602050781250000e+00,3.438943386077880859e+00,2.744187355041503906e+00,-2.529602050781250000e+00,-3.438943386077880859e+00,-2.744187355041503906e+00
6.643999999999999773e+01,-1.268856048583984375e+00,-1.055530548095703125e+00,-3.468122482299804688e-01,2.529602050781250000e+00,3.438943386077880859e+00,2.744187355041503906e+00,-2.529602050781250000e+00,-3.438943386077880859e+00,-2.744187355041503906e+00
6.648000000000000398e+01,-1.267894744873046875e+00,-1.054735183715820312e+00,-3.464946746826171875e-01,2.529602050781250000e+00,3.438943386077880859e+00,2.744187355041503906e+00,-2.529602050781250000e+00,-3.438943386077880859e+00,-2.744187355041503906e+00
6.651999999999999602e+01,-1.266931533813476562e+00,-1.053937911987304688e+00,-3.461761474609375000e-01,2.529602050781250000e+00,3.438943386077880859e+00,2.744187355041503906e+00,-2.529602050781250000e+00,-3.438943386077880859e+00,-2.744187355041503906e+00
6.656000000000000227e+01,-1.265966415405273438e+00,-1.053138732910156250e+00,-3.458566665649414062e-01,2.529602050781250000e+00,3.438943386077880859e+00,2.744187355041503906e+00,-2.529602050781250000e+00,-3.438943386077880859e+00,-2.744187355041503906e+00
6.659999999999999432e+01,-1.265001296997070312e+00,-1.052337646484375000e+00,-3.455362319946289062e-01,2.529602050781250000e+00,3.438943386077880859e+00,2.744187355041503906e+00,-2.529602050781250000e+00,-3.438943386077880859e+00,-2.744187355041503906e+00
6.664000000000000057e+01,-1.264032363891601562e+00,-1.051534652709960938e+00,-3.452167510986328125e-01,2.529602050781250000e+00,3.438943386077880859e+00,2.744187355041503906e+00,-2.529602050781250000e+00,-3.438943386077880859e+00,-2.744187355041503906e+00
6.668000000000000682e+01,-1.263061523437500000e+00,-1.050729751586914062e+00,-3.448963165283203125e-01,2.529602050781250000e+00,3.438943386077880859e+00,2.744187355041503906e+00,-2.529602050781250000e+00,-3.438943386077880859e+00,-2.744187355041503906e+00
6.671999999999999886e+01,-1.262088775634765625e+00,-1.049924850463867188e+00,-3.445749282836914062e-01,2.529602050781250000e+00,3.438943386077880859e+00,2.744187355041503906e+00,-2.529602050781250000e+00,-3.438943386077880859e+00,-2.744187355041503906e+00
6.676000000000000512e+01,-1.261112213134765625e+00,-1.049118041992187500e+00,-3.442525863647460938e-01,2.529602050781250000e+00,3.438943386077880859e+00,2.744187355041503906e+00,-2.529602050781250000e+00,-3.438943386077880859e+00,-2.744187355041503906e+00
6.679999999999999716e+01,-1.260135650634765625e+00,-1.048309326171875000e+00,-3.439292907714843750e-01,2.529602050781250000e+00,3.438943386077880859e+00,2.744187355041503906e+00,-2.529602050781250000e+00,-3.438943386077880859e+00,-2.744187355041503906e+00
6.684000000000000341e+01,-1.259157180786132812e+00,-1.047496795654296875e+00,-3.436050415039062500e-01,2.529602050781250000e+00,3.438943386077880859e+00,2.744187355041503906e+00,-2.529602050781250000e+00,-3.438943386077880859e+00,-2.744187355041503906e+00
6.687999999999999545e+01,-1.258174896240234375e+00,-1.046682357788085938e+00,-3.432798385620117188e-01,2.529602050781250000e+00,3.438943386077880859e+00,2.744187355041503906e+00,-2.529602050781250000e+00,-3.438943386077880859e+00,-2.744187355041503906e+00
6.692000000000000171e+01,-1.257190704345703125e+00,-1.045867919921875000e+00,-3.429536819458007812e-01,2.529602050781250000e+00,3.438943386077880859e+00,2.744187355041503906e+00,-2.529602050781250000e+00,-3.438943386077880859e+00,-2.744187355041503906e+00
6.696000000000000796e+01,-1.256206512451171875e+00,-1.045051574707031250e+00,-3.426265716552734375e-01,2.529602050781250000e+00,3.438943386077880859e+00,2.744187355041503906e+00,-2.529602050781250000e+00,-3.438943386077880859e+00,-2.744187355041503906e+00
6.700000000000000000e+01,-1.255218505859375000e+00,-1.044233322143554688e+00,-3.422994613647460938e-01,2.529602050781250000e+00,3.438943386077880859e+00,2.744187355041503906e+00,-2.529602050781250000e+00,-3.438943386077880859e+00,-2.744187355041503906e+00
6.704000000000000625e+01,-1.254228591918945312e+00,-1.043413162231445312e+00,-3.419733047485351562e-01,2.529602050781250000e+00,3.438943386077880859e+00,2.744187355041503906e+00,-2.529602050781250000e+00,-3.438943386077880859e+00,-2.744187355041503906e+00
6.707999999999999829e+01,-1.253236770629882812e+00,-1.042591094970703125e+00,-3.416461944580078125e-01,2.529602050781250000e+00,3.438943386077880859e+00,2.744187355041503906e+00,-2.529602050781250000e+00,-3.438943386077880859e+00,-2.744187355041503906e+00
6.712000000000000455e+01,-1.252243041992187500e+00,-1.041767120361328125e+00,-3.413181304931640625e-01,2.529602050781250000e+00,3.438943386077880859e+00,2.744187355041503906e+00,-2.529602050781250000e+00,-3.438943386077880859e+00,-2.744187355041503906e+00
6.715999999999999659e+01,-1.251245498657226562e+00,-1.040941238403320312e+00,-3.409900665283203125e-01,2.529602050781250000e+00,3.438943386077880859e+00,2.744187355041503906e+00,-2.529602050781250000e+00,-3.438943386077880859e+00,-2.744187355041503906e+00
6.720000000000000284e+01,-1.250247955322265625e+00,-1.040115356445312500e+00,-3.406610488891601562e-01,2.529602050781250000e+00,3.438943386077880859e+00,2.744187355041503906e+00,-2.529602050781250000e+00,-3.438943386077880859e+00,-2.744187355041503906e+00
6.723999999999999488e+01,-1.249248504638671875e+00,-1.039285659790039062e+00,-3.403310775756835938e-01,2.529602050781250000e+00,3.438943386077880859e+00,2.744187355041503906e+00,-2.529602050781250000e+00,-3.438943386077880859e+00,-2.744187355041503906e+00
6.728000000000000114e+01,-1.248245239257812500e+00,-1.038454055786132812e+00,-3.400001525878906250e-01,2.529602050781250000e+00,3.438943386077880859e+00,2.744187355041503906e+00,-2.529602050781250000e+00,-3.438943386077880859e+00,-2.744187355041503906e+00
6.732000000000000739e+01,-1.247240066528320312e+00,-1.037622451782226562e+00,-3.396692276000976562e-01,2.529602050781250000e+00,3.438943386077880859e+00,2.744187355041503906e+00,-2.529602050781250000e+00,-3.438943386077880859e+00,-2.744187355041503906e+00
6.735999999999999943e+01,-1.246232986450195312e+00,-1.036788940429687500e+00,-3.393354415893554688e-01,2.529602050781250000e+00,3.438943386077880859e+00,2.744187355041503906e+00,-2.529602050781250000e+00,-3.438943386077880859e+00,-2.744187355041503906e+00
6.740000000000000568e+01,-1.245223999023437500e+00,-1.035951614379882812e+00,-3.390016555786132812e-01,2.529602050781250000e+00,3.438943386077880859e+00,2.744187355041503906e+00,-2.529602050781250000e+00,-3.438943386077880859e+00,-2.744187355041503906e+00
6.743999999999999773e+01,-1.244213104248046875e+00,-1.035114288330078125e+00,-3.386669158935546875e-01,2.529602050781250000e+00,3.438943386077880859e+00,2.744187355041503906e+00,-2.529602050781250000e+00,-3.438943386077880859e+00,-2.744187355041503906e+00
6.748000000000000398e+01,-1.243200302124023438e+00,-1.034275054931640625e+00,-3.383312225341796875e-01,2.529602050781250000e+00,3.438943386077880859e+00,2.744187355041503906e+00,-2.529602050781250000e+00,-3.438943386077880859e+00,-2.744187355041503906e+00
6.751999999999999602e+01,-1.242185592651367188e+00,-1.033432006835937500e+00,-3.379955291748046875e-01,2.529602050781250000e+00,3.438943386077880859e+00,2.744187355041503906e+00,-2.529602050781250000e+00,-3.438943386077880859e+00,-2.744187355041503906e+00
6.756000000000000227e+01,-1.241168975830078125e+00,-1.032588958740234375e+00,-3.376598358154296875e-01,2.529602050781250000e+00,3.438943386077880859e+00,2.744187355041503906e+00,-2.529602050781250000e+00,-3.438943386077880859e+00,-2.744187355041503906e+00
6.759999999999999432e+01,-1.240148544311523438e+00,-1.031744003295898438e+00,-3.373222351074218750e-01,2.529602050781250000e+00,3.438943386077880859e+00,2.744187355041503906e+00,-2.529602050781250000e+00,-3.438943386077880859e+00,-2.744187355041503906e+00
6.764000000000000057e+01,-1.239128112792968750e+00,-1.030897140502929688e+00,-3.369846343994140625e-01,2.529602050781250000e+00,3.438943386077880859e+00,2.744187355041503906e+00,-2.529602050781250000e+00,-3.438943386077880859e+00,-2.744187355041503906e+00
6.768000000000000682e+01,-1.238103866577148438e+00,-1.030048370361328125e+00,-3.366470336914062500e-01,2.529602050781250000e+00,3.438943386077880859e+00,2.744187355041503906e+00,-2.529602050781250000e+00,-3.438943386077880859e+00,-2.744187355041503906e+00
6.771999999999999886e+01,-1.237077713012695312e+00,-1.029199600219726562e+00,-3.363094329833984375e-01,2.529602050781250000e+00,3.438943386077880859e+00,2.744187355041503906e+00,-2.529602050781250000e+00,-3.438943386077880859e+00,-2.744187355041503906e+00
6.776000000000000512e+01,-1.236049652099609375e+00,-1.028347015380859375e+00,-3.359699249267578125e-01,2.529602050781250000e+00,3.438943386077880859e+00,2.744187355041503906e+00,-2.529602050781250000e+00,-3.438943386077880859e+00,-2.744187355041503906e+00
6.779999999999999716e+01,-1.235019683837890625e+00,-1.027494430541992188e+00,-3.356304168701171875e-01,2.529602050781250000e+00,3.438943386077880859e+00,2.744187355041503906e+00,-2.529602050781250000e+00,-3.438943386077880859e+00,-2.744187355041503906e+00
6.784000000000000341e+01,-1.233987808227539062e+00,-1.026638031005859375e+00,-3.352909088134765625e-01,2.529602050781250000e+00,3.438943386077880859e+00,2.744187355041503906e+00,-2.529602050781250000e+00,-3.438943386077880859e+00,-2.744187355041503906e+00
6.787999999999999545e+01,-1.232954025268554688e+00,-1.025781631469726562e+00,-3.349494934082031250e-01,2.529602050781250000e+00,3.438943386077880859e+00,2.744187355041503906e+00,-2.529602050781250000e+00,-3.438943386077880859e+00,-2.744187355041503906e+00
6.792000000000000171e+01,-1.231918334960937500e+00,-1.024923324584960938e+00,-3.346080780029296875e-01,2.529602050781250000e+00,3.438943386077880859e+00,2.744187355041503906e+00,-2.529602050781250000e+00,-3.438943386077880859e+00,-2.744187355041503906e+00
6.796000000000000796e+01,-1.230878829956054688e+00,-1.024063110351562500e+00,-3.342647552490234375e-01,2.529602050781250000e+00,3.438943386077880859e+00,2.744187355041503906e+00,-2.529602050781250000e+00,-3.438943386077880859e+00,-2.744187355041503906e+00
6.800000000000000000e+01,-1.229837417602539062e+00,-1.023200988769531250e+00,-3.339214324951171875e-01,2.529602050781250000e+00,3.438943386077880859e+00,2.744187355041503906e+00,-2.529602050781250000e+00,-3.438943386077880859e+00,-2.744187355041503906e+00
6.804000000000000625e+01,-1.228796005249023438e+00,-1.022336959838867188e+00,-3.335781097412109375e-01,2.529602050781250000e+00,3.438943386077880859e+00,2.744187355041503906e+00,-2.529602050781250000e+00,-3.438943386077880859e+00,-2.744187355041503906e+00
6.807999999999999829e+01,-1.227750778198242188e+00,-1.021471023559570312e+00,-3.332347869873046875e-01,2.529602050781250000e+00,3.438943386077880859e+00,2.744187355041503906e+00,-2.529602050781250000e+00,-3.438943386077880859e+00,-2.744187355041503906e+00
6.812000000000000455e+01,-1.226703643798828125e+00,-1.020603179931640625e+00,-3.328895568847656250e-01,2.529602050781250000e+00,3.438943386077880859e+00,2.744187355041503906e+00,-2.529602050781250000e+00,-3.438943386077880859e+00,-2.744187355041503906e+00
6.815999999999999659e+01,-1.225654602050781250e+00,-1.019735336303710938e+00,-3.325443267822265625e-01,2.529602050781250000e+00,3.438943386077880859e+00,2.744187355041503906e+00,-2.529602050781250000e+00,-3.438943386077880859e+00,-2.744187355041503906e+00
6.820000000000000284e+01,-1.224603652954101562e+00,-1.018863677978515625e+00,-3.321990966796875000e-01,2.529602050781250000e+00,3.438943386077880859e+00,2.744187355041503906e+00,-2.529602050781250000e+00,-3.438943386077880859e+00,-2.744187355041503906e+00
6.823999999999999488e+01,-1.223550796508789062e+00,-1.017992019653320312e+00,-3.318519592285156250e-01,2.529602050781250000e+00,3.438943386077880859e+00,2.744187355041503906e+00,-2.529602050781250000e+00,-3.438943386077880859e+00,-2.744187355041503906e+00
6.828000000000000114e+01,-1.222496032714843750e+00,-1.017116546630859375e+00,-3.315029144287109375e-01,2.529602050781250000e+00,3.438943386077880859e+00,2.744187355041503906e+00,-2.529602050781250000e+00,-3.438943386077880859e+00,-2.744187355041503906e+00
6.832000000000000739e+01,-1.221439361572265625e+00,-1.016239166259765625e+00,-3.311538696289062500e-01,2.529602050781250000e+00,3.438943386077880859e+00,2.744187355041503906e+00,-2.529602050781250000e+00,-3.438943386077880859e+00,-2.744187355041503906e+00
6.835999999999999943e+01,-1.220380783081054688e+00,-1.015361785888671875e+00,-3.308048248291015625e-01,2.529602050781250000e+00,3.438943386077880859e+00,2.744187355041503906e+00,-2.529602050781250000e+00,-3.438943386077880859e+00,-2.744187355041503906e+00
6.840000000000000568e+01,-1.219318389892578125e+00,-1.014480590820312500e+00,-3.304557800292968750e-01,2.529602050781250000e+00,3.438943386077880859e+00,2.744187355041503906e+00,-2.529602050781250000e+00,-3.438943386077880859e+00,-2.744187355041503906e+00
6.843999999999999773e+01,-1.218254089355468750e+00,-1.013599395751953125e+00,-3.301048278808593750e-01,2.529602050781250000e+00,3.438943386077880859e+00,2.744187355041503906e+00,-2.529602050781250000e+00,-3.438943386077880859e+00,-2.744187355041503906e+00
6.848000000000000398e+01,-1.217187881469726562e+00,-1.012716293334960938e+00,-3.297538757324218750e-01,2.529602050781250000e+00,3.438943386077880859e+00,2.744187355041503906e+00,-2.529602050781250000e+00,-3.438943386077880859e+00,-2.744187355041503906e+00
6.851999999999999602e+01,-1.216119766235351562e+00,-1.011829376220703125e+00,-3.294029235839843750e-01,2.529602050781250000e+00,3.438943386077880859e+00,2.744187355041503906e+00,-2.529602050781250000e+00,-3.438943386077880859e+00,-2.744187355041503906e+00
6.856000000000000227e+01,-1.215049743652343750e+00,-1.010942459106445312e+00,-3.290500640869140625e-01,2.529602050781250000e+00,3.438943386077880859e+00,2.744187355041503906e+00,-2.529602050781250000e+00,-3.438943386077880859e+00,-2.744187355041503906e+00
6.860000000000000853e+01,-1.213977813720703125e+00,-1.010053634643554688e+00,-3.286972045898437500e-01,2.529602050781250000e+00,3.438943386077880859e+00,2.744187355041503906e+00,-2.529602050781250000e+00,-3.438943386077880859e+00,-2.744187355041503906e+00
6.864000000000000057e+01,-1.212902069091796875e+00,-1.009164810180664062e+00,-3.283443450927734375e-01,2.529602050781250000e+00,3.438943386077880859e+00,2.744187355041503906e+00,-2.529602050781250000e+00,-3.438943386077880859e+00,-2.744187355041503906e+00
6.868000000000000682e+01,-1.211824417114257812e+00,-1.008272171020507812e+00,-3.279914855957031250e-01,2.529602050781250000e+00,3.438943386077880859e+00,2.744187355041503906e+00,-2.529602050781250000e+00,-3.438943386077880859e+00,-2.744187355041503906e+00
6.871999999999999886e+01,-1.210744857788085938e+00,-1.007377624511718750e+00,-3.276367187500000000e-01,2.529602050781250000e+00,3.438943386077880859e+00,2.744187355041503906e+00,-2.529602050781250000e+00,-3.438943386077880859e+00,-2.744187355041503906e+00
6.876000000000000512e+01,-1.209663391113281250e+00,-1.006483078002929688e+00,-3.272819519042968750e-01,2.529602050781250000e+00,3.438943386077880859e+00,2.744187355041503906e+00,-2.529602050781250000e+00,-3.438943386077880859e+00,-2.744187355041503906e+00
6.879999999999999716e+01,-1.208580017089843750e+00,-1.005586624145507812e+00,-3.269252777099609375e-01,2.529602050781250000e+00,3.438943386077880859e+00,2.744187355041503906e+00,-2.529602050781250000e+00,-3.438943386077880859e+00,-2.744187355041503906e+00
6.884000000000000341e+01,-1.207494735717773438e+00,-1.004688262939453125e+00,-3.265686035156250000e-01,2.529602050781250000e+00,3.438943386077880859e+00,2.744187355041503906e+00,-2.529602050781250000e+00,-3.438943386077880859e+00,-2.744187355041503906e+00
6.887999999999999545e+01,-1.206407546997070312e+00,-1.003786087036132812e+00,-3.262119293212890625e-01,2.529602050781250000e+00,3.438943386077880859e+00,2.744187355041503906e+00,-2.529602050781250000e+00,-3.438943386077880859e+00,-2.744187355041503906e+00
6.892000000000000171e+01,-1.205318450927734375e+00,-1.002883911132812500e+00,-3.258533477783203125e-01,2.529602050781250000e+00,3.438943386077880859e+00,2.744187355041503906e+00,-2.529602050781250000e+00,-3.438943386077880859e+00,-2.744187355041503906e+00
6.896000000000000796e+01,-1.204227447509765625e+00,-1.001979827880859375e+00,-3.254947662353515625e-01,2.529602050781250000e+00,3.438943386077880859e+00,2.744187355041503906e+00,-2.529602050781250000e+00,-3.438943386077880859e+00,-2.744187355041503906e+00
6.900000000000000000e+01,-1.203134536743164062e+00,-1.001073837280273438e+00,-3.251361846923828125e-01,2.529602050781250000e+00,3.438943386077880859e+00,2.744187355041503906e+00,-2.529602050781250000e+00,-3.438943386077880859e+00,-2.744187355041503906e+00
6.904000000000000625e+01,-1.202039718627929688e+00,-1.000165939331054688e+00,-3.247756958007812500e-01,2.529602050781250000e+00,3.438943386077880859e+00,2.744187355041503906e+00,-2.529602050781250000e+00,-3.438943386077880859e+00,-2.744187355041503906e+00
6.907999999999999829e+01,-1.200942993164062500e+00,-9.992580413818359375e-01,-3.244152069091796875e-01,2.529602050781250000e+00,3.438943386077880859e+00,2.744187355041503906e+00,-2.529602050781250000e+00,-3.438943386077880859e+00,-2.744187355041503906e+00
6.912000000000000455e+01,-1.199842453002929688e+00,-9.983463287353515625e-01,-3.240528106689453125e-01,2.529602050781250000e+00,3.438943386077880859e+00,2.744187355041503906e+00,-2.529602050781250000e+00,-3.438943386077880859e+00,-2.744187355041503906e+00
6.915999999999999659e+01,-1.198740005493164062e+00,-9.974327087402343750e-01,-3.236904144287109375e-01,2.529602050781250000e+00,3.438943386077880859e+00,2.744187355041503906e+00,-2.529602050781250000e+00,-3.438943386077880859e+00,-2.744187355041503906e+00
6.920000000000000284e+01,-1.197635650634765625e+00,-9.965171813964843750e-01,-3.233261108398437500e-01,2.529602050781250000e+00,3.438943386077880859e+00,2.744187355041503906e+00,-2.529602050781250000e+00,-3.438943386077880859e+00,-2.744187355041503906e+00
6.923999999999999488e+01,-1.196529388427734375e+00,-9.955997467041015625e-01,-3.229637145996093750e-01,2.529602050781250000e+00,3.438943386077880859e+00,2.744187355041503906e+00,-2.529602050781250000e+00,-3.438943386077880859e+00,-2.744187355041503906e+00
6.928000000000000114e+01,-1.195421218872070312e+00,-9.946804046630859375e-01,-3.225994110107421875e-01,2.529602050781250000e+00,3.438943386077880859e+00,2.744187355041503906e+00,-2.529602050781250000e+00,-3.438943386077880859e+00,-2.744187355041503906e+00
6.932000000000000739e+01,-1.194309234619140625e+00,-9.937610626220703125e-01,-3.222351074218750000e-01,2.529602050781250000e+00,3.438943386077880859e+00,2.744187355041503906e+00,-2.529602050781250000e+00,-3.438943386077880859e+00,-2.744187355041503906e+00
6.935999999999999943e+01,-1.193197250366210938e+00,-9.928398132324218750e-01,-3.218688964843750000e-01,2.529602050781250000e+00,3.438943386077880859e+00,2.744187355041503906e+00,-2.529602050781250000e+00,-3.438943386077880859e+00,-2.744187355041503906e+00
6.940000000000000568e+01,-1.192083358764648438e+00,-9.919166564941406250e-01,-3.215026855468750000e-01,2.529602050781250000e+00,3.438943386077880859e+00,2.744187355041503906e+00,-2.529602050781250000e+00,-3.438943386077880859e+00,-2.744187355041503906e+00
6.943999999999999773e+01,-1.190967559814453125e+00,-9.909915924072265625e-01,-3.211345672607421875e-01,2.529602050781250000e+00,3.438943386077880859e+00,2.744187355041503906e+00,-2.529602050781250000e+00,-3.438943386077880859e+00,-2.744187355041503906e+00
6.948000000000000398e+01,-1.189847946166992188e+00,-9.900646209716796875e-01,-3.207683563232421875e-01,2.529602050781250000e+00,3.438943386077880859e+00,2.744187355041503906e+00,-2.529602050781250000e+00,-3.438943386077880859e+00,-2.744187355041503906e+00
6.951999999999999602e+01,-1.188726425170898438e+00,-9.891357421875000000e-01,-3.204002380371093750e-01,2.529602050781250000e+00,3.438943386077880859e+00,2.744187355041503906e+00,-2.529602050781250000e+00,-3.438943386077880859e+00,-2.744187355041503906e+00
6.956000000000000227e+01,-1.187602996826171875e+00,-9.882049560546875000e-01,-3.200321197509765625e-01,2.529602050781250000e+00,3.438943386077880859e+00,2.744187355041503906e+00,-2.529602050781250000e+00,-3.438943386077880859e+00,-2.744187355041503906e+00
6.960000000000000853e+01,-1.186477661132812500e+00,-9.872722625732421875e-01,-3.196620941162109375e-01,2.529602050781250000e+00,3.438943386077880859e+00,2.744187355041503906e+00,-2.529602050781250000e+00,-3.438943386077880859e+00,-2.744187355041503906e+00
6.964000000000000057e+01,-1.185350418090820312e+00,-9.863376617431640625e-01,-3.192920684814453125e-01,2.529602050781250000e+00,3.438943386077880859e+00,2.744187355041503906e+00,-2.529602050781250000e+00,-3.438943386077880859e+00,-2.744187355041503906e+00
6.968000000000000682e+01,-1.184221267700195312e+00,-9.854011535644531250e-01,-3.189220428466796875e-01,2.529602050781250000e+00,3.438943386077880859e+00,2.744187355041503906e+00,-2.529602050781250000e+00,-3.438943386077880859e+00,-2.744187355041503906e+00
6.971999999999999886e+01,-1.183088302612304688e+00,-9.844627380371093750e-01,-3.185520172119140625e-01,2.529602050781250000e+00,3.438943386077880859e+00,2.744187355041503906e+00,-2.529602050781250000e+00,-3.438943386077880859e+00,-2.744187355041503906e+00
6.976000000000000512e+01,-1.181955337524414062e+00,-9.835224151611328125e-01,-3.181800842285156250e-01,2.529602050781250000e+00,3.438943386077880859e+00,2.744187355041503906e+00,-2.529602050781250000e+00,-3.438943386077880859e+00,-2.744187355041503906e+00
6.979999999999999716e+01,-1.180820465087890625e+00,-9.825820922851562500e-01,-3.178062438964843750e-01,2.529602050781250000e+00,3.438943386077880859e+00,2.744187355041503906e+00,-2.529602050781250000e+00,-3.438943386077880859e+00,-2.744187355041503906e+00
6.984000000000000341e+01,-1.179681777954101562e+00,-9.816398620605468750e-01,-3.174343109130859375e-01,2.529602050781250000e+00,3.438943386077880859e+00,2.744187355041503906e+00,-2.529602050781250000e+00,-3.438943386077880859e+00,-2.744187355041503906e+00
6.987999999999999545e+01,-1.178543090820312500e+00,-9.806938171386718750e-01,-3.170604705810546875e-01,2.529602050781250000e+00,3.438943386077880859e+00,2.744187355041503906e+00,-2.529602050781250000e+00,-3.438943386077880859e+00,-2.744187355041503906e+00
6.992000000000000171e+01,-1.177400588989257812e+00,-9.797458648681640625e-01,-3.166866302490234375e-01,2.529602050781250000e+00,3.438943386077880859e+00,2.744187355041503906e+00,-2.529602050781250000e+00,-3.438943386077880859e+00,-2.744187355041503906e+00
6.996000000000000796e+01,-1.176256179809570312e+00,-9.787979125976562500e-01,-3.163108825683593750e-01,2.529602050781250000e+00,3.438943386077880859e+00,2.744187355041503906e+00,-2.529602050781250000e+00,-3.438943386077880859e+00,-2.744187355041503906e+00
7.000000000000000000e+01,-1.175109863281250000e+00,-9.778480529785156250e-01,-3.159351348876953125e-01,2.529602050781250000e+00,3.438943386077880859e+00,2.744187355041503906e+00,-2.529602050781250000e+00,-3.438943386077880859e+00,-2.744187355041503906e+00
7.004000000000000625e+01,-1.173961639404296875e+00,-9.768962860107421875e-01,-3.155593872070312500e-01,2.529602050781250000e+00,3.438943386077880859e+00,2.744187355041503906e+00,-2.529602050781250000e+00,-3.438943386077880859e+00,-2.744187355041503906e+00
7.007999999999999829e+01,-1.172809600830078125e+00,-9.759426116943359375e-01,-3.151817321777343750e-01,2.529602050781250000e+00,3.438943386077880859e+00,2.744187355041503906e+00,-2.529602050781250000e+00,-3.438943386077880859e+00,-2.744187355041503906e+00
7.012000000000000455e+01,-1.171657562255859375e+00,-9.749870300292968750e-01,-3.148040771484375000e-01,2.529602050781250000e+00,3.438943386077880859e+00,2.744187355041503906e+00,-2.529602050781250000e+00,-3.438943386077880859e+00,-2.744187355041503906e+00
7.015999999999999659e+01,-1.170501708984375000e+00,-9.740295410156250000e-01,-3.144264221191406250e-01,2.529602050781250000e+00,3.438943386077880859e+00,2.744187355041503906e+00,-2.529602050781250000e+00,-3.438943386077880859e+00,-2.744187355041503906e+00
7.020000000000000284e+01,-1.169345855712890625e+00,-9.730701446533203125e-01,-3.140468597412109375e-01,2.529602050781250000e+00,3.438943386077880859e+00,2.744187355041503906e+00,-2.529602050781250000e+00,-3.438943386077880859e+00,-2.744187355041503906e+00
7.023999999999999488e+01,-1.168186187744140625e+00,-9.721107482910156250e-01,-3.136672973632812500e-01,2.529602050781250000e+00,3.438943386077880859e+00,2.744187355041503906e+00,-2.529602050781250000e+00,-3.438943386077880859e+00,-2.744187355041503906e+00
7.028000000000000114e+01,-1.167024612426757812e+00,-9.711494445800781250e-01,-3.132858276367187500e-01,2.529602050781250000e+00,3.438943386077880859e+00,2.744187355041503906e+00,-2.529602050781250000e+00,-3.438943386077880859e+00,-2.744187355041503906e+00
7.032000000000000739e+01,-1.165861129760742188e+00,-9.701862335205078125e-01,-3.129043579101562500e-01,2.529602050781250000e+00,3.438943386077880859e+00,2.744187355041503906e+00,-2.529602050781250000e+00,-3.438943386077880859e+00,-2.744187355041503906e+00
7.035999999999999943e+01,-1.164695739746093750e+00,-9.692192077636718750e-01,-3.125228881835937500e-01,2.529602050781250000e+00,3.438943386077880859e+00,2.744187355041503906e+00,-2.529602050781250000e+00,-3.438943386077880859e+00,-2.744187355041503906e+00
7.040000000000000568e+01,-1.163528442382812500e+00,-9.682521820068359375e-01,-3.121395111083984375e-01,2.529602050781250000e+00,3.438943386077880859e+00,2.744187355041503906e+00,-2.529602050781250000e+00,-3.438943386077880859e+00,-2.744187355041503906e+00
7.043999999999999773e+01,-1.162357330322265625e+00,-9.672832489013671875e-01,-3.117561340332031250e-01,2.529602050781250000e+00,3.438943386077880859e+00,2.744187355041503906e+00,-2.529602050781250000e+00,-3.438943386077880859e+00,-2.744187355041503906e+00
7.048000000000000398e+01,-1.161186218261718750e+00,-9.663124084472656250e-01,-3.113727569580078125e-01,2.529602050781250000e+00,3.438943386077880859e+00,2.744187355041503906e+00,-2.529602050781250000e+00,-3.438943386077880859e+00,-2.744187355041503906e+00
7.051999999999999602e+01,-1.160013198852539062e+00,-9.653396606445312500e-01,-3.109893798828125000e-01,2.529602050781250000e+00,3.438943386077880859e+00,2.744187355041503906e+00,-2.529602050781250000e+00,-3.438943386077880859e+00,-2.744187355041503906e+00
7.056000000000000227e+01,-1.158836364746093750e+00,-9.643650054931640625e-01,-3.106040954589843750e-01,2.529602050781250000e+00,3.438943386077880859e+00,2.744187355041503906e+00,-2.529602050781250000e+00,-3.438943386077880859e+00,-2.744187355041503906e+00
7.060000000000000853e+01,-1.157659530639648438e+00,-9.633884429931640625e-01,-3.102169036865234375e-01,2.529602050781250000e+00,3.438943386077880859e+00,2.744187355041503906e+00,-2.529602050781250000e+00,-3.438943386077880859e+00,-2.744187355041503906e+00
7.064000000000000057e+01,-1.156478881835937500e+00,-9.624099731445312500e-01,-3.098316192626953125e-01,2.529602050781250000e+00,3.438943386077880859e+00,2.744187355041503906e+00,-2.529602050781250000e+00,-3.438943386077880859e+00,-2.744187355041503906e+00
7.068000000000000682e+01,-1.155296325683593750e+00,-9.614315032958984375e-01,-3.094444274902343750e-01,2.529602050781250000e+00,3.438943386077880859e+00,2.744187355041503906e+00,-2.529602050781250000e+00,-3.438943386077880859e+00,-2.744187355041503906e+00
7.071999999999999886e+01,-1.154111862182617188e+00,-9.604492187500000000e-01,-3.090572357177734375e-01,2.529602050781250000e+00,3.438943386077880859e+00,2.744187355041503906e+00,-2.529602050781250000e+00,-3.438943386077880859e+00,-2.744187355041503906e+00
7.076000000000000512e+01,-1.152925491333007812e+00,-9.594650268554687500e-01,-3.086681365966796875e-01,2.529602050781250000e+00,3.438943386077880859e+00,2.744187355041503906e+00,-2.529602050781250000e+00,-3.438943386077880859e+00,-2.744187355041503906e+00
7.079999999999999716e+01,-1.151737213134765625e+00,-9.584808349609375000e-01,-3.082790374755859375e-01,2.529602050781250000e+00,3.438943386077880859e+00,2.744187355041503906e+00,-2.529602050781250000e+00,-3.438943386077880859e+00,-2.744187355041503906e+00
7.084000000000000341e+01,-1.150545120239257812e+00,-9.574928283691406250e-01,-3.078899383544921875e-01,2.529602050781250000e+00,3.438943386077880859e+00,2.744187355041503906e+00,-2.529602050781250000e+00,-3.438943386077880859e+00,-2.744187355041503906e+00
7.087999999999999545e+01,-1.149351119995117188e+00,-9.565048217773437500e-01,-3.075008392333984375e-01,2.529602050781250000e+00,3.438943386077880859e+00,2.744187355041503906e+00,-2.529602050781250000e+00,-3.438943386077880859e+00,-2.744187355041503906e+00
7.092000000000000171e+01,-1.148157119750976562e+00,-9.555149078369140625e-01,-3.071098327636718750e-01,2.529602050781250000e+00,3.438943386077880859e+00,2.744187355041503906e+00,-2.529602050781250000e+00,-3.438943386077880859e+00,-2.744187355041503906e+00
7.096000000000000796e+01,-1.146959304809570312e+00,-9.545230865478515625e-01,-3.067188262939453125e-01,2.529602050781250000e+00,3.438943386077880859e+00,2.744187355041503906e+00,-2.529602050781250000e+00,-3.438943386077880859e+00,-2.744187355041503906e+00
7.100000000000000000e+01,-1.145759582519531250e+00,-9.535293579101562500e-01,-3.063259124755859375e-01,2.529602050781250000e+00,3.438943386077880859e+00,2.744187355041503906e+00,-2.529602050781250000e+00,-3.438943386077880859e+00,-2.744187355041503906e+00
7.104000000000000625e+01,-1.144557952880859375e+00,-9.525337219238281250e-01,-3.059329986572265625e-01,2.529602050781250000e+00,3.438943386077880859e+00,2.744187355041503906e+00,-2.529602050781250000e+00,-3.438943386077880859e+00,-2.744187355041503906e+00
7.107999999999999829e+01,-1.143354415893554688e+00,-9.515361785888671875e-01,-3.055381774902343750e-01,2.529602050781250000e+00,3.438943386077880859e+00,2.744187355041503906e+00,-2.529602050781250000e+00,-3.438943386077880859e+00,-2.744187355041503906e+00
7.112000000000000455e+01,-1.142148971557617188e+00,-9.505367279052734375e-01,-3.051433563232421875e-01,2.529602050781250000e+00,3.438943386077880859e+00,2.744187355041503906e+00,-2.529602050781250000e+00,-3.438943386077880859e+00,-2.744187355041503906e+00
7.115999999999999659e+01,-1.140941619873046875e+00,-9.495372772216796875e-01,-3.047485351562500000e-01,2.529602050781250000e+00,3.438943386077880859e+00,2.744187355041503906e+00,-2.529602050781250000e+00,-3.438943386077880859e+00,-2.744187355041503906e+00
7.120000000000000284e+01,-1.139732360839843750e+00,-9.485340118408203125e-01,-3.043537139892578125e-01,2.529602050781250000e+00,3.438943386077880859e+00,2.744187355041503906e+00,-2.529602050781250000e+00,-3.438943386077880859e+00,-2.744187355041503906e+00
7.123999999999999488e+01,-1.138521194458007812e+00,-9.475307464599609375e-01,-3.039588928222656250e-01,2.529602050781250000e+00,3.438943386077880859e+00,2.744187355041503906e+00,-2.529602050781250000e+00,-3.438943386077880859e+00,-2.744187355041503906e+00
7.128000000000000114e+01,-1.137306213378906250e+00,-9.465236663818359375e-01,-3.035621643066406250e-01,2.529602050781250000e+00,3.438943386077880859e+00,2.744187355041503906e+00,-2.529602050781250000e+00,-3.438943386077880859e+00,-2.744187355041503906e+00
7.132000000000000739e+01,-1.136089324951171875e+00,-9.455165863037109375e-01,-3.031654357910156250e-01,2.529602050781250000e+00,3.438943386077880859e+00,2.744187355041503906e+00,-2.529602050781250000e+00,-3.438943386077880859e+00,-2.744187355041503906e+00
7.135999999999999943e+01,-1.134870529174804688e+00,-9.445056915283203125e-01,-3.027687072753906250e-01,2.529602050781250000e+00,3.438943386077880859e+00,2.744187355041503906e+00,-2.529602050781250000e+00,-3.438943386077880859e+00,-2.744187355041503906e+00
7.140000000000000568e+01,-1.133649826049804688e+00,-9.434947967529296875e-01,-3.023700714111328125e-01,2.529602050781250000e+00,3.438943386077880859e+00,2.744187355041503906e+00,-2.529602050781250000e+00,-3.438943386077880859e+00,-2.744187355041503906e+00
7.143999999999999773e+01,-1.132427215576171875e+00,-9.424819946289062500e-01,-3.019714355468750000e-01,2.529602050781250000e+00,3.438943386077880859e+00,2.744187355041503906e+00,-2.529602050781250000e+00,-3.438943386077880859e+00,-2.744187355041503906e+00
7.148000000000000398e+01,-1.131202697753906250e+00,-9.414672851562500000e-01,-3.015727996826171875e-01,2.529602050781250000e+00,3.438943386077880859e+00,2.744187355041503906e+00,-2.529602050781250000e+00,-3.438943386077880859e+00,-2.744187355041503906e+00
7.151999999999999602e+01,-1.129976272583007812e+00,-9.404506683349609375e-01,-3.011722564697265625e-01,2.529602050781250000e+00,3.438943386077880859e+00,2.744187355041503906e+00,-2.529602050781250000e+00,-3.438943386077880859e+00,-2.744187355041503906e+00
7.156000000000000227e+01,-1.128746032714843750e+00,-9.394321441650390625e-01,-3.007717132568359375e-01,2.529602050781250000e+00,3.438943386077880859e+00,2.744187355041503906e+00,-2.529602050781250000e+00,-3.438943386077880859e+00,-2.744187355041503906e+00
7.160000000000000853e+01,-1.127513885498046875e+00,-9.384117126464843750e-01,-3.003711700439453125e-01,2.529602050781250000e+00,3.438943386077880859e+00,2.744187355041503906e+00,-2.529602050781250000e+00,-3.438943386077880859e+00,-2.744187355041503906e+00
7.164000000000000057e+01,-1.126279830932617188e+00,-9.373893737792968750e-01,-2.999687194824218750e-01,2.529602050781250000e+00,3.438943386077880859e+00,2.744187355041503906e+00,-2.529602050781250000e+00,-3.438943386077880859e+00,-2.744187355041503906e+00
7.168000000000000682e+01,-1.125043869018554688e+00,-9.363651275634765625e-01,-2.995662689208984375e-01,2.529602050781250000e+00,3.438943386077880859e+00,2.744187355041503906e+00,-2.529602050781250000e+00,-3.438943386077880859e+00,-2.744187355041503906e+00
7.171999999999999886e+01,-1.123805999755859375e+00,-9.353389739990234375e-01,-2.991638183593750000e-01,2.529602050781250000e+00,3.438943386077880859e+00,2.744187355041503906e+00,-2.529602050781250000e+00,-3.438943386077880859e+00,-2.744187355041503906e+00
7.176000000000000512e+01,-1.122566223144531250e+00,-9.343109130859375000e-01,-2.987575531005859375e-01,2.529602050781250000e+00,3.438943386077880859e+00,2.744187355041503906e+00,-2.529602050781250000e+00,-3.438943386077880859e+00,-2.744187355041503906e+00
7.179999999999999716e+01,-1.121324539184570312e+00,-9.332828521728515625e-01,-2.983512878417968750e-01,2.529602050781250000e+00,3.438943386077880859e+00,2.744187355041503906e+00,-2.529602050781250000e+00,-3.438943386077880859e+00,-2.744187355041503906e+00
7.184000000000000341e+01,-1.120080947875976562e+00,-9.322509765625000000e-01,-2.979450225830078125e-01,2.529602050781250000e+00,3.438943386077880859e+00,2.744187355041503906e+00,-2.529602050781250000e+00,-3.438943386077880859e+00,-2.744187355041503906e+00
7.187999999999999545e+01,-1.118835449218750000e+00,-9.312171936035156250e-01,-2.975387573242187500e-01,2.529602050781250000e+00,3.438943386077880859e+00,2.744187355041503906e+00,-2.529602050781250000e+00,-3.438943386077880859e+00,-2.744187355041503906e+00
7.192000000000000171e+01,-1.117586135864257812e+00,-9.301834106445312500e-01,-2.971305847167968750e-01,2.529602050781250000e+00,3.438943386077880859e+00,2.744187355041503906e+00,-2.529602050781250000e+00,-3.438943386077880859e+00,-2.744187355041503906e+00
7.196000000000000796e+01,-1.116334915161132812e+00,-9.291477203369140625e-01,-2.967224121093750000e-01,2.529602050781250000e+00,3.438943386077880859e+00,2.744187355041503906e+00,-2.529602050781250000e+00,-3.438943386077880859e+00,-2.744187355041503906e+00
7.200000000000000000e+01,-1.115081787109375000e+00,-9.281101226806640625e-01,-2.963142395019531250e-01,2.529602050781250000e+00,3.438943386077880859e+00,2.744187355041503906e+00,-2.529602050781250000e+00,-3.438943386077880859e+00,-2.744187355041503906e+00
7.204000000000000625e+01,-1.113826751708984375e+00,-9.270706176757812500e-01,-2.959060668945312500e-01,2.529602050781250000e+00,3.438943386077880859e+00,2.744187355041503906e+00,-2.529602050781250000e+00,-3.438943386077880859e+00,-2.744187355041503906e+00
7.207999999999999829e+01,-1.112569808959960938e+00,-9.260292053222656250e-01,-2.954959869384765625e-01,2.529602050781250000e+00,3.438943386077880859e+00,2.744187355041503906e+00,-2.529602050781250000e+00,-3.438943386077880859e+00,-2.744187355041503906e+00
7.212000000000000455e+01,-1.111312866210937500e+00,-9.249858856201171875e-01,-2.950859069824218750e-01,2.529602050781250000e+00,3.438943386077880859e+00,2.744187355041503906e+00,-2.529602050781250000e+00,-3.438943386077880859e+00,-2.744187355041503906e+00
7.215999999999999659e+01,-1.110052108764648438e+00,-9.239406585693359375e-01,-2.946739196777343750e-01,2.529602050781250000e+00,3.438943386077880859e+00,2.744187355041503906e+00,-2.529602050781250000e+00,-3.438943386077880859e+00,-2.744187355041503906e+00
7.220000000000000284e+01,-1.108789443969726562e+00,-9.228935241699218750e-01,-2.942619323730468750e-01,2.529602050781250000e+00,3.438943386077880859e+00,2.744187355041503906e+00,-2.529602050781250000e+00,-3.438943386077880859e+00,-2.744187355041503906e+00
7.223999999999999488e+01,-1.107524871826171875e+00,-9.218463897705078125e-01,-2.938499450683593750e-01,2.529602050781250000e+00,3.438943386077880859e+00,2.744187355041503906e+00,-2.529602050781250000e+00,-3.438943386077880859e+00,-2.744187355041503906e+00
7.228000000000000114e+01,-1.106258392333984375e+00,-9.207973480224609375e-01,-2.934379577636718750e-01,2.529602050781250000e+00,3.438943386077880859e+00,2.744187355041503906e+00,-2.529602050781250000e+00,-3.438943386077880859e+00,-2.744187355041503906e+00
7.232000000000000739e+01,-1.104988098144531250e+00,-9.197444915771484375e-01,-2.930240631103515625e-01,2.529602050781250000e+00,3.438943386077880859e+00,2.744187355041503906e+00,-2.529602050781250000e+00,-3.438943386077880859e+00,-2.744187355041503906e+00
7.235999999999999943e+01,-1.103715896606445312e+00,-9.186897277832031250e-01,-2.926101684570312500e-01,2.529602050781250000e+00,3.438943386077880859e+00,2.744187355041503906e+00,-2.529602050781250000e+00,-3.438943386077880859e+00,-2.744187355041503906e+00
7.240000000000000568e+01,-1.102443695068359375e+00,-9.176349639892578125e-01,-2.921943664550781250e-01,2.529602050781250000e+00,3.438943386077880859e+00,2.744187355041503906e+00,-2.529602050781250000e+00,-3.438943386077880859e+00,-2.744187355041503906e+00
7.243999999999999773e+01,-1.101167678833007812e+00,-9.165782928466796875e-01,-2.917785644531250000e-01,2.529602050781250000e+00,3.438943386077880859e+00,2.744187355041503906e+00,-2.529602050781250000e+00,-3.438943386077880859e+00,-2.744187355041503906e+00
7.248000000000000398e+01,-1.099889755249023438e+00,-9.155197143554687500e-01,-2.913627624511718750e-01,2.529602050781250000e+00,3.438943386077880859e+00,2.744187355041503906e+00,-2.529602050781250000e+00,-3.438943386077880859e+00,-2.744187355041503906e+00
7.251999999999999602e+01,-1.098609924316406250e+00,-9.144592285156250000e-01,-2.909469604492187500e-01,2.529602050781250000e+00,3.438943386077880859e+00,2.744187355041503906e+00,-2.529602050781250000e+00,-3.438943386077880859e+00,-2.744187355041503906e+00
7.256000000000000227e+01,-1.097328186035156250e+00,-9.133968353271484375e-01,-2.905311584472656250e-01,2.529602050781250000e+00,3.438943386077880859e+00,2.744187355041503906e+00,-2.529602050781250000e+00,-3.438943386077880859e+00,-2.744187355041503906e+00
7.260000000000000853e+01,-1.096044540405273438e+00,-9.123325347900390625e-01,-2.901134490966796875e-01,2.529602050781250000e+00,3.438943386077880859e+00,2.744187355041503906e+00,-2.529602050781250000e+00,-3.438943386077880859e+00,-2.744187355041503906e+00
7.264000000000000057e+01,-1.094757080078125000e+00,-9.112663269042968750e-01,-2.896957397460937500e-01,2.529602050781250000e+00,3.438943386077880859e+00,2.744187355041503906e+00,-2.529602050781250000e+00,-3.438943386077880859e+00,-2.744187355041503906e+00
7.268000000000000682e+01,-1.093467712402343750e+00,-9.101982116699218750e-01,-2.892780303955078125e-01,2.529602050781250000e+00,3.438943386077880859e+00,2.744187355041503906e+00,-2.529602050781250000e+00,-3.438943386077880859e+00,-2.744187355041503906e+00
7.271999999999999886e+01,-1.092178344726562500e+00,-9.091281890869140625e-01,-2.888565063476562500e-01,2.529602050781250000e+00,3.438943386077880859e+00,2.744187355041503906e+00,-2.529602050781250000e+00,-3.438943386077880859e+00,-2.744187355041503906e+00
7.276000000000000512e+01,-1.090885162353515625e+00,-9.080562591552734375e-01,-2.884349822998046875e-01,2.529602050781250000e+00,3.438943386077880859e+00,2.744187355041503906e+00,-2.529602050781250000e+00,-3.438943386077880859e+00,-2.744187355041503906e+00
7.279999999999999716e+01,-1.089590072631835938e+00,-9.069824218750000000e-01,-2.880134582519531250e-01,2.529602050781250000e+00,3.438943386077880859e+00,2.744187355041503906e+00,-2.529602050781250000e+00,-3.438943386077880859e+00,-2.744187355041503906e+00
7.284000000000000341e+01,-1.088293075561523438e+00,-9.059066772460937500e-01,-2.875919342041015625e-01,2.529602050781250000e+00,3.438943386077880859e+00,2.744187355041503906e+00,-2.529602050781250000e+00,-3.438943386077880859e+00,-2.744187355041503906e+00
7.287999999999999545e+01,-1.086994171142578125e+00,-9.048290252685546875e-01,-2.871685028076171875e-01,2.529602050781250000e+00,3.438943386077880859e+00,2.744187355041503906e+00,-2.529602050781250000e+00,-3.438943386077880859e+00,-2.744187355041503906e+00
7.292000000000000171e+01,-1.085691452026367188e+00,-9.037513732910156250e-01,-2.867450714111328125e-01,2.529602050781250000e+00,3.438943386077880859e+00,2.744187355041503906e+00,-2.529602050781250000e+00,-3.438943386077880859e+00,-2.744187355041503906e+00
7.296000000000000796e+01,-1.084388732910156250e+00,-9.026718139648437500e-01,-2.863216400146484375e-01,2.529602050781250000e+00,3.438943386077880859e+00,2.744187355041503906e+00,-2.529602050781250000e+00,-3.438943386077880859e+00,-2.744187355041503906e+00
7.300000000000000000e+01,-1.083082199096679688e+00,-9.015903472900390625e-01,-2.858963012695312500e-01,2.529602050781250000e+00,3.438943386077880859e+00,2.744187355041503906e+00,-2.529602050781250000e+00,-3.438943386077880859e+00,-2.744187355041503906e+00
7.304000000000000625e+01,-1.081775665283203125e+00,-9.005069732666015625e-01,-2.854709625244140625e-01,2.529602050781250000e+00,3.438943386077880859e+00,2.744187355041503906e+00,-2.529602050781250000e+00,-3.438943386077880859e+00,-2.744187355041503906e+00
7.307999999999999829e+01,-1.080465316772460938e+00,-8.994216918945312500e-01,-2.850437164306640625e-01,2.529602050781250000e+00,3.438943386077880859e+00,2.744187355041503906e+00,-2.529602050781250000e+00,-3.438943386077880859e+00,-2.744187355041503906e+00
7.312000000000000455e+01,-1.079154968261718750e+00,-8.983345031738281250e-01,-2.846164703369140625e-01,2.529602050781250000e+00,3.438943386077880859e+00,2.744187355041503906e+00,-2.529602050781250000e+00,-3.438943386077880859e+00,-2.744187355041503906e+00
7.315999999999999659e+01,-1.077840805053710938e+00,-8.972454071044921875e-01,-2.841911315917968750e-01,2.529602050781250000e+00,3.438943386077880859e+00,2.744187355041503906e+00,-2.529602050781250000e+00,-3.438943386077880859e+00,-2.744187355041503906e+00
7.320000000000000284e+01,-1.076524734497070312e+00,-8.961544036865234375e-01,-2.837638854980468750e-01,2.529602050781250000e+00,3.438943386077880859e+00,2.744187355041503906e+00,-2.529602050781250000e+00,-3.438943386077880859e+00,-2.744187355041503906e+00
7.323999999999999488e+01,-1.075206756591796875e+00,-8.950614929199218750e-01,-2.833366394042968750e-01,2.529602050781250000e+00,3.438943386077880859e+00,2.744187355041503906e+00,-2.529602050781250000e+00,-3.438943386077880859e+00,-2.744187355041503906e+00
7.328000000000000114e+01,-1.073886871337890625e+00,-8.939666748046875000e-01,-2.829074859619140625e-01,2.529602050781250000e+00,3.438943386077880859e+00,2.744187355041503906e+00,-2.529602050781250000e+00,-3.438943386077880859e+00,-2.744187355041503906e+00
7.332000000000000739e+01,-1.072565078735351562e+00,-8.928699493408203125e-01,-2.824783325195312500e-01,2.529602050781250000e+00,3.438943386077880859e+00,2.744187355041503906e+00,-2.529602050781250000e+00,-3.438943386077880859e+00,-2.744187355041503906e+00
7.335999999999999943e+01,-1.071241378784179688e+00,-8.917732238769531250e-01,-2.820491790771484375e-01,2.529602050781250000e+00,3.438943386077880859e+00,2.744187355041503906e+00,-2.529602050781250000e+00,-3.438943386077880859e+00,-2.744187355041503906e+00
7.340000000000000568e+01,-1.069913864135742188e+00,-8.906745910644531250e-01,-2.816181182861328125e-01,2.529602050781250000e+00,3.438943386077880859e+00,2.744187355041503906e+00,-2.529602050781250000e+00,-3.438943386077880859e+00,-2.744187355041503906e+00
7.343999999999999773e+01,-1.068586349487304688e+00,-8.895721435546875000e-01,-2.811870574951171875e-01,2.529602050781250000e+00,3.438943386077880859e+00,2.744187355041503906e+00,-2.529602050781250000e+00,-3.438943386077880859e+00,-2.744187355041503906e+00
7.348000000000000398e+01,-1.067255020141601562e+00,-8.884677886962890625e-01,-2.807540893554687500e-01,2.529602050781250000e+00,3.438943386077880859e+00,2.744187355041503906e+00,-2.529602050781250000e+00,-3.438943386077880859e+00,-2.744187355041503906e+00
7.351999999999999602e+01,-1.065921783447265625e+00,-8.873615264892578125e-01,-2.803211212158203125e-01,2.529602050781250000e+00,3.438943386077880859e+00,2.744187355041503906e+00,-2.529602050781250000e+00,-3.438943386077880859e+00,-2.744187355041503906e+00
7.356000000000000227e+01,-1.064584732055664062e+00,-8.862533569335937500e-01,-2.798881530761718750e-01,2.529602050781250000e+00,3.438943386077880859e+00,2.744187355041503906e+00,-2.529602050781250000e+00,-3.438943386077880859e+00,-2.744187355041503906e+00
7.360000000000000853e+01,-1.063247680664062500e+00,-8.851451873779296875e-01,-2.794551849365234375e-01,2.529602050781250000e+00,3.438943386077880859e+00,2.744187355041503906e+00,-2.529602050781250000e+00,-3.438943386077880859e+00,-2.744187355041503906e+00
7.364000000000000057e+01,-1.061908721923828125e+00,-8.840351104736328125e-01,-2.790203094482421875e-01,2.529602050781250000e+00,3.438943386077880859e+00,2.744187355041503906e+00,-2.529602050781250000e+00,-3.438943386077880859e+00,-2.744187355041503906e+00
7.368000000000000682e+01,-1.060565948486328125e+00,-8.829231262207031250e-01,-2.785854339599609375e-01,2.529602050781250000e+00,3.438943386077880859e+00,2.744187355041503906e+00,-2.529602050781250000e+00,-3.438943386077880859e+00,-2.744187355041503906e+00
7.371999999999999886e+01,-1.059221267700195312e+00,-8.818092346191406250e-01,-2.781486511230468750e-01,2.529602050781250000e+00,3.438943386077880859e+00,2.744187355041503906e+00,-2.529602050781250000e+00,-3.438943386077880859e+00,-2.744187355041503906e+00
7.376000000000000512e+01,-1.057876586914062500e+00,-8.806934356689453125e-01,-2.777118682861328125e-01,2.529602050781250000e+00,3.438943386077880859e+00,2.744187355041503906e+00,-2.529602050781250000e+00,-3.438943386077880859e+00,-2.744187355041503906e+00
7.379999999999999716e+01,-1.056528091430664062e+00,-8.795776367187500000e-01,-2.772750854492187500e-01,2.529602050781250000e+00,3.438943386077880859e+00,2.744187355041503906e+00,-2.529602050781250000e+00,-3.438943386077880859e+00,-2.744187355041503906e+00
7.384000000000000341e+01,-1.055177688598632812e+00,-8.784580230712890625e-01,-2.768383026123046875e-01,2.529602050781250000e+00,3.438943386077880859e+00,2.744187355041503906e+00,-2.529602050781250000e+00,-3.438943386077880859e+00,-2.744187355041503906e+00
7.387999999999999545e+01,-1.053825378417968750e+00,-8.773365020751953125e-01,-2.763996124267578125e-01,2.529602050781250000e+00,3.438943386077880859e+00,2.744187355041503906e+00,-2.529602050781250000e+00,-3.438943386077880859e+00,-2.744187355041503906e+00
7.392000000000000171e+01,-1.052469253540039062e+00,-8.762130737304687500e-01,-2.759609222412109375e-01,2.529602050781250000e+00,3.438943386077880859e+00,2.744187355041503906e+00,-2.529602050781250000e+00,-3.438943386077880859e+00,-2.744187355041503906e+00
7.396000000000000796e+01,-1.051113128662109375e+00,-8.750896453857421875e-01,-2.755222320556640625e-01,2.529602050781250000e+00,3.438943386077880859e+00,2.744187355041503906e+00,-2.529602050781250000e+00,-3.438943386077880859e+00,-2.744187355041503906e+00
7.400000000000000000e+01,-1.049755096435546875e+00,-8.739643096923828125e-01,-2.750816345214843750e-01,2.529602050781250000e+00,3.438943386077880859e+00,2.744187355041503906e+00,-2.529602050781250000e+00,-3.438943386077880859e+00,-2.744187355041503906e+00
7.404000000000000625e+01,-1.048395156860351562e+00,-8.728351593017578125e-01,-2.746410369873046875e-01,2.529602050781250000e+00,3.438943386077880859e+00,2.744187355041503906e+00,-2.529602050781250000e+00,-3.438943386077880859e+00,-2.744187355041503906e+00
7.407999999999999829e+01,-1.047033309936523438e+00,-8.717060089111328125e-01,-2.741985321044921875e-01,2.529602050781250000e+00,3.438943386077880859e+00,2.744187355041503906e+00,-2.529602050781250000e+00,-3.438943386077880859e+00,-2.744187355041503906e+00
7.412000000000000455e+01,-1.045667648315429688e+00,-8.705749511718750000e-01,-2.737579345703125000e-01,2.529602050781250000e+00,3.438943386077880859e+00,2.744187355041503906e+00,-2.529602050781250000e+00,-3.438943386077880859e+00,-2.744187355041503906e+00
7.415999999999999659e+01,-1.044300079345703125e+00,-8.694400787353515625e-01,-2.733154296875000000e-01,2.529602050781250000e+00,3.438943386077880859e+00,2.744187355041503906e+00,-2.529602050781250000e+00,-3.438943386077880859e+00,-2.744187355041503906e+00
7.420000000000000284e+01,-1.042930603027343750e+00,-8.683052062988281250e-01,-2.728710174560546875e-01,2.529602050781250000e+00,3.438943386077880859e+00,2.744187355041503906e+00,-2.529602050781250000e+00,-3.438943386077880859e+00,-2.744187355041503906e+00
7.423999999999999488e+01,-1.041559219360351562e+00,-8.671684265136718750e-01,-2.724266052246093750e-01,2.529602050781250000e+00,3.438943386077880859e+00,2.744187355041503906e+00,-2.529602050781250000e+00,-3.438943386077880859e+00,-2.744187355041503906e+00
7.428000000000000114e+01,-1.040185928344726562e+00,-8.660297393798828125e-01,-2.719821929931640625e-01,2.529602050781250000e+00,3.438943386077880859e+00,2.744187355041503906e+00,-2.529602050781250000e+00,-3.438943386077880859e+00,-2.744187355041503906e+00
7.432000000000000739e+01,-1.038810729980468750e+00,-8.648891448974609375e-01,-2.715358734130859375e-01,2.529602050781250000e+00,3.438943386077880859e+00,2.744187355041503906e+00,-2.529602050781250000e+00,-3.438943386077880859e+00,-2.744187355041503906e+00
7.435999999999999943e+01,-1.037431716918945312e+00,-8.637466430664062500e-01,-2.710895538330078125e-01,2.529602050781250000e+00,3.438943386077880859e+00,2.744187355041503906e+00,-2.529602050781250000e+00,-3.438943386077880859e+00,-2.744187355041503906e+00
7.440000000000000568e+01,-1.036050796508789062e+00,-8.626041412353515625e-01,-2.706432342529296875e-01,2.529602050781250000e+00,3.438943386077880859e+00,2.744187355041503906e+00,-2.529602050781250000e+00,-3.438943386077880859e+00,-2.744187355041503906e+00
7.443999999999999773e+01,-1.034667968750000000e+00,-8.614578247070312500e-01,-2.701950073242187500e-01,2.529602050781250000e+00,3.438943386077880859e+00,2.744187355041503906e+00,-2.529602050781250000e+00,-3.438943386077880859e+00,-2.744187355041503906e+00
7.448000000000000398e+01,-1.033283233642578125e+00,-8.603115081787109375e-01,-2.697467803955078125e-01,2.529602050781250000e+00,3.438943386077880859e+00,2.744187355041503906e+00,-2.529602050781250000e+00,-3.438943386077880859e+00,-2.744187355041503906e+00
7.451999999999999602e+01,-1.031896591186523438e+00,-8.591613769531250000e-01,-2.692985534667968750e-01,2.529602050781250000e+00,3.438943386077880859e+00,2.744187355041503906e+00,-2.529602050781250000e+00,-3.438943386077880859e+00,-2.744187355041503906e+00
7.456000000000000227e+01,-1.030508041381835938e+00,-8.580093383789062500e-01,-2.688484191894531250e-01,2.529602050781250000e+00,3.438943386077880859e+00,2.744187355041503906e+00,-2.529602050781250000e+00,-3.438943386077880859e+00,-2.744187355041503906e+00
7.460000000000000853e+01,-1.029117584228515625e+00,-8.568572998046875000e-01,-2.684001922607421875e-01,2.529602050781250000e+00,3.438943386077880859e+00,2.744187355041503906e+00,-2.529602050781250000e+00,-3.438943386077880859e+00,-2.744187355041503906e+00
7.464000000000000057e+01,-1.027725219726562500e+00,-8.557014465332031250e-01,-2.679500579833984375e-01,2.529602050781250000e+00,3.438943386077880859e+00,2.744187355041503906e+00,-2.529602050781250000e+00,-3.438943386077880859e+00,-2.744187355041503906e+00
7.468000000000000682e+01,-1.026330947875976562e+00,-8.545455932617187500e-01,-2.674980163574218750e-01,2.529602050781250000e+00,3.438943386077880859e+00,2.744187355041503906e+00,-2.529602050781250000e+00,-3.438943386077880859e+00,-2.744187355041503906e+00
7.471999999999999886e+01,-1.024934768676757812e+00,-8.533859252929687500e-01,-2.670459747314453125e-01,2.529602050781250000e+00,3.438943386077880859e+00,2.744187355041503906e+00,-2.529602050781250000e+00,-3.438943386077880859e+00,-2.744187355041503906e+00
7.476000000000000512e+01,-1.023534774780273438e+00,-8.522262573242187500e-01,-2.665939331054687500e-01,2.529602050781250000e+00,3.438943386077880859e+00,2.744187355041503906e+00,-2.529602050781250000e+00,-3.438943386077880859e+00,-2.744187355041503906e+00
7.479999999999999716e+01,-1.022132873535156250e+00,-8.510665893554687500e-01,-2.661418914794921875e-01,2.529602050781250000e+00,3.438943386077880859e+00,2.744187355041503906e+00,-2.529602050781250000e+00,-3.438943386077880859e+00,-2.744187355041503906e+00
7.484000000000000341e+01,-1.020729064941406250e+00,-8.499031066894531250e-01,-2.656879425048828125e-01,2.529602050781250000e+00,3.438943386077880859e+00,2.744187355041503906e+00,-2.529602050781250000e+00,-3.438943386077880859e+00,-2.744187355041503906e+00
7.487999999999999545e+01,-1.019323348999023438e+00,-8.487396240234375000e-01,-2.652339935302734375e-01,2.529602050781250000e+00,3.438943386077880859e+00,2.744187355041503906e+00,-2.529602050781250000e+00,-3.438943386077880859e+00,-2.744187355041503906e+00
7.492000000000000171e+01,-1.017915725708007812e+00,-8.475723266601562500e-01,-2.647781372070312500e-01,2.529602050781250000e+00,3.438943386077880859e+00,2.744187355041503906e+00,-2.529602050781250000e+00,-3.438943386077880859e+00,-2.744187355041503906e+00
7.496000000000000796e+01,-1.016504287719726562e+00,-8.464050292968750000e-01,-2.643241882324218750e-01,2.529602050781250000e+00,3.438943386077880859e+00,2.744187355041503906e+00,-2.529602050781250000e+00,-3.438943386077880859e+00,-2.744187355041503906e+00
7.500000000000000000e+01,-1.015092849731445312e+00,-8.452339172363281250e-01,-2.638683319091796875e-01,2.529602050781250000e+00,3.438943386077880859e+00,2.744187355041503906e+00,-2.529602050781250000e+00,-3.438943386077880859e+00,-2.744187355041503906e+00
7.504000000000000625e+01,-1.013679504394531250e+00,-8.440608978271484375e-01,-2.634124755859375000e-01,2.529602050781250000e+00,3.438943386077880859e+00,2.744187355041503906e+00,-2.529602050781250000e+00,-3.438943386077880859e+00,-2.744187355041503906e+00
7.507999999999999829e+01,-1.012264251708984375e+00,-8.428878784179687500e-01,-2.629547119140625000e-01,2.529602050781250000e+00,3.438943386077880859e+00,2.744187355041503906e+00,-2.529602050781250000e+00,-3.438943386077880859e+00,-2.744187355041503906e+00
7.512000000000000455e+01,-1.010845184326171875e+00,-8.417110443115234375e-01,-2.624969482421875000e-01,2.529602050781250000e+00,3.438943386077880859e+00,2.744187355041503906e+00,-2.529602050781250000e+00,-3.438943386077880859e+00,-2.744187355041503906e+00
7.515999999999999659e+01,-1.009424209594726562e+00,-8.405342102050781250e-01,-2.620372772216796875e-01,2.529602050781250000e+00,3.438943386077880859e+00,2.744187355041503906e+00,-2.529602050781250000e+00,-3.438943386077880859e+00,-2.744187355041503906e+00
7.520000000000000284e+01,-1.008001327514648438e+00,-8.393554687500000000e-01,-2.615795135498046875e-01,2.529602050781250000e+00,3.438943386077880859e+00,2.744187355041503906e+00,-2.529602050781250000e+00,-3.438943386077880859e+00,-2.744187355041503906e+00
7.523999999999999488e+01,-1.006576538085937500e+00,-8.381748199462890625e-01,-2.611198425292968750e-01,2.529602050781250000e+00,3.438943386077880859e+00,2.744187355041503906e+00,-2.529602050781250000e+00,-3.438943386077880859e+00,-2.744187355041503906e+00
7.528000000000000114e+01,-1.005149841308593750e+00,-8.369922637939453125e-01,-2.606601715087890625e-01,2.529602050781250000e+00,3.438943386077880859e+00,2.744187355041503906e+00,-2.529602050781250000e+00,-3.438943386077880859e+00,-2.744187355041503906e+00
7.532000000000000739e+01,-1.003721237182617188e+00,-8.358078002929687500e-01,-2.601985931396484375e-01,2.529602050781250000e+00,3.438943386077880859e+00,2.744187355041503906e+00,-2.529602050781250000e+00,-3.438943386077880859e+00,-2.744187355041503906e+00
7.535999999999999943e+01,-1.002290725708007812e+00,-8.346214294433593750e-01,-2.597370147705078125e-01,2.529602050781250000e+00,3.438943386077880859e+00,2.744187355041503906e+00,-2.529602050781250000e+00,-3.438943386077880859e+00,-2.744187355041503906e+00
7.540000000000000568e+01,-1.000856399536132812e+00,-8.334331512451171875e-01,-2.592735290527343750e-01,2.529602050781250000e+00,3.438943386077880859e+00,2.744187355041503906e+00,-2.529602050781250000e+00,-3.438943386077880859e+00,-2.744187355041503906e+00
7.543999999999999773e+01,-9.994220733642578125e-01,-8.322429656982421875e-01,-2.588100433349609375e-01,2.529602050781250000e+00,3.438943386077880859e+00,2.744187355041503906e+00,-2.529602050781250000e+00,-3.438943386077880859e+00,-2.744187355041503906e+00
7.548000000000000398e+01,-9.979839324951171875e-01,-8.310508728027343750e-01,-2.583465576171875000e-01,2.529602050781250000e+00,3.438943386077880859e+00,2.744187355041503906e+00,-2.529602050781250000e+00,-3.438943386077880859e+00,-2.744187355041503906e+00
7.551999999999999602e+01,-9.965438842773437500e-01,-8.298568725585937500e-01,-2.578811645507812500e-01,2.529602050781250000e+00,3.438943386077880859e+00,2.744187355041503906e+00,-2.529602050781250000e+00,-3.438943386077880859e+00,-2.744187355041503906e+00
7.556000000000000227e+01,-9.951019287109375000e-01,-8.286609649658203125e-01,-2.574157714843750000e-01,2.529602050781250000e+00,3.438943386077880859e+00,2.744187355041503906e+00,-2.529602050781250000e+00,-3.438943386077880859e+00,-2.744187355041503906e+00
7.560000000000000853e+01,-9.936580657958984375e-01,-8.274650573730468750e-01,-2.569484710693359375e-01,2.529602050781250000e+00,3.438943386077880859e+00,2.744187355041503906e+00,-2.529602050781250000e+00,-3.438943386077880859e+00,-2.744187355041503906e+00
7.564000000000000057e+01,-9.922122955322265625e-01,-8.262653350830078125e-01,-2.564830780029296875e-01,2.529602050781250000e+00,3.438943386077880859e+00,2.744187355041503906e+00,-2.529602050781250000e+00,-3.438943386077880859e+00,-2.744187355041503906e+00
7.568000000000000682e+01,-9.907627105712890625e-01,-8.250637054443359375e-01,-2.560176849365234375e-01,2.529602050781250000e+00,3.438943386077880859e+00,2.744187355041503906e+00,-2.529602050781250000e+00,-3.438943386077880859e+00,-2.744187355041503906e+00
7.571999999999999886e+01,-9.893131256103515625e-01,-8.238620758056640625e-01,-2.555503845214843750e-01,2.529602050781250000e+00,3.438943386077880859e+00,2.744187355041503906e+00,-2.529602050781250000e+00,-3.438943386077880859e+00,-2.744187355041503906e+00
7.576000000000000512e+01,-9.878597259521484375e-01,-8.226585388183593750e-01,-2.550830841064453125e-01,2.529602050781250000e+00,3.438943386077880859e+00,2.744187355041503906e+00,-2.529602050781250000e+00,-3.438943386077880859e+00,-2.744187355041503906e+00
7.579999999999999716e+01,-9.864063262939453125e-01,-8.214530944824218750e-01,-2.546157836914062500e-01,2.529602050781250000e+00,3.438943386077880859e+00,2.744187355041503906e+00,-2.529602050781250000e+00,-3.438943386077880859e+00,-2.744187355041503906e+00
7.584000000000000341e+01,-9.849491119384765625e-01,-8.202457427978515625e-01,-2.541446685791015625e-01,2.529602050781250000e+00,3.438943386077880859e+00,2.744187355041503906e+00,-2.529602050781250000e+00,-3.438943386077880859e+00,-2.744187355041503906e+00
7.587999999999999545e+01,-9.834899902343750000e-01,-8.190364837646484375e-01,-2.536735534667968750e-01,2.529602050781250000e+00,3.438943386077880859e+00,2.744187355041503906e+00,-2.529602050781250000e+00,-3.438943386077880859e+00,-2.744187355041503906e+00
7.592000000000000171e+01,-9.820289611816406250e-01,-8.178253173828125000e-01,-2.532024383544921875e-01,2.529602050781250000e+00,3.438943386077880859e+00,2.744187355041503906e+00,-2.529602050781250000e+00,-3.438943386077880859e+00,-2.744187355041503906e+00
7.596000000000000796e+01,-9.805641174316406250e-01,-8.166122436523437500e-01,-2.527313232421875000e-01,2.529602050781250000e+00,3.438943386077880859e+00,2.744187355041503906e+00,-2.529602050781250000e+00,-3.438943386077880859e+00,-2.744187355041503906e+00
7.600000000000000000e+01,-9.790992736816406250e-01,-8.153972625732421875e-01,-2.522583007812500000e-01,2.529602050781250000e+00,3.438943386077880859e+00,2.744187355041503906e+00,-2.529602050781250000e+00,-3.438943386077880859e+00,-2.744187355041503906e+00
7.604000000000000625e+01,-9.776306152343750000e-01,-8.141803741455078125e-01,-2.517852783203125000e-01,2.529602050781250000e+00,3.438943386077880859e+00,2.744187355041503906e+00,-2.529602050781250000e+00,-3.438943386077880859e+00,-2.744187355041503906e+00
7.607999999999999829e+01,-9.761619567871093750e-01,-8.129615783691406250e-01,-2.513122558593750000e-01,2.529602050781250000e+00,3.438943386077880859e+00,2.744187355041503906e+00,-2.529602050781250000e+00,-3.438943386077880859e+00,-2.744187355041503906e+00
7.612000000000000455e+01,-9.746894836425781250e-01,-8.117427825927734375e-01,-2.508373260498046875e-01,2.529602050781250000e+00,3.438943386077880859e+00,2.744187355041503906e+00,-2.529602050781250000e+00,-3.438943386077880859e+00,-2.744187355041503906e+00
7.615999999999999659e+01,-9.732151031494140625e-01,-8.105220794677734375e-01,-2.503623962402343750e-01,2.529602050781250000e+00,3.438943386077880859e+00,2.744187355041503906e+00,-2.529602050781250000e+00,-3.438943386077880859e+00,-2.744187355041503906e+00
7.620000000000000284e+01,-9.717388153076171875e-01,-8.092994689941406250e-01,-2.498874664306640625e-01,2.529602050781250000e+00,3.438943386077880859e+00,2.744187355041503906e+00,-2.529602050781250000e+00,-3.438943386077880859e+00,-2.744187355041503906e+00
7.623999999999999488e+01,-9.702606201171875000e-01,-8.080749511718750000e-01,-2.494125366210937500e-01,2.529602050781250000e+00,3.438943386077880859e+00,2.744187355041503906e+00,-2.529602050781250000e+00,-3.438943386077880859e+00,-2.744187355041503906e+00
7.628000000000000114e+01,-9.687786102294921875e-01,-8.068485260009765625e-01,-2.489376068115234375e-01,2.529602050781250000e+00,3.438943386077880859e+00,2.744187355041503906e+00,-2.529602050781250000e+00,-3.438943386077880859e+00,-2.744187355041503906e+00
7.632000000000000739e+01,-9.672966003417968750e-01,-8.056201934814453125e-01,-2.484607696533203125e-01,2.529602050781250000e+00,3.438943386077880859e+00,2.744187355041503906e+00,-2.529602050781250000e+00,-3.438943386077880859e+00,-2.744187355041503906e+00
7.635999999999999943e+01,-9.658126831054687500e-01,-8.043899536132812500e-01,-2.479839324951171875e-01,2.529602050781250000e+00,3.438943386077880859e+00,2.744187355041503906e+00,-2.529602050781250000e+00,-3.438943386077880859e+00,-2.744187355041503906e+00
7.640000000000000568e+01,-9.643249511718750000e-01,-8.031578063964843750e-01,-2.475051879882812500e-01,2.529602050781250000e+00,3.438943386077880859e+00,2.744187355041503906e+00,-2.529602050781250000e+00,-3.438943386077880859e+00,-2.744187355041503906e+00
7.643999999999999773e+01,-9.628372192382812500e-01,-8.019237518310546875e-01,-2.470264434814453125e-01,2.529602050781250000e+00,3.438943386077880859e+00,2.744187355041503906e+00,-2.529602050781250000e+00,-3.438943386077880859e+00,-2.744187355041503906e+00
7.648000000000000398e+01,-9.613456726074218750e-01,-8.006877899169921875e-01,-2.465476989746093750e-01,2.529602050781250000e+00,3.438943386077880859e+00,2.744187355041503906e+00,-2.529602050781250000e+00,-3.438943386077880859e+00,-2.744187355041503906e+00
7.651999999999999602e+01,-9.598522186279296875e-01,-7.994518280029296875e-01,-2.460689544677734375e-01,2.529602050781250000e+00,3.438943386077880859e+00,2.744187355041503906e+00,-2.529602050781250000e+00,-3.438943386077880859e+00,-2.744187355041503906e+00
7.656000000000000227e+01,-9.583568572998046875e-01,-7.982139587402343750e-01,-2.455883026123046875e-01,2.529602050781250000e+00,3.438943386077880859e+00,2.744187355041503906e+00,-2.529602050781250000e+00,-3.438943386077880859e+00,-2.744187355041503906e+00
7.660000000000000853e+01,-9.568595886230468750e-01,-7.969741821289062500e-01,-2.451057434082031250e-01,2.529602050781250000e+00,3.438943386077880859e+00,2.744187355041503906e+00,-2.529602050781250000e+00,-3.438943386077880859e+00,-2.744187355041503906e+00
7.664000000000000057e+01,-9.553604125976562500e-01,-7.957324981689453125e-01,-2.446231842041015625e-01,2.529602050781250000e+00,3.438943386077880859e+00,2.744187355041503906e+00,-2.529602050781250000e+00,-3.438943386077880859e+00,-2.744187355041503906e+00
7.668000000000000682e+01,-9.538593292236328125e-01,-7.944889068603515625e-01,-2.441406250000000000e-01,2.529602050781250000e+00,3.438943386077880859e+00,2.744187355041503906e+00,-2.529602050781250000e+00,-3.438943386077880859e+00,-2.744187355041503906e+00
7.671999999999999886e+01,-9.523544311523437500e-01,-7.932415008544921875e-01,-2.436580657958984375e-01,2.529602050781250000e+00,3.438943386077880859e+00,2.744187355041503906e+00,-2.529602050781250000e+00,-3.438943386077880859e+00,-2.744187355041503906e+00
7.676000000000000512e+01,-9.508476257324218750e-01,-7.919921875000000000e-01,-2.431755065917968750e-01,2.529602050781250000e+00,3.438943386077880859e+00,2.744187355041503906e+00,-2.529602050781250000e+00,-3.438943386077880859e+00,-2.744187355041503906e+00
7.679999999999999716e+01,-9.493389129638671875e-01,-7.907409667968750000e-01,-2.426910400390625000e-01,2.529602050781250000e+00,3.438943386077880859e+00,2.744187355041503906e+00,-2.529602050781250000e+00,-3.438943386077880859e+00,-2.744187355041503906e+00
7.684000000000000341e+01,-9.478302001953125000e-01,-7.894878387451171875e-01,-2.422065734863281250e-01,2.529602050781250000e+00,3.438943386077880859e+00,2.744187355041503906e+00,-2.529602050781250000e+00,-3.438943386077880859e+00,-2.744187355041503906e+00
7.687999999999999545e+01,-9.463176727294921875e-01,-7.882328033447265625e-01,-2.417221069335937500e-01,2.529602050781250000e+00,3.438943386077880859e+00,2.744187355041503906e+00,-2.529602050781250000e+00,-3.438943386077880859e+00,-2.744187355041503906e+00
7.692000000000000171e+01,-9.448032379150390625e-01,-7.869777679443359375e-01,-2.412357330322265625e-01,2.529602050781250000e+00,3.438943386077880859e+00,2.744187355041503906e+00,-2.529602050781250000e+00,-3.438943386077880859e+00,-2.744187355041503906e+00
7.696000000000000796e+01,-9.432868957519531250e-01,-7.857208251953125000e-01,-2.407474517822265625e-01,2.529602050781250000e+00,3.438943386077880859e+00,2.744187355041503906e+00,-2.529602050781250000e+00,-3.438943386077880859e+00,-2.744187355041503906e+00
7.700000000000000000e+01,-9.417686462402343750e-01,-7.844619750976562500e-01,-2.402591705322265625e-01,2.529602050781250000e+00,3.438943386077880859e+00,2.744187355041503906e+00,-2.529602050781250000e+00,-3.438943386077880859e+00,-2.744187355041503906e+00
7.704000000000000625e+01,-9.402484893798828125e-01,-7.832012176513671875e-01,-2.397708892822265625e-01,2.529602050781250000e+00,3.438943386077880859e+00,2.744187355041503906e+00,-2.529602050781250000e+00,-3.438943386077880859e+00,-2.744187355041503906e+00
7.707999999999999829e+01,-9.387245178222656250e-01,-7.819385528564453125e-01,-2.392807006835937500e-01,2.529602050781250000e+00,3.438943386077880859e+00,2.744187355041503906e+00,-2.529602050781250000e+00,-3.438943386077880859e+00,-2.744187355041503906e+00
7.712000000000000455e+01,-9.371986389160156250e-01,-7.806758880615234375e-01,-2.387905120849609375e-01,2.529602050781250000e+00,3.438943386077880859e+00,2.744187355041503906e+00,-2.529602050781250000e+00,-3.438943386077880859e+00,-2.744187355041503906e+00
7.715999999999999659e+01,-9.356708526611328125e-01,-7.794094085693359375e-01,-2.383003234863281250e-01,2.529602050781250000e+00,3.438943386077880859e+00,2.744187355041503906e+00,-2.529602050781250000e+00,-3.438943386077880859e+00,-2.744187355041503906e+00
7.720000000000000284e+01,-9.341411590576171875e-01,-7.781410217285156250e-01,-2.378082275390625000e-01,2.529602050781250000e+00,3.438943386077880859e+00,2.744187355041503906e+00,-2.529602050781250000e+00,-3.438943386077880859e+00,-2.744187355041503906e+00
7.723999999999999488e+01,-9.326095581054687500e-01,-7.768707275390625000e-01,-2.373161315917968750e-01,2.529602050781250000e+00,3.438943386077880859e+00,2.744187355041503906e+00,-2.529602050781250000e+00,-3.438943386077880859e+00,-2.744187355041503906e+00
7.728000000000000114e+01,-9.310760498046875000e-01,-7.756004333496093750e-01,-2.368240356445312500e-01,2.529602050781250000e+00,3.438943386077880859e+00,2.744187355041503906e+00,-2.529602050781250000e+00,-3.438943386077880859e+00,-2.744187355041503906e+00
7.732000000000000739e+01,-9.295406341552734375e-01,-7.743282318115234375e-01,-2.363300323486328125e-01,2.529602050781250000e+00,3.438943386077880859e+00,2.744187355041503906e+00,-2.529602050781250000e+00,-3.438943386077880859e+00,-2.744187355041503906e+00
7.735999999999999943e+01,-9.280033111572265625e-01,-7.730522155761718750e-01,-2.358379364013671875e-01,2.529602050781250000e+00,3.438943386077880859e+00,2.744187355041503906e+00,-2.529602050781250000e+00,-3.438943386077880859e+00,-2.744187355041503906e+00
7.740000000000000568e+01,-9.264640808105468750e-01,-7.717742919921875000e-01,-2.353439331054687500e-01,2.529602050781250000e+00,3.438943386077880859e+00,2.744187355041503906e+00,-2.529602050781250000e+00,-3.438943386077880859e+00,-2.744187355041503906e+00
7.743999999999999773e+01,-9.249229431152343750e-01,-7.704963684082031250e-01,-2.348499298095703125e-01,2.529602050781250000e+00,3.438943386077880859e+00,2.744187355041503906e+00,-2.529602050781250000e+00,-3.438943386077880859e+00,-2.744187355041503906e+00
7.748000000000000398e+01,-9.233798980712890625e-01,-7.692165374755859375e-01,-2.343559265136718750e-01,2.529602050781250000e+00,3.438943386077880859e+00,2.744187355041503906e+00,-2.529602050781250000e+00,-3.438943386077880859e+00,-2.744187355041503906e+00
7.751999999999999602e+01,-9.218349456787109375e-01,-7.679328918457031250e-01,-2.338600158691406250e-01,2.529602050781250000e+00,3.438943386077880859e+00,2.744187355041503906e+00,-2.529602050781250000e+00,-3.438943386077880859e+00,-2.744187355041503906e+00
7.756000000000000227e+01,-9.202861785888671875e-01,-7.666492462158203125e-01,-2.333641052246093750e-01,2.529602050781250000e+00,3.438943386077880859e+00,2.744187355041503906e+00,-2.529602050781250000e+00,-3.438943386077880859e+00,-2.744187355041503906e+00
7.760000000000000853e+01,-9.187355041503906250e-01,-7.653636932373046875e-01,-2.328662872314453125e-01,2.529602050781250000e+00,3.438943386077880859e+00,2.744187355041503906e+00,-2.529602050781250000e+00,-3.438943386077880859e+00,-2.744187355041503906e+00
7.764000000000000057e+01,-9.171829223632812500e-01,-7.640762329101562500e-01,-2.323684692382812500e-01,2.529602050781250000e+00,3.438943386077880859e+00,2.744187355041503906e+00,-2.529602050781250000e+00,-3.438943386077880859e+00,-2.744187355041503906e+00
7.768000000000000682e+01,-9.156284332275390625e-01,-7.627868652343750000e-01,-2.318706512451171875e-01,2.529602050781250000e+00,3.438943386077880859e+00,2.744187355041503906e+00,-2.529602050781250000e+00,-3.438943386077880859e+00,-2.744187355041503906e+00
7.771999999999999886e+01,-9.140720367431640625e-01,-7.614955902099609375e-01,-2.313709259033203125e-01,2.529602050781250000e+00,3.438943386077880859e+00,2.744187355041503906e+00,-2.529602050781250000e+00,-3.438943386077880859e+00,-2.744187355041503906e+00
7.776000000000000512e+01,-9.125118255615234375e-01,-7.602043151855468750e-01,-2.308712005615234375e-01,2.529602050781250000e+00,3.438943386077880859e+00,2.744187355041503906e+00,-2.529602050781250000e+00,-3.438943386077880859e+00,-2.744187355041503906e+00
7.779999999999999716e+01,-9.109497070312500000e-01,-7.589092254638671875e-01,-2.303714752197265625e-01,2.529602050781250000e+00,3.438943386077880859e+00,2.744187355041503906e+00,-2.529602050781250000e+00,-3.438943386077880859e+00,-2.744187355041503906e+00
7.784000000000000341e+01,-9.093856811523437500e-01,-7.576122283935546875e-01,-2.298717498779296875e-01,2.529602050781250000e+00,3.438943386077880859e+00,2.744187355041503906e+00,-2.529602050781250000e+00,-3.438943386077880859e+00,-2.744187355041503906e+00
7.787999999999999545e+01,-9.078197479248046875e-01,-7.563152313232421875e-01,-2.293701171875000000e-01,2.529602050781250000e+00,3.438943386077880859e+00,2.744187355041503906e+00,-2.529602050781250000e+00,-3.438943386077880859e+00,-2.744187355041503906e+00
7.792000000000000171e+01,-9.062519073486328125e-01,-7.550144195556640625e-01,-2.288684844970703125e-01,2.529602050781250000e+00,3.438943386077880859e+00,2.744187355041503906e+00,-2.529602050781250000e+00,-3.438943386077880859e+00,-2.744187355041503906e+00
7.796000000000000796e+01,-9.046802520751953125e-01,-7.537136077880859375e-01,-2.283649444580078125e-01,2.529602050781250000e+00,3.438943386077880859e+00,2.744187355041503906e+00,-2.529602050781250000e+00,-3.438943386077880859e+00,-2.744187355041503906e+00
7.800000000000000000e+01,-9.031085968017578125e-01,-7.524089813232421875e-01,-2.278633117675781250e-01,2.529602050781250000e+00,3.438943386077880859e+00,2.744187355041503906e+00,-2.529602050781250000e+00,-3.438943386077880859e+00,-2.744187355041503906e+00
7.804000000000000625e+01,-9.015350341796875000e-01,-7.511043548583984375e-01,-2.273597717285156250e-01,2.529602050781250000e+00,3.438943386077880859e+00,2.744187355041503906e+00,-2.529602050781250000e+00,-3.438943386077880859e+00,-2.744187355041503906e+00
7.807999999999999829e+01,-8.999576568603515625e-01,-7.497978210449218750e-01,-2.268562316894531250e-01,2.529602050781250000e+00,3.438943386077880859e+00,2.744187355041503906e+00,-2.529602050781250000e+00,-3.438943386077880859e+00,-2.744187355041503906e+00
7.812000000000000455e+01,-8.983783721923828125e-01,-7.484893798828125000e-01,-2.263507843017578125e-01,2.529602050781250000e+00,3.438943386077880859e+00,2.744187355041503906e+00,-2.529602050781250000e+00,-3.438943386077880859e+00,-2.744187355041503906e+00
7.815999999999999659e+01,-8.967971801757812500e-01,-7.471790313720703125e-01,-2.258453369140625000e-01,2.529602050781250000e+00,3.438943386077880859e+00,2.744187355041503906e+00,-2.529602050781250000e+00,-3.438943386077880859e+00,-2.744187355041503906e+00
7.820000000000000284e+01,-8.952140808105468750e-01,-7.458667755126953125e-01,-2.253398895263671875e-01,2.529602050781250000e+00,3.438943386077880859e+00,2.744187355041503906e+00,-2.529602050781250000e+00,-3.438943386077880859e+00,-2.744187355041503906e+00
7.823999999999999488e+01,-8.936290740966796875e-01,-7.445526123046875000e-01,-2.248325347900390625e-01,2.529602050781250000e+00,3.438943386077880859e+00,2.744187355041503906e+00,-2.529602050781250000e+00,-3.438943386077880859e+00,-2.744187355041503906e+00
7.828000000000000114e+01,-8.920421600341796875e-01,-7.432365417480468750e-01,-2.243251800537109375e-01,2.529602050781250000e+00,3.438943386077880859e+00,2.744187355041503906e+00,-2.529602050781250000e+00,-3.438943386077880859e+00,-2.744187355041503906e+00
7.832000000000000739e+01,-8.904514312744140625e-01,-7.419185638427734375e-01,-2.238159179687500000e-01,2.529602050781250000e+00,3.438943386077880859e+00,2.744187355041503906e+00,-2.529602050781250000e+00,-3.438943386077880859e+00,-2.744187355041503906e+00
7.835999999999999943e+01,-8.888607025146484375e-01,-7.405986785888671875e-01,-2.233085632324218750e-01,2.529602050781250000e+00,3.438943386077880859e+00,2.744187355041503906e+00,-2.529602050781250000e+00,-3.438943386077880859e+00,-2.744187355041503906e+00
7.840000000000000568e+01,-8.872661590576171875e-01,-7.392787933349609375e-01,-2.227993011474609375e-01,2.529602050781250000e+00,3.438943386077880859e+00,2.744187355041503906e+00,-2.529602050781250000e+00,-3.438943386077880859e+00,-2.744187355041503906e+00
7.843999999999999773e+01,-8.856697082519531250e-01,-7.379550933837890625e-01,-2.222881317138671875e-01,2.529602050781250000e+00,3.438943386077880859e+00,2.744187355041503906e+00,-2.529602050781250000e+00,-3.438943386077880859e+00,-2.744187355041503906e+00
7.848000000000000398e+01,-8.840732574462890625e-01,-7.366313934326171875e-01,-2.217788696289062500e-01,2.529602050781250000e+00,3.438943386077880859e+00,2.744187355041503906e+00,-2.529602050781250000e+00,-3.438943386077880859e+00,-2.744187355041503906e+00
7.851999999999999602e+01,-8.824729919433593750e-01,-7.353038787841796875e-01,-2.212677001953125000e-01,2.529602050781250000e+00,3.438943386077880859e+00,2.744187355041503906e+00,-2.529602050781250000e+00,-3.438943386077880859e+00,-2.744187355041503906e+00
7.856000000000000227e+01,-8.808708190917968750e-01,-7.339744567871093750e-01,-2.207546234130859375e-01,2.529602050781250000e+00,3.438943386077880859e+00,2.744187355041503906e+00,-2.529602050781250000e+00,-3.438943386077880859e+00,-2.744187355041503906e+00
7.860000000000000853e+01,-8.792667388916015625e-01,-7.326450347900390625e-01,-2.202434539794921875e-01,2.529602050781250000e+00,3.438943386077880859e+00,2.744187355041503906e+00,-2.529602050781250000e+00,-3.438943386077880859e+00,-2.744187355041503906e+00
7.864000000000000057e+01,-8.776607513427734375e-01,-7.313117980957031250e-01,-2.197303771972656250e-01,2.529602050781250000e+00,3.438943386077880859e+00,2.744187355041503906e+00,-2.529602050781250000e+00,-3.438943386077880859e+00,-2.744187355041503906e+00
7.868000000000000682e+01,-8.760528564453125000e-01,-7.299785614013671875e-01,-2.192153930664062500e-01,2.529602050781250000e+00,3.438943386077880859e+00,2.744187355041503906e+00,-2.529602050781250000e+00,-3.438943386077880859e+00,-2.744187355041503906e+00
7.871999999999999886e+01,-8.744430541992187500e-01,-7.286434173583984375e-01,-2.187023162841796875e-01,2.529602050781250000e+00,3.438943386077880859e+00,2.744187355041503906e+00,-2.529602050781250000e+00,-3.438943386077880859e+00,-2.744187355041503906e+00
7.876000000000000512e+01,-8.728294372558593750e-01,-7.273063659667968750e-01,-2.181873321533203125e-01,2.529602050781250000e+00,3.438943386077880859e+00,2.744187355041503906e+00,-2.529602050781250000e+00,-3.438943386077880859e+00,-2.744187355041503906e+00
7.879999999999999716e+01,-8.712139129638671875e-01,-7.259674072265625000e-01,-2.176704406738281250e-01,2.529602050781250000e+00,3.438943386077880859e+00,2.744187355041503906e+00,-2.529602050781250000e+00,-3.438943386077880859e+00,-2.744187355041503906e+00
7.884000000000000341e+01,-8.695964813232421875e-01,-7.246265411376953125e-01,-2.171554565429687500e-01,2.529602050781250000e+00,3.438943386077880859e+00,2.744187355041503906e+00,-2.529602050781250000e+00,-3.438943386077880859e+00,-2.744187355041503906e+00
7.887999999999999545e+01,-8.679771423339843750e-01,-7.232837677001953125e-01,-2.166385650634765625e-01,2.529602050781250000e+00,3.438943386077880859e+00,2.744187355041503906e+00,-2.529602050781250000e+00,-3.438943386077880859e+00,-2.744187355041503906e+00
7.892000000000000171e+01,-8.663558959960937500e-01,-7.219390869140625000e-01,-2.161216735839843750e-01,2.529602050781250000e+00,3.438943386077880859e+00,2.744187355041503906e+00,-2.529602050781250000e+00,-3.438943386077880859e+00,-2.744187355041503906e+00
7.896000000000000796e+01,-8.647327423095703125e-01,-7.205924987792968750e-01,-2.156028747558593750e-01,2.529602050781250000e+00,3.438943386077880859e+00,2.744187355041503906e+00,-2.529602050781250000e+00,-3.438943386077880859e+00,-2.744187355041503906e+00
7.900000000000000000e+01,-8.631057739257812500e-01,-7.192440032958984375e-01,-2.150859832763671875e-01,2.529602050781250000e+00,3.438943386077880859e+00,2.744187355041503906e+00,-2.529602050781250000e+00,-3.438943386077880859e+00,-2.744187355041503906e+00
7.904000000000000625e+01,-8.614788055419921875e-01,-7.178936004638671875e-01,-2.145671844482421875e-01,2.529602050781250000e+00,3.438943386077880859e+00,2.744187355041503906e+00,-2.529602050781250000e+00,-3.438943386077880859e+00,-2.744187355041503906e+00
7.907999999999999829e+01,-8.598480224609375000e-01,-7.165412902832031250e-01,-2.140464782714843750e-01,2.529602050781250000e+00,3.438943386077880859e+00,2.744187355041503906e+00,-2.529602050781250000e+00,-3.438943386077880859e+00,-2.744187355041503906e+00
7.912000000000000455e+01,-8.582153320312500000e-01,-7.151870727539062500e-01,-2.135257720947265625e-01,2.529602050781250000e+00,3.438943386077880859e+00,2.744187355041503906e+00,-2.529602050781250000e+00,-3.438943386077880859e+00,-2.744187355041503906e+00
7.915999999999999659e+01,-8.565807342529296875e-01,-7.138328552246093750e-01,-2.130031585693359375e-01,2.529602050781250000e+00,3.438943386077880859e+00,2.744187355041503906e+00,-2.529602050781250000e+00,-3.438943386077880859e+00,-2.744187355041503906e+00
7.920000000000000284e+01,-8.549442291259765625e-01,-7.124767303466796875e-01,-2.124824523925781250e-01,2.529602050781250000e+00,3.438943386077880859e+00,2.744187355041503906e+00,-2.529602050781250000e+00,-3.438943386077880859e+00,-2.744187355041503906e+00
7.923999999999999488e+01,-8.533058166503906250e-01,-7.111186981201171875e-01,-2.119598388671875000e-01,2.529602050781250000e+00,3.438943386077880859e+00,2.744187355041503906e+00,-2.529602050781250000e+00,-3.438943386077880859e+00,-2.744187355041503906e+00
7.928000000000000114e+01,-8.516654968261718750e-01,-7.097568511962890625e-01,-2.114372253417968750e-01,2.529602050781250000e+00,3.438943386077880859e+00,2.744187355041503906e+00,-2.529602050781250000e+00,-3.438943386077880859e+00,-2.744187355041503906e+00
7.932000000000000739e+01,-8.500232696533203125e-01,-7.083930969238281250e-01,-2.109127044677734375e-01,2.529602050781250000e+00,3.438943386077880859e+00,2.744187355041503906e+00,-2.529602050781250000e+00,-3.438943386077880859e+00,-2.744187355041503906e+00
7.935999999999999943e+01,-8.483772277832031250e-01,-7.070293426513671875e-01,-2.103881835937500000e-01,2.529602050781250000e+00,3.438943386077880859e+00,2.744187355041503906e+00,-2.529602050781250000e+00,-3.438943386077880859e+00,-2.744187355041503906e+00
7.940000000000000568e+01,-8.467292785644531250e-01,-7.056636810302734375e-01,-2.098636627197265625e-01,2.529602050781250000e+00,3.438943386077880859e+00,2.744187355041503906e+00,-2.529602050781250000e+00,-3.438943386077880859e+00,-2.744187355041503906e+00
7.943999999999999773e+01,-8.450794219970703125e-01,-7.042961120605468750e-01,-2.093391418457031250e-01,2.529602050781250000e+00,3.438943386077880859e+00,2.744187355041503906e+00,-2.529602050781250000e+00,-3.438943386077880859e+00,-2.744187355041503906e+00
7.948000000000000398e+01,-8.434276580810546875e-01,-7.029266357421875000e-01,-2.088127136230468750e-01,2.529602050781250000e+00,3.438943386077880859e+00,2.744187355041503906e+00,-2.529602050781250000e+00,-3.438943386077880859e+00,-2.744187355041503906e+00
7.951999999999999602e+01,-8.417739868164062500e-01,-7.015552520751953125e-01,-2.082862854003906250e-01,2.529602050781250000e+00,3.438943386077880859e+00,2.744187355041503906e+00,-2.529602050781250000e+00,-3.438943386077880859e+00,-2.744187355041503906e+00
7.956000000000000227e+01,-8.401184082031250000e-01,-7.001838684082031250e-01,-2.077598571777343750e-01,2.529602050781250000e+00,3.438943386077880859e+00,2.744187355041503906e+00,-2.529602050781250000e+00,-3.438943386077880859e+00,-2.744187355041503906e+00
7.960000000000000853e+01,-8.384609222412109375e-01,-6.988105773925781250e-01,-2.072315216064453125e-01,2.529602050781250000e+00,3.438943386077880859e+00,2.744187355041503906e+00,-2.529602050781250000e+00,-3.438943386077880859e+00,-2.744187355041503906e+00
7.964000000000000057e+01,-8.367996215820312500e-01,-6.974353790283203125e-01,-2.067031860351562500e-01,2.529602050781250000e+00,3.438943386077880859e+00,2.744187355041503906e+00,-2.529602050781250000e+00,-3.438943386077880859e+00,-2.744187355041503906e+00
7.968000000000000682e+01,-8.351364135742187500e-01,-6.960563659667968750e-01,-2.061729431152343750e-01,2.529602050781250000e+00,3.438943386077880859e+00,2.744187355041503906e+00,-2.529602050781250000e+00,-3.438943386077880859e+00,-2.744187355041503906e+00
7.971999999999999886e+01,-8.334732055664062500e-01,-6.946754455566406250e-01,-2.056427001953125000e-01,2.529602050781250000e+00,3.438943386077880859e+00,2.744187355041503906e+00,-2.529602050781250000e+00,-3.438943386077880859e+00,-2.744187355041503906e+00
7.976000000000000512e+01,-8.318080902099609375e-01,-6.932926177978515625e-01,-2.051124572753906250e-01,2.529602050781250000e+00,3.438943386077880859e+00,2.744187355041503906e+00,-2.529602050781250000e+00,-3.438943386077880859e+00,-2.744187355041503906e+00
7.979999999999999716e+01,-8.301391601562500000e-01,-6.919078826904296875e-01,-2.045803070068359375e-01,2.529602050781250000e+00,3.438943386077880859e+00,2.744187355041503906e+00,-2.529602050781250000e+00,-3.438943386077880859e+00,-2.744187355041503906e+00
7.984000000000000341e+01,-8.284683227539062500e-01,-6.905212402343750000e-01,-2.040500640869140625e-01,2.529602050781250000e+00,3.438943386077880859e+00,2.744187355041503906e+00,-2.529602050781250000e+00,-3.438943386077880859e+00,-2.744187355041503906e+00
7.987999999999999545e+01,-8.267955780029296875e-01,-6.891326904296875000e-01,-2.035179138183593750e-01,2.529602050781250000e+00,3.438943386077880859e+00,2.744187355041503906e+00,-2.529602050781250000e+00,-3.438943386077880859e+00,-2.744187355041503906e+00
7.992000000000000171e+01,-8.251209259033203125e-01,-6.877441406250000000e-01,-2.029857635498046875e-01,2.529602050781250000e+00,3.438943386077880859e+00,2.744187355041503906e+00,-2.529602050781250000e+00,-3.438943386077880859e+00,-2.744187355041503906e+00
7.996000000000000796e+01,-8.234443664550781250e-01,-6.863536834716796875e-01,-2.024536132812500000e-01,2.529602050781250000e+00,3.438943386077880859e+00,2.744187355041503906e+00,-2.529602050781250000e+00,-3.438943386077880859e+00,-2.744187355041503906e+00
8.000000000000000000e+01,-8.217658996582031250e-01,-6.849613189697265625e-01,-2.019195556640625000e-01,2.529602050781250000e+00,3.438943386077880859e+00,2.744187355041503906e+00,-2.529602050781250000e+00,-3.438943386077880859e+00,-2.744187355041503906e+00
8.004000000000000625e+01,-8.200836181640625000e-01,-6.835670471191406250e-01,-2.013854980468750000e-01,2.529602050781250000e+00,3.438943386077880859e+00,2.744187355041503906e+00,-2.529602050781250000e+00,-3.438943386077880859e+00,-2.744187355041503906e+00
8.007999999999999829e+01,-8.183994293212890625e-01,-6.821708679199218750e-01,-2.008514404296875000e-01,2.529602050781250000e+00,3.438943386077880859e+00,2.744187355041503906e+00,-2.529602050781250000e+00,-3.438943386077880859e+00,-2.744187355041503906e+00
8.012000000000000455e+01,-8.167133331298828125e-01,-6.807727813720703125e-01,-2.003173828125000000e-01,2.529602050781250000e+00,3.438943386077880859e+00,2.744187355041503906e+00,-2.529602050781250000e+00,-3.438943386077880859e+00,-2.744187355041503906e+00
8.015999999999999659e+01,-8.150253295898437500e-01,-6.793727874755859375e-01,-1.997795104980468750e-01,2.529602050781250000e+00,3.438943386077880859e+00,2.744187355041503906e+00,-2.529602050781250000e+00,-3.438943386077880859e+00,-2.744187355041503906e+00
8.020000000000000284e+01,-8.133354187011718750e-01,-6.779708862304687500e-01,-1.992416381835937500e-01,2.529602050781250000e+00,3.438943386077880859e+00,2.744187355041503906e+00,-2.529602050781250000e+00,-3.438943386077880859e+00,-2.744187355041503906e+00
8.023999999999999488e+01,-8.116436004638671875e-01,-6.765670776367187500e-01,-1.987037658691406250e-01,2.529602050781250000e+00,3.438943386077880859e+00,2.744187355041503906e+00,-2.529602050781250000e+00,-3.438943386077880859e+00,-2.744187355041503906e+00
8.028000000000000114e+01,-8.099498748779296875e-01,-6.751613616943359375e-01,-1.981639862060546875e-01,2.529602050781250000e+00,3.438943386077880859e+00,2.744187355041503906e+00,-2.529602050781250000e+00,-3.438943386077880859e+00,-2.744187355041503906e+00
8.032000000000000739e+01,-8.082523345947265625e-01,-6.737537384033203125e-01,-1.976242065429687500e-01,2.529602050781250000e+00,3.438943386077880859e+00,2.744187355041503906e+00,-2.529602050781250000e+00,-3.438943386077880859e+00,-2.744187355041503906e+00
8.035999999999999943e+01,-8.065528869628906250e-01,-6.723461151123046875e-01,-1.970844268798828125e-01,2.529602050781250000e+00,3.438943386077880859e+00,2.744187355041503906e+00,-2.529602050781250000e+00,-3.438943386077880859e+00,-2.744187355041503906e+00
8.040000000000000568e+01,-8.048515319824218750e-01,-6.709365844726562500e-01,-1.965446472167968750e-01,2.529602050781250000e+00,3.438943386077880859e+00,2.744187355041503906e+00,-2.529602050781250000e+00,-3.438943386077880859e+00,-2.744187355041503906e+00
8.043999999999999773e+01,-8.031482696533203125e-01,-6.695251464843750000e-01,-1.960048675537109375e-01,2.529602050781250000e+00,3.438943386077880859e+00,2.744187355041503906e+00,-2.529602050781250000e+00,-3.438943386077880859e+00,-2.744187355041503906e+00
8.048000000000000398e+01,-8.014430999755859375e-01,-6.681118011474609375e-01,-1.954631805419921875e-01,2.529602050781250000e+00,3.438943386077880859e+00,2.744187355041503906e+00,-2.529602050781250000e+00,-3.438943386077880859e+00,-2.744187355041503906e+00
8.051999999999999602e+01,-7.997360229492187500e-01,-6.666946411132812500e-01,-1.949214935302734375e-01,2.529602050781250000e+00,3.438943386077880859e+00,2.744187355041503906e+00,-2.529602050781250000e+00,-3.438943386077880859e+00,-2.744187355041503906e+00
8.056000000000000227e+01,-7.980270385742187500e-01,-6.652774810791015625e-01,-1.943798065185546875e-01,2.529602050781250000e+00,3.438943386077880859e+00,2.744187355041503906e+00,-2.529602050781250000e+00,-3.438943386077880859e+00,-2.744187355041503906e+00
8.060000000000000853e+01,-7.963142395019531250e-01,-6.638584136962890625e-01,-1.938381195068359375e-01,2.529602050781250000e+00,3.438943386077880859e+00,2.744187355041503906e+00,-2.529602050781250000e+00,-3.438943386077880859e+00,-2.744187355041503906e+00
8.064000000000000057e+01,-7.945995330810546875e-01,-6.624374389648437500e-01,-1.932945251464843750e-01,2.529602050781250000e+00,3.438943386077880859e+00,2.744187355041503906e+00,-2.529602050781250000e+00,-3.438943386077880859e+00,-2.744187355041503906e+00
8.068000000000000682e+01,-7.928829193115234375e-01,-6.610145568847656250e-01,-1.927490234375000000e-01,2.529602050781250000e+00,3.438943386077880859e+00,2.744187355041503906e+00,-2.529602050781250000e+00,-3.438943386077880859e+00,-2.744187355041503906e+00
8.071999999999999886e+01,-7.911643981933593750e-01,-6.595916748046875000e-01,-1.922035217285156250e-01,2.529602050781250000e+00,3.438943386077880859e+00,2.744187355041503906e+00,-2.529602050781250000e+00,-3.438943386077880859e+00,-2.744187355041503906e+00
8.076000000000000512e+01,-7.894439697265625000e-01,-6.581649780273437500e-01,-1.916580200195312500e-01,2.529602050781250000e+00,3.438943386077880859e+00,2.744187355041503906e+00,-2.529602050781250000e+00,-3.438943386077880859e+00,-2.744187355041503906e+00
8.079999999999999716e+01,-7.877216339111328125e-01,-6.567363739013671875e-01,-1.911125183105468750e-01,2.529602050781250000e+00,3.438943386077880859e+00,2.744187355041503906e+00,-2.529602050781250000e+00,-3.438943386077880859e+00,-2.744187355041503906e+00
8.084000000000000341e+01,-7.859973907470703125e-01,-6.553058624267578125e-01,-1.905670166015625000e-01,2.529602050781250000e+00,3.438943386077880859e+00,2.744187355041503906e+00,-2.529602050781250000e+00,-3.438943386077880859e+00,-2.744187355041503906e+00
8.087999999999999545e+01,-7.842712402343750000e-01,-6.538753509521484375e-01,-1.900196075439453125e-01,2.529602050781250000e+00,3.438943386077880859e+00,2.744187355041503906e+00,-2.529602050781250000e+00,-3.438943386077880859e+00,-2.744187355041503906e+00
8.092000000000000171e+01,-7.825412750244140625e-01,-6.524410247802734375e-01,-1.894721984863281250e-01,2.529602050781250000e+00,3.438943386077880859e+00,2.744187355041503906e+00,-2.529602050781250000e+00,-3.438943386077880859e+00,-2.744187355041503906e+00
8.096000000000000796e+01,-7.808094024658203125e-01,-6.510047912597656250e-01,-1.889228820800781250e-01,2.529602050781250000e+00,3.438943386077880859e+00,2.744187355041503906e+00,-2.529602050781250000e+00,-3.438943386077880859e+00,-2.744187355041503906e+00
8.100000000000000000e+01,-7.790775299072265625e-01,-6.495685577392578125e-01,-1.883735656738281250e-01,2.529602050781250000e+00,3.438943386077880859e+00,2.744187355041503906e+00,-2.529602050781250000e+00,-3.438943386077880859e+00,-2.744187355041503906e+00
8.104000000000000625e+01,-7.773418426513671875e-01,-6.481285095214843750e-01,-1.878242492675781250e-01,2.529602050781250000e+00,3.438943386077880859e+00,2.744187355041503906e+00,-2.529602050781250000e+00,-3.438943386077880859e+00,-2.744187355041503906e+00
8.107999999999999829e+01,-7.756042480468750000e-01,-6.466884613037109375e-01,-1.872730255126953125e-01,2.529602050781250000e+00,3.438943386077880859e+00,2.744187355041503906e+00,-2.529602050781250000e+00,-3.438943386077880859e+00,-2.744187355041503906e+00
8.112000000000000455e+01,-7.738647460937500000e-01,-6.452465057373046875e-01,-1.867218017578125000e-01,2.529602050781250000e+00,3.438943386077880859e+00,2.744187355041503906e+00,-2.529602050781250000e+00,-3.438943386077880859e+00,-2.744187355041503906e+00
8.115999999999999659e+01,-7.721233367919921875e-01,-6.438007354736328125e-01,-1.861705780029296875e-01,2.529602050781250000e+00,3.438943386077880859e+00,2.744187355041503906e+00,-2.529602050781250000e+00,-3.438943386077880859e+00,-2.744187355041503906e+00
8.120000000000000284e+01,-7.703800201416015625e-01,-6.423549652099609375e-01,-1.856193542480468750e-01,2.529602050781250000e+00,3.438943386077880859e+00,2.744187355041503906e+00,-2.529602050781250000e+00,-3.438943386077880859e+00,-2.744187355041503906e+00
8.123999999999999488e+01,-7.686328887939453125e-01,-6.409072875976562500e-01,-1.850662231445312500e-01,2.529602050781250000e+00,3.438943386077880859e+00,2.744187355041503906e+00,-2.529602050781250000e+00,-3.438943386077880859e+00,-2.744187355041503906e+00
8.128000000000000114e+01,-7.668857574462890625e-01,-6.394577026367187500e-01,-1.845130920410156250e-01,2.529602050781250000e+00,3.438943386077880859e+00,2.744187355041503906e+00,-2.529602050781250000e+00,-3.438943386077880859e+00,-2.744187355041503906e+00
8.132000000000000739e+01,-7.651348114013671875e-01,-6.380062103271484375e-01,-1.839599609375000000e-01,2.529602050781250000e+00,3.438943386077880859e+00,2.744187355041503906e+00,-2.529602050781250000e+00,-3.438943386077880859e+00,-2.744187355041503906e+00
8.135999999999999943e+01,-7.633819580078125000e-01,-6.365528106689453125e-01,-1.834049224853515625e-01,2.529602050781250000e+00,3.438943386077880859e+00,2.744187355041503906e+00,-2.529602050781250000e+00,-3.438943386077880859e+00,-2.744187355041503906e+00
8.140000000000000568e+01,-7.616271972656250000e-01,-6.350975036621093750e-01,-1.828498840332031250e-01,2.529602050781250000e+00,3.438943386077880859e+00,2.744187355041503906e+00,-2.529602050781250000e+00,-3.438943386077880859e+00,-2.744187355041503906e+00
8.143999999999999773e+01,-7.598705291748046875e-01,-6.336402893066406250e-01,-1.822948455810546875e-01,2.529602050781250000e+00,3.438943386077880859e+00,2.744187355041503906e+00,-2.529602050781250000e+00,-3.438943386077880859e+00,-2.744187355041503906e+00
8.148000000000000398e+01,-7.581100463867187500e-01,-6.321811676025390625e-01,-1.817378997802734375e-01,2.529602050781250000e+00,3.438943386077880859e+00,2.744187355041503906e+00,-2.529602050781250000e+00,-3.438943386077880859e+00,-2.744187355041503906e+00
8.151999999999999602e+01,-7.563495635986328125e-01,-6.307201385498046875e-01,-1.811809539794921875e-01,2.529602050781250000e+00,3.438943386077880859e+00,2.744187355041503906e+00,-2.529602050781250000e+00,-3.438943386077880859e+00,-2.744187355041503906e+00
8.156000000000000227e+01,-7.545852661132812500e-01,-6.292591094970703125e-01,-1.806240081787109375e-01,2.529602050781250000e+00,3.438943386077880859e+00,2.744187355041503906e+00,-2.529602050781250000e+00,-3.438943386077880859e+00,-2.744187355041503906e+00
8.160000000000000853e+01,-7.528209686279296875e-01,-6.277942657470703125e-01,-1.800651550292968750e-01,2.529602050781250000e+00,3.438943386077880859e+00,2.744187355041503906e+00,-2.529602050781250000e+00,-3.438943386077880859e+00,-2.744187355041503906e+00
8.164000000000000057e+01,-7.510528564453125000e-01,-6.263294219970703125e-01,-1.795063018798828125e-01,2.529602050781250000e+00,3.438943386077880859e+00,2.744187355041503906e+00,-2.529602050781250000e+00,-3.438943386077880859e+00,-2.744187355041503906e+00
8.168000000000000682e+01,-7.492828369140625000e-01,-6.248607635498046875e-01,-1.789455413818359375e-01,2.529602050781250000e+00,3.438943386077880859e+00,2.744187355041503906e+00,-2.529602050781250000e+00,-3.438943386077880859e+00,-2.744187355041503906e+00
8.171999999999999886e+01,-7.475109100341796875e-01,-6.233921051025390625e-01,-1.783847808837890625e-01,2.529602050781250000e+00,3.438943386077880859e+00,2.744187355041503906e+00,-2.529602050781250000e+00,-3.438943386077880859e+00,-2.744187355041503906e+00
8.176000000000000512e+01,-7.457370758056640625e-01,-6.219215393066406250e-01,-1.778240203857421875e-01,2.529602050781250000e+00,3.438943386077880859e+00,2.744187355041503906e+00,-2.529602050781250000e+00,-3.438943386077880859e+00,-2.744187355041503906e+00
8.179999999999999716e+01,-7.439613342285156250e-01,-6.204490661621093750e-01,-1.772632598876953125e-01,2.529602050781250000e+00,3.438943386077880859e+00,2.744187355041503906e+00,-2.529602050781250000e+00,-3.438943386077880859e+00,-2.744187355041503906e+00
8.184000000000000341e+01,-7.421817779541015625e-01,-6.189746856689453125e-01,-1.767024993896484375e-01,2.529602050781250000e+00,3.438943386077880859e+00,2.744187355041503906e+00,-2.529602050781250000e+00,-3.438943386077880859e+00,-2.744187355041503906e+00
8.187999999999999545e+01,-7.404022216796875000e-01,-6.174983978271484375e-01,-1.761398315429687500e-01,2.529602050781250000e+00,3.438943386077880859e+00,2.744187355041503906e+00,-2.529602050781250000e+00,-3.438943386077880859e+00,-2.744187355041503906e+00
8.192000000000000171e+01,-7.386188507080078125e-01,-6.160202026367187500e-01,-1.755771636962890625e-01,2.529602050781250000e+00,3.438943386077880859e+00,2.744187355041503906e+00,-2.529602050781250000e+00,-3.438943386077880859e+00,-2.744187355041503906e+00
8.196000000000000796e+01,-7.368335723876953125e-01,-6.145401000976562500e-01,-1.750144958496093750e-01,2.529602050781250000e+00,3.438943386077880859e+00,2.744187355041503906e+00,-2.529602050781250000e+00,-3.438943386077880859e+00,-2.744187355041503906e+00
8.200000000000000000e+01,-7.350482940673828125e-01,-6.130580902099609375e-01,-1.744499206542968750e-01,2.529602050781250000e+00,3.438943386077880859e+00,2.744187355041503906e+00,-2.529602050781250000e+00,-3.438943386077880859e+00,-2.744187355041503906e+00
8.204000000000000625e+01,-7.332592010498046875e-01,-6.115741729736328125e-01,-1.738853454589843750e-01,2.529602050781250000e+00,3.438943386077880859e+00,2.744187355041503906e+00,-2.529602050781250000e+00,-3.438943386077880859e+00,-2.744187355041503906e+00
8.207999999999999829e+01,-7.314682006835937500e-01,-6.100902557373046875e-01,-1.733188629150390625e-01,2.529602050781250000e+00,3.438943386077880859e+00,2.744187355041503906e+00,-2.529602050781250000e+00,-3.438943386077880859e+00,-2.744187355041503906e+00
8.212000000000000455e+01,-7.296752929687500000e-01,-6.086025238037109375e-01,-1.727542877197265625e-01,2.529602050781250000e+00,3.438943386077880859e+00,2.744187355041503906e+00,-2.529602050781250000e+00,-3.438943386077880859e+00,-2.744187355041503906e+00
8.215999999999999659e+01,-7.278804779052734375e-01,-6.071128845214843750e-01,-1.721878051757812500e-01,2.529602050781250000e+00,3.438943386077880859e+00,2.744187355041503906e+00,-2.529602050781250000e+00,-3.438943386077880859e+00,-2.744187355041503906e+00
8.220000000000000284e+01,-7.260837554931640625e-01,-6.056232452392578125e-01,-1.716213226318359375e-01,2.529602050781250000e+00,3.438943386077880859e+00,2.744187355041503906e+00,-2.529602050781250000e+00,-3.438943386077880859e+00,-2.744187355041503906e+00
8.223999999999999488e+01,-7.242832183837890625e-01,-6.041297912597656250e-01,-1.710529327392578125e-01,2.529602050781250000e+00,3.438943386077880859e+00,2.744187355041503906e+00,-2.529602050781250000e+00,-3.438943386077880859e+00,-2.744187355041503906e+00
8.228000000000000114e+01,-7.224807739257812500e-01,-6.026344299316406250e-01,-1.704845428466796875e-01,2.529602050781250000e+00,3.438943386077880859e+00,2.744187355041503906e+00,-2.529602050781250000e+00,-3.438943386077880859e+00,-2.744187355041503906e+00
8.232000000000000739e+01,-7.206783294677734375e-01,-6.011390686035156250e-01,-1.699161529541015625e-01,2.529602050781250000e+00,3.438943386077880859e+00,2.744187355041503906e+00,-2.529602050781250000e+00,-3.438943386077880859e+00,-2.744187355041503906e+00
8.235999999999999943e+01,-7.188720703125000000e-01,-5.996417999267578125e-01,-1.693458557128906250e-01,2.529602050781250000e+00,3.438943386077880859e+00,2.744187355041503906e+00,-2.529602050781250000e+00,-3.438943386077880859e+00,-2.744187355041503906e+00
8.240000000000000568e+01,-7.170639038085937500e-01,-5.981407165527343750e-01,-1.687755584716796875e-01,2.529602050781250000e+00,3.438943386077880859e+00,2.744187355041503906e+00,-2.529602050781250000e+00,-3.438943386077880859e+00,-2.744187355041503906e+00
8.243999999999999773e+01,-7.152538299560546875e-01,-5.966396331787109375e-01,-1.682033538818359375e-01,2.529602050781250000e+00,3.438943386077880859e+00,2.744187355041503906e+00,-2.529602050781250000e+00,-3.438943386077880859e+00,-2.744187355041503906e+00
8.248000000000000398e+01,-7.134399414062500000e-01,-5.951366424560546875e-01,-1.676330566406250000e-01,2.529602050781250000e+00,3.438943386077880859e+00,2.744187355041503906e+00,-2.529602050781250000e+00,-3.438943386077880859e+00,-2.744187355041503906e+00
8.251999999999999602e+01,-7.116241455078125000e-01,-5.936317443847656250e-01,-1.670608520507812500e-01,2.529602050781250000e+00,3.438943386077880859e+00,2.744187355041503906e+00,-2.529602050781250000e+00,-3.438943386077880859e+00,-2.744187355041503906e+00
8.256000000000000227e+01,-7.098064422607421875e-01,-5.921268463134765625e-01,-1.664886474609375000e-01,2.529602050781250000e+00,3.438943386077880859e+00,2.744187355041503906e+00,-2.529602050781250000e+00,-3.438943386077880859e+00,-2.744187355041503906e+00
8.260000000000000853e+01,-7.079887390136718750e-01,-5.906181335449218750e-01,-1.659164428710937500e-01,2.529602050781250000e+00,3.438943386077880859e+00,2.744187355041503906e+00,-2.529602050781250000e+00,-3.438943386077880859e+00,-2.744187355041503906e+00
8.264000000000000057e+01,-7.061672210693359375e-01,-5.891075134277343750e-01,-1.653423309326171875e-01,2.529602050781250000e+00,3.438943386077880859e+00,2.744187355041503906e+00,-2.529602050781250000e+00,-3.438943386077880859e+00,-2.744187355041503906e+00
8.268000000000000682e+01,-7.043437957763671875e-01,-5.875949859619140625e-01,-1.647682189941406250e-01,2.529602050781250000e+00,3.438943386077880859e+00,2.744187355041503906e+00,-2.529602050781250000e+00,-3.438943386077880859e+00,-2.744187355041503906e+00
8.271999999999999886e+01,-7.025184631347656250e-01,-5.860805511474609375e-01,-1.641921997070312500e-01,2.529602050781250000e+00,3.438943386077880859e+00,2.744187355041503906e+00,-2.529602050781250000e+00,-3.438943386077880859e+00,-2.744187355041503906e+00
8.276000000000000512e+01,-7.006912231445312500e-01,-5.845661163330078125e-01,-1.636161804199218750e-01,2.529602050781250000e+00,3.438943386077880859e+00,2.744187355041503906e+00,-2.529602050781250000e+00,-3.438943386077880859e+00,-2.744187355041503906e+00
8.279999999999999716e+01,-6.988620758056640625e-01,-5.830497741699218750e-01,-1.630401611328125000e-01,2.529602050781250000e+00,3.438943386077880859e+00,2.744187355041503906e+00,-2.529602050781250000e+00,-3.438943386077880859e+00,-2.744187355041503906e+00
8.284000000000000341e+01,-6.970310211181640625e-01,-5.815296173095703125e-01,-1.624622344970703125e-01,2.529602050781250000e+00,3.438943386077880859e+00,2.744187355041503906e+00,-2.529602050781250000e+00,-3.438943386077880859e+00,-2.744187355041503906e+00
8.287999999999999545e+01,-6.951961517333984375e-01,-5.800075531005859375e-01,-1.618862152099609375e-01,2.529602050781250000e+00,3.438943386077880859e+00,2.744187355041503906e+00,-2.529602050781250000e+00,-3.438943386077880859e+00,-2.744187355041503906e+00
8.292000000000000171e+01,-6.933593750000000000e-01,-5.784835815429687500e-01,-1.613082885742187500e-01,2.529602050781250000e+00,3.438943386077880859e+00,2.744187355041503906e+00,-2.529602050781250000e+00,-3.438943386077880859e+00,-2.744187355041503906e+00
8.296000000000000796e+01,-6.915206909179687500e-01,-5.769577026367187500e-01,-1.607303619384765625e-01,2.529602050781250000e+00,3.438943386077880859e+00,2.744187355041503906e+00,-2.529602050781250000e+00,-3.438943386077880859e+00,-2.744187355041503906e+00
8.300000000000000000e+01,-6.896800994873046875e-01,-5.754318237304687500e-01,-1.601505279541015625e-01,2.529602050781250000e+00,3.438943386077880859e+00,2.744187355041503906e+00,-2.529602050781250000e+00,-3.438943386077880859e+00,-2.744187355041503906e+00
8.304000000000000625e+01,-6.878356933593750000e-01,-5.739040374755859375e-01,-1.595706939697265625e-01,2.529602050781250000e+00,3.438943386077880859e+00,2.744187355041503906e+00,-2.529602050781250000e+00,-3.438943386077880859e+00,-2.744187355041503906e+00
8.307999999999999829e+01,-6.859893798828125000e-01,-5.723743438720703125e-01,-1.589908599853515625e-01,2.529602050781250000e+00,3.438943386077880859e+00,2.744187355041503906e+00,-2.529602050781250000e+00,-3.438943386077880859e+00,-2.744187355041503906e+00
8.312000000000000455e+01,-6.841411590576171875e-01,-5.708427429199218750e-01,-1.584091186523437500e-01,2.529602050781250000e+00,3.438943386077880859e+00,2.744187355041503906e+00,-2.529602050781250000e+00,-3.438943386077880859e+00,-2.744187355041503906e+00
8.315999999999999659e+01,-6.822910308837890625e-01,-5.693092346191406250e-01,-1.578292846679687500e-01,2.529602050781250000e+00,3.438943386077880859e+00,2.744187355041503906e+00,-2.529602050781250000e+00,-3.438943386077880859e+00,-2.744187355041503906e+00
8.320000000000000284e+01,-6.804389953613281250e-01,-5.677738189697265625e-01,-1.572475433349609375e-01,2.529602050781250000e+00,3.438943386077880859e+00,2.744187355041503906e+00,-2.529602050781250000e+00,-3.438943386077880859e+00,-2.744187355041503906e+00
8.323999999999999488e+01,-6.785850524902343750e-01,-5.662364959716796875e-01,-1.566638946533203125e-01,2.529602050781250000e+00,3.438943386077880859e+00,2.744187355041503906e+00,-2.529602050781250000e+00,-3.438943386077880859e+00,-2.744187355041503906e+00
8.328000000000000114e+01,-6.767292022705078125e-01,-5.646972656250000000e-01,-1.560802459716796875e-01,2.529602050781250000e+00,3.438943386077880859e+00,2.744187355041503906e+00,-2.529602050781250000e+00,-3.438943386077880859e+00,-2.744187355041503906e+00
8.332000000000000739e+01,-6.748714447021484375e-01,-5.631561279296875000e-01,-1.554965972900390625e-01,2.529602050781250000e+00,3.438943386077880859e+00,2.744187355041503906e+00,-2.529602050781250000e+00,-3.438943386077880859e+00,-2.744187355041503906e+00
8.335999999999999943e+01,-6.730117797851562500e-01,-5.616130828857421875e-01,-1.549129486083984375e-01,2.529602050781250000e+00,3.438943386077880859e+00,2.744187355041503906e+00,-2.529602050781250000e+00,-3.438943386077880859e+00,-2.744187355041503906e+00
8.340000000000000568e+01,-6.711483001708984375e-01,-5.600681304931640625e-01,-1.543273925781250000e-01,2.529602050781250000e+00,3.438943386077880859e+00,2.744187355041503906e+00,-2.529602050781250000e+00,-3.438943386077880859e+00,-2.744187355041503906e+00
8.343999999999999773e+01,-6.692829132080078125e-01,-5.585212707519531250e-01,-1.537418365478515625e-01,2.529602050781250000e+00,3.438943386077880859e+00,2.744187355041503906e+00,-2.529602050781250000e+00,-3.438943386077880859e+00,-2.744187355041503906e+00
8.348000000000000398e+01,-6.674156188964843750e-01,-5.569725036621093750e-01,-1.531543731689453125e-01,2.529602050781250000e+00,3.438943386077880859e+00,2.744187355041503906e+00,-2.529602050781250000e+00,-3.438943386077880859e+00,-2.744187355041503906e+00
8.351999999999999602e+01,-6.655464172363281250e-01,-5.554218292236328125e-01,-1.525688171386718750e-01,2.529602050781250000e+00,3.438943386077880859e+00,2.744187355041503906e+00,-2.529602050781250000e+00,-3.438943386077880859e+00,-2.744187355041503906e+00
8.356000000000000227e+01,-6.636753082275390625e-01,-5.538692474365234375e-01,-1.519813537597656250e-01,2.529602050781250000e+00,3.438943386077880859e+00,2.744187355041503906e+00,-2.529602050781250000e+00,-3.438943386077880859e+00,-2.744187355041503906e+00
8.360000000000000853e+01,-6.618022918701171875e-01,-5.523166656494140625e-01,-1.513938903808593750e-01,2.529602050781250000e+00,3.438943386077880859e+00,2.744187355041503906e+00,-2.529602050781250000e+00,-3.438943386077880859e+00,-2.744187355041503906e+00
8.364000000000000057e+01,-6.599273681640625000e-01,-5.507621765136718750e-01,-1.508045196533203125e-01,2.529602050781250000e+00,3.438943386077880859e+00,2.744187355041503906e+00,-2.529602050781250000e+00,-3.438943386077880859e+00,-2.744187355041503906e+00
8.368000000000000682e+01,-6.580505371093750000e-01,-5.492057800292968750e-01,-1.502151489257812500e-01,2.529602050781250000e+00,3.438943386077880859e+00,2.744187355041503906e+00,-2.529602050781250000e+00,-3.438943386077880859e+00,-2.744187355041503906e+00
8.371999999999999886e+01,-6.561698913574218750e-01,-5.476474761962890625e-01,-1.496238708496093750e-01,2.529602050781250000e+00,3.438943386077880859e+00,2.744187355041503906e+00,-2.529602050781250000e+00,-3.438943386077880859e+00,-2.744187355041503906e+00
8.376000000000000512e+01,-6.542873382568359375e-01,-5.460872650146484375e-01,-1.490325927734375000e-01,2.529602050781250000e+00,3.438943386077880859e+00,2.744187355041503906e+00,-2.529602050781250000e+00,-3.438943386077880859e+00,-2.744187355041503906e+00
8.379999999999999716e+01,-6.524028778076171875e-01,-5.445251464843750000e-01,-1.484432220458984375e-01,2.529602050781250000e+00,3.438943386077880859e+00,2.744187355041503906e+00,-2.529602050781250000e+00,-3.438943386077880859e+00,-2.744187355041503906e+00
8.384000000000000341e+01,-6.505184173583984375e-01,-5.429611206054687500e-01,-1.478519439697265625e-01,2.529602050781250000e+00,3.438943386077880859e+00,2.744187355041503906e+00,-2.529602050781250000e+00,-3.438943386077880859e+00,-2.744187355041503906e+00
8.387999999999999545e+01,-6.486301422119140625e-01,-5.413970947265625000e-01,-1.472606658935546875e-01,2.529602050781250000e+00,3.438943386077880859e+00,2.744187355041503906e+00,-2.529602050781250000e+00,-3.438943386077880859e+00,-2.744187355041503906e+00
8.392000000000000171e+01,-6.467399597167968750e-01,-5.398292541503906250e-01,-1.466674804687500000e-01,2.529602050781250000e+00,3.438943386077880859e+00,2.744187355041503906e+00,-2.529602050781250000e+00,-3.438943386077880859e+00,-2.744187355041503906e+00
8.396000000000000796e+01,-6.448459625244140625e-01,-5.382595062255859375e-01,-1.460742950439453125e-01,2.529602050781250000e+00,3.438943386077880859e+00,2.744187355041503906e+00,-2.529602050781250000e+00,-3.438943386077880859e+00,-2.744187355041503906e+00
8.400000000000000000e+01,-6.429519653320312500e-01,-5.366878509521484375e-01,-1.454811096191406250e-01,2.529602050781250000e+00,3.438943386077880859e+00,2.744187355041503906e+00,-2.529602050781250000e+00,-3.438943386077880859e+00,-2.744187355041503906e+00
8.404000000000000625e+01,-6.410560607910156250e-01,-5.351161956787109375e-01,-1.448860168457031250e-01,2.529602050781250000e+00,3.438943386077880859e+00,2.744187355041503906e+00,-2.529602050781250000e+00,-3.438943386077880859e+00,-2.744187355041503906e+00
8.407999999999999829e+01,-6.391563415527343750e-01,-5.335426330566406250e-01,-1.442909240722656250e-01,2.529602050781250000e+00,3.438943386077880859e+00,2.744187355041503906e+00,-2.529602050781250000e+00,-3.438943386077880859e+00,-2.744187355041503906e+00
8.412000000000000455e+01,-6.372566223144531250e-01,-5.319671630859375000e-01,-1.436958312988281250e-01,2.529602050781250000e+00,3.438943386077880859e+00,2.744187355041503906e+00,-2.529602050781250000e+00,-3.438943386077880859e+00,-2.744187355041503906e+00
8.415999999999999659e+01,-6.353530883789062500e-01,-5.303878784179687500e-01,-1.430988311767578125e-01,2.529602050781250000e+00,3.438943386077880859e+00,2.744187355041503906e+00,-2.529602050781250000e+00,-3.438943386077880859e+00,-2.744187355041503906e+00
8.420000000000000284e+01,-6.334476470947265625e-01,-5.288085937500000000e-01,-1.425018310546875000e-01,2.529602050781250000e+00,3.438943386077880859e+00,2.744187355041503906e+00,-2.529602050781250000e+00,-3.438943386077880859e+00,-2.744187355041503906e+00
8.423999999999999488e+01,-6.315402984619140625e-01,-5.272274017333984375e-01,-1.419048309326171875e-01,2.529602050781250000e+00,3.438943386077880859e+00,2.744187355041503906e+00,-2.529602050781250000e+00,-3.438943386077880859e+00,-2.744187355041503906e+00
8.428000000000000114e+01,-6.296310424804687500e-01,-5.256443023681640625e-01,-1.413059234619140625e-01,2.529602050781250000e+00,3.438943386077880859e+00,2.744187355041503906e+00,-2.529602050781250000e+00,-3.438943386077880859e+00,-2.744187355041503906e+00
8.432000000000000739e+01,-6.277179718017578125e-01,-5.240592956542968750e-01,-1.407070159912109375e-01,2.529602050781250000e+00,3.438943386077880859e+00,2.744187355041503906e+00,-2.529602050781250000e+00,-3.438943386077880859e+00,-2.744187355041503906e+00
8.435999999999999943e+01,-6.258049011230468750e-01,-5.224723815917968750e-01,-1.401081085205078125e-01,2.529602050781250000e+00,3.438943386077880859e+00,2.744187355041503906e+00,-2.529602050781250000e+00,-3.438943386077880859e+00,-2.744187355041503906e+00
8.440000000000000568e+01,-6.238880157470703125e-01,-5.208835601806640625e-01,-1.395072937011718750e-01,2.529602050781250000e+00,3.438943386077880859e+00,2.744187355041503906e+00,-2.529602050781250000e+00,-3.438943386077880859e+00,-2.744187355041503906e+00
8.443999999999999773e+01,-6.219711303710937500e-01,-5.192928314208984375e-01,-1.389064788818359375e-01,2.529602050781250000e+00,3.438943386077880859e+00,2.744187355041503906e+00,-2.529602050781250000e+00,-3.438943386077880859e+00,-2.744187355041503906e+00
8.448000000000000398e+01,-6.200504302978515625e-01,-5.177001953125000000e-01,-1.383056640625000000e-01,2.529602050781250000e+00,3.438943386077880859e+00,2.744187355041503906e+00,-2.529602050781250000e+00,-3.438943386077880859e+00,-2.744187355041503906e+00
8.451999999999999602e+01,-6.181278228759765625e-01,-5.161056518554687500e-01,-1.377048492431640625e-01,2.529602050781250000e+00,3.438943386077880859e+00,2.744187355041503906e+00,-2.529602050781250000e+00,-3.438943386077880859e+00,-2.744187355041503906e+00
8.456000000000000227e+01,-6.162033081054687500e-01,-5.145092010498046875e-01,-1.371021270751953125e-01,2.529602050781250000e+00,3.438943386077880859e+00,2.744187355041503906e+00,-2.529602050781250000e+00,-3.438943386077880859e+00,-2.744187355041503906e+00
8.460000000000000853e+01,-6.142749786376953125e-01,-5.129108428955078125e-01,-1.364994049072265625e-01,2.529602050781250000e+00,3.438943386077880859e+00,2.744187355041503906e+00,-2.529602050781250000e+00,-3.438943386077880859e+00,-2.744187355041503906e+00
8.464000000000000057e+01,-6.123466491699218750e-01,-5.113124847412109375e-01,-1.358966827392578125e-01,2.529602050781250000e+00,3.438943386077880859e+00,2.744187355041503906e+00,-2.529602050781250000e+00,-3.438943386077880859e+00,-2.744187355041503906e+00
8.468000000000000682e+01,-6.104145050048828125e-01,-5.097103118896484375e-01,-1.352939605712890625e-01,2.529602050781250000e+00,3.438943386077880859e+00,2.744187355041503906e+00,-2.529602050781250000e+00,-3.438943386077880859e+00,-2.744187355041503906e+00
8.471999999999999886e+01,-6.084804534912109375e-01,-5.081062316894531250e-01,-1.346893310546875000e-01,2.529602050781250000e+00,3.438943386077880859e+00,2.744187355041503906e+00,-2.529602050781250000e+00,-3.438943386077880859e+00,-2.744187355041503906e+00
8.476000000000000512e+01,-6.065444946289062500e-01,-5.065021514892578125e-01,-1.340847015380859375e-01,2.529602050781250000e+00,3.438943386077880859e+00,2.744187355041503906e+00,-2.529602050781250000e+00,-3.438943386077880859e+00,-2.744187355041503906e+00
8.479999999999999716e+01,-6.046066284179687500e-01,-5.048942565917968750e-01,-1.334781646728515625e-01,2.529602050781250000e+00,3.438943386077880859e+00,2.744187355041503906e+00,-2.529602050781250000e+00,-3.438943386077880859e+00,-2.744187355041503906e+00
8.484000000000000341e+01,-6.026649475097656250e-01,-5.032863616943359375e-01,-1.328716278076171875e-01,2.529602050781250000e+00,3.438943386077880859e+00,2.744187355041503906e+00,-2.529602050781250000e+00,-3.438943386077880859e+00,-2.744187355041503906e+00
8.487999999999999545e+01,-6.007232666015625000e-01,-5.016746520996093750e-01,-1.322650909423828125e-01,2.529602050781250000e+00,3.438943386077880859e+00,2.744187355041503906e+00,-2.529602050781250000e+00,-3.438943386077880859e+00,-2.744187355041503906e+00
8.492000000000000171e+01,-5.987796783447265625e-01,-5.000629425048828125e-01,-1.316566467285156250e-01,2.529602050781250000e+00,3.438943386077880859e+00,2.744187355041503906e+00,-2.529602050781250000e+00,-3.438943386077880859e+00,-2.744187355041503906e+00
8.496000000000000796e+01,-5.968322753906250000e-01,-4.984493255615234375e-01,-1.310482025146484375e-01,2.529602050781250000e+00,3.438943386077880859e+00,2.744187355041503906e+00,-2.529602050781250000e+00,-3.438943386077880859e+00,-2.744187355041503906e+00
8.500000000000000000e+01,-5.948848724365234375e-01,-4.968338012695312500e-01,-1.304397583007812500e-01,2.529602050781250000e+00,3.438943386077880859e+00,2.744187355041503906e+00,-2.529602050781250000e+00,-3.438943386077880859e+00,-2.744187355041503906e+00
8.504000000000000625e+01,-5.929336547851562500e-01,-4.952163696289062500e-01,-1.298313140869140625e-01,2.529602050781250000e+00,3.438943386077880859e+00,2.744187355041503906e+00,-2.529602050781250000e+00,-3.438943386077880859e+00,-2.744187355041503906e+00
8.507999999999999829e+01,-5.909805297851562500e-01,-4.935970306396484375e-01,-1.292209625244140625e-01,2.529602050781250000e+00,3.438943386077880859e+00,2.744187355041503906e+00,-2.529602050781250000e+00,-3.438943386077880859e+00,-2.744187355041503906e+00
8.512000000000000455e+01,-5.890254974365234375e-01,-4.919757843017578125e-01,-1.286106109619140625e-01,2.529602050781250000e+00,3.438943386077880859e+00,2.744187355041503906e+00,-2.529602050781250000e+00,-3.438943386077880859e+00,-2.744187355041503906e+00
8.515999999999999659e+01,-5.870666503906250000e-01,-4.903526306152343750e-01,-1.280002593994140625e-01,2.529602050781250000e+00,3.438943386077880859e+00,2.744187355041503906e+00,-2.529602050781250000e+00,-3.438943386077880859e+00,-2.744187355041503906e+00
8.520000000000000284e+01,-5.851078033447265625e-01,-4.887294769287109375e-01,-1.273899078369140625e-01,2.529602050781250000e+00,3.438943386077880859e+00,2.744187355041503906e+00,-2.529602050781250000e+00,-3.438943386077880859e+00,-2.744187355041503906e+00
8.523999999999999488e+01,-5.831470489501953125e-01,-4.871025085449218750e-01,-1.267795562744140625e-01,2.529602050781250000e+00,3.438943386077880859e+00,2.744187355041503906e+00,-2.529602050781250000e+00,-3.438943386077880859e+00,-2.744187355041503906e+00
8.528000000000000114e+01,-5.811843872070312500e-01,-4.854755401611328125e-01,-1.261653900146484375e-01,2.529602050781250000e+00,3.438943386077880859e+00,2.744187355041503906e+00,-2.529602050781250000e+00,-3.438943386077880859e+00,-2.744187355041503906e+00
8.532000000000000739e+01,-5.792179107666015625e-01,-4.838447570800781250e-01,-1.255512237548828125e-01,2.529602050781250000e+00,3.438943386077880859e+00,2.744187355041503906e+00,-2.529602050781250000e+00,-3.438943386077880859e+00,-2.744187355041503906e+00
8.535999999999999943e+01,-5.772495269775390625e-01,-4.822120666503906250e-01,-1.249370574951171875e-01,2.529602050781250000e+00,3.438943386077880859e+00,2.744187355041503906e+00,-2.529602050781250000e+00,-3.438943386077880859e+00,-2.744187355041503906e+00
8.540000000000000568e+01,-5.752792358398437500e-01,-4.805793762207031250e-01,-1.243209838867187500e-01,2.529602050781250000e+00,3.438943386077880859e+00,2.744187355041503906e+00,-2.529602050781250000e+00,-3.438943386077880859e+00,-2.744187355041503906e+00
8.543999999999999773e+01,-5.733070373535156250e-01,-4.789428710937500000e-01,-1.237049102783203125e-01,2.529602050781250000e+00,3.438943386077880859e+00,2.744187355041503906e+00,-2.529602050781250000e+00,-3.438943386077880859e+00,-2.744187355041503906e+00
8.548000000000000398e+01,-5.713310241699218750e-01,-4.773063659667968750e-01,-1.230888366699218750e-01,2.529602050781250000e+00,3.438943386077880859e+00,2.744187355041503906e+00,-2.529602050781250000e+00,-3.438943386077880859e+00,-2.744187355041503906e+00
8.551999999999999602e+01,-5.693550109863281250e-01,-4.756679534912109375e-01,-1.224727630615234375e-01,2.529602050781250000e+00,3.438943386077880859e+00,2.744187355041503906e+00,-2.529602050781250000e+00,-3.438943386077880859e+00,-2.744187355041503906e+00
8.556000000000000227e+01,-5.673770904541015625e-01,-4.740257263183593750e-01,-1.218547821044921875e-01,2.529602050781250000e+00,3.438943386077880859e+00,2.744187355041503906e+00,-2.529602050781250000e+00,-3.438943386077880859e+00,-2.744187355041503906e+00
8.560000000000000853e+01,-5.653972625732421875e-01,-4.723834991455078125e-01,-1.212368011474609375e-01,2.529602050781250000e+00,3.438943386077880859e+00,2.744187355041503906e+00,-2.529602050781250000e+00,-3.438943386077880859e+00,-2.744187355041503906e+00
8.564000000000000057e+01,-5.634155273437500000e-01,-4.707393646240234375e-01,-1.206188201904296875e-01,2.529602050781250000e+00,3.438943386077880859e+00,2.744187355041503906e+00,-2.529602050781250000e+00,-3.438943386077880859e+00,-2.744187355041503906e+00
8.568000000000000682e+01,-5.614318847656250000e-01,-4.690933227539062500e-01,-1.199989318847656250e-01,2.529602050781250000e+00,3.438943386077880859e+00,2.744187355041503906e+00,-2.529602050781250000e+00,-3.438943386077880859e+00,-2.744187355041503906e+00
8.571999999999999886e+01,-5.594444274902343750e-01,-4.674453735351562500e-01,-1.193790435791015625e-01,2.529602050781250000e+00,3.438943386077880859e+00,2.744187355041503906e+00,-2.529602050781250000e+00,-3.438943386077880859e+00,-2.744187355041503906e+00
8.576000000000000512e+01,-5.574550628662109375e-01,-4.657955169677734375e-01,-1.187591552734375000e-01,2.529602050781250000e+00,3.438943386077880859e+00,2.744187355041503906e+00,-2.529602050781250000e+00,-3.438943386077880859e+00,-2.744187355041503906e+00
8.579999999999999716e+01,-5.554637908935546875e-01,-4.641437530517578125e-01,-1.181373596191406250e-01,2.529602050781250000e+00,3.438943386077880859e+00,2.744187355041503906e+00,-2.529602050781250000e+00,-3.438943386077880859e+00,-2.744187355041503906e+00
8.584000000000000341e+01,-5.534687042236328125e-01,-4.624900817871093750e-01,-1.175155639648437500e-01,2.529602050781250000e+00,3.438943386077880859e+00,2.744187355041503906e+00,-2.529602050781250000e+00,-3.438943386077880859e+00,-2.744187355041503906e+00
8.587999999999999545e+01,-5.514717102050781250e-01,-4.608345031738281250e-01,-1.168956756591796875e-01,2.529602050781250000e+00,3.438943386077880859e+00,2.744187355041503906e+00,-2.529602050781250000e+00,-3.438943386077880859e+00,-2.744187355041503906e+00
8.592000000000000171e+01,-5.494728088378906250e-01,-4.591770172119140625e-01,-1.162738800048828125e-01,2.529602050781250000e+00,3.438943386077880859e+00,2.744187355041503906e+00,-2.529602050781250000e+00,-3.438943386077880859e+00,-2.744187355041503906e+00
8.596000000000000796e+01,-5.474720001220703125e-01,-4.575195312500000000e-01,-1.156520843505859375e-01,2.529602050781250000e+00,3.438943386077880859e+00,2.744187355041503906e+00,-2.529602050781250000e+00,-3.438943386077880859e+00,-2.744187355041503906e+00
8.600000000000000000e+01,-5.454692840576171875e-01,-4.558601379394531250e-01,-1.150302886962890625e-01,2.529602050781250000e+00,3.438943386077880859e+00,2.744187355041503906e+00,-2.529602050781250000e+00,-3.438943386077880859e+00,-2.744187355041503906e+00
8.604000000000000625e+01,-5.434646606445312500e-01,-4.541969299316406250e-01,-1.144065856933593750e-01,2.529602050781250000e+00,3.438943386077880859e+00,2.744187355041503906e+00,-2.529602050781250000e+00,-3.438943386077880859e+00,-2.744187355041503906e+00
8.607999999999999829e+01,-5.414581298828125000e-01,-4.525318145751953125e-01,-1.137828826904296875e-01,2.529602050781250000e+00,3.438943386077880859e+00,2.744187355041503906e+00,-2.529602050781250000e+00,-3.438943386077880859e+00,-2.744187355041503906e+00
8.612000000000000455e+01,-5.394496917724609375e-01,-4.508666992187500000e-01,-1.131572723388671875e-01,2.529602050781250000e+00,3.438943386077880859e+00,2.744187355041503906e+00,-2.529602050781250000e+00,-3.438943386077880859e+00,-2.744187355041503906e+00
8.615999999999999659e+01,-5.374393463134765625e-01,-4.491996765136718750e-01,-1.125316619873046875e-01,2.529602050781250000e+00,3.438943386077880859e+00,2.744187355041503906e+00,-2.529602050781250000e+00,-3.438943386077880859e+00,-2.744187355041503906e+00
8.620000000000000284e+01,-5.354251861572265625e-01,-4.475307464599609375e-01,-1.119041442871093750e-01,2.529602050781250000e+00,3.438943386077880859e+00,2.744187355041503906e+00,-2.529602050781250000e+00,-3.438943386077880859e+00,-2.744187355041503906e+00
8.623999999999999488e+01,-5.334091186523437500e-01,-4.458599090576171875e-01,-1.112785339355468750e-01,2.529602050781250000e+00,3.438943386077880859e+00,2.744187355041503906e+00,-2.529602050781250000e+00,-3.438943386077880859e+00,-2.744187355041503906e+00
8.628000000000000114e+01,-5.313911437988281250e-01,-4.441871643066406250e-01,-1.106510162353515625e-01,2.529602050781250000e+00,3.438943386077880859e+00,2.744187355041503906e+00,-2.529602050781250000e+00,-3.438943386077880859e+00,-2.744187355041503906e+00
8.632000000000000739e+01,-5.293712615966796875e-01,-4.425106048583984375e-01,-1.100234985351562500e-01,2.529602050781250000e+00,3.438943386077880859e+00,2.744187355041503906e+00,-2.529602050781250000e+00,-3.438943386077880859e+00,-2.744187355041503906e+00
8.635999999999999943e+01,-5.273494720458984375e-01,-4.408340454101562500e-01,-1.093940734863281250e-01,2.529602050781250000e+00,3.438943386077880859e+00,2.744187355041503906e+00,-2.529602050781250000e+00,-3.438943386077880859e+00,-2.744187355041503906e+00
8.640000000000000568e+01,-5.253238677978515625e-01,-4.391555786132812500e-01,-1.087646484375000000e-01,2.529602050781250000e+00,3.438943386077880859e+00,2.744187355041503906e+00,-2.529602050781250000e+00,-3.438943386077880859e+00,-2.744187355041503906e+00
8.643999999999999773e+01,-5.232963562011718750e-01,-4.374752044677734375e-01,-1.081352233886718750e-01,2.529602050781250000e+00,3.438943386077880859e+00,2.744187355041503906e+00,-2.529602050781250000e+00,-3.438943386077880859e+00,-2.744187355041503906e+00
8.648000000000000398e+01,-5.212688446044921875e-01,-4.357929229736328125e-01,-1.075057983398437500e-01,2.529602050781250000e+00,3.438943386077880859e+00,2.744187355041503906e+00,-2.529602050781250000e+00,-3.438943386077880859e+00,-2.744187355041503906e+00
8.651999999999999602e+01,-5.192394256591796875e-01,-4.341087341308593750e-01,-1.068744659423828125e-01,2.529602050781250000e+00,3.438943386077880859e+00,2.744187355041503906e+00,-2.529602050781250000e+00,-3.438943386077880859e+00,-2.744187355041503906e+00
8.656000000000000227e+01,-5.172061920166015625e-01,-4.324226379394531250e-01,-1.062431335449218750e-01,2.529602050781250000e+00,3.438943386077880859e+00,2.744187355041503906e+00,-2.529602050781250000e+00,-3.438943386077880859e+00,-2.744187355041503906e+00
8.660000000000000853e+01,-5.151710510253906250e-01,-4.307346343994140625e-01,-1.056098937988281250e-01,2.529602050781250000e+00,3.438943386077880859e+00,2.744187355041503906e+00,-2.529602050781250000e+00,-3.438943386077880859e+00,-2.744187355041503906e+00
8.664000000000000057e+01,-5.131340026855468750e-01,-4.290447235107421875e-01,-1.049785614013671875e-01,2.529602050781250000e+00,3.438943386077880859e+00,2.744187355041503906e+00,-2.529602050781250000e+00,-3.438943386077880859e+00,-2.744187355041503906e+00
8.668000000000000682e+01,-5.110931396484375000e-01,-4.273529052734375000e-01,-1.043453216552734375e-01,2.529602050781250000e+00,3.438943386077880859e+00,2.744187355041503906e+00,-2.529602050781250000e+00,-3.438943386077880859e+00,-2.744187355041503906e+00
8.671999999999999886e+01,-5.090522766113281250e-01,-4.256591796875000000e-01,-1.037120819091796875e-01,2.529602050781250000e+00,3.438943386077880859e+00,2.744187355041503906e+00,-2.529602050781250000e+00,-3.438943386077880859e+00,-2.744187355041503906e+00
8.676000000000000512e+01,-5.070095062255859375e-01,-4.239635467529296875e-01,-1.030769348144531250e-01,2.529602050781250000e+00,3.438943386077880859e+00,2.744187355041503906e+00,-2.529602050781250000e+00,-3.438943386077880859e+00,-2.744187355041503906e+00
8.679999999999999716e+01,-5.049629211425781250e-01,-4.222660064697265625e-01,-1.024436950683593750e-01,2.529602050781250000e+00,3.438943386077880859e+00,2.744187355041503906e+00,-2.529602050781250000e+00,-3.438943386077880859e+00,-2.744187355041503906e+00
8.684000000000000341e+01,-5.029144287109375000e-01,-4.205665588378906250e-01,-1.018085479736328125e-01,2.529602050781250000e+00,3.438943386077880859e+00,2.744187355041503906e+00,-2.529602050781250000e+00,-3.438943386077880859e+00,-2.744187355041503906e+00
8.687999999999999545e+01,-5.008640289306640625e-01,-4.188652038574218750e-01,-1.011714935302734375e-01,2.529602050781250000e+00,3.438943386077880859e+00,2.744187355041503906e+00,-2.529602050781250000e+00,-3.438943386077880859e+00,-2.744187355041503906e+00
8.692000000000000171e+01,-4.988117218017578125e-01,-4.171619415283203125e-01,-1.005363464355468750e-01,2.529602050781250000e+00,3.438943386077880859e+00,2.744187355041503906e+00,-2.529602050781250000e+00,-3.438943386077880859e+00,-2.744187355041503906e+00
8.696000000000000796e+01,-4.967575073242187500e-01,-4.154586791992187500e-01,-9.989929199218750000e-02,2.529602050781250000e+00,3.438943386077880859e+00,2.744187355041503906e+00,-2.529602050781250000e+00,-3.438943386077880859e+00,-2.744187355041503906e+00
8.700000000000000000e+01,-4.947013854980468750e-01,-4.137535095214843750e-01,-9.926223754882812500e-02,2.529602050781250000e+00,3.438943386077880859e+00,2.744187355041503906e+00,-2.529602050781250000e+00,-3.438943386077880859e+00,-2.744187355041503906e+00
8.704000000000000625e+01,-4.926433563232421875e-01,-4.120464324951171875e-01,-9.862518310546875000e-02,2.529602050781250000e+00,3.438943386077880859e+00,2.744187355041503906e+00,-2.529602050781250000e+00,-3.438943386077880859e+00,-2.744187355041503906e+00
8.707999999999999829e+01,-4.905815124511718750e-01,-4.103374481201171875e-01,-9.798622131347656250e-02,2.529602050781250000e+00,3.438943386077880859e+00,2.744187355041503906e+00,-2.529602050781250000e+00,-3.438943386077880859e+00,-2.744187355041503906e+00
8.712000000000000455e+01,-4.885196685791015625e-01,-4.086265563964843750e-01,-9.734725952148437500e-02,2.529602050781250000e+00,3.438943386077880859e+00,2.744187355041503906e+00,-2.529602050781250000e+00,-3.438943386077880859e+00,-2.744187355041503906e+00
8.715999999999999659e+01,-4.864540100097656250e-01,-4.069137573242187500e-01,-9.670829772949218750e-02,2.529602050781250000e+00,3.438943386077880859e+00,2.744187355041503906e+00,-2.529602050781250000e+00,-3.438943386077880859e+00,-2.744187355041503906e+00
8.720000000000000284e+01,-4.843864440917968750e-01,-4.051990509033203125e-01,-9.606742858886718750e-02,2.529602050781250000e+00,3.438943386077880859e+00,2.744187355041503906e+00,-2.529602050781250000e+00,-3.438943386077880859e+00,-2.744187355041503906e+00
8.723999999999999488e+01,-4.823169708251953125e-01,-4.034843444824218750e-01,-9.542465209960937500e-02,2.529602050781250000e+00,3.438943386077880859e+00,2.744187355041503906e+00,-2.529602050781250000e+00,-3.438943386077880859e+00,-2.744187355041503906e+00
8.728000000000000114e+01,-4.802455902099609375e-01,-4.017677307128906250e-01,-9.478378295898437500e-02,2.529602050781250000e+00,3.438943386077880859e+00,2.744187355041503906e+00,-2.529602050781250000e+00,-3.438943386077880859e+00,-2.744187355041503906e+00
8.732000000000000739e+01,-4.781723022460937500e-01,-4.000492095947265625e-01,-9.414100646972656250e-02,2.529602050781250000e+00,3.438943386077880859e+00,2.744187355041503906e+00,-2.529602050781250000e+00,-3.438943386077880859e+00,-2.744187355041503906e+00
8.735999999999999943e+01,-4.760951995849609375e-01,-3.983287811279296875e-01,-9.349822998046875000e-02,2.529602050781250000e+00,3.438943386077880859e+00,2.744187355041503906e+00,-2.529602050781250000e+00,-3.438943386077880859e+00,-2.744187355041503906e+00
8.740000000000000568e+01,-4.740180969238281250e-01,-3.966045379638671875e-01,-9.285545349121093750e-02,2.529602050781250000e+00,3.438943386077880859e+00,2.744187355041503906e+00,-2.529602050781250000e+00,-3.438943386077880859e+00,-2.744187355041503906e+00
8.743999999999999773e+01,-4.719371795654296875e-01,-3.948802947998046875e-01,-9.221267700195312500e-02,2.529602050781250000e+00,3.438943386077880859e+00,2.744187355041503906e+00,-2.529602050781250000e+00,-3.438943386077880859e+00,-2.744187355041503906e+00
8.748000000000000398e+01,-4.698562622070312500e-01,-3.931541442871093750e-01,-9.156799316406250000e-02,2.529602050781250000e+00,3.438943386077880859e+00,2.744187355041503906e+00,-2.529602050781250000e+00,-3.438943386077880859e+00,-2.744187355041503906e+00
8.751999999999999602e+01,-4.677715301513671875e-01,-3.914260864257812500e-01,-9.092330932617187500e-02,2.529602050781250000e+00,3.438943386077880859e+00,2.744187355041503906e+00,-2.529602050781250000e+00,-3.438943386077880859e+00,-2.744187355041503906e+00
8.756000000000000227e+01,-4.656848907470703125e-01,-3.896961212158203125e-01,-9.027671813964843750e-02,2.529602050781250000e+00,3.438943386077880859e+00,2.744187355041503906e+00,-2.529602050781250000e+00,-3.438943386077880859e+00,-2.744187355041503906e+00
8.760000000000000853e+01,-4.635963439941406250e-01,-3.879642486572265625e-01,-8.963012695312500000e-02,2.529602050781250000e+00,3.438943386077880859e+00,2.744187355041503906e+00,-2.529602050781250000e+00,-3.438943386077880859e+00,-2.744187355041503906e+00
8.764000000000000057e+01,-4.615058898925781250e-01,-3.862304687500000000e-01,-8.898353576660156250e-02,2.529602050781250000e+00,3.438943386077880859e+00,2.744187355041503906e+00,-2.529602050781250000e+00,-3.438943386077880859e+00,-2.744187355041503906e+00
8.768000000000000682e+01,-4.594116210937500000e-01,-3.844947814941406250e-01,-8.833503723144531250e-02,2.529602050781250000e+00,3.438943386077880859e+00,2.744187355041503906e+00,-2.529602050781250000e+00,-3.438943386077880859e+00,-2.744187355041503906e+00
8.771999999999999886e+01,-4.573154449462890625e-01,-3.827590942382812500e-01,-8.768653869628906250e-02,2.529602050781250000e+00,3.438943386077880859e+00,2.744187355041503906e+00,-2.529602050781250000e+00,-3.438943386077880859e+00,-2.744187355041503906e+00
8.776000000000000512e+01,-4.552173614501953125e-01,-3.810195922851562500e-01,-8.703804016113281250e-02,2.529602050781250000e+00,3.438943386077880859e+00,2.744187355041503906e+00,-2.529602050781250000e+00,-3.438943386077880859e+00,-2.744187355041503906e+00
8.779999999999999716e+01,-4.531173706054687500e-01,-3.792781829833984375e-01,-8.638954162597656250e-02,2.529602050781250000e+00,3.438943386077880859e+00,2.744187355041503906e+00,-2.529602050781250000e+00,-3.438943386077880859e+00,-2.744187355041503906e+00
8.784000000000000341e+01,-4.510154724121093750e-01,-3.775367736816406250e-01,-8.574104309082031250e-02,2.529602050781250000e+00,3.438943386077880859e+00,2.744187355041503906e+00,-2.529602050781250000e+00,-3.438943386077880859e+00,-2.744187355041503906e+00
8.787999999999999545e+01,-4.489116668701171875e-01,-3.757915496826171875e-01,-8.509063720703125000e-02,2.529602050781250000e+00,3.438943386077880859e+00,2.744187355041503906e+00,-2.529602050781250000e+00,-3.438943386077880859e+00,-2.744187355041503906e+00
8.792000000000000171e+01,-4.468059539794921875e-01,-3.740444183349609375e-01,-8.444023132324218750e-02,2.529602050781250000e+00,3.438943386077880859e+00,2.744187355041503906e+00,-2.529602050781250000e+00,-3.438943386077880859e+00,-2.744187355041503906e+00
8.796000000000000796e+01,-4.446983337402343750e-01,-3.722972869873046875e-01,-8.378791809082031250e-02,2.529602050781250000e+00,3.438943386077880859e+00,2.744187355041503906e+00,-2.529602050781250000e+00,-3.438943386077880859e+00,-2.744187355041503906e+00
8.800000000000000000e+01,-4.425868988037109375e-01,-3.705463409423828125e-01,-8.313560485839843750e-02,2.529602050781250000e+00,3.438943386077880859e+00,2.744187355041503906e+00,-2.529602050781250000e+00,-3.438943386077880859e+00,-2.744187355041503906e+00
8.804000000000000625e+01,-4.404735565185546875e-01,-3.687953948974609375e-01,-8.248329162597656250e-02,2.529602050781250000e+00,3.438943386077880859e+00,2.744187355041503906e+00,-2.529602050781250000e+00,-3.438943386077880859e+00,-2.744187355041503906e+00
8.807999999999999829e+01,-4.383602142333984375e-01,-3.670425415039062500e-01,-8.183097839355468750e-02,2.529602050781250000e+00,3.438943386077880859e+00,2.744187355041503906e+00,-2.529602050781250000e+00,-3.438943386077880859e+00,-2.744187355041503906e+00
8.812000000000000455e+01,-4.362430572509765625e-01,-3.652858734130859375e-01,-8.117866516113281250e-02,2.529602050781250000e+00,3.438943386077880859e+00,2.744187355041503906e+00,-2.529602050781250000e+00,-3.438943386077880859e+00,-2.744187355041503906e+00
8.815999999999999659e+01,-4.341239929199218750e-01,-3.635292053222656250e-01,-8.052444458007812500e-02,2.529602050781250000e+00,3.438943386077880859e+00,2.744187355041503906e+00,-2.529602050781250000e+00,-3.438943386077880859e+00,-2.744187355041503906e+00
8.820000000000000284e+01,-4.320030212402343750e-01,-3.617687225341796875e-01,-7.987022399902343750e-02,2.529602050781250000e+00,3.438943386077880859e+00,2.744187355041503906e+00,-2.529602050781250000e+00,-3.438943386077880859e+00,-2.744187355041503906e+00
8.823999999999999488e+01,-4.298801422119140625e-01,-3.600082397460937500e-01,-7.921409606933593750e-02,2.529602050781250000e+00,3.438943386077880859e+00,2.744187355041503906e+00,-2.529602050781250000e+00,-3.438943386077880859e+00,-2.744187355041503906e+00
8.828000000000000114e+01,-4.277534484863281250e-01,-3.582458496093750000e-01,-7.855796813964843750e-02,2.529602050781250000e+00,3.438943386077880859e+00,2.744187355041503906e+00,-2.529602050781250000e+00,-3.438943386077880859e+00,-2.744187355041503906e+00
8.832000000000000739e+01,-4.256248474121093750e-01,-3.564815521240234375e-01,-7.790184020996093750e-02,2.529602050781250000e+00,3.438943386077880859e+00,2.744187355041503906e+00,-2.529602050781250000e+00,-3.438943386077880859e+00,-2.744187355041503906e+00
8.835999999999999943e+01,-4.234943389892578125e-01,-3.547153472900390625e-01,-7.724380493164062500e-02,2.529602050781250000e+00,3.438943386077880859e+00,2.744187355041503906e+00,-2.529602050781250000e+00,-3.438943386077880859e+00,-2.744187355041503906e+00
8.840000000000000568e+01,-4.213619232177734375e-01,-3.529472351074218750e-01,-7.658576965332031250e-02,2.529602050781250000e+00,3.438943386077880859e+00,2.744187355041503906e+00,-2.529602050781250000e+00,-3.438943386077880859e+00,-2.744187355041503906e+00
8.843999999999999773e+01,-4.192276000976562500e-01,-3.511772155761718750e-01,-7.592773437500000000e-02,2.529602050781250000e+00,3.438943386077880859e+00,2.744187355041503906e+00,-2.529602050781250000e+00,-3.438943386077880859e+00,-2.744187355041503906e+00
8.848000000000000398e+01,-4.170894622802734375e-01,-3.494052886962890625e-01,-7.526779174804687500e-02,2.529602050781250000e+00,3.438943386077880859e+00,2.744187355041503906e+00,-2.529602050781250000e+00,-3.438943386077880859e+00,-2.744187355041503906e+00
8.851999999999999602e+01,-4.149494171142578125e-01,-3.476314544677734375e-01,-7.460784912109375000e-02,2.529602050781250000e+00,3.438943386077880859e+00,2.744187355041503906e+00,-2.529602050781250000e+00,-3.438943386077880859e+00,-2.744187355041503906e+00
8.856000000000000227e+01,-4.128093719482421875e-01,-3.458557128906250000e-01,-7.394790649414062500e-02,2.529602050781250000e+00,3.438943386077880859e+00,2.744187355041503906e+00,-2.529602050781250000e+00,-3.438943386077880859e+00,-2.744187355041503906e+00
8.860000000000000853e+01,-4.106655120849609375e-01,-3.440799713134765625e-01,-7.328605651855468750e-02,2.529602050781250000e+00,3.438943386077880859e+00,2.744187355041503906e+00,-2.529602050781250000e+00,-3.438943386077880859e+00,-2.744187355041503906e+00
8.864000000000000057e+01,-4.085197448730468750e-01,-3.423004150390625000e-01,-7.262420654296875000e-02,2.529602050781250000e+00,3.438943386077880859e+00,2.744187355041503906e+00,-2.529602050781250000e+00,-3.438943386077880859e+00,-2.744187355041503906e+00
8.868000000000000682e+01,-4.063720703125000000e-01,-3.405208587646484375e-01,-7.196235656738281250e-02,2.529602050781250000e+00,3.438943386077880859e+00,2.744187355041503906e+00,-2.529602050781250000e+00,-3.438943386077880859e+00,-2.744187355041503906e+00
8.871999999999999886e+01,-4.042224884033203125e-01,-3.387374877929687500e-01,-7.130050659179687500e-02,2.529602050781250000e+00,3.438943386077880859e+00,2.744187355041503906e+00,-2.529602050781250000e+00,-3.438943386077880859e+00,-2.744187355041503906e+00
8.876000000000000512e+01,-4.020709991455078125e-01,-3.369541168212890625e-01,-7.063674926757812500e-02,2.529602050781250000e+00,3.438943386077880859e+00,2.744187355041503906e+00,-2.529602050781250000e+00,-3.438943386077880859e+00,-2.744187355041503906e+00
8.879999999999999716e+01,-3.999176025390625000e-01,-3.351688385009765625e-01,-6.997299194335937500e-02,2.529602050781250000e+00,3.438943386077880859e+00,2.744187355041503906e+00,-2.529602050781250000e+00,-3.438943386077880859e+00,-2.744187355041503906e+00
8.884000000000000341e+01,-3.977622985839843750e-01,-3.333816528320312500e-01,-6.930923461914062500e-02,2.529602050781250000e+00,3.438943386077880859e+00,2.744187355041503906e+00,-2.529602050781250000e+00,-3.438943386077880859e+00,-2.744187355041503906e+00
8.887999999999999545e+01,-3.956050872802734375e-01,-3.315925598144531250e-01,-6.864547729492187500e-02,2.529602050781250000e+00,3.438943386077880859e+00,2.744187355041503906e+00,-2.529602050781250000e+00,-3.438943386077880859e+00,-2.744187355041503906e+00
8.892000000000000171e+01,-3.934459686279296875e-01,-3.298015594482421875e-01,-6.798171997070312500e-02,2.529602050781250000e+00,3.438943386077880859e+00,2.744187355041503906e+00,-2.529602050781250000e+00,-3.438943386077880859e+00,-2.744187355041503906e+00
8.896000000000000796e+01,-3.912849426269531250e-01,-3.280086517333984375e-01,-6.731605529785156250e-02,2.529602050781250000e+00,3.438943386077880859e+00,2.744187355041503906e+00,-2.529602050781250000e+00,-3.438943386077880859e+00,-2.744187355041503906e+00
8.900000000000000000e+01,-3.891220092773437500e-01,-3.262138366699218750e-01,-6.665039062500000000e-02,2.529602050781250000e+00,3.438943386077880859e+00,2.744187355041503906e+00,-2.529602050781250000e+00,-3.438943386077880859e+00,-2.744187355041503906e+00
8.904000000000000625e+01,-3.869571685791015625e-01,-3.244171142578125000e-01,-6.598472595214843750e-02,2.529602050781250000e+00,3.438943386077880859e+00,2.744187355041503906e+00,-2.529602050781250000e+00,-3.438943386077880859e+00,-2.744187355041503906e+00
8.907999999999999829e+01,-3.847885131835937500e-01,-3.226184844970703125e-01,-6.531906127929687500e-02,2.529602050781250000e+00,3.438943386077880859e+00,2.744187355041503906e+00,-2.529602050781250000e+00,-3.438943386077880859e+00,-2.744187355041503906e+00
8.912000000000000455e+01,-3.826179504394531250e-01,-3.208179473876953125e-01,-6.465148925781250000e-02,2.529602050781250000e+00,3.438943386077880859e+00,2.744187355041503906e+00,-2.529602050781250000e+00,-3.438943386077880859e+00,-2.744187355041503906e+00
8.915999999999999659e+01,-3.804454803466796875e-01,-3.190155029296875000e-01,-6.398200988769531250e-02,2.529602050781250000e+00,3.438943386077880859e+00,2.744187355041503906e+00,-2.529602050781250000e+00,-3.438943386077880859e+00,-2.744187355041503906e+00
8.920000000000000284e+01,-3.782711029052734375e-01,-3.172130584716796875e-01,-6.331253051757812500e-02,2.529602050781250000e+00,3.438943386077880859e+00,2.744187355041503906e+00,-2.529602050781250000e+00,-3.438943386077880859e+00,-2.744187355041503906e+00
8.923999999999999488e+01,-3.760929107666015625e-01,-3.154067993164062500e-01,-6.264305114746093750e-02,2.529602050781250000e+00,3.438943386077880859e+00,2.744187355041503906e+00,-2.529602050781250000e+00,-3.438943386077880859e+00,-2.744187355041503906e+00
8.928000000000000114e+01,-3.739128112792968750e-01,-3.135986328125000000e-01,-6.197357177734375000e-02,2.529602050781250000e+00,3.438943386077880859e+00,2.744187355041503906e+00,-2.529602050781250000e+00,-3.438943386077880859e+00,-2.744187355041503906e+00
8.932000000000000739e+01,-3.717308044433593750e-01,-3.117904663085937500e-01,-6.130409240722656250e-02,2.529602050781250000e+00,3.438943386077880859e+00,2.744187355041503906e+00,-2.529602050781250000e+00,-3.438943386077880859e+00,-2.744187355041503906e+00
8.935999999999999943e+01,-3.695468902587890625e-01,-3.099803924560546875e-01,-6.063270568847656250e-02,2.529602050781250000e+00,3.438943386077880859e+00,2.744187355041503906e+00,-2.529602050781250000e+00,-3.438943386077880859e+00,-2.744187355041503906e+00
8.940000000000000568e+01,-3.673610687255859375e-01,-3.081684112548828125e-01,-5.996131896972656250e-02,2.529602050781250000e+00,3.438943386077880859e+00,2.744187355041503906e+00,-2.529602050781250000e+00,-3.438943386077880859e+00,-2.744187355041503906e+00
8.943999999999999773e+01,-3.651733398437500000e-01,-3.063526153564453125e-01,-5.928993225097656250e-02,2.529602050781250000e+00,3.438943386077880859e+00,2.744187355041503906e+00,-2.529602050781250000e+00,-3.438943386077880859e+00,-2.744187355041503906e+00
8.948000000000000398e+01,-3.629837036132812500e-01,-3.045368194580078125e-01,-5.861854553222656250e-02,2.529602050781250000e+00,3.438943386077880859e+00,2.744187355041503906e+00,-2.529602050781250000e+00,-3.438943386077880859e+00,-2.744187355041503906e+00
8.951999999999999602e+01,-3.607902526855468750e-01,-3.027191162109375000e-01,-5.794525146484375000e-02,2.529602050781250000e+00,3.438943386077880859e+00,2.744187355041503906e+00,-2.529602050781250000e+00,-3.438943386077880859e+00,-2.744187355041503906e+00
8.956000000000000227e+01,-3.585948944091796875e-01,-3.008995056152343750e-01,-5.727005004882812500e-02,2.529602050781250000e+00,3.438943386077880859e+00,2.744187355041503906e+00,-2.529602050781250000e+00,-3.438943386077880859e+00,-2.744187355041503906e+00
8.960000000000000853e+01,-3.563976287841796875e-01,-2.990779876708984375e-01,-5.659484863281250000e-02,2.529602050781250000e+00,3.438943386077880859e+00,2.744187355041503906e+00,-2.529602050781250000e+00,-3.438943386077880859e+00,-2.744187355041503906e+00
8.964000000000000057e+01,-3.541984558105468750e-01,-2.972545623779296875e-01,-5.591964721679687500e-02,2.529602050781250000e+00,3.438943386077880859e+00,2.744187355041503906e+00,-2.529602050781250000e+00,-3.438943386077880859e+00,-2.744187355041503906e+00
8.968000000000000682e+01,-3.519973754882812500e-01,-2.954311370849609375e-01,-5.524253845214843750e-02,2.529602050781250000e+00,3.438943386077880859e+00,2.744187355041503906e+00,-2.529602050781250000e+00,-3.438943386077880859e+00,-2.744187355041503906e+00
8.971999999999999886e+01,-3.497924804687500000e-01,-2.936058044433593750e-01,-5.456542968750000000e-02,2.529602050781250000e+00,3.438943386077880859e+00,2.744187355041503906e+00,-2.529602050781250000e+00,-3.438943386077880859e+00,-2.744187355041503906e+00
8.976000000000000512e+01,-3.475875854492187500e-01,-2.917766571044921875e-01,-5.388832092285156250e-02,2.529602050781250000e+00,3.438943386077880859e+00,2.744187355041503906e+00,-2.529602050781250000e+00,-3.438943386077880859e+00,-2.744187355041503906e+00
8.979999999999999716e+01,-3.453788757324218750e-01,-2.899456024169921875e-01,-5.321121215820312500e-02,2.529602050781250000e+00,3.438943386077880859e+00,2.744187355041503906e+00,-2.529602050781250000e+00,-3.438943386077880859e+00,-2.744187355041503906e+00
8.984000000000000341e+01,-3.431682586669921875e-01,-2.881126403808593750e-01,-5.253219604492187500e-02,2.529602050781250000e+00,3.438943386077880859e+00,2.744187355041503906e+00,-2.529602050781250000e+00,-3.438943386077880859e+00,-2.744187355041503906e+00
8.987999999999999545e+01,-3.409557342529296875e-01,-2.862777709960937500e-01,-5.185317993164062500e-02,2.529602050781250000e+00,3.438943386077880859e+00,2.744187355041503906e+00,-2.529602050781250000e+00,-3.438943386077880859e+00,-2.744187355041503906e+00
8.992000000000000171e+01,-3.387413024902343750e-01,-2.844409942626953125e-01,-5.117416381835937500e-02,2.529602050781250000e+00,3.438943386077880859e+00,2.744187355041503906e+00,-2.529602050781250000e+00,-3.438943386077880859e+00,-2.744187355041503906e+00
8.996000000000000796e+01,-3.365230560302734375e-01,-2.826023101806640625e-01,-5.049324035644531250e-02,2.529602050781250000e+00,3.438943386077880859e+00,2.744187355041503906e+00,-2.529602050781250000e+00,-3.438943386077880859e+00,-2.744187355041503906e+00
9.000000000000000000e+01,-3.343048095703125000e-01,-2.807617187500000000e-01,-4.981231689453125000e-02,2.529602050781250000e+00,3.438943386077880859e+00,2.744187355041503906e+00,-2.529602050781250000e+00,-3.438943386077880859e+00,-2.744187355041503906e+00
9.004000000000000625e+01,-3.320827484130859375e-01,-2.789211273193359375e-01,-4.913330078125000000e-02,2.529602050781250000e+00,3.438943386077880859e+00,2.744187355041503906e+00,-2.529602050781250000e+00,-3.438943386077880859e+00,-2.744187355041503906e+00
9.007999999999999829e+01,-3.298606872558593750e-01,-2.770786285400390625e-01,-4.845237731933593750e-02,2.529602050781250000e+00,3.438943386077880859e+00,2.744187355041503906e+00,-2.529602050781250000e+00,-3.438943386077880859e+00,-2.744187355041503906e+00
9.012000000000000455e+01,-3.276348114013671875e-01,-2.752342224121093750e-01,-4.777145385742187500e-02,2.529602050781250000e+00,3.438943386077880859e+00,2.744187355041503906e+00,-2.529602050781250000e+00,-3.438943386077880859e+00,-2.744187355041503906e+00
9.015999999999999659e+01,-3.254070281982421875e-01,-2.733879089355468750e-01,-4.708862304687500000e-02,2.529602050781250000e+00,3.438943386077880859e+00,2.744187355041503906e+00,-2.529602050781250000e+00,-3.438943386077880859e+00,-2.744187355041503906e+00
9.020000000000000284e+01,-3.231773376464843750e-01,-2.715396881103515625e-01,-4.640579223632812500e-02,2.529602050781250000e+00,3.438943386077880859e+00,2.744187355041503906e+00,-2.529602050781250000e+00,-3.438943386077880859e+00,-2.744187355041503906e+00
9.023999999999999488e+01,-3.209457397460937500e-01,-2.696895599365234375e-01,-4.572296142578125000e-02,2.529602050781250000e+00,3.438943386077880859e+00,2.744187355041503906e+00,-2.529602050781250000e+00,-3.438943386077880859e+00,-2.744187355041503906e+00
9.028000000000000114e+01,-3.187122344970703125e-01,-2.678394317626953125e-01,-4.503822326660156250e-02,2.529602050781250000e+00,3.438943386077880859e+00,2.744187355041503906e+00,-2.529602050781250000e+00,-3.438943386077880859e+00,-2.744187355041503906e+00
9.032000000000000739e+01,-3.164749145507812500e-01,-2.659873962402343750e-01,-4.435348510742187500e-02,2.529602050781250000e+00,3.438943386077880859e+00,2.744187355041503906e+00,-2.529602050781250000e+00,-3.438943386077880859e+00,-2.744187355041503906e+00
9.035999999999999943e+01,-3.142375946044921875e-01,-2.641334533691406250e-01,-4.366683959960937500e-02,2.529602050781250000e+00,3.438943386077880859e+00,2.744187355041503906e+00,-2.529602050781250000e+00,-3.438943386077880859e+00,-2.744187355041503906e+00
9.040000000000000568e+01,-3.119964599609375000e-01,-2.622756958007812500e-01,-4.298019409179687500e-02,2.529602050781250000e+00,3.438943386077880859e+00,2.744187355041503906e+00,-2.529602050781250000e+00,-3.438943386077880859e+00,-2.744187355041503906e+00
9.043999999999999773e+01,-3.097553253173828125e-01,-2.604160308837890625e-01,-4.229545593261718750e-02,2.529602050781250000e+00,3.438943386077880859e+00,2.744187355041503906e+00,-2.529602050781250000e+00,-3.438943386077880859e+00,-2.744187355041503906e+00
9.048000000000000398e+01,-3.075103759765625000e-01,-2.585544586181640625e-01,-4.160881042480468750e-02,2.529602050781250000e+00,3.438943386077880859e+00,2.744187355041503906e+00,-2.529602050781250000e+00,-3.438943386077880859e+00,-2.744187355041503906e+00
9.051999999999999602e+01,-3.052635192871093750e-01,-2.566909790039062500e-01,-4.092216491699218750e-02,2.529602050781250000e+00,3.438943386077880859e+00,2.744187355041503906e+00,-2.529602050781250000e+00,-3.438943386077880859e+00,-2.744187355041503906e+00
9.056000000000000227e+01,-3.030128479003906250e-01,-2.548255920410156250e-01,-4.023361206054687500e-02,2.529602050781250000e+00,3.438943386077880859e+00,2.744187355041503906e+00,-2.529602050781250000e+00,-3.438943386077880859e+00,-2.744187355041503906e+00
9.060000000000000853e+01,-3.007621765136718750e-01,-2.529602050781250000e-01,-3.954505920410156250e-02,2.529602050781250000e+00,3.438943386077880859e+00,2.744187355041503906e+00,-2.529602050781250000e+00,-3.438943386077880859e+00,-2.744187355041503906e+00
9.064000000000000057e+01,-2.985095977783203125e-01,-2.510929107666015625e-01,-3.885459899902343750e-02,2.529602050781250000e+00,3.438943386077880859e+00,2.744187355041503906e+00,-2.529602050781250000e+00,-3.438943386077880859e+00,-2.744187355041503906e+00
9.068000000000000682e+01,-2.962532043457031250e-01,-2.492237091064453125e-01,-3.816604614257812500e-02,2.529602050781250000e+00,3.438943386077880859e+00,2.744187355041503906e+00,-2.529602050781250000e+00,-3.438943386077880859e+00,-2.744187355041503906e+00
9.071999999999999886e+01,-2.939949035644531250e-01,-2.473526000976562500e-01,-3.747558593750000000e-02,2.529602050781250000e+00,3.438943386077880859e+00,2.744187355041503906e+00,-2.529602050781250000e+00,-3.438943386077880859e+00,-2.744187355041503906e+00
9.076000000000000512e+01,-2.917366027832031250e-01,-2.454795837402343750e-01,-3.678512573242187500e-02,2.529602050781250000e+00,3.438943386077880859e+00,2.744187355041503906e+00,-2.529602050781250000e+00,-3.438943386077880859e+00,-2.744187355041503906e+00
9.079999999999999716e+01,-2.894744873046875000e-01,-2.436065673828125000e-01,-3.609275817871093750e-02,2.529602050781250000e+00,3.438943386077880859e+00,2.744187355041503906e+00,-2.529602050781250000e+00,-3.438943386077880859e+00,-2.744187355041503906e+00
9.084000000000000341e+01,-2.872104644775390625e-01,-2.417297363281250000e-01,-3.540229797363281250e-02,2.529602050781250000e+00,3.438943386077880859e+00,2.744187355041503906e+00,-2.529602050781250000e+00,-3.438943386077880859e+00,-2.744187355041503906e+00
9.087999999999999545e+01,-2.849445343017578125e-01,-2.398509979248046875e-01,-3.470993041992187500e-02,2.529602050781250000e+00,3.438943386077880859e+00,2.744187355041503906e+00,-2.529602050781250000e+00,-3.438943386077880859e+00,-2.744187355041503906e+00
9.092000000000000171e+01,-2.826747894287109375e-01,-2.379703521728515625e-01,-3.401756286621093750e-02,2.529602050781250000e+00,3.438943386077880859e+00,2.744187355041503906e+00,-2.529602050781250000e+00,-3.438943386077880859e+00,-2.744187355041503906e+00
9.096000000000000796e+01,-2.804050445556640625e-01,-2.360897064208984375e-01,-3.332328796386718750e-02,2.529602050781250000e+00,3.438943386077880859e+00,2.744187355041503906e+00,-2.529602050781250000e+00,-3.438943386077880859e+00,-2.744187355041503906e+00
9.100000000000000000e+01,-2.781333923339843750e-01,-2.342071533203125000e-01,-3.262901306152343750e-02,2.529602050781250000e+00,3.438943386077880859e+00,2.744187355041503906e+00,-2.529602050781250000e+00,-3.438943386077880859e+00,-2.744187355041503906e+00
9.104000000000000625e+01,-2.758579254150390625e-01,-2.323207855224609375e-01,-3.193473815917968750e-02,2.529602050781250000e+00,3.438943386077880859e+00,2.744187355041503906e+00,-2.529602050781250000e+00,-3.438943386077880859e+00,-2.744187355041503906e+00
9.107999999999999829e+01,-2.735805511474609375e-01,-2.304325103759765625e-01,-3.123855590820312500e-02,2.529602050781250000e+00,3.438943386077880859e+00,2.744187355041503906e+00,-2.529602050781250000e+00,-3.438943386077880859e+00,-2.744187355041503906e+00
9.112000000000000455e+01,-2.713012695312500000e-01,-2.285442352294921875e-01,-3.054428100585937500e-02,2.529602050781250000e+00,3.438943386077880859e+00,2.744187355041503906e+00,-2.529602050781250000e+00,-3.438943386077880859e+00,-2.744187355041503906e+00
9.115999999999999659e+01,-2.690200805664062500e-01,-2.266521453857421875e-01,-2.984809875488281250e-02,2.529602050781250000e+00,3.438943386077880859e+00,2.744187355041503906e+00,-2.529602050781250000e+00,-3.438943386077880859e+00,-2.744187355041503906e+00
9.120000000000000284e+01,-2.667369842529296875e-01,-2.247581481933593750e-01,-2.915000915527343750e-02,2.529602050781250000e+00,3.438943386077880859e+00,2.744187355041503906e+00,-2.529602050781250000e+00,-3.438943386077880859e+00,-2.744187355041503906e+00
9.123999999999999488e+01,-2.644500732421875000e-01,-2.228641510009765625e-01,-2.845382690429687500e-02,2.529602050781250000e+00,3.438943386077880859e+00,2.744187355041503906e+00,-2.529602050781250000e+00,-3.438943386077880859e+00,-2.744187355041503906e+00
9.128000000000000114e+01,-2.621612548828125000e-01,-2.209682464599609375e-01,-2.775573730468750000e-02,2.529602050781250000e+00,3.438943386077880859e+00,2.744187355041503906e+00,-2.529602050781250000e+00,-3.438943386077880859e+00,-2.744187355041503906e+00
9.132000000000000739e+01,-2.598705291748046875e-01,-2.190704345703125000e-01,-2.705764770507812500e-02,2.529602050781250000e+00,3.438943386077880859e+00,2.744187355041503906e+00,-2.529602050781250000e+00,-3.438943386077880859e+00,-2.744187355041503906e+00
9.135999999999999943e+01,-2.575778961181640625e-01,-2.171707153320312500e-01,-2.635955810546875000e-02,2.529602050781250000e+00,3.438943386077880859e+00,2.744187355041503906e+00,-2.529602050781250000e+00,-3.438943386077880859e+00,-2.744187355041503906e+00
9.140000000000000568e+01,-2.552833557128906250e-01,-2.152690887451171875e-01,-2.565956115722656250e-02,2.529602050781250000e+00,3.438943386077880859e+00,2.744187355041503906e+00,-2.529602050781250000e+00,-3.438943386077880859e+00,-2.744187355041503906e+00
9.143999999999999773e+01,-2.529869079589843750e-01,-2.133655548095703125e-01,-2.495765686035156250e-02,2.529602050781250000e+00,3.438943386077880859e+00,2.744187355041503906e+00,-2.529602050781250000e+00,-3.438943386077880859e+00,-2.744187355041503906e+00
9.148000000000000398e+01,-2.506885528564453125e-01,-2.114601135253906250e-01,-2.425765991210937500e-02,2.529602050781250000e+00,3.438943386077880859e+00,2.744187355041503906e+00,-2.529602050781250000e+00,-3.438943386077880859e+00,-2.744187355041503906e+00
9.151999999999999602e+01,-2.483863830566406250e-01,-2.095546722412109375e-01,-2.355575561523437500e-02,2.529602050781250000e+00,3.438943386077880859e+00,2.744187355041503906e+00,-2.529602050781250000e+00,-3.438943386077880859e+00,-2.744187355041503906e+00
9.156000000000000227e+01,-2.460823059082031250e-01,-2.076454162597656250e-01,-2.285385131835937500e-02,2.529602050781250000e+00,3.438943386077880859e+00,2.744187355041503906e+00,-2.529602050781250000e+00,-3.438943386077880859e+00,-2.744187355041503906e+00
9.160000000000000853e+01,-2.437763214111328125e-01,-2.057361602783203125e-01,-2.215194702148437500e-02,2.529602050781250000e+00,3.438943386077880859e+00,2.744187355041503906e+00,-2.529602050781250000e+00,-3.438943386077880859e+00,-2.744187355041503906e+00
9.164000000000000057e+01,-2.414684295654296875e-01,-2.038230895996093750e-01,-2.144813537597656250e-02,2.529602050781250000e+00,3.438943386077880859e+00,2.744187355041503906e+00,-2.529602050781250000e+00,-3.438943386077880859e+00,-2.744187355041503906e+00
9.168000000000000682e+01,-2.391586303710937500e-01,-2.019081115722656250e-01,-2.074432373046875000e-02,2.529602050781250000e+00,3.438943386077880859e+00,2.744187355041503906e+00,-2.529602050781250000e+00,-3.438943386077880859e+00,-2.744187355041503906e+00
9.171999999999999886e+01,-2.368469238281250000e-01,-1.999931335449218750e-01,-2.004051208496093750e-02,2.529602050781250000e+00,3.438943386077880859e+00,2.744187355041503906e+00,-2.529602050781250000e+00,-3.438943386077880859e+00,-2.744187355041503906e+00
9.176000000000000512e+01,-2.345333099365234375e-01,-1.980743408203125000e-01,-1.933670043945312500e-02,2.529602050781250000e+00,3.438943386077880859e+00,2.744187355041503906e+00,-2.529602050781250000e+00,-3.438943386077880859e+00,-2.744187355041503906e+00
9.179999999999999716e+01,-2.322177886962890625e-01,-1.961555480957031250e-01,-1.863098144531250000e-02,2.529602050781250000e+00,3.438943386077880859e+00,2.744187355041503906e+00,-2.529602050781250000e+00,-3.438943386077880859e+00,-2.744187355041503906e+00
9.184000000000000341e+01,-2.298984527587890625e-01,-1.942348480224609375e-01,-1.792526245117187500e-02,2.529602050781250000e+00,3.438943386077880859e+00,2.744187355041503906e+00,-2.529602050781250000e+00,-3.438943386077880859e+00,-2.744187355041503906e+00
9.187999999999999545e+01,-2.275772094726562500e-01,-1.923122406005859375e-01,-1.721763610839843750e-02,2.529602050781250000e+00,3.438943386077880859e+00,2.744187355041503906e+00,-2.529602050781250000e+00,-3.438943386077880859e+00,-2.744187355041503906e+00
9.192000000000000171e+01,-2.252540588378906250e-01,-1.903877258300781250e-01,-1.651191711425781250e-02,2.529602050781250000e+00,3.438943386077880859e+00,2.744187355041503906e+00,-2.529602050781250000e+00,-3.438943386077880859e+00,-2.744187355041503906e+00
9.196000000000000796e+01,-2.229290008544921875e-01,-1.884613037109375000e-01,-1.580429077148437500e-02,2.529602050781250000e+00,3.438943386077880859e+00,2.744187355041503906e+00,-2.529602050781250000e+00,-3.438943386077880859e+00,-2.744187355041503906e+00
9.200000000000000000e+01,-2.206039428710937500e-01,-1.865329742431640625e-01,-1.509666442871093750e-02,2.529602050781250000e+00,3.438943386077880859e+00,2.744187355041503906e+00,-2.529602050781250000e+00,-3.438943386077880859e+00,-2.744187355041503906e+00
9.204000000000000625e+01,-2.182750701904296875e-01,-1.846027374267578125e-01,-1.438713073730468750e-02,2.529602050781250000e+00,3.438943386077880859e+00,2.744187355041503906e+00,-2.529602050781250000e+00,-3.438943386077880859e+00,-2.744187355041503906e+00
9.207999999999999829e+01,-2.159442901611328125e-01,-1.826705932617187500e-01,-1.367759704589843750e-02,2.529602050781250000e+00,3.438943386077880859e+00,2.744187355041503906e+00,-2.529602050781250000e+00,-3.438943386077880859e+00,-2.744187355041503906e+00
9.212000000000000455e+01,-2.136116027832031250e-01,-1.807384490966796875e-01,-1.296806335449218750e-02,2.529602050781250000e+00,3.438943386077880859e+00,2.744187355041503906e+00,-2.529602050781250000e+00,-3.438943386077880859e+00,-2.744187355041503906e+00
9.215999999999999659e+01,-2.112770080566406250e-01,-1.788024902343750000e-01,-1.225852966308593750e-02,2.529602050781250000e+00,3.438943386077880859e+00,2.744187355041503906e+00,-2.529602050781250000e+00,-3.438943386077880859e+00,-2.744187355041503906e+00
9.220000000000000284e+01,-2.089385986328125000e-01,-1.768665313720703125e-01,-1.154899597167968750e-02,2.529602050781250000e+00,3.438943386077880859e+00,2.744187355041503906e+00,-2.529602050781250000e+00,-3.438943386077880859e+00,-2.744187355041503906e+00
9.223999999999999488e+01,-2.065982818603515625e-01,-1.749286651611328125e-01,-1.083755493164062500e-02,2.529602050781250000e+00,3.438943386077880859e+00,2.744187355041503906e+00,-2.529602050781250000e+00,-3.438943386077880859e+00,-2.744187355041503906e+00
9.228000000000000114e+01,-2.042579650878906250e-01,-1.729869842529296875e-01,-1.012611389160156250e-02,2.529602050781250000e+00,3.438943386077880859e+00,2.744187355041503906e+00,-2.529602050781250000e+00,-3.438943386077880859e+00,-2.744187355041503906e+00
9.232000000000000739e+01,-2.019138336181640625e-01,-1.710453033447265625e-01,-9.412765502929687500e-03,2.529602050781250000e+00,3.438943386077880859e+00,2.744187355041503906e+00,-2.529602050781250000e+00,-3.438943386077880859e+00,-2.744187355041503906e+00
9.235999999999999943e+01,-1.995677947998046875e-01,-1.691017150878906250e-01,-8.699417114257812500e-03,2.529602050781250000e+00,3.438943386077880859e+00,2.744187355041503906e+00,-2.529602050781250000e+00,-3.438943386077880859e+00,-2.744187355041503906e+00
9.240000000000000568e+01,-1.972198486328125000e-01,-1.671543121337890625e-01,-7.986068725585937500e-03,2.529602050781250000e+00,3.438943386077880859e+00,2.744187355041503906e+00,-2.529602050781250000e+00,-3.438943386077880859e+00,-2.744187355041503906e+00
9.243999999999999773e+01,-1.948680877685546875e-01,-1.652069091796875000e-01,-7.270812988281250000e-03,2.529602050781250000e+00,3.438943386077880859e+00,2.744187355041503906e+00,-2.529602050781250000e+00,-3.438943386077880859e+00,-2.744187355041503906e+00
9.248000000000000398e+01,-1.925163269042968750e-01,-1.632575988769531250e-01,-6.557464599609375000e-03,2.529602050781250000e+00,3.438943386077880859e+00,2.744187355041503906e+00,-2.529602050781250000e+00,-3.438943386077880859e+00,-2.744187355041503906e+00
9.251999999999999602e+01,-1.901607513427734375e-01,-1.613044738769531250e-01,-5.842208862304687500e-03,2.529602050781250000e+00,3.438943386077880859e+00,2.744187355041503906e+00,-2.529602050781250000e+00,-3.438943386077880859e+00,-2.744187355041503906e+00
9.256000000000000227e+01,-1.878032684326171875e-01,-1.593513488769531250e-01,-5.126953125000000000e-03,2.529602050781250000e+00,3.438943386077880859e+00,2.744187355041503906e+00,-2.529602050781250000e+00,-3.438943386077880859e+00,-2.744187355041503906e+00
9.260000000000000853e+01,-1.854438781738281250e-01,-1.573963165283203125e-01,-4.411697387695312500e-03,2.529602050781250000e+00,3.438943386077880859e+00,2.744187355041503906e+00,-2.529602050781250000e+00,-3.438943386077880859e+00,-2.744187355041503906e+00
9.264000000000000057e+01,-1.830825805664062500e-01,-1.554393768310546875e-01,-3.694534301757812500e-03,2.529602050781250000e+00,3.438943386077880859e+00,2.744187355041503906e+00,-2.529602050781250000e+00,-3.438943386077880859e+00,-2.744187355041503906e+00
9.268000000000000682e+01,-1.807193756103515625e-01,-1.534805297851562500e-01,-2.977371215820312500e-03,2.529602050781250000e+00,3.438943386077880859e+00,2.744187355041503906e+00,-2.529602050781250000e+00,-3.438943386077880859e+00,-2.744187355041503906e+00
9.271999999999999886e+01,-1.783523559570312500e-01,-1.515197753906250000e-01,-2.260208129882812500e-03,2.529602050781250000e+00,3.438943386077880859e+00,2.744187355041503906e+00,-2.529602050781250000e+00,-3.438943386077880859e+00,-2.744187355041503906e+00
9.276000000000000512e+01,-1.759853363037109375e-01,-1.495571136474609375e-01,-1.541137695312500000e-03,2.529602050781250000e+00,3.438943386077880859e+00,2.744187355041503906e+00,-2.529602050781250000e+00,-3.438943386077880859e+00,-2.744187355041503906e+00
9.279999999999999716e+01,-1.736145019531250000e-01,-1.475944519042968750e-01,-8.220672607421875000e-04,2.529602050781250000e+00,3.438943386077880859e+00,2.744187355041503906e+00,-2.529602050781250000e+00,-3.438943386077880859e+00,-2.744187355041503906e+00
9.284000000000000341e+01,-1.712436676025390625e-01,-1.456298828125000000e-01,-1.029968261718750000e-04,2.529602050781250000e+00,3.438943386077880859e+00,2.744187355041503906e+00,-2.529602050781250000e+00,-3.438943386077880859e+00,-2.744187355041503906e+00
9.287999999999999545e+01,-1.688690185546875000e-01,-1.436634063720703125e-01,6.160736083984375000e-04,2.529602050781250000e+00,3.438943386077880859e+00,2.744187355041503906e+00,-2.529602050781250000e+00,-3.438943386077880859e+00,-2.744187355041503906e+00
9.292000000000000171e+01,-1.664924621582031250e-01,-1.416931152343750000e-01,1.337051391601562500e-03,2.529602050781250000e+00,3.438943386077880859e+00,2.744187355041503906e+00,-2.529602050781250000e+00,-3.438943386077880859e+00,-2.744187355041503906e+00
9.296000000000000796e+01,-1.641139984130859375e-01,-1.397209167480468750e-01,2.058029174804687500e-03,2.529602050781250000e+00,3.438943386077880859e+00,2.744187355041503906e+00,-2.529602050781250000e+00,-3.438943386077880859e+00,-2.744187355041503906e+00
9.300000000000000000e+01,-1.617317199707031250e-01,-1.377487182617187500e-01,2.779006958007812500e-03,2.529602050781250000e+00,3.438943386077880859e+00,2.744187355041503906e+00,-2.529602050781250000e+00,-3.438943386077880859e+00,-2.744187355041503906e+00
9.304000000000000625e+01,-1.593494415283203125e-01,-1.357746124267578125e-01,3.501892089843750000e-03,2.529602050781250000e+00,3.438943386077880859e+00,2.744187355041503906e+00,-2.529602050781250000e+00,-3.438943386077880859e+00,-2.744187355041503906e+00
9.307999999999999829e+01,-1.569633483886718750e-01,-1.337985992431640625e-01,4.224777221679687500e-03,2.529602050781250000e+00,3.438943386077880859e+00,2.744187355041503906e+00,-2.529602050781250000e+00,-3.438943386077880859e+00,-2.744187355041503906e+00
9.312000000000000455e+01,-1.545772552490234375e-01,-1.318225860595703125e-01,4.947662353515625000e-03,2.529602050781250000e+00,3.438943386077880859e+00,2.744187355041503906e+00,-2.529602050781250000e+00,-3.438943386077880859e+00,-2.744187355041503906e+00
9.315999999999999659e+01,-1.521911621093750000e-01,-1.298465728759765625e-01,5.670547485351562500e-03,2.529602050781250000e+00,3.438943386077880859e+00,2.744187355041503906e+00,-2.529602050781250000e+00,-3.438943386077880859e+00,-2.744187355041503906e+00
9.320000000000000284e+01,-1.498069763183593750e-01,-1.278724670410156250e-01,6.389617919921875000e-03,2.529602050781250000e+00,3.438943386077880859e+00,2.744187355041503906e+00,-2.529602050781250000e+00,-3.438943386077880859e+00,-2.744187355041503906e+00
9.323999999999999488e+01,-1.474246978759765625e-01,-1.259002685546875000e-01,7.108688354492187500e-03,2.529602050781250000e+00,3.438943386077880859e+00,2.744187355041503906e+00,-2.529602050781250000e+00,-3.438943386077880859e+00,-2.744187355041503906e+00
9.328000000000000114e+01,-1.450500488281250000e-01,-1.239318847656250000e-01,7.822036743164062500e-03,2.529602050781250000e+00,3.438943386077880859e+00,2.744187355041503906e+00,-2.529602050781250000e+00,-3.438943386077880859e+00,-2.744187355041503906e+00
9.332000000000000739e+01,-1.426811218261718750e-01,-1.219692230224609375e-01,8.531570434570312500e-03,2.529602050781250000e+00,3.438943386077880859e+00,2.744187355041503906e+00,-2.529602050781250000e+00,-3.438943386077880859e+00,-2.744187355041503906e+00
9.335999999999999943e+01,-1.403217315673828125e-01,-1.200141906738281250e-01,9.235382080078125000e-03,2.529602050781250000e+00,3.438943386077880859e+00,2.744187355041503906e+00,-2.529602050781250000e+00,-3.438943386077880859e+00,-2.744187355041503906e+00
9.340000000000000568e+01,-1.379718780517578125e-01,-1.180667877197265625e-01,9.933471679687500000e-03,2.529602050781250000e+00,3.438943386077880859e+00,2.744187355041503906e+00,-2.529602050781250000e+00,-3.438943386077880859e+00,-2.744187355041503906e+00
9.343999999999999773e+01,-1.356353759765625000e-01,-1.161308288574218750e-01,1.062583923339843750e-02,2.529602050781250000e+00,3.438943386077880859e+00,2.744187355041503906e+00,-2.529602050781250000e+00,-3.438943386077880859e+00,-2.744187355041503906e+00
9.348000000000000398e+01,-1.333122253417968750e-01,-1.142063140869140625e-01,1.130867004394531250e-02,2.529602050781250000e+00,3.438943386077880859e+00,2.744187355041503906e+00,-2.529602050781250000e+00,-3.438943386077880859e+00,-2.744187355041503906e+00
9.351999999999999602e+01,-1.310062408447265625e-01,-1.122970581054687500e-01,1.198196411132812500e-02,2.529602050781250000e+00,3.438943386077880859e+00,2.744187355041503906e+00,-2.529602050781250000e+00,-3.438943386077880859e+00,-2.744187355041503906e+00
9.356000000000000227e+01,-1.287174224853515625e-01,-1.104030609130859375e-01,1.264572143554687500e-02,2.529602050781250000e+00,3.438943386077880859e+00,2.744187355041503906e+00,-2.529602050781250000e+00,-3.438943386077880859e+00,-2.744187355041503906e+00
9.360000000000000853e+01,-1.264495849609375000e-01,-1.085243225097656250e-01,1.329994201660156250e-02,2.529602050781250000e+00,3.438943386077880859e+00,2.744187355041503906e+00,-2.529602050781250000e+00,-3.438943386077880859e+00,-2.744187355041503906e+00
9.364000000000000057e+01,-1.242027282714843750e-01,-1.066627502441406250e-01,1.394462585449218750e-02,2.529602050781250000e+00,3.438943386077880859e+00,2.744187355041503906e+00,-2.529602050781250000e+00,-3.438943386077880859e+00,-2.744187355041503906e+00
9.368000000000000682e+01,-1.219787597656250000e-01,-1.048202514648437500e-01,1.457786560058593750e-02,2.529602050781250000e+00,3.438943386077880859e+00,2.744187355041503906e+00,-2.529602050781250000e+00,-3.438943386077880859e+00,-2.744187355041503906e+00
9.371999999999999886e+01,-1.197776794433593750e-01,-1.029987335205078125e-01,1.520156860351562500e-02,2.529602050781250000e+00,3.438943386077880859e+00,2.744187355041503906e+00,-2.529602050781250000e+00,-3.438943386077880859e+00,-2.744187355041503906e+00
9.376000000000000512e+01,-1.175994873046875000e-01,-1.011962890625000000e-01,1.581192016601562500e-02,2.529602050781250000e+00,3.438943386077880859e+00,2.744187355041503906e+00,-2.529602050781250000e+00,-3.438943386077880859e+00,-2.744187355041503906e+00
9.379999999999999716e+01,-1.154460906982421875e-01,-9.941482543945312500e-02,1.641273498535156250e-02,2.529602050781250000e+00,3.438943386077880859e+00,2.744187355041503906e+00,-2.529602050781250000e+00,-3.438943386077880859e+00,-2.744187355041503906e+00
9.384000000000000341e+01,-1.133193969726562500e-01,-9.765434265136718750e-02,1.700019836425781250e-02,2.529602050781250000e+00,3.438943386077880859e+00,2.744187355041503906e+00,-2.529602050781250000e+00,-3.438943386077880859e+00,-2.744187355041503906e+00
9.387999999999999545e+01,-1.112174987792968750e-01,-9.591484069824218750e-02,1.757621765136718750e-02,2.529602050781250000e+00,3.438943386077880859e+00,2.744187355041503906e+00,-2.529602050781250000e+00,-3.438943386077880859e+00,-2.744187355041503906e+00
9.392000000000000171e+01,-1.091423034667968750e-01,-9.420013427734375000e-02,1.813888549804687500e-02,2.529602050781250000e+00,3.438943386077880859e+00,2.744187355041503906e+00,-2.529602050781250000e+00,-3.438943386077880859e+00,-2.744187355041503906e+00
9.396000000000000796e+01,-1.070957183837890625e-01,-9.250640869140625000e-02,1.869010925292968750e-02,2.529602050781250000e+00,3.438943386077880859e+00,2.744187355041503906e+00,-2.529602050781250000e+00,-3.438943386077880859e+00,-2.744187355041503906e+00
9.400000000000000000e+01,-1.050777435302734375e-01,-9.083747863769531250e-02,1.922988891601562500e-02,2.529602050781250000e+00,3.438943386077880859e+00,2.744187355041503906e+00,-2.529602050781250000e+00,-3.438943386077880859e+00,-2.744187355041503906e+00
9.404000000000000625e+01,-1.030864715576171875e-01,-8.919143676757812500e-02,1.975822448730468750e-02,2.529602050781250000e+00,3.438943386077880859e+00,2.744187355041503906e+00,-2.529602050781250000e+00,-3.438943386077880859e+00,-2.744187355041503906e+00
9.407999999999999829e+01,-1.011257171630859375e-01,-8.756828308105468750e-02,2.027511596679687500e-02,2.529602050781250000e+00,3.438943386077880859e+00,2.744187355041503906e+00,-2.529602050781250000e+00,-3.438943386077880859e+00,-2.744187355041503906e+00
9.412000000000000455e+01,-9.919166564941406250e-02,-8.596801757812500000e-02,2.078056335449218750e-02,2.529602050781250000e+00,3.438943386077880859e+00,2.744187355041503906e+00,-2.529602050781250000e+00,-3.438943386077880859e+00,-2.744187355041503906e+00
9.415999999999999659e+01,-9.728431701660156250e-02,-8.439064025878906250e-02,2.127265930175781250e-02,2.529602050781250000e+00,3.438943386077880859e+00,2.744187355041503906e+00,-2.529602050781250000e+00,-3.438943386077880859e+00,-2.744187355041503906e+00
9.420000000000000284e+01,-9.540557861328125000e-02,-8.283805847167968750e-02,2.175521850585937500e-02,2.529602050781250000e+00,3.438943386077880859e+00,2.744187355041503906e+00,-2.529602050781250000e+00,-3.438943386077880859e+00,-2.744187355041503906e+00
9.423999999999999488e+01,-9.355545043945312500e-02,-8.130836486816406250e-02,2.222633361816406250e-02,2.529602050781250000e+00,3.438943386077880859e+00,2.744187355041503906e+00,-2.529602050781250000e+00,-3.438943386077880859e+00,-2.744187355041503906e+00
9.428000000000000114e+01,-9.173202514648437500e-02,-7.980155944824218750e-02,2.268600463867187500e-02,2.529602050781250000e+00,3.438943386077880859e+00,2.744187355041503906e+00,-2.529602050781250000e+00,-3.438943386077880859e+00,-2.744187355041503906e+00
9.432000000000000739e+01,-8.993721008300781250e-02,-7.831764221191406250e-02,2.313613891601562500e-02,2.529602050781250000e+00,3.438943386077880859e+00,2.744187355041503906e+00,-2.529602050781250000e+00,-3.438943386077880859e+00,-2.744187355041503906e+00
9.435999999999999943e+01,-8.816909790039062500e-02,-7.685661315917968750e-02,2.357673645019531250e-02,2.529602050781250000e+00,3.438943386077880859e+00,2.744187355041503906e+00,-2.529602050781250000e+00,-3.438943386077880859e+00,-2.744187355041503906e+00
9.440000000000000568e+01,-8.642768859863281250e-02,-7.541847229003906250e-02,2.400588989257812500e-02,2.529602050781250000e+00,3.438943386077880859e+00,2.744187355041503906e+00,-2.529602050781250000e+00,-3.438943386077880859e+00,-2.744187355041503906e+00
9.443999999999999773e+01,-8.471298217773437500e-02,-7.400321960449218750e-02,2.442550659179687500e-02,2.529602050781250000e+00,3.438943386077880859e+00,2.744187355041503906e+00,-2.529602050781250000e+00,-3.438943386077880859e+00,-2.744187355041503906e+00
9.448000000000000398e+01,-8.302688598632812500e-02,-7.261085510253906250e-02,2.483558654785156250e-02,2.529602050781250000e+00,3.438943386077880859e+00,2.744187355041503906e+00,-2.529602050781250000e+00,-3.438943386077880859e+00,-2.744187355041503906e+00
9.451999999999999602e+01,-8.136558532714843750e-02,-7.123947143554687500e-02,2.523422241210937500e-02,2.529602050781250000e+00,3.438943386077880859e+00,2.744187355041503906e+00,-2.529602050781250000e+00,-3.438943386077880859e+00,-2.744187355041503906e+00
9.456000000000000227e+01,-7.973098754882812500e-02,-6.988906860351562500e-02,2.562522888183593750e-02,2.529602050781250000e+00,3.438943386077880859e+00,2.744187355041503906e+00,-2.529602050781250000e+00,-3.438943386077880859e+00,-2.744187355041503906e+00
9.460000000000000853e+01,-7.812118530273437500e-02,-6.856155395507812500e-02,2.600669860839843750e-02,2.529602050781250000e+00,3.438943386077880859e+00,2.744187355041503906e+00,-2.529602050781250000e+00,-3.438943386077880859e+00,-2.744187355041503906e+00
9.464000000000000057e+01,-7.653808593750000000e-02,-6.725502014160156250e-02,2.638053894042968750e-02,2.529602050781250000e+00,3.438943386077880859e+00,2.744187355041503906e+00,-2.529602050781250000e+00,-3.438943386077880859e+00,-2.744187355041503906e+00
9.468000000000000682e+01,-7.497978210449218750e-02,-6.596946716308593750e-02,2.674484252929687500e-02,2.529602050781250000e+00,3.438943386077880859e+00,2.744187355041503906e+00,-2.529602050781250000e+00,-3.438943386077880859e+00,-2.744187355041503906e+00
9.471999999999999886e+01,-7.344627380371093750e-02,-6.470489501953125000e-02,2.710151672363281250e-02,2.529602050781250000e+00,3.438943386077880859e+00,2.744187355041503906e+00,-2.529602050781250000e+00,-3.438943386077880859e+00,-2.744187355041503906e+00
9.476000000000000512e+01,-7.193756103515625000e-02,-6.346130371093750000e-02,2.745056152343750000e-02,2.529602050781250000e+00,3.438943386077880859e+00,2.744187355041503906e+00,-2.529602050781250000e+00,-3.438943386077880859e+00,-2.744187355041503906e+00
9.479999999999999716e+01,-7.045364379882812500e-02,-6.223678588867187500e-02,2.779197692871093750e-02,2.529602050781250000e+00,3.438943386077880859e+00,2.744187355041503906e+00,-2.529602050781250000e+00,-3.438943386077880859e+00,-2.744187355041503906e+00
9.484000000000000341e+01,-6.899261474609375000e-02,-6.103324890136718750e-02,2.812576293945312500e-02,2.529602050781250000e+00,3.438943386077880859e+00,2.744187355041503906e+00,-2.529602050781250000e+00,-3.438943386077880859e+00,-2.744187355041503906e+00
9.487999999999999545e+01,-6.755447387695312500e-02,-5.984878540039062500e-02,2.845001220703125000e-02,2.529602050781250000e+00,3.438943386077880859e+00,2.744187355041503906e+00,-2.529602050781250000e+00,-3.438943386077880859e+00,-2.744187355041503906e+00
9.492000000000000171e+01,-6.614112854003906250e-02,-5.868530273437500000e-02,2.876663208007812500e-02,2.529602050781250000e+00,3.438943386077880859e+00,2.744187355041503906e+00,-2.529602050781250000e+00,-3.438943386077880859e+00,-2.744187355041503906e+00
9.496000000000000796e+01,-6.475067138671875000e-02,-5.754089355468750000e-02,2.907752990722656250e-02,2.529602050781250000e+00,3.438943386077880859e+00,2.744187355041503906e+00,-2.529602050781250000e+00,-3.438943386077880859e+00,-2.744187355041503906e+00
9.500000000000000000e+01,-6.338310241699218750e-02,-5.641555786132812500e-02,2.938079833984375000e-02,2.529602050781250000e+00,3.438943386077880859e+00,2.744187355041503906e+00,-2.529602050781250000e+00,-3.438943386077880859e+00,-2.744187355041503906e+00
9.504000000000000625e+01,-6.203842163085937500e-02,-5.530738830566406250e-02,2.967834472656250000e-02,2.529602050781250000e+00,3.438943386077880859e+00,2.744187355041503906e+00,-2.529602050781250000e+00,-3.438943386077880859e+00,-2.744187355041503906e+00
9.507999999999999829e+01,-6.071472167968750000e-02,-5.421829223632812500e-02,2.996826171875000000e-02,2.529602050781250000e+00,3.438943386077880859e+00,2.744187355041503906e+00,-2.529602050781250000e+00,-3.438943386077880859e+00,-2.744187355041503906e+00
9.512000000000000455e+01,-5.941390991210937500e-02,-5.314826965332031250e-02,3.025245666503906250e-02,2.529602050781250000e+00,3.438943386077880859e+00,2.744187355041503906e+00,-2.529602050781250000e+00,-3.438943386077880859e+00,-2.744187355041503906e+00
9.515999999999999659e+01,-5.813407897949218750e-02,-5.209541320800781250e-02,3.053092956542968750e-02,2.529602050781250000e+00,3.438943386077880859e+00,2.744187355041503906e+00,-2.529602050781250000e+00,-3.438943386077880859e+00,-2.744187355041503906e+00
9.520000000000000284e+01,-5.687522888183593750e-02,-5.105972290039062500e-02,3.080368041992187500e-02,2.529602050781250000e+00,3.438943386077880859e+00,2.744187355041503906e+00,-2.529602050781250000e+00,-3.438943386077880859e+00,-2.744187355041503906e+00
9.523999999999999488e+01,-5.563735961914062500e-02,-5.004119873046875000e-02,3.106880187988281250e-02,2.529602050781250000e+00,3.438943386077880859e+00,2.744187355041503906e+00,-2.529602050781250000e+00,-3.438943386077880859e+00,-2.744187355041503906e+00
9.528000000000000114e+01,-5.442047119140625000e-02,-4.904174804687500000e-02,3.132820129394531250e-02,2.529602050781250000e+00,3.438943386077880859e+00,2.744187355041503906e+00,-2.529602050781250000e+00,-3.438943386077880859e+00,-2.744187355041503906e+00
9.532000000000000739e+01,-5.322456359863281250e-02,-4.805755615234375000e-02,3.158187866210937500e-02,2.529602050781250000e+00,3.438943386077880859e+00,2.744187355041503906e+00,-2.529602050781250000e+00,-3.438943386077880859e+00,-2.744187355041503906e+00
9.535999999999999943e+01,-5.204772949218750000e-02,-4.709053039550781250e-02,3.182983398437500000e-02,2.529602050781250000e+00,3.438943386077880859e+00,2.744187355041503906e+00,-2.529602050781250000e+00,-3.438943386077880859e+00,-2.744187355041503906e+00
9.540000000000000568e+01,-5.089187622070312500e-02,-4.614067077636718750e-02,3.207397460937500000e-02,2.529602050781250000e+00,3.438943386077880859e+00,2.744187355041503906e+00,-2.529602050781250000e+00,-3.438943386077880859e+00,-2.744187355041503906e+00
9.543999999999999773e+01,-4.975509643554687500e-02,-4.520797729492187500e-02,3.231239318847656250e-02,2.529602050781250000e+00,3.438943386077880859e+00,2.744187355041503906e+00,-2.529602050781250000e+00,-3.438943386077880859e+00,-2.744187355041503906e+00
9.548000000000000398e+01,-4.863739013671875000e-02,-4.429054260253906250e-02,3.254508972167968750e-02,2.529602050781250000e+00,3.438943386077880859e+00,2.744187355041503906e+00,-2.529602050781250000e+00,-3.438943386077880859e+00,-2.744187355041503906e+00
9.551999999999999602e+01,-4.753875732421875000e-02,-4.339027404785156250e-02,3.277206420898437500e-02,2.529602050781250000e+00,3.438943386077880859e+00,2.744187355041503906e+00,-2.529602050781250000e+00,-3.438943386077880859e+00,-2.744187355041503906e+00
9.556000000000000227e+01,-4.645919799804687500e-02,-4.250526428222656250e-02,3.299522399902343750e-02,2.529602050781250000e+00,3.438943386077880859e+00,2.744187355041503906e+00,-2.529602050781250000e+00,-3.438943386077880859e+00,-2.744187355041503906e+00
9.560000000000000853e+01,-4.539871215820312500e-02,-4.163551330566406250e-02,3.321266174316406250e-02,2.529602050781250000e+00,3.438943386077880859e+00,2.744187355041503906e+00,-2.529602050781250000e+00,-3.438943386077880859e+00,-2.744187355041503906e+00
9.564000000000000057e+01,-4.435729980468750000e-02,-4.078102111816406250e-02,3.342628479003906250e-02,2.529602050781250000e+00,3.438943386077880859e+00,2.744187355041503906e+00,-2.529602050781250000e+00,-3.438943386077880859e+00,-2.744187355041503906e+00
9.568000000000000682e+01,-4.333305358886718750e-02,-3.994178771972656250e-02,3.363418579101562500e-02,2.529602050781250000e+00,3.438943386077880859e+00,2.744187355041503906e+00,-2.529602050781250000e+00,-3.438943386077880859e+00,-2.744187355041503906e+00
9.571999999999999886e+01,-4.232788085937500000e-02,-3.911781311035156250e-02,3.383827209472656250e-02,2.529602050781250000e+00,3.438943386077880859e+00,2.744187355041503906e+00,-2.529602050781250000e+00,-3.438943386077880859e+00,-2.744187355041503906e+00
9.576000000000000512e+01,-4.133987426757812500e-02,-3.830909729003906250e-02,3.403663635253906250e-02,2.529602050781250000e+00,3.438943386077880859e+00,2.744187355041503906e+00,-2.529602050781250000e+00,-3.438943386077880859e+00,-2.744187355041503906e+00
9.579999999999999716e+01,-4.036903381347656250e-02,-3.751564025878906250e-02,3.423118591308593750e-02,2.529602050781250000e+00,3.438943386077880859e+00,2.744187355041503906e+00,-2.529602050781250000e+00,-3.438943386077880859e+00,-2.744187355041503906e+00
9.584000000000000341e+01,-3.941535949707031250e-02,-3.673553466796875000e-02,3.442192077636718750e-02,2.529602050781250000e+00,3.438943386077880859e+00,2.744187355041503906e+00,-2.529602050781250000e+00,-3.438943386077880859e+00,-2.744187355041503906e+00
9.587999999999999545e+01,-3.847885131835937500e-02,-3.597068786621093750e-02,3.460884094238281250e-02,2.529602050781250000e+00,3.438943386077880859e+00,2.744187355041503906e+00,-2.529602050781250000e+00,-3.438943386077880859e+00,-2.744187355041503906e+00
9.592000000000000171e+01,-3.755950927734375000e-02,-3.521919250488281250e-02,3.479003906250000000e-02,2.529602050781250000e+00,3.438943386077880859e+00,2.744187355041503906e+00,-2.529602050781250000e+00,-3.438943386077880859e+00,-2.744187355041503906e+00
9.596000000000000796e+01,-3.665733337402343750e-02,-3.448295593261718750e-02,3.496742248535156250e-02,2.529602050781250000e+00,3.438943386077880859e+00,2.744187355041503906e+00,-2.529602050781250000e+00,-3.438943386077880859e+00,-2.744187355041503906e+00
9.600000000000000000e+01,-3.577232360839843750e-02,-3.376007080078125000e-02,3.514099121093750000e-02,2.529602050781250000e+00,3.438943386077880859e+00,2.744187355041503906e+00,-2.529602050781250000e+00,-3.438943386077880859e+00,-2.744187355041503906e+00
9.604000000000000625e+01,-3.490257263183593750e-02,-3.305053710937500000e-02,3.531074523925781250e-02,2.529602050781250000e+00,3.438943386077880859e+00,2.744187355041503906e+00,-2.529602050781250000e+00,-3.438943386077880859e+00,-2.744187355041503906e+00
9.607999999999999829e+01,-3.404808044433593750e-02,-3.235435485839843750e-02,3.547668457031250000e-02,2.529602050781250000e+00,3.438943386077880859e+00,2.744187355041503906e+00,-2.529602050781250000e+00,-3.438943386077880859e+00,-2.744187355041503906e+00
9.612000000000000455e+01,-3.321075439453125000e-02,-3.167152404785156250e-02,3.563880920410156250e-02,2.529602050781250000e+00,3.438943386077880859e+00,2.744187355041503906e+00,-2.529602050781250000e+00,-3.438943386077880859e+00,-2.744187355041503906e+00
9.615999999999999659e+01,-3.238868713378906250e-02,-3.100204467773437500e-02,3.579711914062500000e-02,2.529602050781250000e+00,3.438943386077880859e+00,2.744187355041503906e+00,-2.529602050781250000e+00,-3.438943386077880859e+00,-2.744187355041503906e+00
9.620000000000000284e+01,-3.158187866210937500e-02,-3.034400939941406250e-02,3.595352172851562500e-02,2.529602050781250000e+00,3.438943386077880859e+00,2.744187355041503906e+00,-2.529602050781250000e+00,-3.438943386077880859e+00,-2.744187355041503906e+00
9.624000000000000909e+01,-3.079032897949218750e-02,-2.969932556152343750e-02,3.610610961914062500e-02,2.529602050781250000e+00,3.438943386077880859e+00,2.744187355041503906e+00,-2.529602050781250000e+00,-3.438943386077880859e+00,-2.744187355041503906e+00
9.628000000000000114e+01,-3.001403808593750000e-02,-2.906608581542968750e-02,3.625488281250000000e-02,2.529602050781250000e+00,3.438943386077880859e+00,2.744187355041503906e+00,-2.529602050781250000e+00,-3.438943386077880859e+00,-2.744187355041503906e+00
9.632000000000000739e+01,-2.925109863281250000e-02,-2.844619750976562500e-02,3.639984130859375000e-02,2.529602050781250000e+00,3.438943386077880859e+00,2.744187355041503906e+00,-2.529602050781250000e+00,-3.438943386077880859e+00,-2.744187355041503906e+00
9.635999999999999943e+01,-2.850341796875000000e-02,-2.783775329589843750e-02,3.654289245605468750e-02,2.529602050781250000e+00,3.438943386077880859e+00,2.744187355041503906e+00,-2.529602050781250000e+00,-3.438943386077880859e+00,-2.744187355041503906e+00
9.640000000000000568e+01,-2.776908874511718750e-02,-2.724075317382812500e-02,3.668212890625000000e-02,2.529602050781250000e+00,3.438943386077880859e+00,2.744187355041503906e+00,-2.529602050781250000e+00,-3.438943386077880859e+00,-2.744187355041503906e+00
9.643999999999999773e+01,-2.705001831054687500e-02,-2.665519714355468750e-02,3.681755065917968750e-02,2.529602050781250000e+00,3.438943386077880859e+00,2.744187355041503906e+00,-2.529602050781250000e+00,-3.438943386077880859e+00,-2.744187355041503906e+00
9.648000000000000398e+01,-2.634429931640625000e-02,-2.608108520507812500e-02,3.695106506347656250e-02,2.529602050781250000e+00,3.438943386077880859e+00,2.744187355041503906e+00,-2.529602050781250000e+00,-3.438943386077880859e+00,-2.744187355041503906e+00
9.651999999999999602e+01,-2.565193176269531250e-02,-2.551841735839843750e-02,3.708076477050781250e-02,2.529602050781250000e+00,3.438943386077880859e+00,2.744187355041503906e+00,-2.529602050781250000e+00,-3.438943386077880859e+00,-2.744187355041503906e+00
9.656000000000000227e+01,-2.497291564941406250e-02,-2.496719360351562500e-02,3.720855712890625000e-02,2.529602050781250000e+00,3.438943386077880859e+00,2.744187355041503906e+00,-2.529602050781250000e+00,-3.438943386077880859e+00,-2.744187355041503906e+00
9.660000000000000853e+01,-2.430725097656250000e-02,-2.442741394042968750e-02,3.733253479003906250e-02,2.529602050781250000e+00,3.438943386077880859e+00,2.744187355041503906e+00,-2.529602050781250000e+00,-3.438943386077880859e+00,-2.744187355041503906e+00
9.664000000000000057e+01,-2.365493774414062500e-02,-2.389907836914062500e-02,3.745460510253906250e-02,2.529602050781250000e+00,3.438943386077880859e+00,2.744187355041503906e+00,-2.529602050781250000e+00,-3.438943386077880859e+00,-2.744187355041503906e+00
9.668000000000000682e+01,-2.301406860351562500e-02,-2.338027954101562500e-02,3.757286071777343750e-02,2.529602050781250000e+00,3.438943386077880859e+00,2.744187355041503906e+00,-2.529602050781250000e+00,-3.438943386077880859e+00,-2.744187355041503906e+00
9.671999999999999886e+01,-2.238655090332031250e-02,-2.287292480468750000e-02,3.768920898437500000e-02,2.529602050781250000e+00,3.438943386077880859e+00,2.744187355041503906e+00,-2.529602050781250000e+00,-3.438943386077880859e+00,-2.744187355041503906e+00
9.676000000000000512e+01,-2.177238464355468750e-02,-2.237510681152343750e-02,3.780364990234375000e-02,2.529602050781250000e+00,3.438943386077880859e+00,2.744187355041503906e+00,-2.529602050781250000e+00,-3.438943386077880859e+00,-2.744187355041503906e+00
9.679999999999999716e+01,-2.116966247558593750e-02,-2.188873291015625000e-02,3.791427612304687500e-02,2.529602050781250000e+00,3.438943386077880859e+00,2.744187355041503906e+00,-2.529602050781250000e+00,-3.438943386077880859e+00,-2.744187355041503906e+00
9.684000000000000341e+01,-2.057838439941406250e-02,-2.141189575195312500e-02,3.802299499511718750e-02,2.529602050781250000e+00,3.438943386077880859e+00,2.744187355041503906e+00,-2.529602050781250000e+00,-3.438943386077880859e+00,-2.744187355041503906e+00
9.687999999999999545e+01,-1.999855041503906250e-02,-2.094459533691406250e-02,3.812980651855468750e-02,2.529602050781250000e+00,3.438943386077880859e+00,2.744187355041503906e+00,-2.529602050781250000e+00,-3.438943386077880859e+00,-2.744187355041503906e+00
9.692000000000000171e+01,-1.943206787109375000e-02,-2.048683166503906250e-02,3.823280334472656250e-02,2.529602050781250000e+00,3.438943386077880859e+00,2.744187355041503906e+00,-2.529602050781250000e+00,-3.438943386077880859e+00,-2.744187355041503906e+00
9.696000000000000796e+01,-1.887702941894531250e-02,-2.003860473632812500e-02,3.833389282226562500e-02,2.529602050781250000e+00,3.438943386077880859e+00,2.744187355041503906e+00,-2.529602050781250000e+00,-3.438943386077880859e+00,-2.744187355041503906e+00
9.700000000000000000e+01,-1.833343505859375000e-02,-1.959991455078125000e-02,3.843307495117187500e-02,2.529602050781250000e+00,3.438943386077880859e+00,2.744187355041503906e+00,-2.529602050781250000e+00,-3.438943386077880859e+00,-2.744187355041503906e+00
9.704000000000000625e+01,-1.779937744140625000e-02,-1.917076110839843750e-02,3.853034973144531250e-02,2.529602050781250000e+00,3.438943386077880859e+00,2.744187355041503906e+00,-2.529602050781250000e+00,-3.438943386077880859e+00,-2.744187355041503906e+00
9.707999999999999829e+01,-1.727676391601562500e-02,-1.875114440917968750e-02,3.862571716308593750e-02,2.529602050781250000e+00,3.438943386077880859e+00,2.744187355041503906e+00,-2.529602050781250000e+00,-3.438943386077880859e+00,-2.744187355041503906e+00
9.712000000000000455e+01,-1.676559448242187500e-02,-1.833915710449218750e-02,3.871917724609375000e-02,2.529602050781250000e+00,3.438943386077880859e+00,2.744187355041503906e+00,-2.529602050781250000e+00,-3.438943386077880859e+00,-2.744187355041503906e+00
9.715999999999999659e+01,-1.626396179199218750e-02,-1.793670654296875000e-02,3.880882263183593750e-02,2.529602050781250000e+00,3.438943386077880859e+00,2.744187355041503906e+00,-2.529602050781250000e+00,-3.438943386077880859e+00,-2.744187355041503906e+00
9.720000000000000284e+01,-1.577377319335937500e-02,-1.754188537597656250e-02,3.889656066894531250e-02,2.529602050781250000e+00,3.438943386077880859e+00,2.744187355041503906e+00,-2.529602050781250000e+00,-3.438943386077880859e+00,-2.744187355041503906e+00
9.724000000000000909e+01,-1.529312133789062500e-02,-1.715660095214843750e-02,3.898239135742187500e-02,2.529602050781250000e+00,3.438943386077880859e+00,2.744187355041503906e+00,-2.529602050781250000e+00,-3.438943386077880859e+00,-2.744187355041503906e+00
9.728000000000000114e+01,-1.482200622558593750e-02,-1.677894592285156250e-02,3.906631469726562500e-02,2.529602050781250000e+00,3.438943386077880859e+00,2.744187355041503906e+00,-2.529602050781250000e+00,-3.438943386077880859e+00,-2.744187355041503906e+00
9.732000000000000739e+01,-1.436042785644531250e-02,-1.641082763671875000e-02,3.914833068847656250e-02,2.529602050781250000e+00,3.438943386077880859e+00,2.744187355041503906e+00,-2.529602050781250000e+00,-3.438943386077880859e+00,-2.744187355041503906e+00
9.735999999999999943e+01,-1.391029357910156250e-02,-1.605033874511718750e-02,3.922843933105468750e-02,2.529602050781250000e+00,3.438943386077880859e+00,2.744187355041503906e+00,-2.529602050781250000e+00,-3.438943386077880859e+00,-2.744187355041503906e+00
9.740000000000000568e+01,-1.346969604492187500e-02,-1.569747924804687500e-02,3.930664062500000000e-02,2.529602050781250000e+00,3.438943386077880859e+00,2.744187355041503906e+00,-2.529602050781250000e+00,-3.438943386077880859e+00,-2.744187355041503906e+00
9.743999999999999773e+01,-1.303863525390625000e-02,-1.535224914550781250e-02,3.938484191894531250e-02,2.529602050781250000e+00,3.438943386077880859e+00,2.744187355041503906e+00,-2.529602050781250000e+00,-3.438943386077880859e+00,-2.744187355041503906e+00
9.748000000000000398e+01,-1.261520385742187500e-02,-1.501464843750000000e-02,3.946113586425781250e-02,2.529602050781250000e+00,3.438943386077880859e+00,2.744187355041503906e+00,-2.529602050781250000e+00,-3.438943386077880859e+00,-2.744187355041503906e+00
9.751999999999999602e+01,-1.220130920410156250e-02,-1.468467712402343750e-02,3.953552246093750000e-02,2.529602050781250000e+00,3.438943386077880859e+00,2.744187355041503906e+00,-2.529602050781250000e+00,-3.438943386077880859e+00,-2.744187355041503906e+00
9.756000000000000227e+01,-1.179695129394531250e-02,-1.436233520507812500e-02,3.960800170898437500e-02,2.529602050781250000e+00,3.438943386077880859e+00,2.744187355041503906e+00,-2.529602050781250000e+00,-3.438943386077880859e+00,-2.744187355041503906e+00
9.760000000000000853e+01,-1.140022277832031250e-02,-1.404762268066406250e-02,3.967857360839843750e-02,2.529602050781250000e+00,3.438943386077880859e+00,2.744187355041503906e+00,-2.529602050781250000e+00,-3.438943386077880859e+00,-2.744187355041503906e+00
9.764000000000000057e+01,-1.101303100585937500e-02,-1.373863220214843750e-02,3.974723815917968750e-02,2.529602050781250000e+00,3.438943386077880859e+00,2.744187355041503906e+00,-2.529602050781250000e+00,-3.438943386077880859e+00,-2.744187355041503906e+00
9.768000000000000682e+01,-1.063346862792968750e-02,-1.343727111816406250e-02,3.981399536132812500e-02,2.529602050781250000e+00,3.438943386077880859e+00,2.744187355041503906e+00,-2.529602050781250000e+00,-3.438943386077880859e+00,-2.744187355041503906e+00
9.771999999999999886e+01,-1.026344299316406250e-02,-1.314353942871093750e-02,3.988075256347656250e-02,2.529602050781250000e+00,3.438943386077880859e+00,2.744187355041503906e+00,-2.529602050781250000e+00,-3.438943386077880859e+00,-2.744187355041503906e+00
9.776000000000000512e+01,-9.901046752929687500e-03,-1.285552978515625000e-02,3.994560241699218750e-02,2.529602050781250000e+00,3.438943386077880859e+00,2.744187355041503906e+00,-2.529602050781250000e+00,-3.438943386077880859e+00,-2.744187355041503906e+00
9.779999999999999716e+01,-9.546279907226562500e-03,-1.257514953613281250e-02,4.000854492187500000e-02,2.529602050781250000e+00,3.438943386077880859e+00,2.744187355041503906e+00,-2.529602050781250000e+00,-3.438943386077880859e+00,-2.744187355041503906e+00
9.784000000000000341e+01,-9.199142456054687500e-03,-1.230049133300781250e-02,4.006958007812500000e-02,2.529602050781250000e+00,3.438943386077880859e+00,2.744187355041503906e+00,-2.529602050781250000e+00,-3.438943386077880859e+00,-2.744187355041503906e+00
9.787999999999999545e+01,-8.859634399414062500e-03,-1.203346252441406250e-02,4.013061523437500000e-02,2.529602050781250000e+00,3.438943386077880859e+00,2.744187355041503906e+00,-2.529602050781250000e+00,-3.438943386077880859e+00,-2.744187355041503906e+00
9.792000000000000171e+01,-8.527755737304687500e-03,-1.177215576171875000e-02,4.018974304199218750e-02,2.529602050781250000e+00,3.438943386077880859e+00,2.744187355041503906e+00,-2.529602050781250000e+00,-3.438943386077880859e+00,-2.744187355041503906e+00
9.796000000000000796e+01,-8.203506469726562500e-03,-1.151657104492187500e-02,4.024696350097656250e-02,2.529602050781250000e+00,3.438943386077880859e+00,2.744187355041503906e+00,-2.529602050781250000e+00,-3.438943386077880859e+00,-2.744187355041503906e+00
9.800000000000000000e+01,-7.886886596679687500e-03,-1.126670837402343750e-02,4.030227661132812500e-02,2.529602050781250000e+00,3.438943386077880859e+00,2.744187355041503906e+00,-2.529602050781250000e+00,-3.438943386077880859e+00,-2.744187355041503906e+00
9.804000000000000625e+01,-7.577896118164062500e-03,-1.102256774902343750e-02,4.035758972167968750e-02,2.529602050781250000e+00,3.438943386077880859e+00,2.744187355041503906e+00,-2.529602050781250000e+00,-3.438943386077880859e+00,-2.744187355041503906e+00
9.807999999999999829e+01,-7.276535034179687500e-03,-1.078414916992187500e-02,4.041099548339843750e-02,2.529602050781250000e+00,3.438943386077880859e+00,2.744187355041503906e+00,-2.529602050781250000e+00,-3.438943386077880859e+00,-2.744187355041503906e+00
9.812000000000000455e+01,-6.980895996093750000e-03,-1.055145263671875000e-02,4.046440124511718750e-02,2.529602050781250000e+00,3.438943386077880859e+00,2.744187355041503906e+00,-2.529602050781250000e+00,-3.438943386077880859e+00,-2.744187355041503906e+00
9.815999999999999659e+01,-6.692886352539062500e-03,-1.032447814941406250e-02,4.051589965820312500e-02,2.529602050781250000e+00,3.438943386077880859e+00,2.744187355041503906e+00,-2.529602050781250000e+00,-3.438943386077880859e+00,-2.744187355041503906e+00
9.820000000000000284e+01,-6.410598754882812500e-03,-1.010322570800781250e-02,4.056549072265625000e-02,2.529602050781250000e+00,3.438943386077880859e+00,2.744187355041503906e+00,-2.529602050781250000e+00,-3.438943386077880859e+00,-2.744187355041503906e+00
9.824000000000000909e+01,-6.135940551757812500e-03,-9.887695312500000000e-03,4.061508178710937500e-02,2.529602050781250000e+00,3.438943386077880859e+00,2.744187355041503906e+00,-2.529602050781250000e+00,-3.438943386077880859e+00,-2.744187355041503906e+00
9.828000000000000114e+01,-5.867004394531250000e-03,-9.677886962890625000e-03,4.066276550292968750e-02,2.529602050781250000e+00,3.438943386077880859e+00,2.744187355041503906e+00,-2.529602050781250000e+00,-3.438943386077880859e+00,-2.744187355041503906e+00
9.832000000000000739e+01,-5.603790283203125000e-03,-9.473800659179687500e-03,4.071044921875000000e-02,2.529602050781250000e+00,3.438943386077880859e+00,2.744187355041503906e+00,-2.529602050781250000e+00,-3.438943386077880859e+00,-2.744187355041503906e+00
9.835999999999999943e+01,-5.348205566406250000e-03,-9.273529052734375000e-03,4.075622558593750000e-02,2.529602050781250000e+00,3.438943386077880859e+00,2.744187355041503906e+00,-2.529602050781250000e+00,-3.438943386077880859e+00,-2.744187355041503906e+00
9.840000000000000568e+01,-5.098342895507812500e-03,-9.078979492187500000e-03,4.080009460449218750e-02,2.529602050781250000e+00,3.438943386077880859e+00,2.744187355041503906e+00,-2.529602050781250000e+00,-3.438943386077880859e+00,-2.744187355041503906e+00
9.843999999999999773e+01,-4.854202270507812500e-03,-8.888244628906250000e-03,4.084396362304687500e-02,2.529602050781250000e+00,3.438943386077880859e+00,2.744187355041503906e+00,-2.529602050781250000e+00,-3.438943386077880859e+00,-2.744187355041503906e+00
9.848000000000000398e+01,-4.615783691406250000e-03,-8.703231811523437500e-03,4.088592529296875000e-02,2.529602050781250000e+00,3.438943386077880859e+00,2.744187355041503906e+00,-2.529602050781250000e+00,-3.438943386077880859e+00,-2.744187355041503906e+00
9.851999999999999602e+01,-4.383087158203125000e-03,-8.522033691406250000e-03,4.092788696289062500e-02,2.529602050781250000e+00,3.438943386077880859e+00,2.744187355041503906e+00,-2.529602050781250000e+00,-3.438943386077880859e+00,-2.744187355041503906e+00
9.856000000000000227e+01,-4.156112670898437500e-03,-8.346557617187500000e-03,4.096794128417968750e-02,2.529602050781250000e+00,3.438943386077880859e+00,2.744187355041503906e+00,-2.529602050781250000e+00,-3.438943386077880859e+00,-2.744187355041503906e+00
9.860000000000000853e+01,-3.934860229492187500e-03,-8.174896240234375000e-03,4.100799560546875000e-02,2.529602050781250000e+00,3.438943386077880859e+00,2.744187355041503906e+00,-2.529602050781250000e+00,-3.438943386077880859e+00,-2.744187355041503906e+00
9.864000000000000057e+01,-3.719329833984375000e-03,-8.008956909179687500e-03,4.104614257812500000e-02,2.529602050781250000e+00,3.438943386077880859e+00,2.744187355041503906e+00,-2.529602050781250000e+00,-3.438943386077880859e+00,-2.744187355041503906e+00
9.868000000000000682e+01,-3.509521484375000000e-03,-7.846832275390625000e-03,4.108428955078125000e-02,2.529602050781250000e+00,3.438943386077880859e+00,2.744187355041503906e+00,-2.529602050781250000e+00,-3.438943386077880859e+00,-2.744187355041503906e+00
9.871999999999999886e+01,-3.303527832031250000e-03,-7.688522338867187500e-03,4.112052917480468750e-02,2.529602050781250000e+00,3.438943386077880859e+00,2.744187355041503906e+00,-2.529602050781250000e+00,-3.438943386077880859e+00,-2.744187355041503906e+00
9.876000000000000512e+01,-3.103256225585937500e-03,-7.534027099609375000e-03,4.115676879882812500e-02,2.529602050781250000e+00,3.438943386077880859e+00,2.744187355041503906e+00,-2.529602050781250000e+00,-3.438943386077880859e+00,-2.744187355041503906e+00
9.879999999999999716e+01,-2.908706665039062500e-03,-7.383346557617187500e-03,4.119300842285156250e-02,2.529602050781250000e+00,3.438943386077880859e+00,2.744187355041503906e+00,-2.529602050781250000e+00,-3.438943386077880859e+00,-2.744187355041503906e+00
9.884000000000000341e+01,-2.717971801757812500e-03,-7.238388061523437500e-03,4.122734069824218750e-02,2.529602050781250000e+00,3.438943386077880859e+00,2.744187355041503906e+00,-2.529602050781250000e+00,-3.438943386077880859e+00,-2.744187355041503906e+00
9.887999999999999545e+01,-2.532958984375000000e-03,-7.097244262695312500e-03,4.126167297363281250e-02,2.529602050781250000e+00,3.438943386077880859e+00,2.744187355041503906e+00,-2.529602050781250000e+00,-3.438943386077880859e+00,-2.744187355041503906e+00
9.892000000000000171e+01,-2.351760864257812500e-03,-6.959915161132812500e-03,4.129409790039062500e-02,2.529602050781250000e+00,3.438943386077880859e+00,2.744187355041503906e+00,-2.529602050781250000e+00,-3.438943386077880859e+00,-2.744187355041503906e+00
9.896000000000000796e+01,-2.176284790039062500e-03,-6.826400756835937500e-03,4.132652282714843750e-02,2.529602050781250000e+00,3.438943386077880859e+00,2.744187355041503906e+00,-2.529602050781250000e+00,-3.438943386077880859e+00,-2.744187355041503906e+00
9.900000000000000000e+01,-2.004623413085937500e-03,-6.696701049804687500e-03,4.135894775390625000e-02,2.529602050781250000e+00,3.438943386077880859e+00,2.744187355041503906e+00,-2.529602050781250000e+00,-3.438943386077880859e+00,-2.744187355041503906e+00
9.904000000000000625e+01,-1.836776733398437500e-03,-6.568908691406250000e-03,4.138946533203125000e-02,2.529602050781250000e+00,3.438943386077880859e+00,2.744187355041503906e+00,-2.529602050781250000e+00,-3.438943386077880859e+00,-2.744187355041503906e+00
9.907999999999999829e+01,-1.674652099609375000e-03,-6.444931030273437500e-03,4.141998291015625000e-02,2.529602050781250000e+00,3.438943386077880859e+00,2.744187355041503906e+00,-2.529602050781250000e+00,-3.438943386077880859e+00,-2.744187355041503906e+00
9.912000000000000455e+01,-1.516342163085937500e-03,-6.324768066406250000e-03,4.144859313964843750e-02,2.529602050781250000e+00,3.438943386077880859e+00,2.744187355041503906e+00,-2.529602050781250000e+00,-3.438943386077880859e+00,-2.744187355041503906e+00
9.915999999999999659e+01,-1.361846923828125000e-03,-6.208419799804687500e-03,4.147720336914062500e-02,2.529602050781250000e+00,3.438943386077880859e+00,2.744187355041503906e+00,-2.529602050781250000e+00,-3.438943386077880859e+00,-2.744187355041503906e+00
9.920000000000000284e+01,-1.211166381835937500e-03,-6.095886230468750000e-03,4.150581359863281250e-02,2.529602050781250000e+00,3.438943386077880859e+00,2.744187355041503906e+00,-2.529602050781250000e+00,-3.438943386077880859e+00,-2.744187355041503906e+00
9.924000000000000909e+01,-1.064300537109375000e-03,-5.985260009765625000e-03,4.153251647949218750e-02,2.529602050781250000e+00,3.438943386077880859e+00,2.744187355041503906e+00,-2.529602050781250000e+00,-3.438943386077880859e+00,-2.744187355041503906e+00
9.928000000000000114e+01,-9.212493896484375000e-04,-5.878448486328125000e-03,4.155921936035156250e-02,2.529602050781250000e+00,3.438943386077880859e+00,2.744187355041503906e+00,-2.529602050781250000e+00,-3.438943386077880859e+00,-2.744187355041503906e+00
9.932000000000000739e+01,-7.820129394531250000e-04,-5.775451660156250000e-03,4.158592224121093750e-02,2.529602050781250000e+00,3.438943386077880859e+00,2.744187355041503906e+00,-2.529602050781250000e+00,-3.438943386077880859e+00,-2.744187355041503906e+00
9.935999999999999943e+01,-6.465911865234375000e-04,-5.674362182617187500e-03,4.161071777343750000e-02,2.529602050781250000e+00,3.438943386077880859e+00,2.744187355041503906e+00,-2.529602050781250000e+00,-3.438943386077880859e+00,-2.744187355041503906e+00
9.940000000000000568e+01,-5.149841308593750000e-04,-5.577087402343750000e-03,4.163551330566406250e-02,2.529602050781250000e+00,3.438943386077880859e+00,2.744187355041503906e+00,-2.529602050781250000e+00,-3.438943386077880859e+00,-2.744187355041503906e+00
9.943999999999999773e+01,-3.871917724609375000e-04,-5.481719970703125000e-03,4.166030883789062500e-02,2.529602050781250000e+00,3.438943386077880859e+00,2.744187355041503906e+00,-2.529602050781250000e+00,-3.438943386077880859e+00,-2.744187355041503906e+00
9.948000000000000398e+01,-2.632141113281250000e-04,-5.390167236328125000e-03,4.168510437011718750e-02,2.529602050781250000e+00,3.438943386077880859e+00,2.744187355041503906e+00,-2.529602050781250000e+00,-3.438943386077880859e+00,-2.744187355041503906e+00
9.951999999999999602e+01,-1.430511474609375000e-04,-5.300521850585937500e-03,4.170799255371093750e-02,2.529602050781250000e+00,3.438943386077880859e+00,2.744187355041503906e+00,-2.529602050781250000e+00,-3.438943386077880859e+00,-2.744187355041503906e+00
9.956000000000000227e+01,-2.670288085937500000e-05,-5.214691162109375000e-03,4.173088073730468750e-02,2.529602050781250000e+00,3.438943386077880859e+00,2.744187355041503906e+00,-2.529602050781250000e+00,-3.438943386077880859e+00,-2.744187355041503906e+00
9.960000000000000853e+01,8.773803710937500000e-05,-5.130767822265625000e-03,4.175376892089843750e-02,2.529602050781250000e+00,3.438943386077880859e+00,2.744187355041503906e+00,-2.529602050781250000e+00,-3.438943386077880859e+00,-2.744187355041503906e+00
9.964000000000000057e+01,1.983642578125000000e-04,-5.050659179687500000e-03,4.177474975585937500e-02,2.529602050781250000e+00,3.438943386077880859e+00,2.744187355041503906e+00,-2.529602050781250000e+00,-3.438943386077880859e+00,-2.744187355041503906e+00
9.968000000000000682e+01,3.051757812500000000e-04,-4.972457885742187500e-03,4.179573059082031250e-02,2.529602050781250000e+00,3.438943386077880859e+00,2.744187355041503906e+00,-2.529602050781250000e+00,-3.438943386077880859e+00,-2.744187355041503906e+00
9.971999999999999886e+01,4.100799560546875000e-04,-4.896163940429687500e-03,4.181671142578125000e-02,2.529602050781250000e+00,3.438943386077880859e+00,2.744187355041503906e+00,-2.529602050781250000e+00,-3.438943386077880859e+00,-2.744187355041503906e+00
9.976000000000000512e+01,5.111694335937500000e-04,-4.821777343750000000e-03,4.183769226074218750e-02,2.529602050781250000e+00,3.438943386077880859e+00,2.744187355041503906e+00,-2.529602050781250000e+00,-3.438943386077880859e+00,-2.744187355041503906e+00
9.979999999999999716e+01,6.103515625000000000e-04,-4.751205444335937500e-03,4.185676574707031250e-02,2.529602050781250000e+00,3.438943386077880859e+00,2.744187355041503906e+00,-2.529602050781250000e+00,-3.438943386077880859e+00,-2.744187355041503906e+00
9.984000000000000341e+01,7.057189941406250000e-04,-4.682540893554687500e-03,4.187583923339843750e-02,2.529602050781250000e+00,3.438943386077880859e+00,2.744187355041503906e+00,-2.529602050781250000e+00,-3.438943386077880859e+00,-2.744187355041503906e+00
9.987999999999999545e+01,7.991790771484375000e-04,-4.615783691406250000e-03,4.189491271972656250e-02,2.529602050781250000e+00,3.438943386077880859e+00,2.744187355041503906e+00,-2.529602050781250000e+00,-3.438943386077880859e+00,-2.744187355041503906e+00
9.992000000000000171e+01,8.888244628906250000e-04,-4.550933837890625000e-03,4.191398620605468750e-02,2.529602050781250000e+00,3.438943386077880859e+00,2.744187355041503906e+00,-2.529602050781250000e+00,-3.438943386077880859e+00,-2.744187355041503906e+00
9.996000000000000796e+01,9.765625000000000000e-04,-4.487991333007812500e-03,4.193305969238281250e-02,2.529602050781250000e+00,3.438943386077880859e+00,2.744187355041503906e+00,-2.529602050781250000e+00,-3.438943386077880859e+00,-2.744187355041503906e+00
1.000000000000000000e+02,1.060485839843750000e-03,-4.428863525390625000e-03,4.195022583007812500e-02,2.529602050781250000e+00,3.438943386077880859e+00,2.744187355041503906e+00,-2.529602050781250000e+00,-3.438943386077880859e+00,-2.744187355041503906e+00
1.000400000000000063e+02,1.142501831054687500e-03,-4.371643066406250000e-03,4.196739196777343750e-02,2.529602050781250000e+00,3.438943386077880859e+00,2.744187355041503906e+00,-2.529602050781250000e+00,-3.438943386077880859e+00,-2.744187355041503906e+00
1.000799999999999983e+02,1.222610473632812500e-03,-4.316329956054687500e-03,4.198455810546875000e-02,2.529602050781250000e+00,3.438943386077880859e+00,2.744187355041503906e+00,-2.529602050781250000e+00,-3.438943386077880859e+00,-2.744187355041503906e+00
1.001200000000000045e+02,1.298904418945312500e-03,-4.262924194335937500e-03,4.200172424316406250e-02,2.529602050781250000e+00,3.438943386077880859e+00,2.744187355041503906e+00,-2.529602050781250000e+00,-3.438943386077880859e+00,-2.744187355041503906e+00
1.001599999999999966e+02,1.373291015625000000e-03,-4.211425781250000000e-03,4.201698303222656250e-02,2.529602050781250000e+00,3.438943386077880859e+00,2.744187355041503906e+00,-2.529602050781250000e+00,-3.438943386077880859e+00,-2.744187355041503906e+00
1.002000000000000028e+02,1.445770263671875000e-03,-4.161834716796875000e-03,4.203224182128906250e-02,2.529602050781250000e+00,3.438943386077880859e+00,2.744187355041503906e+00,-2.529602050781250000e+00,-3.438943386077880859e+00,-2.744187355041503906e+00
1.002400000000000091e+02,1.516342163085937500e-03,-4.114151000976562500e-03,4.204750061035156250e-02,2.529602050781250000e+00,3.438943386077880859e+00,2.744187355041503906e+00,-2.529602050781250000e+00,-3.438943386077880859e+00,-2.744187355041503906e+00
1.002800000000000011e+02,1.583099365234375000e-03,-4.068374633789062500e-03,4.206275939941406250e-02,2.529602050781250000e+00,3.438943386077880859e+00,2.744187355041503906e+00,-2.529602050781250000e+00,-3.438943386077880859e+00,-2.744187355041503906e+00
1.003200000000000074e+02,1.647949218750000000e-03,-4.024505615234375000e-03,4.207801818847656250e-02,2.529602050781250000e+00,3.438943386077880859e+00,2.744187355041503906e+00,-2.529602050781250000e+00,-3.438943386077880859e+00,-2.744187355041503906e+00
1.003599999999999994e+02,1.710891723632812500e-03,-3.980636596679687500e-03,4.209327697753906250e-02,2.529602050781250000e+00,3.438943386077880859e+00,2.744187355041503906e+00,-2.529602050781250000e+00,-3.438943386077880859e+00,-2.744187355041503906e+00
1.004000000000000057e+02,1.771926879882812500e-03,-3.938674926757812500e-03,4.210662841796875000e-02,2.529602050781250000e+00,3.438943386077880859e+00,2.744187355041503906e+00,-2.529602050781250000e+00,-3.438943386077880859e+00,-2.744187355041503906e+00
1.004399999999999977e+02,1.831054687500000000e-03,-3.898620605468750000e-03,4.211997985839843750e-02,2.529602050781250000e+00,3.438943386077880859e+00,2.744187355041503906e+00,-2.529602050781250000e+00,-3.438943386077880859e+00,-2.744187355041503906e+00
1.004800000000000040e+02,1.888275146484375000e-03,-3.860473632812500000e-03,4.213333129882812500e-02,2.529602050781250000e+00,3.438943386077880859e+00,2.744187355041503906e+00,-2.529602050781250000e+00,-3.438943386077880859e+00,-2.744187355041503906e+00
1.005199999999999960e+02,1.943588256835937500e-03,-3.824234008789062500e-03,4.214668273925781250e-02,2.529602050781250000e+00,3.438943386077880859e+00,2.744187355041503906e+00,-2.529602050781250000e+00,-3.438943386077880859e+00,-2.744187355041503906e+00
1.005600000000000023e+02,1.996994018554687500e-03,-3.789901733398437500e-03,4.216003417968750000e-02,2.529602050781250000e+00,3.438943386077880859e+00,2.744187355041503906e+00,-2.529602050781250000e+00,-3.438943386077880859e+00,-2.744187355041503906e+00
1.006000000000000085e+02,2.048492431640625000e-03,-3.755569458007812500e-03,4.217338562011718750e-02,2.529602050781250000e+00,3.438943386077880859e+00,2.744187355041503906e+00,-2.529602050781250000e+00,-3.438943386077880859e+00,-2.744187355041503906e+00
1.006400000000000006e+02,2.098083496093750000e-03,-3.723144531250000000e-03,4.218482971191406250e-02,2.529602050781250000e+00,3.438943386077880859e+00,2.744187355041503906e+00,-2.529602050781250000e+00,-3.438943386077880859e+00,-2.744187355041503906e+00
1.006800000000000068e+02,2.145767211914062500e-03,-3.692626953125000000e-03,4.219627380371093750e-02,2.529602050781250000e+00,3.438943386077880859e+00,2.744187355041503906e+00,-2.529602050781250000e+00,-3.438943386077880859e+00,-2.744187355041503906e+00
1.007199999999999989e+02,2.191543579101562500e-03,-3.664016723632812500e-03,4.220771789550781250e-02,2.529602050781250000e+00,3.438943386077880859e+00,2.744187355041503906e+00,-2.529602050781250000e+00,-3.438943386077880859e+00,-2.744187355041503906e+00
1.007600000000000051e+02,2.235412597656250000e-03,-3.635406494140625000e-03,4.221916198730468750e-02,2.529602050781250000e+00,3.438943386077880859e+00,2.744187355041503906e+00,-2.529602050781250000e+00,-3.438943386077880859e+00,-2.744187355041503906e+00
1.007999999999999972e+02,2.277374267578125000e-03,-3.608703613281250000e-03,4.223060607910156250e-02,2.529602050781250000e+00,3.438943386077880859e+00,2.744187355041503906e+00,-2.529602050781250000e+00,-3.438943386077880859e+00,-2.744187355041503906e+00
1.008400000000000034e+02,2.319335937500000000e-03,-3.583908081054687500e-03,4.224205017089843750e-02,2.529602050781250000e+00,3.438943386077880859e+00,2.744187355041503906e+00,-2.529602050781250000e+00,-3.438943386077880859e+00,-2.744187355041503906e+00
1.008799999999999955e+02,2.359390258789062500e-03,-3.559112548828125000e-03,4.225349426269531250e-02,2.529602050781250000e+00,3.438943386077880859e+00,2.744187355041503906e+00,-2.529602050781250000e+00,-3.438943386077880859e+00,-2.744187355041503906e+00
1.009200000000000017e+02,2.397537231445312500e-03,-3.536224365234375000e-03,4.226303100585937500e-02,2.529602050781250000e+00,3.438943386077880859e+00,2.744187355041503906e+00,-2.529602050781250000e+00,-3.438943386077880859e+00,-2.744187355041503906e+00
1.009600000000000080e+02,2.433776855468750000e-03,-3.513336181640625000e-03,4.227256774902343750e-02,2.529602050781250000e+00,3.438943386077880859e+00,2.744187355041503906e+00,-2.529602050781250000e+00,-3.438943386077880859e+00,-2.744187355041503906e+00
1.010000000000000000e+02,2.468109130859375000e-03,-3.492355346679687500e-03,4.228210449218750000e-02,2.529602050781250000e+00,3.438943386077880859e+00,2.744187355041503906e+00,-2.529602050781250000e+00,-3.438943386077880859e+00,-2.744187355041503906e+00
1.010400000000000063e+02,2.502441406250000000e-03,-3.473281860351562500e-03,4.229164123535156250e-02,2.529602050781250000e+00,3.438943386077880859e+00,2.744187355041503906e+00,-2.529602050781250000e+00,-3.438943386077880859e+00,-2.744187355041503906e+00
1.010799999999999983e+02,2.534866333007812500e-03,-3.454208374023437500e-03,4.230117797851562500e-02,2.529602050781250000e+00,3.438943386077880859e+00,2.744187355041503906e+00,-2.529602050781250000e+00,-3.438943386077880859e+00,-2.744187355041503906e+00
1.011200000000000045e+02,2.565383911132812500e-03,-3.437042236328125000e-03,4.231071472167968750e-02,2.529602050781250000e+00,3.438943386077880859e+00,2.744187355041503906e+00,-2.529602050781250000e+00,-3.438943386077880859e+00,-2.744187355041503906e+00
1.011599999999999966e+02,2.595901489257812500e-03,-3.419876098632812500e-03,4.232025146484375000e-02,2.529602050781250000e+00,3.438943386077880859e+00,2.744187355041503906e+00,-2.529602050781250000e+00,-3.438943386077880859e+00,-2.744187355041503906e+00
1.012000000000000028e+02,2.624511718750000000e-03,-3.404617309570312500e-03,4.232978820800781250e-02,2.529602050781250000e+00,3.438943386077880859e+00,2.744187355041503906e+00,-2.529602050781250000e+00,-3.438943386077880859e+00,-2.744187355041503906e+00
1.012400000000000091e+02,2.651214599609375000e-03,-3.389358520507812500e-03,4.233932495117187500e-02,2.529602050781250000e+00,3.438943386077880859e+00,2.744187355041503906e+00,-2.529602050781250000e+00,-3.438943386077880859e+00,-2.744187355041503906e+00
1.012800000000000011e+02,2.677917480468750000e-03,-3.376007080078125000e-03,4.234695434570312500e-02,2.529602050781250000e+00,3.438943386077880859e+00,2.744187355041503906e+00,-2.529602050781250000e+00,-3.438943386077880859e+00,-2.744187355041503906e+00
1.013200000000000074e+02,2.702713012695312500e-03,-3.362655639648437500e-03,4.235458374023437500e-02,2.529602050781250000e+00,3.438943386077880859e+00,2.744187355041503906e+00,-2.529602050781250000e+00,-3.438943386077880859e+00,-2.744187355041503906e+00
1.013599999999999994e+02,2.725601196289062500e-03,-3.351211547851562500e-03,4.236221313476562500e-02,2.529602050781250000e+00,3.438943386077880859e+00,2.744187355041503906e+00,-2.529602050781250000e+00,-3.438943386077880859e+00,-2.744187355041503906e+00
1.014000000000000057e+02,2.748489379882812500e-03,-3.339767456054687500e-03,4.236984252929687500e-02,2.529602050781250000e+00,3.438943386077880859e+00,2.744187355041503906e+00,-2.529602050781250000e+00,-3.438943386077880859e+00,-2.744187355041503906e+00
1.014399999999999977e+02,2.769470214843750000e-03,-3.328323364257812500e-03,4.237747192382812500e-02,2.529602050781250000e+00,3.438943386077880859e+00,2.744187355041503906e+00,-2.529602050781250000e+00,-3.438943386077880859e+00,-2.744187355041503906e+00
1.014800000000000040e+02,2.790451049804687500e-03,-3.318786621093750000e-03,4.238510131835937500e-02,2.529602050781250000e+00,3.438943386077880859e+00,2.744187355041503906e+00,-2.529602050781250000e+00,-3.438943386077880859e+00,-2.744187355041503906e+00
1.015199999999999960e+02,2.809524536132812500e-03,-3.309249877929687500e-03,4.239273071289062500e-02,2.529602050781250000e+00,3.438943386077880859e+00,2.744187355041503906e+00,-2.529602050781250000e+00,-3.438943386077880859e+00,-2.744187355041503906e+00
1.015600000000000023e+02,2.828598022460937500e-03,-3.301620483398437500e-03,4.240036010742187500e-02,2.529602050781250000e+00,3.438943386077880859e+00,2.744187355041503906e+00,-2.529602050781250000e+00,-3.438943386077880859e+00,-2.744187355041503906e+00
1.016000000000000085e+02,2.845764160156250000e-03,-3.293991088867187500e-03,4.240798950195312500e-02,2.529602050781250000e+00,3.438943386077880859e+00,2.744187355041503906e+00,-2.529602050781250000e+00,-3.438943386077880859e+00,-2.744187355041503906e+00
1.016400000000000006e+02,2.862930297851562500e-03,-3.286361694335937500e-03,4.241561889648437500e-02,2.529602050781250000e+00,3.438943386077880859e+00,2.744187355041503906e+00,-2.529602050781250000e+00,-3.438943386077880859e+00,-2.744187355041503906e+00
1.016800000000000068e+02,2.878189086914062500e-03,-3.280639648437500000e-03,4.242134094238281250e-02,2.529602050781250000e+00,3.438943386077880859e+00,2.744187355041503906e+00,-2.529602050781250000e+00,-3.438943386077880859e+00,-2.744187355041503906e+00
1.017199999999999989e+02,2.893447875976562500e-03,-3.274917602539062500e-03,4.242706298828125000e-02,2.529602050781250000e+00,3.438943386077880859e+00,2.744187355041503906e+00,-2.529602050781250000e+00,-3.438943386077880859e+00,-2.744187355041503906e+00
1.017600000000000051e+02,2.906799316406250000e-03,-3.269195556640625000e-03,4.243278503417968750e-02,2.529602050781250000e+00,3.438943386077880859e+00,2.744187355041503906e+00,-2.529602050781250000e+00,-3.438943386077880859e+00,-2.744187355041503906e+00
1.017999999999999972e+02,2.920150756835937500e-03,-3.265380859375000000e-03,4.243850708007812500e-02,2.529602050781250000e+00,3.438943386077880859e+00,2.744187355041503906e+00,-2.529602050781250000e+00,-3.438943386077880859e+00,-2.744187355041503906e+00
1.018400000000000034e+02,2.931594848632812500e-03,-3.261566162109375000e-03,4.244422912597656250e-02,2.529602050781250000e+00,3.438943386077880859e+00,2.744187355041503906e+00,-2.529602050781250000e+00,-3.438943386077880859e+00,-2.744187355041503906e+00
1.018799999999999955e+02,2.943038940429687500e-03,-3.257751464843750000e-03,4.244995117187500000e-02,2.529602050781250000e+00,3.438943386077880859e+00,2.744187355041503906e+00,-2.529602050781250000e+00,-3.438943386077880859e+00,-2.744187355041503906e+00
1.019200000000000017e+02,2.954483032226562500e-03,-3.255844116210937500e-03,4.245567321777343750e-02,2.529602050781250000e+00,3.438943386077880859e+00,2.744187355041503906e+00,-2.529602050781250000e+00,-3.438943386077880859e+00,-2.744187355041503906e+00
1.019600000000000080e+02,2.964019775390625000e-03,-3.253936767578125000e-03,4.246139526367187500e-02,2.529602050781250000e+00,3.438943386077880859e+00,2.744187355041503906e+00,-2.529602050781250000e+00,-3.438943386077880859e+00,-2.744187355041503906e+00
1.020000000000000000e+02,2.973556518554687500e-03,-3.252029418945312500e-03,4.246711730957031250e-02,2.529602050781250000e+00,3.438943386077880859e+00,2.744187355041503906e+00,-2.529602050781250000e+00,-3.438943386077880859e+00,-2.744187355041503906e+00
1.020400000000000063e+02,2.981185913085937500e-03,-3.250122070312500000e-03,4.247283935546875000e-02,2.529602050781250000e+00,3.438943386077880859e+00,2.744187355041503906e+00,-2.529602050781250000e+00,-3.438943386077880859e+00,-2.744187355041503906e+00
1.020799999999999983e+02,2.988815307617187500e-03,-3.250122070312500000e-03,4.247856140136718750e-02,2.529602050781250000e+00,3.438943386077880859e+00,2.744187355041503906e+00,-2.529602050781250000e+00,-3.438943386077880859e+00,-2.744187355041503906e+00
1.021200000000000045e+02,2.996444702148437500e-03,-3.250122070312500000e-03,4.248428344726562500e-02,2.529602050781250000e+00,3.438943386077880859e+00,2.744187355041503906e+00,-2.529602050781250000e+00,-3.438943386077880859e+00,-2.744187355041503906e+00
1.021599999999999966e+02,3.002166748046875000e-03,-3.250122070312500000e-03,4.249000549316406250e-02,2.529602050781250000e+00,3.438943386077880859e+00,2.744187355041503906e+00,-2.529602050781250000e+00,-3.438943386077880859e+00,-2.744187355041503906e+00
1.022000000000000028e+02,3.007888793945312500e-03,-3.250122070312500000e-03,4.249572753906250000e-02,2.529602050781250000e+00,3.438943386077880859e+00,2.744187355041503906e+00,-2.529602050781250000e+00,-3.438943386077880859e+00,-2.744187355041503906e+00
1.022400000000000091e+02,3.013610839843750000e-03,-3.252029418945312500e-03,4.249954223632812500e-02,2.529602050781250000e+00,3.438943386077880859e+00,2.744187355041503906e+00,-2.529602050781250000e+00,-3.438943386077880859e+00,-2.744187355041503906e+00
1.022800000000000011e+02,3.019332885742187500e-03,-3.253936767578125000e-03,4.250335693359375000e-02,2.529602050781250000e+00,3.438943386077880859e+00,2.744187355041503906e+00,-2.529602050781250000e+00,-3.438943386077880859e+00,-2.744187355041503906e+00
1.023200000000000074e+02,3.023147583007812500e-03,-3.255844116210937500e-03,4.250717163085937500e-02,2.529602050781250000e+00,3.438943386077880859e+00,2.744187355041503906e+00,-2.529602050781250000e+00,-3.438943386077880859e+00,-2.744187355041503906e+00
1.023599999999999994e+02,3.026962280273437500e-03,-3.257751464843750000e-03,4.251098632812500000e-02,2.529602050781250000e+00,3.438943386077880859e+00,2.744187355041503906e+00,-2.529602050781250000e+00,-3.438943386077880859e+00,-2.744187355041503906e+00
1.024000000000000057e+02,3.030776977539062500e-03,-3.259658813476562500e-03,4.251480102539062500e-02,2.529602050781250000e+00,3.438943386077880859e+00,2.744187355041503906e+00,-2.529602050781250000e+00,-3.438943386077880859e+00,-2.744187355041503906e+00
1.024399999999999977e+02,3.032684326171875000e-03,-3.263473510742187500e-03,4.251861572265625000e-02,2.529602050781250000e+00,3.438943386077880859e+00,2.744187355041503906e+00,-2.529602050781250000e+00,-3.438943386077880859e+00,-2.744187355041503906e+00
1.024800000000000040e+02,3.034591674804687500e-03,-3.267288208007812500e-03,4.252243041992187500e-02,2.529602050781250000e+00,3.438943386077880859e+00,2.744187355041503906e+00,-2.529602050781250000e+00,-3.438943386077880859e+00,-2.744187355041503906e+00
1.025199999999999960e+02,3.036499023437500000e-03,-3.271102905273437500e-03,4.252624511718750000e-02,2.529602050781250000e+00,3.438943386077880859e+00,2.744187355041503906e+00,-2.529602050781250000e+00,-3.438943386077880859e+00,-2.744187355041503906e+00
1.025600000000000023e+02,3.038406372070312500e-03,-3.274917602539062500e-03,4.253005981445312500e-02,2.529602050781250000e+00,3.438943386077880859e+00,2.744187355041503906e+00,-2.529602050781250000e+00,-3.438943386077880859e+00,-2.744187355041503906e+00
1.026000000000000085e+02,3.038406372070312500e-03,-3.278732299804687500e-03,4.253387451171875000e-02,2.529602050781250000e+00,3.438943386077880859e+00,2.744187355041503906e+00,-2.529602050781250000e+00,-3.438943386077880859e+00,-2.744187355041503906e+00
1.026400000000000006e+02,3.038406372070312500e-03,-3.282546997070312500e-03,4.253768920898437500e-02,2.529602050781250000e+00,3.438943386077880859e+00,2.744187355041503906e+00,-2.529602050781250000e+00,-3.438943386077880859e+00,-2.744187355041503906e+00
1.026800000000000068e+02,3.038406372070312500e-03,-3.288269042968750000e-03,4.254150390625000000e-02,2.529602050781250000e+00,3.438943386077880859e+00,2.744187355041503906e+00,-2.529602050781250000e+00,-3.438943386077880859e+00,-2.744187355041503906e+00
1.027199999999999989e+02,3.038406372070312500e-03,-3.293991088867187500e-03,4.254531860351562500e-02,2.529602050781250000e+00,3.438943386077880859e+00,2.744187355041503906e+00,-2.529602050781250000e+00,-3.438943386077880859e+00,-2.744187355041503906e+00
1.027600000000000051e+02,3.038406372070312500e-03,-3.299713134765625000e-03,4.254913330078125000e-02,2.529602050781250000e+00,3.438943386077880859e+00,2.744187355041503906e+00,-2.529602050781250000e+00,-3.438943386077880859e+00,-2.744187355041503906e+00
1.027999999999999972e+02,3.036499023437500000e-03,-3.305435180664062500e-03,4.255294799804687500e-02,2.529602050781250000e+00,3.438943386077880859e+00,2.744187355041503906e+00,-2.529602050781250000e+00,-3.438943386077880859e+00,-2.744187355041503906e+00
1.028400000000000034e+02,3.034591674804687500e-03,-3.311157226562500000e-03,4.255676269531250000e-02,2.529602050781250000e+00,3.438943386077880859e+00,2.744187355041503906e+00,-2.529602050781250000e+00,-3.438943386077880859e+00,-2.744187355041503906e+00
1.028799999999999955e+02,3.032684326171875000e-03,-3.316879272460937500e-03,4.256057739257812500e-02,2.529602050781250000e+00,3.438943386077880859e+00,2.744187355041503906e+00,-2.529602050781250000e+00,-3.438943386077880859e+00,-2.744187355041503906e+00
1.029200000000000017e+02,3.030776977539062500e-03,-3.322601318359375000e-03,4.256439208984375000e-02,2.529602050781250000e+00,3.438943386077880859e+00,2.744187355041503906e+00,-2.529602050781250000e+00,-3.438943386077880859e+00,-2.744187355041503906e+00
1.029600000000000080e+02,3.028869628906250000e-03,-3.328323364257812500e-03,4.256820678710937500e-02,2.529602050781250000e+00,3.438943386077880859e+00,2.744187355041503906e+00,-2.529602050781250000e+00,-3.438943386077880859e+00,-2.744187355041503906e+00
1.030000000000000000e+02,3.026962280273437500e-03,-3.335952758789062500e-03,4.257202148437500000e-02,2.529602050781250000e+00,3.438943386077880859e+00,2.744187355041503906e+00,-2.529602050781250000e+00,-3.438943386077880859e+00,-2.744187355041503906e+00
1.030400000000000063e+02,3.023147583007812500e-03,-3.343582153320312500e-03,4.257583618164062500e-02,2.529602050781250000e+00,3.438943386077880859e+00,2.744187355041503906e+00,-2.529602050781250000e+00,-3.438943386077880859e+00,-2.744187355041503906e+00
1.030799999999999983e+02,3.019332885742187500e-03,-3.351211547851562500e-03,4.257965087890625000e-02,2.529602050781250000e+00,3.438943386077880859e+00,2.744187355041503906e+00,-2.529602050781250000e+00,-3.438943386077880859e+00,-2.744187355041503906e+00
1.031200000000000045e+02,3.015518188476562500e-03,-3.358840942382812500e-03,4.258155822753906250e-02,2.529602050781250000e+00,3.438943386077880859e+00,2.744187355041503906e+00,-2.529602050781250000e+00,-3.438943386077880859e+00,-2.744187355041503906e+00
1.031599999999999966e+02,3.011703491210937500e-03,-3.366470336914062500e-03,4.258346557617187500e-02,2.529602050781250000e+00,3.438943386077880859e+00,2.744187355041503906e+00,-2.529602050781250000e+00,-3.438943386077880859e+00,-2.744187355041503906e+00
1.032000000000000028e+02,3.007888793945312500e-03,-3.374099731445312500e-03,4.258537292480468750e-02,2.529602050781250000e+00,3.438943386077880859e+00,2.744187355041503906e+00,-2.529602050781250000e+00,-3.438943386077880859e+00,-2.744187355041503906e+00
1.032400000000000091e+02,3.004074096679687500e-03,-3.381729125976562500e-03,4.258728027343750000e-02,2.529602050781250000e+00,3.438943386077880859e+00,2.744187355041503906e+00,-2.529602050781250000e+00,-3.438943386077880859e+00,-2.744187355041503906e+00
1.032800000000000011e+02,3.000259399414062500e-03,-3.389358520507812500e-03,4.258918762207031250e-02,2.529602050781250000e+00,3.438943386077880859e+00,2.744187355041503906e+00,-2.529602050781250000e+00,-3.438943386077880859e+00,-2.744187355041503906e+00
1.033200000000000074e+02,2.994537353515625000e-03,-3.396987915039062500e-03,4.259109497070312500e-02,2.529602050781250000e+00,3.438943386077880859e+00,2.744187355041503906e+00,-2.529602050781250000e+00,-3.438943386077880859e+00,-2.744187355041503906e+00
1.033599999999999994e+02,2.988815307617187500e-03,-3.404617309570312500e-03,4.259300231933593750e-02,2.529602050781250000e+00,3.438943386077880859e+00,2.744187355041503906e+00,-2.529602050781250000e+00,-3.438943386077880859e+00,-2.744187355041503906e+00
1.034000000000000057e+02,2.983093261718750000e-03,-3.412246704101562500e-03,4.259490966796875000e-02,2.529602050781250000e+00,3.438943386077880859e+00,2.744187355041503906e+00,-2.529602050781250000e+00,-3.438943386077880859e+00,-2.744187355041503906e+00
1.034399999999999977e+02,2.977371215820312500e-03,-3.419876098632812500e-03,4.259681701660156250e-02,2.529602050781250000e+00,3.438943386077880859e+00,2.744187355041503906e+00,-2.529602050781250000e+00,-3.438943386077880859e+00,-2.744187355041503906e+00
1.034800000000000040e+02,2.971649169921875000e-03,-3.427505493164062500e-03,4.259872436523437500e-02,2.529602050781250000e+00,3.438943386077880859e+00,2.744187355041503906e+00,-2.529602050781250000e+00,-3.438943386077880859e+00,-2.744187355041503906e+00
1.035199999999999960e+02,2.965927124023437500e-03,-3.435134887695312500e-03,4.260063171386718750e-02,2.529602050781250000e+00,3.438943386077880859e+00,2.744187355041503906e+00,-2.529602050781250000e+00,-3.438943386077880859e+00,-2.744187355041503906e+00
1.035600000000000023e+02,2.960205078125000000e-03,-3.444671630859375000e-03,4.260253906250000000e-02,2.529602050781250000e+00,3.438943386077880859e+00,2.744187355041503906e+00,-2.529602050781250000e+00,-3.438943386077880859e+00,-2.744187355041503906e+00
1.036000000000000085e+02,2.954483032226562500e-03,-3.454208374023437500e-03,4.260444641113281250e-02,2.529602050781250000e+00,3.438943386077880859e+00,2.744187355041503906e+00,-2.529602050781250000e+00,-3.438943386077880859e+00,-2.744187355041503906e+00
1.036400000000000006e+02,2.948760986328125000e-03,-3.463745117187500000e-03,4.260635375976562500e-02,2.529602050781250000e+00,3.438943386077880859e+00,2.744187355041503906e+00,-2.529602050781250000e+00,-3.438943386077880859e+00,-2.744187355041503906e+00
1.036800000000000068e+02,2.943038940429687500e-03,-3.473281860351562500e-03,4.260826110839843750e-02,2.529602050781250000e+00,3.438943386077880859e+00,2.744187355041503906e+00,-2.529602050781250000e+00,-3.438943386077880859e+00,-2.744187355041503906e+00
1.037199999999999989e+02,2.937316894531250000e-03,-3.482818603515625000e-03,4.261016845703125000e-02,2.529602050781250000e+00,3.438943386077880859e+00,2.744187355041503906e+00,-2.529602050781250000e+00,-3.438943386077880859e+00,-2.744187355041503906e+00
1.037600000000000051e+02,2.931594848632812500e-03,-3.492355346679687500e-03,4.261207580566406250e-02,2.529602050781250000e+00,3.438943386077880859e+00,2.744187355041503906e+00,-2.529602050781250000e+00,-3.438943386077880859e+00,-2.744187355041503906e+00
1.037999999999999972e+02,2.923965454101562500e-03,-3.501892089843750000e-03,4.261398315429687500e-02,2.529602050781250000e+00,3.438943386077880859e+00,2.744187355041503906e+00,-2.529602050781250000e+00,-3.438943386077880859e+00,-2.744187355041503906e+00
1.038400000000000034e+02,2.916336059570312500e-03,-3.511428833007812500e-03,4.261589050292968750e-02,2.529602050781250000e+00,3.438943386077880859e+00,2.744187355041503906e+00,-2.529602050781250000e+00,-3.438943386077880859e+00,-2.744187355041503906e+00
1.038799999999999955e+02,2.908706665039062500e-03,-3.520965576171875000e-03,4.261779785156250000e-02,2.529602050781250000e+00,3.438943386077880859e+00,2.744187355041503906e+00,-2.529602050781250000e+00,-3.438943386077880859e+00,-2.744187355041503906e+00
1.039200000000000017e+02,2.901077270507812500e-03,-3.530502319335937500e-03,4.261970520019531250e-02,2.529602050781250000e+00,3.438943386077880859e+00,2.744187355041503906e+00,-2.529602050781250000e+00,-3.438943386077880859e+00,-2.744187355041503906e+00
1.039600000000000080e+02,2.893447875976562500e-03,-3.540039062500000000e-03,4.262161254882812500e-02,2.529602050781250000e+00,3.438943386077880859e+00,2.744187355041503906e+00,-2.529602050781250000e+00,-3.438943386077880859e+00,-2.744187355041503906e+00
1.040000000000000000e+02,2.885818481445312500e-03,-3.549575805664062500e-03,4.262351989746093750e-02,2.529602050781250000e+00,3.438943386077880859e+00,2.744187355041503906e+00,-2.529602050781250000e+00,-3.438943386077880859e+00,-2.744187355041503906e+00
1.040400000000000063e+02,2.878189086914062500e-03,-3.559112548828125000e-03,4.262542724609375000e-02,2.529602050781250000e+00,3.438943386077880859e+00,2.744187355041503906e+00,-2.529602050781250000e+00,-3.438943386077880859e+00,-2.744187355041503906e+00
1.040799999999999983e+02,2.870559692382812500e-03,-3.568649291992187500e-03,4.262733459472656250e-02,2.529602050781250000e+00,3.438943386077880859e+00,2.744187355041503906e+00,-2.529602050781250000e+00,-3.438943386077880859e+00,-2.744187355041503906e+00
1.041200000000000045e+02,2.862930297851562500e-03,-3.578186035156250000e-03,4.262924194335937500e-02,2.529602050781250000e+00,3.438943386077880859e+00,2.744187355041503906e+00,-2.529602050781250000e+00,-3.438943386077880859e+00,-2.744187355041503906e+00
1.041599999999999966e+02,2.855300903320312500e-03,-3.587722778320312500e-03,4.263114929199218750e-02,2.529602050781250000e+00,3.438943386077880859e+00,2.744187355041503906e+00,-2.529602050781250000e+00,-3.438943386077880859e+00,-2.744187355041503906e+00
1.042000000000000028e+02,2.847671508789062500e-03,-3.597259521484375000e-03,4.263305664062500000e-02,2.529602050781250000e+00,3.438943386077880859e+00,2.744187355041503906e+00,-2.529602050781250000e+00,-3.438943386077880859e+00,-2.744187355041503906e+00
1.042400000000000091e+02,2.840042114257812500e-03,-3.606796264648437500e-03,4.263496398925781250e-02,2.529602050781250000e+00,3.438943386077880859e+00,2.744187355041503906e+00,-2.529602050781250000e+00,-3.438943386077880859e+00,-2.744187355041503906e+00
1.042800000000000011e+02,2.832412719726562500e-03,-3.616333007812500000e-03,4.263687133789062500e-02,2.529602050781250000e+00,3.438943386077880859e+00,2.744187355041503906e+00,-2.529602050781250000e+00,-3.438943386077880859e+00,-2.744187355041503906e+00
1.043200000000000074e+02,2.824783325195312500e-03,-3.625869750976562500e-03,4.263877868652343750e-02,2.529602050781250000e+00,3.438943386077880859e+00,2.744187355041503906e+00,-2.529602050781250000e+00,-3.438943386077880859e+00,-2.744187355041503906e+00
1.043599999999999994e+02,2.817153930664062500e-03,-3.635406494140625000e-03,4.264068603515625000e-02,2.529602050781250000e+00,3.438943386077880859e+00,2.744187355041503906e+00,-2.529602050781250000e+00,-3.438943386077880859e+00,-2.744187355041503906e+00
1.044000000000000057e+02,2.809524536132812500e-03,-3.644943237304687500e-03,4.264259338378906250e-02,2.529602050781250000e+00,3.438943386077880859e+00,2.744187355041503906e+00,-2.529602050781250000e+00,-3.438943386077880859e+00,-2.744187355041503906e+00
1.044399999999999977e+02,2.801895141601562500e-03,-3.654479980468750000e-03,4.264450073242187500e-02,2.529602050781250000e+00,3.438943386077880859e+00,2.744187355041503906e+00,-2.529602050781250000e+00,-3.438943386077880859e+00,-2.744187355041503906e+00
1.044800000000000040e+02,2.794265747070312500e-03,-3.664016723632812500e-03,4.264640808105468750e-02,2.529602050781250000e+00,3.438943386077880859e+00,2.744187355041503906e+00,-2.529602050781250000e+00,-3.438943386077880859e+00,-2.744187355041503906e+00
1.045199999999999960e+02,2.786636352539062500e-03,-3.673553466796875000e-03,4.264831542968750000e-02,2.529602050781250000e+00,3.438943386077880859e+00,2.744187355041503906e+00,-2.529602050781250000e+00,-3.438943386077880859e+00,-2.744187355041503906e+00
1.045600000000000023e+02,2.779006958007812500e-03,-3.683090209960937500e-03,4.265022277832031250e-02,2.529602050781250000e+00,3.438943386077880859e+00,2.744187355041503906e+00,-2.529602050781250000e+00,-3.438943386077880859e+00,-2.744187355041503906e+00
1.046000000000000085e+02,2.771377563476562500e-03,-3.692626953125000000e-03,4.265213012695312500e-02,2.529602050781250000e+00,3.438943386077880859e+00,2.744187355041503906e+00,-2.529602050781250000e+00,-3.438943386077880859e+00,-2.744187355041503906e+00
1.046400000000000006e+02,2.763748168945312500e-03,-3.702163696289062500e-03,4.265403747558593750e-02,2.529602050781250000e+00,3.438943386077880859e+00,2.744187355041503906e+00,-2.529602050781250000e+00,-3.438943386077880859e+00,-2.744187355041503906e+00
1.046800000000000068e+02,2.756118774414062500e-03,-3.711700439453125000e-03,4.265594482421875000e-02,2.529602050781250000e+00,3.438943386077880859e+00,2.744187355041503906e+00,-2.529602050781250000e+00,-3.438943386077880859e+00,-2.744187355041503906e+00
1.047199999999999989e+02,2.748489379882812500e-03,-3.721237182617187500e-03,4.265785217285156250e-02,2.529602050781250000e+00,3.438943386077880859e+00,2.744187355041503906e+00,-2.529602050781250000e+00,-3.438943386077880859e+00,-2.744187355041503906e+00
1.047600000000000051e+02,2.740859985351562500e-03,-3.730773925781250000e-03,4.265975952148437500e-02,2.529602050781250000e+00,3.438943386077880859e+00,2.744187355041503906e+00,-2.529602050781250000e+00,-3.438943386077880859e+00,-2.744187355041503906e+00
1.047999999999999972e+02,2.733230590820312500e-03,-3.740310668945312500e-03,4.266166687011718750e-02,2.529602050781250000e+00,3.438943386077880859e+00,2.744187355041503906e+00,-2.529602050781250000e+00,-3.438943386077880859e+00,-2.744187355041503906e+00
1.048400000000000034e+02,2.725601196289062500e-03,-3.749847412109375000e-03,4.266166687011718750e-02,2.529602050781250000e+00,3.438943386077880859e+00,2.744187355041503906e+00,-2.529602050781250000e+00,-3.438943386077880859e+00,-2.744187355041503906e+00
1.048799999999999955e+02,2.717971801757812500e-03,-3.759384155273437500e-03,4.266166687011718750e-02,2.529602050781250000e+00,3.438943386077880859e+00,2.744187355041503906e+00,-2.529602050781250000e+00,-3.438943386077880859e+00,-2.744187355041503906e+00
1.049200000000000017e+02,2.710342407226562500e-03,-3.768920898437500000e-03,4.266166687011718750e-02,2.529602050781250000e+00,3.438943386077880859e+00,2.744187355041503906e+00,-2.529602050781250000e+00,-3.438943386077880859e+00,-2.744187355041503906e+00
1.049600000000000080e+02,2.702713012695312500e-03,-3.778457641601562500e-03,4.266166687011718750e-02,2.529602050781250000e+00,3.438943386077880859e+00,2.744187355041503906e+00,-2.529602050781250000e+00,-3.438943386077880859e+00,-2.744187355041503906e+00
1.050000000000000000e+02,2.695083618164062500e-03,-3.787994384765625000e-03,4.266166687011718750e-02,2.529602050781250000e+00,3.438943386077880859e+00,2.744187355041503906e+00,-2.529602050781250000e+00,-3.438943386077880859e+00,-2.744187355041503906e+00
1.050400000000000063e+02,2.687454223632812500e-03,-3.795623779296875000e-03,4.266166687011718750e-02,2.529602050781250000e+00,3.438943386077880859e+00,2.744187355041503906e+00,-2.529602050781250000e+00,-3.438943386077880859e+00,-2.744187355041503906e+00
1.050799999999999983e+02,2.679824829101562500e-03,-3.803253173828125000e-03,4.266166687011718750e-02,2.529602050781250000e+00,3.438943386077880859e+00,2.744187355041503906e+00,-2.529602050781250000e+00,-3.438943386077880859e+00,-2.744187355041503906e+00
1.051200000000000045e+02,2.672195434570312500e-03,-3.810882568359375000e-03,4.266166687011718750e-02,2.529602050781250000e+00,3.438943386077880859e+00,2.744187355041503906e+00,-2.529602050781250000e+00,-3.438943386077880859e+00,-2.744187355041503906e+00
1.051599999999999966e+02,2.664566040039062500e-03,-3.818511962890625000e-03,4.266166687011718750e-02,2.529602050781250000e+00,3.438943386077880859e+00,2.744187355041503906e+00,-2.529602050781250000e+00,-3.438943386077880859e+00,-2.744187355041503906e+00
1.052000000000000028e+02,2.656936645507812500e-03,-3.826141357421875000e-03,4.266166687011718750e-02,2.529602050781250000e+00,3.438943386077880859e+00,2.744187355041503906e+00,-2.529602050781250000e+00,-3.438943386077880859e+00,-2.744187355041503906e+00
1.052400000000000091e+02,2.649307250976562500e-03,-3.833770751953125000e-03,4.266166687011718750e-02,2.529602050781250000e+00,3.438943386077880859e+00,2.744187355041503906e+00,-2.529602050781250000e+00,-3.438943386077880859e+00,-2.744187355041503906e+00
1.052800000000000011e+02,2.641677856445312500e-03,-3.841400146484375000e-03,4.266166687011718750e-02,2.529602050781250000e+00,3.438943386077880859e+00,2.744187355041503906e+00,-2.529602050781250000e+00,-3.438943386077880859e+00,-2.744187355041503906e+00
1.053200000000000074e+02,2.634048461914062500e-03,-3.849029541015625000e-03,4.266166687011718750e-02,2.529602050781250000e+00,3.438943386077880859e+00,2.744187355041503906e+00,-2.529602050781250000e+00,-3.438943386077880859e+00,-2.744187355041503906e+00
1.053599999999999994e+02,2.626419067382812500e-03,-3.856658935546875000e-03,4.266166687011718750e-02,2.529602050781250000e+00,3.438943386077880859e+00,2.744187355041503906e+00,-2.529602050781250000e+00,-3.438943386077880859e+00,-2.744187355041503906e+00
1.054000000000000057e+02,2.618789672851562500e-03,-3.864288330078125000e-03,4.266166687011718750e-02,2.529602050781250000e+00,3.438943386077880859e+00,2.744187355041503906e+00,-2.529602050781250000e+00,-3.438943386077880859e+00,-2.744187355041503906e+00
1.054399999999999977e+02,2.611160278320312500e-03,-3.871917724609375000e-03,4.266166687011718750e-02,2.529602050781250000e+00,3.438943386077880859e+00,2.744187355041503906e+00,-2.529602050781250000e+00,-3.438943386077880859e+00,-2.744187355041503906e+00
1.054800000000000040e+02,2.603530883789062500e-03,-3.879547119140625000e-03,4.266166687011718750e-02,2.529602050781250000e+00,3.438943386077880859e+00,2.744187355041503906e+00,-2.529602050781250000e+00,-3.438943386077880859e+00,-2.744187355041503906e+00
1.055199999999999960e+02,2.595901489257812500e-03,-3.887176513671875000e-03,4.266166687011718750e-02,2.529602050781250000e+00,3.438943386077880859e+00,2.744187355041503906e+00,-2.529602050781250000e+00,-3.438943386077880859e+00,-2.744187355041503906e+00
1.055600000000000023e+02,2.588272094726562500e-03,-3.894805908203125000e-03,4.266166687011718750e-02,2.529602050781250000e+00,3.438943386077880859e+00,2.744187355041503906e+00,-2.529602050781250000e+00,-3.438943386077880859e+00,-2.744187355041503906e+00
1.056000000000000085e+02,2.580642700195312500e-03,-3.902435302734375000e-03,4.266166687011718750e-02,2.529602050781250000e+00,3.438943386077880859e+00,2.744187355041503906e+00,-2.529602050781250000e+00,-3.438943386077880859e+00,-2.744187355041503906e+00
1.056400000000000006e+02,2.573013305664062500e-03,-3.910064697265625000e-03,4.266166687011718750e-02,2.529602050781250000e+00,3.438943386077880859e+00,2.744187355041503906e+00,-2.529602050781250000e+00,-3.438943386077880859e+00,-2.744187355041503906e+00
1.056800000000000068e+02,2.565383911132812500e-03,-3.917694091796875000e-03,4.266166687011718750e-02,2.529602050781250000e+00,3.438943386077880859e+00,2.744187355041503906e+00,-2.529602050781250000e+00,-3.438943386077880859e+00,-2.744187355041503906e+00
1.057199999999999989e+02,2.557754516601562500e-03,-3.925323486328125000e-03,4.266166687011718750e-02,2.529602050781250000e+00,3.438943386077880859e+00,2.744187355041503906e+00,-2.529602050781250000e+00,-3.438943386077880859e+00,-2.744187355041503906e+00
1.057600000000000051e+02,2.550125122070312500e-03,-3.932952880859375000e-03,4.266166687011718750e-02,2.529602050781250000e+00,3.438943386077880859e+00,2.744187355041503906e+00,-2.529602050781250000e+00,-3.438943386077880859e+00,-2.744187355041503906e+00
1.057999999999999972e+02,2.542495727539062500e-03,-3.940582275390625000e-03,4.266166687011718750e-02,2.529602050781250000e+00,3.438943386077880859e+00,2.744187355041503906e+00,-2.529602050781250000e+00,-3.438943386077880859e+00,-2.744187355041503906e+00
1.058400000000000034e+02,2.534866333007812500e-03,-3.948211669921875000e-03,4.266166687011718750e-02,2.529602050781250000e+00,3.438943386077880859e+00,2.744187355041503906e+00,-2.529602050781250000e+00,-3.438943386077880859e+00,-2.744187355041503906e+00
1.058799999999999955e+02,2.527236938476562500e-03,-3.955841064453125000e-03,4.266166687011718750e-02,2.529602050781250000e+00,3.438943386077880859e+00,2.744187355041503906e+00,-2.529602050781250000e+00,-3.438943386077880859e+00,-2.744187355041503906e+00
1.059200000000000017e+02,2.519607543945312500e-03,-3.963470458984375000e-03,4.266166687011718750e-02,2.529602050781250000e+00,3.438943386077880859e+00,2.744187355041503906e+00,-2.529602050781250000e+00,-3.438943386077880859e+00,-2.744187355041503906e+00
1.059600000000000080e+02,2.511978149414062500e-03,-3.971099853515625000e-03,4.266166687011718750e-02,2.529602050781250000e+00,3.438943386077880859e+00,2.744187355041503906e+00,-2.529602050781250000e+00,-3.438943386077880859e+00,-2.744187355041503906e+00
1.060000000000000000e+02,2.504348754882812500e-03,-3.978729248046875000e-03,4.266166687011718750e-02,2.529602050781250000e+00,3.438943386077880859e+00,2.744187355041503906e+00,-2.529602050781250000e+00,-3.438943386077880859e+00,-2.744187355041503906e+00
1.060400000000000063e+02,2.496719360351562500e-03,-3.986358642578125000e-03,4.266166687011718750e-02,2.529602050781250000e+00,3.438943386077880859e+00,2.744187355041503906e+00,-2.529602050781250000e+00,-3.438943386077880859e+00,-2.744187355041503906e+00
1.060799999999999983e+02,2.489089965820312500e-03,-3.993988037109375000e-03,4.266166687011718750e-02,2.529602050781250000e+00,3.438943386077880859e+00,2.744187355041503906e+00,-2.529602050781250000e+00,-3.438943386077880859e+00,-2.744187355041503906e+00
1.061200000000000045e+02,2.481460571289062500e-03,-4.001617431640625000e-03,4.266166687011718750e-02,2.529602050781250000e+00,3.438943386077880859e+00,2.744187355041503906e+00,-2.529602050781250000e+00,-3.438943386077880859e+00,-2.744187355041503906e+00
1.061599999999999966e+02,2.473831176757812500e-03,-4.007339477539062500e-03,4.266166687011718750e-02,2.529602050781250000e+00,3.438943386077880859e+00,2.744187355041503906e+00,-2.529602050781250000e+00,-3.438943386077880859e+00,-2.744187355041503906e+00
1.062000000000000028e+02,2.468109130859375000e-03,-4.013061523437500000e-03,4.266166687011718750e-02,2.529602050781250000e+00,3.438943386077880859e+00,2.744187355041503906e+00,-2.529602050781250000e+00,-3.438943386077880859e+00,-2.744187355041503906e+00
1.062400000000000091e+02,2.462387084960937500e-03,-4.018783569335937500e-03,4.266166687011718750e-02,2.529602050781250000e+00,3.438943386077880859e+00,2.744187355041503906e+00,-2.529602050781250000e+00,-3.438943386077880859e+00,-2.744187355041503906e+00
1.062800000000000011e+02,2.456665039062500000e-03,-4.024505615234375000e-03,4.266166687011718750e-02,2.529602050781250000e+00,3.438943386077880859e+00,2.744187355041503906e+00,-2.529602050781250000e+00,-3.438943386077880859e+00,-2.744187355041503906e+00
1.063200000000000074e+02,2.450942993164062500e-03,-4.030227661132812500e-03,4.266166687011718750e-02,2.529602050781250000e+00,3.438943386077880859e+00,2.744187355041503906e+00,-2.529602050781250000e+00,-3.438943386077880859e+00,-2.744187355041503906e+00
1.063599999999999994e+02,2.445220947265625000e-03,-4.035949707031250000e-03,4.266166687011718750e-02,2.529602050781250000e+00,3.438943386077880859e+00,2.744187355041503906e+00,-2.529602050781250000e+00,-3.438943386077880859e+00,-2.744187355041503906e+00
1.064000000000000057e+02,2.439498901367187500e-03,-4.041671752929687500e-03,4.266166687011718750e-02,2.529602050781250000e+00,3.438943386077880859e+00,2.744187355041503906e+00,-2.529602050781250000e+00,-3.438943386077880859e+00,-2.744187355041503906e+00
1.064399999999999977e+02,2.433776855468750000e-03,-4.047393798828125000e-03,4.266166687011718750e-02,2.529602050781250000e+00,3.438943386077880859e+00,2.744187355041503906e+00,-2.529602050781250000e+00,-3.438943386077880859e+00,-2.744187355041503906e+00
1.064800000000000040e+02,2.428054809570312500e-03,-4.053115844726562500e-03,4.266166687011718750e-02,2.529602050781250000e+00,3.438943386077880859e+00,2.744187355041503906e+00,-2.529602050781250000e+00,-3.438943386077880859e+00,-2.744187355041503906e+00
1.065199999999999960e+02,2.422332763671875000e-03,-4.058837890625000000e-03,4.266166687011718750e-02,2.529602050781250000e+00,3.438943386077880859e+00,2.744187355041503906e+00,-2.529602050781250000e+00,-3.438943386077880859e+00,-2.744187355041503906e+00
1.065600000000000023e+02,2.416610717773437500e-03,-4.064559936523437500e-03,4.266166687011718750e-02,2.529602050781250000e+00,3.438943386077880859e+00,2.744187355041503906e+00,-2.529602050781250000e+00,-3.438943386077880859e+00,-2.744187355041503906e+00
1.066000000000000085e+02,2.410888671875000000e-03,-4.070281982421875000e-03,4.266166687011718750e-02,2.529602050781250000e+00,3.438943386077880859e+00,2.744187355041503906e+00,-2.529602050781250000e+00,-3.438943386077880859e+00,-2.744187355041503906e+00
1.066400000000000006e+02,2.405166625976562500e-03,-4.076004028320312500e-03,4.266166687011718750e-02,2.529602050781250000e+00,3.438943386077880859e+00,2.744187355041503906e+00,-2.529602050781250000e+00,-3.438943386077880859e+00,-2.744187355041503906e+00
1.066800000000000068e+02,2.399444580078125000e-03,-4.081726074218750000e-03,4.266166687011718750e-02,2.529602050781250000e+00,3.438943386077880859e+00,2.744187355041503906e+00,-2.529602050781250000e+00,-3.438943386077880859e+00,-2.744187355041503906e+00
1.067199999999999989e+02,2.393722534179687500e-03,-4.087448120117187500e-03,4.266166687011718750e-02,2.529602050781250000e+00,3.438943386077880859e+00,2.744187355041503906e+00,-2.529602050781250000e+00,-3.438943386077880859e+00,-2.744187355041503906e+00
1.067600000000000051e+02,2.388000488281250000e-03,-4.093170166015625000e-03,4.266166687011718750e-02,2.529602050781250000e+00,3.438943386077880859e+00,2.744187355041503906e+00,-2.529602050781250000e+00,-3.438943386077880859e+00,-2.744187355041503906e+00
1.067999999999999972e+02,2.382278442382812500e-03,-4.098892211914062500e-03,4.266166687011718750e-02,2.529602050781250000e+00,3.438943386077880859e+00,2.744187355041503906e+00,-2.529602050781250000e+00,-3.438943386077880859e+00,-2.744187355041503906e+00
1.068400000000000034e+02,2.376556396484375000e-03,-4.104614257812500000e-03,4.266166687011718750e-02,2.529602050781250000e+00,3.438943386077880859e+00,2.744187355041503906e+00,-2.529602050781250000e+00,-3.438943386077880859e+00,-2.744187355041503906e+00
1.068799999999999955e+02,2.370834350585937500e-03,-4.110336303710937500e-03,4.266166687011718750e-02,2.529602050781250000e+00,3.438943386077880859e+00,2.744187355041503906e+00,-2.529602050781250000e+00,-3.438943386077880859e+00,-2.744187355041503906e+00
1.069200000000000017e+02,2.365112304687500000e-03,-4.116058349609375000e-03,4.266166687011718750e-02,2.529602050781250000e+00,3.438943386077880859e+00,2.744187355041503906e+00,-2.529602050781250000e+00,-3.438943386077880859e+00,-2.744187355041503906e+00
1.069600000000000080e+02,2.359390258789062500e-03,-4.121780395507812500e-03,4.266166687011718750e-02,2.529602050781250000e+00,3.438943386077880859e+00,2.744187355041503906e+00,-2.529602050781250000e+00,-3.438943386077880859e+00,-2.744187355041503906e+00
1.070000000000000000e+02,2.353668212890625000e-03,-4.127502441406250000e-03,4.266166687011718750e-02,2.529602050781250000e+00,3.438943386077880859e+00,2.744187355041503906e+00,-2.529602050781250000e+00,-3.438943386077880859e+00,-2.744187355041503906e+00
1.070400000000000063e+02,2.347946166992187500e-03,-4.133224487304687500e-03,4.266166687011718750e-02,2.529602050781250000e+00,3.438943386077880859e+00,2.744187355041503906e+00,-2.529602050781250000e+00,-3.438943386077880859e+00,-2.744187355041503906e+00
1.070799999999999983e+02,2.342224121093750000e-03,-4.138946533203125000e-03,4.266166687011718750e-02,2.529602050781250000e+00,3.438943386077880859e+00,2.744187355041503906e+00,-2.529602050781250000e+00,-3.438943386077880859e+00,-2.744187355041503906e+00
1.071200000000000045e+02,2.336502075195312500e-03,-4.144668579101562500e-03,4.266166687011718750e-02,2.529602050781250000e+00,3.438943386077880859e+00,2.744187355041503906e+00,-2.529602050781250000e+00,-3.438943386077880859e+00,-2.744187355041503906e+00
1.071599999999999966e+02,2.330780029296875000e-03,-4.150390625000000000e-03,4.266166687011718750e-02,2.529602050781250000e+00,3.438943386077880859e+00,2.744187355041503906e+00,-2.529602050781250000e+00,-3.438943386077880859e+00,-2.744187355041503906e+00
1.072000000000000028e+02,2.325057983398437500e-03,-4.156112670898437500e-03,4.266166687011718750e-02,2.529602050781250000e+00,3.438943386077880859e+00,2.744187355041503906e+00,-2.529602050781250000e+00,-3.438943386077880859e+00,-2.744187355041503906e+00
1.072400000000000091e+02,2.319335937500000000e-03,-4.159927368164062500e-03,4.266166687011718750e-02,2.529602050781250000e+00,3.438943386077880859e+00,2.744187355041503906e+00,-2.529602050781250000e+00,-3.438943386077880859e+00,-2.744187355041503906e+00
1.072800000000000011e+02,2.313613891601562500e-03,-4.163742065429687500e-03,4.266166687011718750e-02,2.529602050781250000e+00,3.438943386077880859e+00,2.744187355041503906e+00,-2.529602050781250000e+00,-3.438943386077880859e+00,-2.744187355041503906e+00
1.073200000000000074e+02,2.307891845703125000e-03,-4.167556762695312500e-03,4.266166687011718750e-02,2.529602050781250000e+00,3.438943386077880859e+00,2.744187355041503906e+00,-2.529602050781250000e+00,-3.438943386077880859e+00,-2.744187355041503906e+00
1.073599999999999994e+02,2.302169799804687500e-03,-4.171371459960937500e-03,4.266166687011718750e-02,2.529602050781250000e+00,3.438943386077880859e+00,2.744187355041503906e+00,-2.529602050781250000e+00,-3.438943386077880859e+00,-2.744187355041503906e+00
1.074000000000000057e+02,2.298355102539062500e-03,-4.175186157226562500e-03,4.266166687011718750e-02,2.529602050781250000e+00,3.438943386077880859e+00,2.744187355041503906e+00,-2.529602050781250000e+00,-3.438943386077880859e+00,-2.744187355041503906e+00
1.074399999999999977e+02,2.294540405273437500e-03,-4.179000854492187500e-03,4.266166687011718750e-02,2.529602050781250000e+00,3.438943386077880859e+00,2.744187355041503906e+00,-2.529602050781250000e+00,-3.438943386077880859e+00,-2.744187355041503906e+00
1.074800000000000040e+02,2.290725708007812500e-03,-4.182815551757812500e-03,4.266166687011718750e-02,2.529602050781250000e+00,3.438943386077880859e+00,2.744187355041503906e+00,-2.529602050781250000e+00,-3.438943386077880859e+00,-2.744187355041503906e+00
1.075199999999999960e+02,2.286911010742187500e-03,-4.186630249023437500e-03,4.266166687011718750e-02,2.529602050781250000e+00,3.438943386077880859e+00,2.744187355041503906e+00,-2.529602050781250000e+00,-3.438943386077880859e+00,-2.744187355041503906e+00
1.075600000000000023e+02,2.283096313476562500e-03,-4.190444946289062500e-03,4.266166687011718750e-02,2.529602050781250000e+00,3.438943386077880859e+00,2.744187355041503906e+00,-2.529602050781250000e+00,-3.438943386077880859e+00,-2.744187355041503906e+00
1.076000000000000085e+02,2.279281616210937500e-03,-4.194259643554687500e-03,4.266166687011718750e-02,2.529602050781250000e+00,3.438943386077880859e+00,2.744187355041503906e+00,-2.529602050781250000e+00,-3.438943386077880859e+00,-2.744187355041503906e+00
1.076400000000000006e+02,2.275466918945312500e-03,-4.198074340820312500e-03,4.266166687011718750e-02,2.529602050781250000e+00,3.438943386077880859e+00,2.744187355041503906e+00,-2.529602050781250000e+00,-3.438943386077880859e+00,-2.744187355041503906e+00
1.076800000000000068e+02,2.271652221679687500e-03,-4.201889038085937500e-03,4.266166687011718750e-02,2.529602050781250000e+00,3.438943386077880859e+00,2.744187355041503906e+00,-2.529602050781250000e+00,-3.438943386077880859e+00,-2.744187355041503906e+00
1.077199999999999989e+02,2.267837524414062500e-03,-4.205703735351562500e-03,4.266166687011718750e-02,2.529602050781250000e+00,3.438943386077880859e+00,2.744187355041503906e+00,-2.529602050781250000e+00,-3.438943386077880859e+00,-2.744187355041503906e+00
1.077600000000000051e+02,2.264022827148437500e-03,-4.209518432617187500e-03,4.266166687011718750e-02,2.529602050781250000e+00,3.438943386077880859e+00,2.744187355041503906e+00,-2.529602050781250000e+00,-3.438943386077880859e+00,-2.744187355041503906e+00
1.077999999999999972e+02,2.260208129882812500e-03,-4.213333129882812500e-03,4.266166687011718750e-02,2.529602050781250000e+00,3.438943386077880859e+00,2.744187355041503906e+00,-2.529602050781250000e+00,-3.438943386077880859e+00,-2.744187355041503906e+00
1.078400000000000034e+02,2.256393432617187500e-03,-4.217147827148437500e-03,4.266166687011718750e-02,2.529602050781250000e+00,3.438943386077880859e+00,2.744187355041503906e+00,-2.529602050781250000e+00,-3.438943386077880859e+00,-2.744187355041503906e+00
1.078799999999999955e+02,2.252578735351562500e-03,-4.220962524414062500e-03,4.266166687011718750e-02,2.529602050781250000e+00,3.438943386077880859e+00,2.744187355041503906e+00,-2.529602050781250000e+00,-3.438943386077880859e+00,-2.744187355041503906e+00
1.079200000000000017e+02,2.248764038085937500e-03,-4.224777221679687500e-03,4.266166687011718750e-02,2.529602050781250000e+00,3.438943386077880859e+00,2.744187355041503906e+00,-2.529602050781250000e+00,-3.438943386077880859e+00,-2.744187355041503906e+00
1.079600000000000080e+02,2.244949340820312500e-03,-4.228591918945312500e-03,4.266166687011718750e-02,2.529602050781250000e+00,3.438943386077880859e+00,2.744187355041503906e+00,-2.529602050781250000e+00,-3.438943386077880859e+00,-2.744187355041503906e+00
1.080000000000000000e+02,2.241134643554687500e-03,-4.232406616210937500e-03,4.266166687011718750e-02,2.529602050781250000e+00,3.438943386077880859e+00,2.744187355041503906e+00,-2.529602050781250000e+00,-3.438943386077880859e+00,-2.744187355041503906e+00
1.080400000000000063e+02,2.237319946289062500e-03,-4.236221313476562500e-03,4.266166687011718750e-02,2.529602050781250000e+00,3.438943386077880859e+00,2.744187355041503906e+00,-2.529602050781250000e+00,-3.438943386077880859e+00,-2.744187355041503906e+00
1.080799999999999983e+02,2.233505249023437500e-03,-4.240036010742187500e-03,4.266166687011718750e-02,2.529602050781250000e+00,3.438943386077880859e+00,2.744187355041503906e+00,-2.529602050781250000e+00,-3.438943386077880859e+00,-2.744187355041503906e+00
1.081200000000000045e+02,2.229690551757812500e-03,-4.243850708007812500e-03,4.266166687011718750e-02,2.529602050781250000e+00,3.438943386077880859e+00,2.744187355041503906e+00,-2.529602050781250000e+00,-3.438943386077880859e+00,-2.744187355041503906e+00
1.081599999999999966e+02,2.225875854492187500e-03,-4.247665405273437500e-03,4.266166687011718750e-02,2.529602050781250000e+00,3.438943386077880859e+00,2.744187355041503906e+00,-2.529602050781250000e+00,-3.438943386077880859e+00,-2.744187355041503906e+00
1.082000000000000028e+02,2.222061157226562500e-03,-4.251480102539062500e-03,4.266166687011718750e-02,2.529602050781250000e+00,3.438943386077880859e+00,2.744187355041503906e+00,-2.529602050781250000e+00,-3.438943386077880859e+00,-2.744187355041503906e+00
1.082400000000000091e+02,2.218246459960937500e-03,-4.255294799804687500e-03,4.266166687011718750e-02,2.529602050781250000e+00,3.438943386077880859e+00,2.744187355041503906e+00,-2.529602050781250000e+00,-3.438943386077880859e+00,-2.744187355041503906e+00
1.082800000000000011e+02,2.214431762695312500e-03,-4.259109497070312500e-03,4.266166687011718750e-02,2.529602050781250000e+00,3.438943386077880859e+00,2.744187355041503906e+00,-2.529602050781250000e+00,-3.438943386077880859e+00,-2.744187355041503906e+00
1.083200000000000074e+02,2.210617065429687500e-03,-4.262924194335937500e-03,4.266166687011718750e-02,2.529602050781250000e+00,3.438943386077880859e+00,2.744187355041503906e+00,-2.529602050781250000e+00,-3.438943386077880859e+00,-2.744187355041503906e+00
1.083599999999999994e+02,2.206802368164062500e-03,-4.266738891601562500e-03,4.266166687011718750e-02,2.529602050781250000e+00,3.438943386077880859e+00,2.744187355041503906e+00,-2.529602050781250000e+00,-3.438943386077880859e+00,-2.744187355041503906e+00
1.084000000000000057e+02,2.202987670898437500e-03,-4.270553588867187500e-03,4.266166687011718750e-02,2.529602050781250000e+00,3.438943386077880859e+00,2.744187355041503906e+00,-2.529602050781250000e+00,-3.438943386077880859e+00,-2.744187355041503906e+00
1.084399999999999977e+02,2.199172973632812500e-03,-4.274368286132812500e-03,4.266166687011718750e-02,2.529602050781250000e+00,3.438943386077880859e+00,2.744187355041503906e+00,-2.529602050781250000e+00,-3.438943386077880859e+00,-2.744187355041503906e+00
1.084800000000000040e+02,2.195358276367187500e-03,-4.278182983398437500e-03,4.266166687011718750e-02,2.529602050781250000e+00,3.438943386077880859e+00,2.744187355041503906e+00,-2.529602050781250000e+00,-3.438943386077880859e+00,-2.744187355041503906e+00
1.085199999999999960e+02,2.191543579101562500e-03,-4.281997680664062500e-03,4.266166687011718750e-02,2.529602050781250000e+00,3.438943386077880859e+00,2.744187355041503906e+00,-2.529602050781250000e+00,-3.438943386077880859e+00,-2.744187355041503906e+00
1.085600000000000023e+02,2.187728881835937500e-03,-4.283905029296875000e-03,4.266166687011718750e-02,2.529602050781250000e+00,3.438943386077880859e+00,2.744187355041503906e+00,-2.529602050781250000e+00,-3.438943386077880859e+00,-2.744187355041503906e+00
1.086000000000000085e+02,2.183914184570312500e-03,-4.285812377929687500e-03,4.266166687011718750e-02,2.529602050781250000e+00,3.438943386077880859e+00,2.744187355041503906e+00,-2.529602050781250000e+00,-3.438943386077880859e+00,-2.744187355041503906e+00
1.086400000000000006e+02,2.180099487304687500e-03,-4.287719726562500000e-03,4.266166687011718750e-02,2.529602050781250000e+00,3.438943386077880859e+00,2.744187355041503906e+00,-2.529602050781250000e+00,-3.438943386077880859e+00,-2.744187355041503906e+00
1.086800000000000068e+02,2.176284790039062500e-03,-4.289627075195312500e-03,4.266166687011718750e-02,2.529602050781250000e+00,3.438943386077880859e+00,2.744187355041503906e+00,-2.529602050781250000e+00,-3.438943386077880859e+00,-2.744187355041503906e+00
1.087199999999999989e+02,2.172470092773437500e-03,-4.291534423828125000e-03,4.266166687011718750e-02,2.529602050781250000e+00,3.438943386077880859e+00,2.744187355041503906e+00,-2.529602050781250000e+00,-3.438943386077880859e+00,-2.744187355041503906e+00
1.087600000000000051e+02,2.168655395507812500e-03,-4.293441772460937500e-03,4.266166687011718750e-02,2.529602050781250000e+00,3.438943386077880859e+00,2.744187355041503906e+00,-2.529602050781250000e+00,-3.438943386077880859e+00,-2.744187355041503906e+00
1.087999999999999972e+02,2.166748046875000000e-03,-4.295349121093750000e-03,4.266166687011718750e-02,2.529602050781250000e+00,3.438943386077880859e+00,2.744187355041503906e+00,-2.529602050781250000e+00,-3.438943386077880859e+00,-2.744187355041503906e+00
1.088400000000000034e+02,2.164840698242187500e-03,-4.297256469726562500e-03,4.266166687011718750e-02,2.529602050781250000e+00,3.438943386077880859e+00,2.744187355041503906e+00,-2.529602050781250000e+00,-3.438943386077880859e+00,-2.744187355041503906e+00
1.088799999999999955e+02,2.162933349609375000e-03,-4.299163818359375000e-03,4.266166687011718750e-02,2.529602050781250000e+00,3.438943386077880859e+00,2.744187355041503906e+00,-2.529602050781250000e+00,-3.438943386077880859e+00,-2.744187355041503906e+00
1.089200000000000017e+02,2.161026000976562500e-03,-4.301071166992187500e-03,4.266166687011718750e-02,2.529602050781250000e+00,3.438943386077880859e+00,2.744187355041503906e+00,-2.529602050781250000e+00,-3.438943386077880859e+00,-2.744187355041503906e+00
1.089600000000000080e+02,2.159118652343750000e-03,-4.302978515625000000e-03,4.266166687011718750e-02,2.529602050781250000e+00,3.438943386077880859e+00,2.744187355041503906e+00,-2.529602050781250000e+00,-3.438943386077880859e+00,-2.744187355041503906e+00
1.090000000000000000e+02,2.157211303710937500e-03,-4.304885864257812500e-03,4.266166687011718750e-02,2.529602050781250000e+00,3.438943386077880859e+00,2.744187355041503906e+00,-2.529602050781250000e+00,-3.438943386077880859e+00,-2.744187355041503906e+00
1.090400000000000063e+02,2.155303955078125000e-03,-4.306793212890625000e-03,4.266166687011718750e-02,2.529602050781250000e+00,3.438943386077880859e+00,2.744187355041503906e+00,-2.529602050781250000e+00,-3.438943386077880859e+00,-2.744187355041503906e+00
1.090799999999999983e+02,2.153396606445312500e-03,-4.308700561523437500e-03,4.266166687011718750e-02,2.529602050781250000e+00,3.438943386077880859e+00,2.744187355041503906e+00,-2.529602050781250000e+00,-3.438943386077880859e+00,-2.744187355041503906e+00
1.091200000000000045e+02,2.151489257812500000e-03,-4.310607910156250000e-03,4.266166687011718750e-02,2.529602050781250000e+00,3.438943386077880859e+00,2.744187355041503906e+00,-2.529602050781250000e+00,-3.438943386077880859e+00,-2.744187355041503906e+00
1.091599999999999966e+02,2.149581909179687500e-03,-4.312515258789062500e-03,4.266166687011718750e-02,2.529602050781250000e+00,3.438943386077880859e+00,2.744187355041503906e+00,-2.529602050781250000e+00,-3.438943386077880859e+00,-2.744187355041503906e+00
1.092000000000000028e+02,2.147674560546875000e-03,-4.314422607421875000e-03,4.266166687011718750e-02,2.529602050781250000e+00,3.438943386077880859e+00,2.744187355041503906e+00,-2.529602050781250000e+00,-3.438943386077880859e+00,-2.744187355041503906e+00
1.092400000000000091e+02,2.145767211914062500e-03,-4.316329956054687500e-03,4.266166687011718750e-02,2.529602050781250000e+00,3.438943386077880859e+00,2.744187355041503906e+00,-2.529602050781250000e+00,-3.438943386077880859e+00,-2.744187355041503906e+00
1.092800000000000011e+02,2.143859863281250000e-03,-4.318237304687500000e-03,4.266166687011718750e-02,2.529602050781250000e+00,3.438943386077880859e+00,2.744187355041503906e+00,-2.529602050781250000e+00,-3.438943386077880859e+00,-2.744187355041503906e+00
1.093200000000000074e+02,2.141952514648437500e-03,-4.320144653320312500e-03,4.266166687011718750e-02,2.529602050781250000e+00,3.438943386077880859e+00,2.744187355041503906e+00,-2.529602050781250000e+00,-3.438943386077880859e+00,-2.744187355041503906e+00
1.093599999999999994e+02,2.140045166015625000e-03,-4.322052001953125000e-03,4.266166687011718750e-02,2.529602050781250000e+00,3.438943386077880859e+00,2.744187355041503906e+00,-2.529602050781250000e+00,-3.438943386077880859e+00,-2.744187355041503906e+00
1.094000000000000057e+02,2.138137817382812500e-03,-4.323959350585937500e-03,4.266166687011718750e-02,2.529602050781250000e+00,3.438943386077880859e+00,2.744187355041503906e+00,-2.529602050781250000e+00,-3.438943386077880859e+00,-2.744187355041503906e+00
1.094399999999999977e+02,2.136230468750000000e-03,-4.325866699218750000e-03,4.266166687011718750e-02,2.529602050781250000e+00,3.438943386077880859e+00,2.744187355041503906e+00,-2.529602050781250000e+00,-3.438943386077880859e+00,-2.744187355041503906e+00
1.094800000000000040e+02,2.134323120117187500e-03,-4.327774047851562500e-03,4.266166687011718750e-02,2.529602050781250000e+00,3.438943386077880859e+00,2.744187355041503906e+00,-2.529602050781250000e+00,-3.438943386077880859e+00,-2.744187355041503906e+00
1.095199999999999960e+02,2.132415771484375000e-03,-4.329681396484375000e-03,4.266166687011718750e-02,2.529602050781250000e+00,3.438943386077880859e+00,2.744187355041503906e+00,-2.529602050781250000e+00,-3.438943386077880859e+00,-2.744187355041503906e+00
1.095600000000000023e+02,2.130508422851562500e-03,-4.331588745117187500e-03,4.266166687011718750e-02,2.529602050781250000e+00,3.438943386077880859e+00,2.744187355041503906e+00,-2.529602050781250000e+00,-3.438943386077880859e+00,-2.744187355041503906e+00
1.096000000000000085e+02,2.128601074218750000e-03,-4.333496093750000000e-03,4.266166687011718750e-02,2.529602050781250000e+00,3.438943386077880859e+00,2.744187355041503906e+00,-2.529602050781250000e+00,-3.438943386077880859e+00,-2.744187355041503906e+00
1.096400000000000006e+02,2.126693725585937500e-03,-4.335403442382812500e-03,4.266166687011718750e-02,2.529602050781250000e+00,3.438943386077880859e+00,2.744187355041503906e+00,-2.529602050781250000e+00,-3.438943386077880859e+00,-2.744187355041503906e+00
1.096800000000000068e+02,2.124786376953125000e-03,-4.337310791015625000e-03,4.266166687011718750e-02,2.529602050781250000e+00,3.438943386077880859e+00,2.744187355041503906e+00,-2.529602050781250000e+00,-3.438943386077880859e+00,-2.744187355041503906e+00
1.097199999999999989e+02,2.122879028320312500e-03,-4.339218139648437500e-03,4.266166687011718750e-02,2.529602050781250000e+00,3.438943386077880859e+00,2.744187355041503906e+00,-2.529602050781250000e+00,-3.438943386077880859e+00,-2.744187355041503906e+00
1.097600000000000051e+02,2.120971679687500000e-03,-4.341125488281250000e-03,4.266166687011718750e-02,2.529602050781250000e+00,3.438943386077880859e+00,2.744187355041503906e+00,-2.529602050781250000e+00,-3.438943386077880859e+00,-2.744187355041503906e+00
1.097999999999999972e+02,2.119064331054687500e-03,-4.343032836914062500e-03,4.266166687011718750e-02,2.529602050781250000e+00,3.438943386077880859e+00,2.744187355041503906e+00,-2.529602050781250000e+00,-3.438943386077880859e+00,-2.744187355041503906e+00
1.098400000000000034e+02,2.117156982421875000e-03,-4.344940185546875000e-03,4.266166687011718750e-02,2.529602050781250000e+00,3.438943386077880859e+00,2.744187355041503906e+00,-2.529602050781250000e+00,-3.438943386077880859e+00,-2.744187355041503906e+00
1.098799999999999955e+02,2.115249633789062500e-03,-4.346847534179687500e-03,4.266166687011718750e-02,2.529602050781250000e+00,3.438943386077880859e+00,2.744187355041503906e+00,-2.529602050781250000e+00,-3.438943386077880859e+00,-2.744187355041503906e+00
1.099200000000000017e+02,2.113342285156250000e-03,-4.348754882812500000e-03,4.266166687011718750e-02,2.529602050781250000e+00,3.438943386077880859e+00,2.744187355041503906e+00,-2.529602050781250000e+00,-3.438943386077880859e+00,-2.744187355041503906e+00
1.099600000000000080e+02,2.111434936523437500e-03,-4.350662231445312500e-03,4.266166687011718750e-02,2.529602050781250000e+00,3.438943386077880859e+00,2.744187355041503906e+00,-2.529602050781250000e+00,-3.438943386077880859e+00,-2.744187355041503906e+00
1.100000000000000000e+02,2.109527587890625000e-03,-4.352569580078125000e-03,4.266166687011718750e-02,2.529602050781250000e+00,3.438943386077880859e+00,2.744187355041503906e+00,-2.529602050781250000e+00,-3.438943386077880859e+00,-2.744187355041503906e+00
1.100400000000000063e+02,2.107620239257812500e-03,-4.354476928710937500e-03,4.266166687011718750e-02,2.529602050781250000e+00,3.438943386077880859e+00,2.744187355041503906e+00,-2.529602050781250000e+00,-3.438943386077880859e+00,-2.744187355041503906e+00
1.100799999999999983e+02,2.105712890625000000e-03,-4.356384277343750000e-03,4.266166687011718750e-02,2.529602050781250000e+00,3.438943386077880859e+00,2.744187355041503906e+00,-2.529602050781250000e+00,-3.438943386077880859e+00,-2.744187355041503906e+00
1.101200000000000045e+02,2.103805541992187500e-03,-4.358291625976562500e-03,4.266166687011718750e-02,2.529602050781250000e+00,3.438943386077880859e+00,2.744187355041503906e+00,-2.529602050781250000e+00,-3.438943386077880859e+00,-2.744187355041503906e+00
1.101599999999999966e+02,2.101898193359375000e-03,-4.360198974609375000e-03,4.266166687011718750e-02,2.529602050781250000e+00,3.438943386077880859e+00,2.744187355041503906e+00,-2.529602050781250000e+00,-3.438943386077880859e+00,-2.744187355041503906e+00
1.102000000000000028e+02,2.099990844726562500e-03,-4.362106323242187500e-03,4.266166687011718750e-02,2.529602050781250000e+00,3.438943386077880859e+00,2.744187355041503906e+00,-2.529602050781250000e+00,-3.438943386077880859e+00,-2.744187355041503906e+00
1.102400000000000091e+02,2.098083496093750000e-03,-4.364013671875000000e-03,4.266166687011718750e-02,2.529602050781250000e+00,3.438943386077880859e+00,2.744187355041503906e+00,-2.529602050781250000e+00,-3.438943386077880859e+00,-2.744187355041503906e+00
1.102800000000000011e+02,2.096176147460937500e-03,-4.365921020507812500e-03,4.266166687011718750e-02,2.529602050781250000e+00,3.438943386077880859e+00,2.744187355041503906e+00,-2.529602050781250000e+00,-3.438943386077880859e+00,-2.744187355041503906e+00
1.103200000000000074e+02,2.094268798828125000e-03,-4.367828369140625000e-03,4.266166687011718750e-02,2.529602050781250000e+00,3.438943386077880859e+00,2.744187355041503906e+00,-2.529602050781250000e+00,-3.438943386077880859e+00,-2.744187355041503906e+00
1.103599999999999994e+02,2.092361450195312500e-03,-4.369735717773437500e-03,4.266166687011718750e-02,2.529602050781250000e+00,3.438943386077880859e+00,2.744187355041503906e+00,-2.529602050781250000e+00,-3.438943386077880859e+00,-2.744187355041503906e+00
1.104000000000000057e+02,2.090454101562500000e-03,-4.371643066406250000e-03,4.266166687011718750e-02,2.529602050781250000e+00,3.438943386077880859e+00,2.744187355041503906e+00,-2.529602050781250000e+00,-3.438943386077880859e+00,-2.744187355041503906e+00
1.104399999999999977e+02,2.088546752929687500e-03,-4.373550415039062500e-03,4.266166687011718750e-02,2.529602050781250000e+00,3.438943386077880859e+00,2.744187355041503906e+00,-2.529602050781250000e+00,-3.438943386077880859e+00,-2.744187355041503906e+00
1.104800000000000040e+02,2.086639404296875000e-03,-4.375457763671875000e-03,4.266166687011718750e-02,2.529602050781250000e+00,3.438943386077880859e+00,2.744187355041503906e+00,-2.529602050781250000e+00,-3.438943386077880859e+00,-2.744187355041503906e+00
1.105199999999999960e+02,2.084732055664062500e-03,-4.377365112304687500e-03,4.266166687011718750e-02,2.529602050781250000e+00,3.438943386077880859e+00,2.744187355041503906e+00,-2.529602050781250000e+00,-3.438943386077880859e+00,-2.744187355041503906e+00
1.105600000000000023e+02,2.082824707031250000e-03,-4.379272460937500000e-03,4.266166687011718750e-02,2.529602050781250000e+00,3.438943386077880859e+00,2.744187355041503906e+00,-2.529602050781250000e+00,-3.438943386077880859e+00,-2.744187355041503906e+00
1.106000000000000085e+02,2.080917358398437500e-03,-4.381179809570312500e-03,4.266166687011718750e-02,2.529602050781250000e+00,3.438943386077880859e+00,2.744187355041503906e+00,-2.529602050781250000e+00,-3.438943386077880859e+00,-2.744187355041503906e+00
1.106400000000000006e+02,2.079010009765625000e-03,-4.383087158203125000e-03,4.266166687011718750e-02,2.529602050781250000e+00,3.438943386077880859e+00,2.744187355041503906e+00,-2.529602050781250000e+00,-3.438943386077880859e+00,-2.744187355041503906e+00
1.106800000000000068e+02,2.077102661132812500e-03,-4.384994506835937500e-03,4.266166687011718750e-02,2.529602050781250000e+00,3.438943386077880859e+00,2.744187355041503906e+00,-2.529602050781250000e+00,-3.438943386077880859e+00,-2.744187355041503906e+00
1.107199999999999989e+02,2.075195312500000000e-03,-4.386901855468750000e-03,4.266166687011718750e-02,2.529602050781250000e+00,3.438943386077880859e+00,2.744187355041503906e+00,-2.529602050781250000e+00,-3.438943386077880859e+00,-2.744187355041503906e+00
1.107600000000000051e+02,2.073287963867187500e-03,-4.386901855468750000e-03,4.266166687011718750e-02,2.529602050781250000e+00,3.438943386077880859e+00,2.744187355041503906e+00,-2.529602050781250000e+00,-3.438943386077880859e+00,-2.744187355041503906e+00
1.107999999999999972e+02,2.071380615234375000e-03,-4.386901855468750000e-03,4.266166687011718750e-02,2.529602050781250000e+00,3.438943386077880859e+00,2.744187355041503906e+00,-2.529602050781250000e+00,-3.438943386077880859e+00,-2.744187355041503906e+00
1.108400000000000034e+02,2.069473266601562500e-03,-4.386901855468750000e-03,4.266166687011718750e-02,2.529602050781250000e+00,3.438943386077880859e+00,2.744187355041503906e+00,-2.529602050781250000e+00,-3.438943386077880859e+00,-2.744187355041503906e+00
1.108799999999999955e+02,2.067565917968750000e-03,-4.386901855468750000e-03,4.266166687011718750e-02,2.529602050781250000e+00,3.438943386077880859e+00,2.744187355041503906e+00,-2.529602050781250000e+00,-3.438943386077880859e+00,-2.744187355041503906e+00
1.109200000000000017e+02,2.065658569335937500e-03,-4.386901855468750000e-03,4.266166687011718750e-02,2.529602050781250000e+00,3.438943386077880859e+00,2.744187355041503906e+00,-2.529602050781250000e+00,-3.438943386077880859e+00,-2.744187355041503906e+00
1.109600000000000080e+02,2.063751220703125000e-03,-4.386901855468750000e-03,4.266166687011718750e-02,2.529602050781250000e+00,3.438943386077880859e+00,2.744187355041503906e+00,-2.529602050781250000e+00,-3.438943386077880859e+00,-2.744187355041503906e+00
1.110000000000000000e+02,2.061843872070312500e-03,-4.386901855468750000e-03,4.266166687011718750e-02,2.529602050781250000e+00,3.438943386077880859e+00,2.744187355041503906e+00,-2.529602050781250000e+00,-3.438943386077880859e+00,-2.744187355041503906e+00
1.110400000000000063e+02,2.059936523437500000e-03,-4.386901855468750000e-03,4.266166687011718750e-02,2.529602050781250000e+00,3.438943386077880859e+00,2.744187355041503906e+00,-2.529602050781250000e+00,-3.438943386077880859e+00,-2.744187355041503906e+00
1.110799999999999983e+02,2.058029174804687500e-03,-4.386901855468750000e-03,4.266166687011718750e-02,2.529602050781250000e+00,3.438943386077880859e+00,2.744187355041503906e+00,-2.529602050781250000e+00,-3.438943386077880859e+00,-2.744187355041503906e+00
1.111200000000000045e+02,2.058029174804687500e-03,-4.386901855468750000e-03,4.266166687011718750e-02,2.529602050781250000e+00,3.438943386077880859e+00,2.744187355041503906e+00,-2.529602050781250000e+00,-3.438943386077880859e+00,-2.744187355041503906e+00
1.111599999999999966e+02,2.058029174804687500e-03,-4.386901855468750000e-03,4.266166687011718750e-02,2.529602050781250000e+00,3.438943386077880859e+00,2.744187355041503906e+00,-2.529602050781250000e+00,-3.438943386077880859e+00,-2.744187355041503906e+00
1.112000000000000028e+02,2.058029174804687500e-03,-4.386901855468750000e-03,4.266166687011718750e-02,2.529602050781250000e+00,3.438943386077880859e+00,2.744187355041503906e+00,-2.529602050781250000e+00,-3.438943386077880859e+00,-2.744187355041503906e+00
1.112400000000000091e+02,2.058029174804687500e-03,-4.386901855468750000e-03,4.266166687011718750e-02,2.529602050781250000e+00,3.438943386077880859e+00,2.744187355041503906e+00,-2.529602050781250000e+00,-3.438943386077880859e+00,-2.744187355041503906e+00
1.112800000000000011e+02,2.058029174804687500e-03,-4.386901855468750000e-03,4.266166687011718750e-02,2.529602050781250000e+00,3.438943386077880859e+00,2.744187355041503906e+00,-2.529602050781250000e+00,-3.438943386077880859e+00,-2.744187355041503906e+00
1.113200000000000074e+02,2.058029174804687500e-03,-4.386901855468750000e-03,4.266166687011718750e-02,2.529602050781250000e+00,3.438943386077880859e+00,2.744187355041503906e+00,-2.529602050781250000e+00,-3.438943386077880859e+00,-2.744187355041503906e+00
1.113599999999999994e+02,2.058029174804687500e-03,-4.386901855468750000e-03,4.266166687011718750e-02,2.529602050781250000e+00,3.438943386077880859e+00,2.744187355041503906e+00,-2.529602050781250000e+00,-3.438943386077880859e+00,-2.744187355041503906e+00
1.114000000000000057e+02,2.058029174804687500e-03,-4.386901855468750000e-03,4.266166687011718750e-02,2.529602050781250000e+00,3.438943386077880859e+00,2.744187355041503906e+00,-2.529602050781250000e+00,-3.438943386077880859e+00,-2.744187355041503906e+00
1.114399999999999977e+02,2.058029174804687500e-03,-4.386901855468750000e-03,4.266166687011718750e-02,2.529602050781250000e+00,3.438943386077880859e+00,2.744187355041503906e+00,-2.529602050781250000e+00,-3.438943386077880859e+00,-2.744187355041503906e+00
1.114800000000000040e+02,2.058029174804687500e-03,-4.386901855468750000e-03,4.266166687011718750e-02,2.529602050781250000e+00,3.438943386077880859e+00,2.744187355041503906e+00,-2.529602050781250000e+00,-3.438943386077880859e+00,-2.744187355041503906e+00
1.115199999999999960e+02,2.058029174804687500e-03,-4.386901855468750000e-03,4.266166687011718750e-02,2.529602050781250000e+00,3.438943386077880859e+00,2.744187355041503906e+00,-2.529602050781250000e+00,-3.438943386077880859e+00,-2.744187355041503906e+00
1.115600000000000023e+02,2.058029174804687500e-03,-4.386901855468750000e-03,4.266166687011718750e-02,2.529602050781250000e+00,3.438943386077880859e+00,2.744187355041503906e+00,-2.529602050781250000e+00,-3.438943386077880859e+00,-2.744187355041503906e+00
1.116000000000000085e+02,2.058029174804687500e-03,-4.386901855468750000e-03,4.266166687011718750e-02,2.529602050781250000e+00,3.438943386077880859e+00,2.744187355041503906e+00,-2.529602050781250000e+00,-3.438943386077880859e+00,-2.744187355041503906e+00
1.116400000000000006e+02,2.058029174804687500e-03,-4.386901855468750000e-03,4.266166687011718750e-02,2.529602050781250000e+00,3.438943386077880859e+00,2.744187355041503906e+00,-2.529602050781250000e+00,-3.438943386077880859e+00,-2.744187355041503906e+00
1.116800000000000068e+02,2.058029174804687500e-03,-4.386901855468750000e-03,4.266166687011718750e-02,2.529602050781250000e+00,3.438943386077880859e+00,2.744187355041503906e+00,-2.529602050781250000e+00,-3.438943386077880859e+00,-2.744187355041503906e+00
1.117199999999999989e+02,2.058029174804687500e-03,-4.386901855468750000e-03,4.266166687011718750e-02,2.529602050781250000e+00,3.438943386077880859e+00,2.744187355041503906e+00,-2.529602050781250000e+00,-3.438943386077880859e+00,-2.744187355041503906e+00
1.117600000000000051e+02,2.058029174804687500e-03,-4.386901855468750000e-03,4.266166687011718750e-02,2.529602050781250000e+00,3.438943386077880859e+00,2.744187355041503906e+00,-2.529602050781250000e+00,-3.438943386077880859e+00,-2.744187355041503906e+00
1.117999999999999972e+02,2.058029174804687500e-03,-4.386901855468750000e-03,4.266166687011718750e-02,2.529602050781250000e+00,3.438943386077880859e+00,2.744187355041503906e+00,-2.529602050781250000e+00,-3.438943386077880859e+00,-2.744187355041503906e+00
1.118400000000000034e+02,2.058029174804687500e-03,-4.386901855468750000e-03,4.266166687011718750e-02,2.529602050781250000e+00,3.438943386077880859e+00,2.744187355041503906e+00,-2.529602050781250000e+00,-3.438943386077880859e+00,-2.744187355041503906e+00
1.118799999999999955e+02,2.058029174804687500e-03,-4.386901855468750000e-03,4.266166687011718750e-02,2.529602050781250000e+00,3.438943386077880859e+00,2.744187355041503906e+00,-2.529602050781250000e+00,-3.438943386077880859e+00,-2.744187355041503906e+00
1.119200000000000017e+02,2.058029174804687500e-03,-4.386901855468750000e-03,4.266166687011718750e-02,2.529602050781250000e+00,3.438943386077880859e+00,2.744187355041503906e+00,-2.529602050781250000e+00,-3.438943386077880859e+00,-2.744187355041503906e+00
1.119600000000000080e+02,2.058029174804687500e-03,-4.386901855468750000e-03,4.266166687011718750e-02,2.529602050781250000e+00,3.438943386077880859e+00,2.744187355041503906e+00,-2.529602050781250000e+00,-3.438943386077880859e+00,-2.744187355041503906e+00
1.120000000000000000e+02,2.058029174804687500e-03,-4.386901855468750000e-03,4.266166687011718750e-02,2.529602050781250000e+00,3.438943386077880859e+00,2.744187355041503906e+00,-2.529602050781250000e+00,-3.438943386077880859e+00,-2.744187355041503906e+00
1.120400000000000063e+02,2.058029174804687500e-03,-4.386901855468750000e-03,4.266166687011718750e-02,2.529602050781250000e+00,3.438943386077880859e+00,2.744187355041503906e+00,-2.529602050781250000e+00,-3.438943386077880859e+00,-2.744187355041503906e+00
1.120799999999999983e+02,2.058029174804687500e-03,-4.386901855468750000e-03,4.266166687011718750e-02,2.529602050781250000e+00,3.438943386077880859e+00,2.744187355041503906e+00,-2.529602050781250000e+00,-3.438943386077880859e+00,-2.744187355041503906e+00
1.121200000000000045e+02,2.058029174804687500e-03,-4.386901855468750000e-03,4.266166687011718750e-02,2.529602050781250000e+00,3.438943386077880859e+00,2.744187355041503906e+00,-2.529602050781250000e+00,-3.438943386077880859e+00,-2.744187355041503906e+00
1.121599999999999966e+02,2.058029174804687500e-03,-4.386901855468750000e-03,4.266166687011718750e-02,2.529602050781250000e+00,3.438943386077880859e+00,2.744187355041503906e+00,-2.529602050781250000e+00,-3.438943386077880859e+00,-2.744187355041503906e+00
1.122000000000000028e+02,2.058029174804687500e-03,-4.386901855468750000e-03,4.266166687011718750e-02,2.529602050781250000e+00,3.438943386077880859e+00,2.744187355041503906e+00,-2.529602050781250000e+00,-3.438943386077880859e+00,-2.744187355041503906e+00
1.122400000000000091e+02,2.058029174804687500e-03,-4.386901855468750000e-03,4.266166687011718750e-02,2.529602050781250000e+00,3.438943386077880859e+00,2.744187355041503906e+00,-2.529602050781250000e+00,-3.438943386077880859e+00,-2.744187355041503906e+00
1.122800000000000011e+02,2.058029174804687500e-03,-4.386901855468750000e-03,4.266166687011718750e-02,2.529602050781250000e+00,3.438943386077880859e+00,2.744187355041503906e+00,-2.529602050781250000e+00,-3.438943386077880859e+00,-2.744187355041503906e+00
1.123200000000000074e+02,2.058029174804687500e-03,-4.386901855468750000e-03,4.266166687011718750e-02,2.529602050781250000e+00,3.438943386077880859e+00,2.744187355041503906e+00,-2.529602050781250000e+00,-3.438943386077880859e+00,-2.744187355041503906e+00
1.123599999999999994e+02,2.058029174804687500e-03,-4.386901855468750000e-03,4.266166687011718750e-02,2.529602050781250000e+00,3.438943386077880859e+00,2.744187355041503906e+00,-2.529602050781250000e+00,-3.438943386077880859e+00,-2.744187355041503906e+00
1.124000000000000057e+02,2.058029174804687500e-03,-4.386901855468750000e-03,4.266166687011718750e-02,2.529602050781250000e+00,3.438943386077880859e+00,2.744187355041503906e+00,-2.529602050781250000e+00,-3.438943386077880859e+00,-2.744187355041503906e+00
1.124399999999999977e+02,2.058029174804687500e-03,-4.386901855468750000e-03,4.266166687011718750e-02,2.529602050781250000e+00,3.438943386077880859e+00,2.744187355041503906e+00,-2.529602050781250000e+00,-3.438943386077880859e+00,-2.744187355041503906e+00
1.124800000000000040e+02,2.058029174804687500e-03,-4.386901855468750000e-03,4.266166687011718750e-02,2.529602050781250000e+00,3.438943386077880859e+00,2.744187355041503906e+00,-2.529602050781250000e+00,-3.438943386077880859e+00,-2.744187355041503906e+00
1.125199999999999960e+02,2.058029174804687500e-03,-4.386901855468750000e-03,4.266166687011718750e-02,2.529602050781250000e+00,3.438943386077880859e+00,2.744187355041503906e+00,-2.529602050781250000e+00,-3.438943386077880859e+00,-2.744187355041503906e+00
1.125600000000000023e+02,2.058029174804687500e-03,-4.386901855468750000e-03,4.266166687011718750e-02,2.529602050781250000e+00,3.438943386077880859e+00,2.744187355041503906e+00,-2.529602050781250000e+00,-3.438943386077880859e+00,-2.744187355041503906e+00
1.126000000000000085e+02,2.058029174804687500e-03,-4.386901855468750000e-03,4.266166687011718750e-02,2.529602050781250000e+00,3.438943386077880859e+00,2.744187355041503906e+00,-2.529602050781250000e+00,-3.438943386077880859e+00,-2.744187355041503906e+00
1.126400000000000006e+02,2.058029174804687500e-03,-4.386901855468750000e-03,4.266166687011718750e-02,2.529602050781250000e+00,3.438943386077880859e+00,2.744187355041503906e+00,-2.529602050781250000e+00,-3.438943386077880859e+00,-2.744187355041503906e+00
1.126800000000000068e+02,2.058029174804687500e-03,-4.386901855468750000e-03,4.266166687011718750e-02,2.529602050781250000e+00,3.438943386077880859e+00,2.744187355041503906e+00,-2.529602050781250000e+00,-3.438943386077880859e+00,-2.744187355041503906e+00
1.127199999999999989e+02,2.058029174804687500e-03,-4.386901855468750000e-03,4.266166687011718750e-02,2.529602050781250000e+00,3.438943386077880859e+00,2.744187355041503906e+00,-2.529602050781250000e+00,-3.438943386077880859e+00,-2.744187355041503906e+00
1.127600000000000051e+02,2.058029174804687500e-03,-4.386901855468750000e-03,4.266166687011718750e-02,2.529602050781250000e+00,3.438943386077880859e+00,2.744187355041503906e+00,-2.529602050781250000e+00,-3.438943386077880859e+00,-2.744187355041503906e+00
1.127999999999999972e+02,2.058029174804687500e-03,-4.386901855468750000e-03,4.266166687011718750e-02,2.529602050781250000e+00,3.438943386077880859e+00,2.744187355041503906e+00,-2.529602050781250000e+00,-3.438943386077880859e+00,-2.744187355041503906e+00
1.128400000000000034e+02,2.058029174804687500e-03,-4.386901855468750000e-03,4.266166687011718750e-02,2.529602050781250000e+00,3.438943386077880859e+00,2.744187355041503906e+00,-2.529602050781250000e+00,-3.438943386077880859e+00,-2.744187355041503906e+00
1.128799999999999955e+02,2.058029174804687500e-03,-4.386901855468750000e-03,4.266166687011718750e-02,2.529602050781250000e+00,3.438943386077880859e+00,2.744187355041503906e+00,-2.529602050781250000e+00,-3.438943386077880859e+00,-2.744187355041503906e+00
1.129200000000000017e+02,2.058029174804687500e-03,-4.386901855468750000e-03,4.266166687011718750e-02,2.529602050781250000e+00,3.438943386077880859e+00,2.744187355041503906e+00,-2.529602050781250000e+00,-3.438943386077880859e+00,-2.744187355041503906e+00
1.129600000000000080e+02,2.058029174804687500e-03,-4.386901855468750000e-03,4.266166687011718750e-02,2.529602050781250000e+00,3.438943386077880859e+00,2.744187355041503906e+00,-2.529602050781250000e+00,-3.438943386077880859e+00,-2.744187355041503906e+00
1.130000000000000000e+02,2.058029174804687500e-03,-4.386901855468750000e-03,4.266166687011718750e-02,2.529602050781250000e+00,3.438943386077880859e+00,2.744187355041503906e+00,-2.529602050781250000e+00,-3.438943386077880859e+00,-2.744187355041503906e+00
1.130400000000000063e+02,2.058029174804687500e-03,-4.386901855468750000e-03,4.266166687011718750e-02,2.529602050781250000e+00,3.438943386077880859e+00,2.744187355041503906e+00,-2.529602050781250000e+00,-3.438943386077880859e+00,-2.744187355041503906e+00
1.130799999999999983e+02,2.058029174804687500e-03,-4.386901855468750000e-03,4.266166687011718750e-02,2.529602050781250000e+00,3.438943386077880859e+00,2.744187355041503906e+00,-2.529602050781250000e+00,-3.438943386077880859e+00,-2.744187355041503906e+00
1.131200000000000045e+02,2.058029174804687500e-03,-4.386901855468750000e-03,4.266166687011718750e-02,2.529602050781250000e+00,3.438943386077880859e+00,2.744187355041503906e+00,-2.529602050781250000e+00,-3.438943386077880859e+00,-2.744187355041503906e+00
1.131599999999999966e+02,2.058029174804687500e-03,-4.386901855468750000e-03,4.266166687011718750e-02,2.529602050781250000e+00,3.438943386077880859e+00,2.744187355041503906e+00,-2.529602050781250000e+00,-3.438943386077880859e+00,-2.744187355041503906e+00
1.132000000000000028e+02,2.058029174804687500e-03,-4.386901855468750000e-03,4.266166687011718750e-02,2.529602050781250000e+00,3.438943386077880859e+00,2.744187355041503906e+00,-2.529602050781250000e+00,-3.438943386077880859e+00,-2.744187355041503906e+00
1.132400000000000091e+02,2.058029174804687500e-03,-4.386901855468750000e-03,4.266166687011718750e-02,2.529602050781250000e+00,3.438943386077880859e+00,2.744187355041503906e+00,-2.529602050781250000e+00,-3.438943386077880859e+00,-2.744187355041503906e+00
1.132800000000000011e+02,2.058029174804687500e-03,-4.386901855468750000e-03,4.266166687011718750e-02,2.529602050781250000e+00,3.438943386077880859e+00,2.744187355041503906e+00,-2.529602050781250000e+00,-3.438943386077880859e+00,-2.744187355041503906e+00
1.133200000000000074e+02,2.058029174804687500e-03,-4.386901855468750000e-03,4.266166687011718750e-02,2.529602050781250000e+00,3.438943386077880859e+00,2.744187355041503906e+00,-2.529602050781250000e+00,-3.438943386077880859e+00,-2.744187355041503906e+00
1.133599999999999994e+02,2.058029174804687500e-03,-4.386901855468750000e-03,4.266166687011718750e-02,2.529602050781250000e+00,3.438943386077880859e+00,2.744187355041503906e+00,-2.529602050781250000e+00,-3.438943386077880859e+00,-2.744187355041503906e+00
1.134000000000000057e+02,2.058029174804687500e-03,-4.386901855468750000e-03,4.266166687011718750e-02,2.529602050781250000e+00,3.438943386077880859e+00,2.744187355041503906e+00,-2.529602050781250000e+00,-3.438943386077880859e+00,-2.744187355041503906e+00
1.134399999999999977e+02,2.058029174804687500e-03,-4.386901855468750000e-03,4.266166687011718750e-02,2.529602050781250000e+00,3.438943386077880859e+00,2.744187355041503906e+00,-2.529602050781250000e+00,-3.438943386077880859e+00,-2.744187355041503906e+00
1.134800000000000040e+02,2.058029174804687500e-03,-4.386901855468750000e-03,4.266166687011718750e-02,2.529602050781250000e+00,3.438943386077880859e+00,2.744187355041503906e+00,-2.529602050781250000e+00,-3.438943386077880859e+00,-2.744187355041503906e+00
1.135199999999999960e+02,2.058029174804687500e-03,-4.386901855468750000e-03,4.266166687011718750e-02,2.529602050781250000e+00,3.438943386077880859e+00,2.744187355041503906e+00,-2.529602050781250000e+00,-3.438943386077880859e+00,-2.744187355041503906e+00
1.135600000000000023e+02,2.058029174804687500e-03,-4.386901855468750000e-03,4.266166687011718750e-02,2.529602050781250000e+00,3.438943386077880859e+00,2.744187355041503906e+00,-2.529602050781250000e+00,-3.438943386077880859e+00,-2.744187355041503906e+00
1.136000000000000085e+02,2.058029174804687500e-03,-4.386901855468750000e-03,4.266166687011718750e-02,2.529602050781250000e+00,3.438943386077880859e+00,2.744187355041503906e+00,-2.529602050781250000e+00,-3.438943386077880859e+00,-2.744187355041503906e+00
1.136400000000000006e+02,2.058029174804687500e-03,-4.386901855468750000e-03,4.266166687011718750e-02,2.529602050781250000e+00,3.438943386077880859e+00,2.744187355041503906e+00,-2.529602050781250000e+00,-3.438943386077880859e+00,-2.744187355041503906e+00
1.136800000000000068e+02,2.058029174804687500e-03,-4.386901855468750000e-03,4.266166687011718750e-02,2.529602050781250000e+00,3.438943386077880859e+00,2.744187355041503906e+00,-2.529602050781250000e+00,-3.438943386077880859e+00,-2.744187355041503906e+00
1.137199999999999989e+02,2.058029174804687500e-03,-4.386901855468750000e-03,4.266166687011718750e-02,2.529602050781250000e+00,3.438943386077880859e+00,2.744187355041503906e+00,-2.529602050781250000e+00,-3.438943386077880859e+00,-2.744187355041503906e+00
1.137600000000000051e+02,2.058029174804687500e-03,-4.386901855468750000e-03,4.266166687011718750e-02,2.529602050781250000e+00,3.438943386077880859e+00,2.744187355041503906e+00,-2.529602050781250000e+00,-3.438943386077880859e+00,-2.744187355041503906e+00
1.137999999999999972e+02,2.058029174804687500e-03,-4.386901855468750000e-03,4.266166687011718750e-02,2.529602050781250000e+00,3.438943386077880859e+00,2.744187355041503906e+00,-2.529602050781250000e+00,-3.438943386077880859e+00,-2.744187355041503906e+00
1.138400000000000034e+02,2.058029174804687500e-03,-4.386901855468750000e-03,4.266166687011718750e-02,2.529602050781250000e+00,3.438943386077880859e+00,2.744187355041503906e+00,-2.529602050781250000e+00,-3.438943386077880859e+00,-2.744187355041503906e+00
1.138799999999999955e+02,2.058029174804687500e-03,-4.386901855468750000e-03,4.266166687011718750e-02,2.529602050781250000e+00,3.438943386077880859e+00,2.744187355041503906e+00,-2.529602050781250000e+00,-3.438943386077880859e+00,-2.744187355041503906e+00
1.139200000000000017e+02,2.058029174804687500e-03,-4.386901855468750000e-03,4.266166687011718750e-02,2.529602050781250000e+00,3.438943386077880859e+00,2.744187355041503906e+00,-2.529602050781250000e+00,-3.438943386077880859e+00,-2.744187355041503906e+00
1.139600000000000080e+02,2.058029174804687500e-03,-4.386901855468750000e-03,4.266166687011718750e-02,2.529602050781250000e+00,3.438943386077880859e+00,2.744187355041503906e+00,-2.529602050781250000e+00,-3.438943386077880859e+00,-2.744187355041503906e+00
1.140000000000000000e+02,2.058029174804687500e-03,-4.386901855468750000e-03,4.266166687011718750e-02,2.529602050781250000e+00,3.438943386077880859e+00,2.744187355041503906e+00,-2.529602050781250000e+00,-3.438943386077880859e+00,-2.744187355041503906e+00
1.140400000000000063e+02,2.058029174804687500e-03,-4.386901855468750000e-03,4.266166687011718750e-02,2.529602050781250000e+00,3.438943386077880859e+00,2.744187355041503906e+00,-2.529602050781250000e+00,-3.438943386077880859e+00,-2.744187355041503906e+00
1.140799999999999983e+02,2.058029174804687500e-03,-4.386901855468750000e-03,4.266166687011718750e-02,2.529602050781250000e+00,3.438943386077880859e+00,2.744187355041503906e+00,-2.529602050781250000e+00,-3.438943386077880859e+00,-2.744187355041503906e+00
1.141200000000000045e+02,2.058029174804687500e-03,-4.386901855468750000e-03,4.266166687011718750e-02,2.529602050781250000e+00,3.438943386077880859e+00,2.744187355041503906e+00,-2.529602050781250000e+00,-3.438943386077880859e+00,-2.744187355041503906e+00
1.141599999999999966e+02,2.058029174804687500e-03,-4.386901855468750000e-03,4.266166687011718750e-02,2.529602050781250000e+00,3.438943386077880859e+00,2.744187355041503906e+00,-2.529602050781250000e+00,-3.438943386077880859e+00,-2.744187355041503906e+00
1.142000000000000028e+02,2.058029174804687500e-03,-4.386901855468750000e-03,4.266166687011718750e-02,2.529602050781250000e+00,3.438943386077880859e+00,2.744187355041503906e+00,-2.529602050781250000e+00,-3.438943386077880859e+00,-2.744187355041503906e+00
1.142400000000000091e+02,2.058029174804687500e-03,-4.386901855468750000e-03,4.266166687011718750e-02,2.529602050781250000e+00,3.438943386077880859e+00,2.744187355041503906e+00,-2.529602050781250000e+00,-3.438943386077880859e+00,-2.744187355041503906e+00
1.142800000000000011e+02,2.058029174804687500e-03,-4.386901855468750000e-03,4.266166687011718750e-02,2.529602050781250000e+00,3.438943386077880859e+00,2.744187355041503906e+00,-2.529602050781250000e+00,-3.438943386077880859e+00,-2.744187355041503906e+00
1.143200000000000074e+02,2.058029174804687500e-03,-4.386901855468750000e-03,4.266166687011718750e-02,2.529602050781250000e+00,3.438943386077880859e+00,2.744187355041503906e+00,-2.529602050781250000e+00,-3.438943386077880859e+00,-2.744187355041503906e+00
1.143599999999999994e+02,2.058029174804687500e-03,-4.386901855468750000e-03,4.266166687011718750e-02,2.529602050781250000e+00,3.438943386077880859e+00,2.744187355041503906e+00,-2.529602050781250000e+00,-3.438943386077880859e+00,-2.744187355041503906e+00
1.144000000000000057e+02,2.058029174804687500e-03,-4.386901855468750000e-03,4.266166687011718750e-02,2.529602050781250000e+00,3.438943386077880859e+00,2.744187355041503906e+00,-2.529602050781250000e+00,-3.438943386077880859e+00,-2.744187355041503906e+00
1.144399999999999977e+02,2.058029174804687500e-03,-4.386901855468750000e-03,4.266166687011718750e-02,2.529602050781250000e+00,3.438943386077880859e+00,2.744187355041503906e+00,-2.529602050781250000e+00,-3.438943386077880859e+00,-2.744187355041503906e+00
1.144800000000000040e+02,2.058029174804687500e-03,-4.386901855468750000e-03,4.266166687011718750e-02,2.529602050781250000e+00,3.438943386077880859e+00,2.744187355041503906e+00,-2.529602050781250000e+00,-3.438943386077880859e+00,-2.744187355041503906e+00
1.145199999999999960e+02,2.058029174804687500e-03,-4.386901855468750000e-03,4.266166687011718750e-02,2.529602050781250000e+00,3.438943386077880859e+00,2.744187355041503906e+00,-2.529602050781250000e+00,-3.438943386077880859e+00,-2.744187355041503906e+00
1.145600000000000023e+02,2.058029174804687500e-03,-4.386901855468750000e-03,4.266166687011718750e-02,2.529602050781250000e+00,3.438943386077880859e+00,2.744187355041503906e+00,-2.529602050781250000e+00,-3.438943386077880859e+00,-2.744187355041503906e+00
1.146000000000000085e+02,2.058029174804687500e-03,-4.386901855468750000e-03,4.266166687011718750e-02,2.529602050781250000e+00,3.438943386077880859e+00,2.744187355041503906e+00,-2.529602050781250000e+00,-3.438943386077880859e+00,-2.744187355041503906e+00
1.146400000000000006e+02,2.058029174804687500e-03,-4.386901855468750000e-03,4.266166687011718750e-02,2.529602050781250000e+00,3.438943386077880859e+00,2.744187355041503906e+00,-2.529602050781250000e+00,-3.438943386077880859e+00,-2.744187355041503906e+00
1.146800000000000068e+02,2.058029174804687500e-03,-4.386901855468750000e-03,4.266166687011718750e-02,2.529602050781250000e+00,3.438943386077880859e+00,2.744187355041503906e+00,-2.529602050781250000e+00,-3.438943386077880859e+00,-2.744187355041503906e+00
1.147199999999999989e+02,2.058029174804687500e-03,-4.386901855468750000e-03,4.266166687011718750e-02,2.529602050781250000e+00,3.438943386077880859e+00,2.744187355041503906e+00,-2.529602050781250000e+00,-3.438943386077880859e+00,-2.744187355041503906e+00
1.147600000000000051e+02,2.058029174804687500e-03,-4.386901855468750000e-03,4.266166687011718750e-02,2.529602050781250000e+00,3.438943386077880859e+00,2.744187355041503906e+00,-2.529602050781250000e+00,-3.438943386077880859e+00,-2.744187355041503906e+00
1.147999999999999972e+02,2.058029174804687500e-03,-4.386901855468750000e-03,4.266166687011718750e-02,2.529602050781250000e+00,3.438943386077880859e+00,2.744187355041503906e+00,-2.529602050781250000e+00,-3.438943386077880859e+00,-2.744187355041503906e+00
1.148400000000000034e+02,2.058029174804687500e-03,-4.386901855468750000e-03,4.266166687011718750e-02,2.529602050781250000e+00,3.438943386077880859e+00,2.744187355041503906e+00,-2.529602050781250000e+00,-3.438943386077880859e+00,-2.744187355041503906e+00
1.148799999999999955e+02,2.058029174804687500e-03,-4.386901855468750000e-03,4.266166687011718750e-02,2.529602050781250000e+00,3.438943386077880859e+00,2.744187355041503906e+00,-2.529602050781250000e+00,-3.438943386077880859e+00,-2.744187355041503906e+00
1.149200000000000017e+02,2.058029174804687500e-03,-4.386901855468750000e-03,4.266166687011718750e-02,2.529602050781250000e+00,3.438943386077880859e+00,2.744187355041503906e+00,-2.529602050781250000e+00,-3.438943386077880859e+00,-2.744187355041503906e+00
1.149600000000000080e+02,2.058029174804687500e-03,-4.386901855468750000e-03,4.266166687011718750e-02,2.529602050781250000e+00,3.438943386077880859e+00,2.744187355041503906e+00,-2.529602050781250000e+00,-3.438943386077880859e+00,-2.744187355041503906e+00
1.150000000000000000e+02,2.058029174804687500e-03,-4.386901855468750000e-03,4.266166687011718750e-02,2.529602050781250000e+00,3.438943386077880859e+00,2.744187355041503906e+00,-2.529602050781250000e+00,-3.438943386077880859e+00,-2.744187355041503906e+00
1.150400000000000063e+02,2.058029174804687500e-03,-4.386901855468750000e-03,4.266166687011718750e-02,2.529602050781250000e+00,3.438943386077880859e+00,2.744187355041503906e+00,-2.529602050781250000e+00,-3.438943386077880859e+00,-2.744187355041503906e+00
1.150799999999999983e+02,2.058029174804687500e-03,-4.386901855468750000e-03,4.266166687011718750e-02,2.529602050781250000e+00,3.438943386077880859e+00,2.744187355041503906e+00,-2.529602050781250000e+00,-3.438943386077880859e+00,-2.744187355041503906e+00
1.151200000000000045e+02,2.058029174804687500e-03,-4.386901855468750000e-03,4.266166687011718750e-02,2.529602050781250000e+00,3.438943386077880859e+00,2.744187355041503906e+00,-2.529602050781250000e+00,-3.438943386077880859e+00,-2.744187355041503906e+00
1.151599999999999966e+02,2.058029174804687500e-03,-4.386901855468750000e-03,4.266166687011718750e-02,2.529602050781250000e+00,3.438943386077880859e+00,2.744187355041503906e+00,-2.529602050781250000e+00,-3.438943386077880859e+00,-2.744187355041503906e+00
1.152000000000000028e+02,2.058029174804687500e-03,-4.386901855468750000e-03,4.266166687011718750e-02,2.529602050781250000e+00,3.438943386077880859e+00,2.744187355041503906e+00,-2.529602050781250000e+00,-3.438943386077880859e+00,-2.744187355041503906e+00
1.152400000000000091e+02,2.058029174804687500e-03,-4.386901855468750000e-03,4.266166687011718750e-02,2.529602050781250000e+00,3.438943386077880859e+00,2.744187355041503906e+00,-2.529602050781250000e+00,-3.438943386077880859e+00,-2.744187355041503906e+00
1.152800000000000011e+02,2.058029174804687500e-03,-4.386901855468750000e-03,4.266166687011718750e-02,2.529602050781250000e+00,3.438943386077880859e+00,2.744187355041503906e+00,-2.529602050781250000e+00,-3.438943386077880859e+00,-2.744187355041503906e+00
1.153200000000000074e+02,2.058029174804687500e-03,-4.386901855468750000e-03,4.266166687011718750e-02,2.529602050781250000e+00,3.438943386077880859e+00,2.744187355041503906e+00,-2.529602050781250000e+00,-3.438943386077880859e+00,-2.744187355041503906e+00
1.153599999999999994e+02,2.058029174804687500e-03,-4.386901855468750000e-03,4.266166687011718750e-02,2.529602050781250000e+00,3.438943386077880859e+00,2.744187355041503906e+00,-2.529602050781250000e+00,-3.438943386077880859e+00,-2.744187355041503906e+00
1.154000000000000057e+02,2.058029174804687500e-03,-4.386901855468750000e-03,4.266166687011718750e-02,2.529602050781250000e+00,3.438943386077880859e+00,2.744187355041503906e+00,-2.529602050781250000e+00,-3.438943386077880859e+00,-2.744187355041503906e+00
1.154399999999999977e+02,2.058029174804687500e-03,-4.386901855468750000e-03,4.266166687011718750e-02,2.529602050781250000e+00,3.438943386077880859e+00,2.744187355041503906e+00,-2.529602050781250000e+00,-3.438943386077880859e+00,-2.744187355041503906e+00
1.154800000000000040e+02,2.058029174804687500e-03,-4.386901855468750000e-03,4.266166687011718750e-02,2.529602050781250000e+00,3.438943386077880859e+00,2.744187355041503906e+00,-2.529602050781250000e+00,-3.438943386077880859e+00,-2.744187355041503906e+00
1.155199999999999960e+02,2.058029174804687500e-03,-4.386901855468750000e-03,4.266166687011718750e-02,2.529602050781250000e+00,3.438943386077880859e+00,2.744187355041503906e+00,-2.529602050781250000e+00,-3.438943386077880859e+00,-2.744187355041503906e+00
1.155600000000000023e+02,2.058029174804687500e-03,-4.386901855468750000e-03,4.266166687011718750e-02,2.529602050781250000e+00,3.438943386077880859e+00,2.744187355041503906e+00,-2.529602050781250000e+00,-3.438943386077880859e+00,-2.744187355041503906e+00
1.156000000000000085e+02,2.058029174804687500e-03,-4.386901855468750000e-03,4.266166687011718750e-02,2.529602050781250000e+00,3.438943386077880859e+00,2.744187355041503906e+00,-2.529602050781250000e+00,-3.438943386077880859e+00,-2.744187355041503906e+00
1.156400000000000006e+02,2.058029174804687500e-03,-4.386901855468750000e-03,4.266166687011718750e-02,2.529602050781250000e+00,3.438943386077880859e+00,2.744187355041503906e+00,-2.529602050781250000e+00,-3.438943386077880859e+00,-2.744187355041503906e+00
1.156800000000000068e+02,2.058029174804687500e-03,-4.386901855468750000e-03,4.266166687011718750e-02,2.529602050781250000e+00,3.438943386077880859e+00,2.744187355041503906e+00,-2.529602050781250000e+00,-3.438943386077880859e+00,-2.744187355041503906e+00
1.157199999999999989e+02,2.058029174804687500e-03,-4.386901855468750000e-03,4.266166687011718750e-02,2.529602050781250000e+00,3.438943386077880859e+00,2.744187355041503906e+00,-2.529602050781250000e+00,-3.438943386077880859e+00,-2.744187355041503906e+00
1.157600000000000051e+02,2.058029174804687500e-03,-4.386901855468750000e-03,4.266166687011718750e-02,2.529602050781250000e+00,3.438943386077880859e+00,2.744187355041503906e+00,-2.529602050781250000e+00,-3.438943386077880859e+00,-2.744187355041503906e+00
1.157999999999999972e+02,2.058029174804687500e-03,-4.386901855468750000e-03,4.266166687011718750e-02,2.529602050781250000e+00,3.438943386077880859e+00,2.744187355041503906e+00,-2.529602050781250000e+00,-3.438943386077880859e+00,-2.744187355041503906e+00
1.158400000000000034e+02,2.058029174804687500e-03,-4.386901855468750000e-03,4.266166687011718750e-02,2.529602050781250000e+00,3.438943386077880859e+00,2.744187355041503906e+00,-2.529602050781250000e+00,-3.438943386077880859e+00,-2.744187355041503906e+00
1.158799999999999955e+02,2.058029174804687500e-03,-4.386901855468750000e-03,4.266166687011718750e-02,2.529602050781250000e+00,3.438943386077880859e+00,2.744187355041503906e+00,-2.529602050781250000e+00,-3.438943386077880859e+00,-2.744187355041503906e+00
1.159200000000000017e+02,2.058029174804687500e-03,-4.386901855468750000e-03,4.266166687011718750e-02,2.529602050781250000e+00,3.438943386077880859e+00,2.744187355041503906e+00,-2.529602050781250000e+00,-3.438943386077880859e+00,-2.744187355041503906e+00
1.159600000000000080e+02,2.058029174804687500e-03,-4.386901855468750000e-03,4.266166687011718750e-02,2.529602050781250000e+00,3.438943386077880859e+00,2.744187355041503906e+00,-2.529602050781250000e+00,-3.438943386077880859e+00,-2.744187355041503906e+00
1.160000000000000000e+02,2.058029174804687500e-03,-4.386901855468750000e-03,4.266166687011718750e-02,2.529602050781250000e+00,3.438943386077880859e+00,2.744187355041503906e+00,-2.529602050781250000e+00,-3.438943386077880859e+00,-2.744187355041503906e+00
1.160400000000000063e+02,2.058029174804687500e-03,-4.386901855468750000e-03,4.266166687011718750e-02,2.529602050781250000e+00,3.438943386077880859e+00,2.744187355041503906e+00,-2.529602050781250000e+00,-3.438943386077880859e+00,-2.744187355041503906e+00
1.160799999999999983e+02,2.058029174804687500e-03,-4.386901855468750000e-03,4.266166687011718750e-02,2.529602050781250000e+00,3.438943386077880859e+00,2.744187355041503906e+00,-2.529602050781250000e+00,-3.438943386077880859e+00,-2.744187355041503906e+00
1.161200000000000045e+02,2.058029174804687500e-03,-4.386901855468750000e-03,4.266166687011718750e-02,2.529602050781250000e+00,3.438943386077880859e+00,2.744187355041503906e+00,-2.529602050781250000e+00,-3.438943386077880859e+00,-2.744187355041503906e+00
1.161599999999999966e+02,2.058029174804687500e-03,-4.386901855468750000e-03,4.266166687011718750e-02,2.529602050781250000e+00,3.438943386077880859e+00,2.744187355041503906e+00,-2.529602050781250000e+00,-3.438943386077880859e+00,-2.744187355041503906e+00
1.162000000000000028e+02,2.058029174804687500e-03,-4.386901855468750000e-03,4.266166687011718750e-02,2.529602050781250000e+00,3.438943386077880859e+00,2.744187355041503906e+00,-2.529602050781250000e+00,-3.438943386077880859e+00,-2.744187355041503906e+00
1.162400000000000091e+02,2.058029174804687500e-03,-4.386901855468750000e-03,4.266166687011718750e-02,2.529602050781250000e+00,3.438943386077880859e+00,2.744187355041503906e+00,-2.529602050781250000e+00,-3.438943386077880859e+00,-2.744187355041503906e+00
1.162800000000000011e+02,2.058029174804687500e-03,-4.386901855468750000e-03,4.266166687011718750e-02,2.529602050781250000e+00,3.438943386077880859e+00,2.744187355041503906e+00,-2.529602050781250000e+00,-3.438943386077880859e+00,-2.744187355041503906e+00
1.163200000000000074e+02,2.058029174804687500e-03,-4.386901855468750000e-03,4.266166687011718750e-02,2.529602050781250000e+00,3.438943386077880859e+00,2.744187355041503906e+00,-2.529602050781250000e+00,-3.438943386077880859e+00,-2.744187355041503906e+00
1.163599999999999994e+02,2.058029174804687500e-03,-4.386901855468750000e-03,4.266166687011718750e-02,2.529602050781250000e+00,3.438943386077880859e+00,2.744187355041503906e+00,-2.529602050781250000e+00,-3.438943386077880859e+00,-2.744187355041503906e+00
1.164000000000000057e+02,2.058029174804687500e-03,-4.386901855468750000e-03,4.266166687011718750e-02,2.529602050781250000e+00,3.438943386077880859e+00,2.744187355041503906e+00,-2.529602050781250000e+00,-3.438943386077880859e+00,-2.744187355041503906e+00
1.164399999999999977e+02,2.058029174804687500e-03,-4.386901855468750000e-03,4.266166687011718750e-02,2.529602050781250000e+00,3.438943386077880859e+00,2.744187355041503906e+00,-2.529602050781250000e+00,-3.438943386077880859e+00,-2.744187355041503906e+00
1.164800000000000040e+02,2.058029174804687500e-03,-4.386901855468750000e-03,4.266166687011718750e-02,2.529602050781250000e+00,3.438943386077880859e+00,2.744187355041503906e+00,-2.529602050781250000e+00,-3.438943386077880859e+00,-2.744187355041503906e+00
1.165199999999999960e+02,2.058029174804687500e-03,-4.386901855468750000e-03,4.266166687011718750e-02,2.529602050781250000e+00,3.438943386077880859e+00,2.744187355041503906e+00,-2.529602050781250000e+00,-3.438943386077880859e+00,-2.744187355041503906e+00
1.165600000000000023e+02,2.058029174804687500e-03,-4.386901855468750000e-03,4.266166687011718750e-02,2.529602050781250000e+00,3.438943386077880859e+00,2.744187355041503906e+00,-2.529602050781250000e+00,-3.438943386077880859e+00,-2.744187355041503906e+00
1.166000000000000085e+02,2.058029174804687500e-03,-4.386901855468750000e-03,4.266166687011718750e-02,2.529602050781250000e+00,3.438943386077880859e+00,2.744187355041503906e+00,-2.529602050781250000e+00,-3.438943386077880859e+00,-2.744187355041503906e+00
1.166400000000000006e+02,2.058029174804687500e-03,-4.386901855468750000e-03,4.266166687011718750e-02,2.529602050781250000e+00,3.438943386077880859e+00,2.744187355041503906e+00,-2.529602050781250000e+00,-3.438943386077880859e+00,-2.744187355041503906e+00
1.166800000000000068e+02,2.058029174804687500e-03,-4.386901855468750000e-03,4.266166687011718750e-02,2.529602050781250000e+00,3.438943386077880859e+00,2.744187355041503906e+00,-2.529602050781250000e+00,-3.438943386077880859e+00,-2.744187355041503906e+00
1.167199999999999989e+02,2.058029174804687500e-03,-4.386901855468750000e-03,4.266166687011718750e-02,2.529602050781250000e+00,3.438943386077880859e+00,2.744187355041503906e+00,-2.529602050781250000e+00,-3.438943386077880859e+00,-2.744187355041503906e+00
1.167600000000000051e+02,2.058029174804687500e-03,-4.386901855468750000e-03,4.266166687011718750e-02,2.529602050781250000e+00,3.438943386077880859e+00,2.744187355041503906e+00,-2.529602050781250000e+00,-3.438943386077880859e+00,-2.744187355041503906e+00
1.167999999999999972e+02,2.058029174804687500e-03,-4.386901855468750000e-03,4.266166687011718750e-02,2.529602050781250000e+00,3.438943386077880859e+00,2.744187355041503906e+00,-2.529602050781250000e+00,-3.438943386077880859e+00,-2.744187355041503906e+00
1.168400000000000034e+02,2.058029174804687500e-03,-4.386901855468750000e-03,4.266166687011718750e-02,2.529602050781250000e+00,3.438943386077880859e+00,2.744187355041503906e+00,-2.529602050781250000e+00,-3.438943386077880859e+00,-2.744187355041503906e+00
1.168799999999999955e+02,2.058029174804687500e-03,-4.386901855468750000e-03,4.266166687011718750e-02,2.529602050781250000e+00,3.438943386077880859e+00,2.744187355041503906e+00,-2.529602050781250000e+00,-3.438943386077880859e+00,-2.744187355041503906e+00
1.169200000000000017e+02,2.058029174804687500e-03,-4.386901855468750000e-03,4.266166687011718750e-02,2.529602050781250000e+00,3.438943386077880859e+00,2.744187355041503906e+00,-2.529602050781250000e+00,-3.438943386077880859e+00,-2.744187355041503906e+00
1.169600000000000080e+02,2.058029174804687500e-03,-4.386901855468750000e-03,4.266166687011718750e-02,2.529602050781250000e+00,3.438943386077880859e+00,2.744187355041503906e+00,-2.529602050781250000e+00,-3.438943386077880859e+00,-2.744187355041503906e+00
1.170000000000000000e+02,2.058029174804687500e-03,-4.386901855468750000e-03,4.266166687011718750e-02,2.529602050781250000e+00,3.438943386077880859e+00,2.744187355041503906e+00,-2.529602050781250000e+00,-3.438943386077880859e+00,-2.744187355041503906e+00
1.170400000000000063e+02,2.058029174804687500e-03,-4.386901855468750000e-03,4.266166687011718750e-02,2.529602050781250000e+00,3.438943386077880859e+00,2.744187355041503906e+00,-2.529602050781250000e+00,-3.438943386077880859e+00,-2.744187355041503906e+00
1.170799999999999983e+02,2.058029174804687500e-03,-4.386901855468750000e-03,4.266166687011718750e-02,2.529602050781250000e+00,3.438943386077880859e+00,2.744187355041503906e+00,-2.529602050781250000e+00,-3.438943386077880859e+00,-2.744187355041503906e+00
1.171200000000000045e+02,2.058029174804687500e-03,-4.386901855468750000e-03,4.266166687011718750e-02,2.529602050781250000e+00,3.438943386077880859e+00,2.744187355041503906e+00,-2.529602050781250000e+00,-3.438943386077880859e+00,-2.744187355041503906e+00
1.171599999999999966e+02,2.058029174804687500e-03,-4.386901855468750000e-03,4.266166687011718750e-02,2.529602050781250000e+00,3.438943386077880859e+00,2.744187355041503906e+00,-2.529602050781250000e+00,-3.438943386077880859e+00,-2.744187355041503906e+00
1.172000000000000028e+02,2.058029174804687500e-03,-4.386901855468750000e-03,4.266166687011718750e-02,2.529602050781250000e+00,3.438943386077880859e+00,2.744187355041503906e+00,-2.529602050781250000e+00,-3.438943386077880859e+00,-2.744187355041503906e+00
1.172400000000000091e+02,2.058029174804687500e-03,-4.386901855468750000e-03,4.266166687011718750e-02,2.529602050781250000e+00,3.438943386077880859e+00,2.744187355041503906e+00,-2.529602050781250000e+00,-3.438943386077880859e+00,-2.744187355041503906e+00
1.172800000000000011e+02,2.058029174804687500e-03,-4.386901855468750000e-03,4.266166687011718750e-02,2.529602050781250000e+00,3.438943386077880859e+00,2.744187355041503906e+00,-2.529602050781250000e+00,-3.438943386077880859e+00,-2.744187355041503906e+00
1.173200000000000074e+02,2.058029174804687500e-03,-4.386901855468750000e-03,4.266166687011718750e-02,2.529602050781250000e+00,3.438943386077880859e+00,2.744187355041503906e+00,-2.529602050781250000e+00,-3.438943386077880859e+00,-2.744187355041503906e+00
1.173599999999999994e+02,2.058029174804687500e-03,-4.386901855468750000e-03,4.266166687011718750e-02,2.529602050781250000e+00,3.438943386077880859e+00,2.744187355041503906e+00,-2.529602050781250000e+00,-3.438943386077880859e+00,-2.744187355041503906e+00
1.174000000000000057e+02,2.058029174804687500e-03,-4.386901855468750000e-03,4.266166687011718750e-02,2.529602050781250000e+00,3.438943386077880859e+00,2.744187355041503906e+00,-2.529602050781250000e+00,-3.438943386077880859e+00,-2.744187355041503906e+00
1.174399999999999977e+02,2.058029174804687500e-03,-4.386901855468750000e-03,4.266166687011718750e-02,2.529602050781250000e+00,3.438943386077880859e+00,2.744187355041503906e+00,-2.529602050781250000e+00,-3.438943386077880859e+00,-2.744187355041503906e+00
1.174800000000000040e+02,2.058029174804687500e-03,-4.386901855468750000e-03,4.266166687011718750e-02,2.529602050781250000e+00,3.438943386077880859e+00,2.744187355041503906e+00,-2.529602050781250000e+00,-3.438943386077880859e+00,-2.744187355041503906e+00
1.175199999999999960e+02,2.058029174804687500e-03,-4.386901855468750000e-03,4.266166687011718750e-02,2.529602050781250000e+00,3.438943386077880859e+00,2.744187355041503906e+00,-2.529602050781250000e+00,-3.438943386077880859e+00,-2.744187355041503906e+00
1.175600000000000023e+02,2.058029174804687500e-03,-4.386901855468750000e-03,4.266166687011718750e-02,2.529602050781250000e+00,3.438943386077880859e+00,2.744187355041503906e+00,-2.529602050781250000e+00,-3.438943386077880859e+00,-2.744187355041503906e+00
1.176000000000000085e+02,2.058029174804687500e-03,-4.386901855468750000e-03,4.266166687011718750e-02,2.529602050781250000e+00,3.438943386077880859e+00,2.744187355041503906e+00,-2.529602050781250000e+00,-3.438943386077880859e+00,-2.744187355041503906e+00
1.176400000000000006e+02,2.058029174804687500e-03,-4.386901855468750000e-03,4.266166687011718750e-02,2.529602050781250000e+00,3.438943386077880859e+00,2.744187355041503906e+00,-2.529602050781250000e+00,-3.438943386077880859e+00,-2.744187355041503906e+00
1.176800000000000068e+02,2.058029174804687500e-03,-4.386901855468750000e-03,4.266166687011718750e-02,2.529602050781250000e+00,3.438943386077880859e+00,2.744187355041503906e+00,-2.529602050781250000e+00,-3.438943386077880859e+00,-2.744187355041503906e+00
1.177199999999999989e+02,2.058029174804687500e-03,-4.386901855468750000e-03,4.266166687011718750e-02,2.529602050781250000e+00,3.438943386077880859e+00,2.744187355041503906e+00,-2.529602050781250000e+00,-3.438943386077880859e+00,-2.744187355041503906e+00
1.177600000000000051e+02,2.058029174804687500e-03,-4.386901855468750000e-03,4.266166687011718750e-02,2.529602050781250000e+00,3.438943386077880859e+00,2.744187355041503906e+00,-2.529602050781250000e+00,-3.438943386077880859e+00,-2.744187355041503906e+00
1.177999999999999972e+02,2.058029174804687500e-03,-4.386901855468750000e-03,4.266166687011718750e-02,2.529602050781250000e+00,3.438943386077880859e+00,2.744187355041503906e+00,-2.529602050781250000e+00,-3.438943386077880859e+00,-2.744187355041503906e+00
1.178400000000000034e+02,2.058029174804687500e-03,-4.386901855468750000e-03,4.266166687011718750e-02,2.529602050781250000e+00,3.438943386077880859e+00,2.744187355041503906e+00,-2.529602050781250000e+00,-3.438943386077880859e+00,-2.744187355041503906e+00
1.178799999999999955e+02,2.058029174804687500e-03,-4.386901855468750000e-03,4.266166687011718750e-02,2.529602050781250000e+00,3.438943386077880859e+00,2.744187355041503906e+00,-2.529602050781250000e+00,-3.438943386077880859e+00,-2.744187355041503906e+00
1.179200000000000017e+02,2.058029174804687500e-03,-4.386901855468750000e-03,4.266166687011718750e-02,2.529602050781250000e+00,3.438943386077880859e+00,2.744187355041503906e+00,-2.529602050781250000e+00,-3.438943386077880859e+00,-2.744187355041503906e+00
1.179600000000000080e+02,2.058029174804687500e-03,-4.386901855468750000e-03,4.266166687011718750e-02,2.529602050781250000e+00,3.438943386077880859e+00,2.744187355041503906e+00,-2.529602050781250000e+00,-3.438943386077880859e+00,-2.744187355041503906e+00
1.180000000000000000e+02,2.058029174804687500e-03,-4.386901855468750000e-03,4.266166687011718750e-02,2.529602050781250000e+00,3.438943386077880859e+00,2.744187355041503906e+00,-2.529602050781250000e+00,-3.438943386077880859e+00,-2.744187355041503906e+00
1.180400000000000063e+02,2.058029174804687500e-03,-4.386901855468750000e-03,4.266166687011718750e-02,2.529602050781250000e+00,3.438943386077880859e+00,2.744187355041503906e+00,-2.529602050781250000e+00,-3.438943386077880859e+00,-2.744187355041503906e+00
1.180799999999999983e+02,2.058029174804687500e-03,-4.386901855468750000e-03,4.266166687011718750e-02,2.529602050781250000e+00,3.438943386077880859e+00,2.744187355041503906e+00,-2.529602050781250000e+00,-3.438943386077880859e+00,-2.744187355041503906e+00
1.181200000000000045e+02,2.058029174804687500e-03,-4.386901855468750000e-03,4.266166687011718750e-02,2.529602050781250000e+00,3.438943386077880859e+00,2.744187355041503906e+00,-2.529602050781250000e+00,-3.438943386077880859e+00,-2.744187355041503906e+00
1.181599999999999966e+02,2.058029174804687500e-03,-4.386901855468750000e-03,4.266166687011718750e-02,2.529602050781250000e+00,3.438943386077880859e+00,2.744187355041503906e+00,-2.529602050781250000e+00,-3.438943386077880859e+00,-2.744187355041503906e+00
1.182000000000000028e+02,2.058029174804687500e-03,-4.386901855468750000e-03,4.266166687011718750e-02,2.529602050781250000e+00,3.438943386077880859e+00,2.744187355041503906e+00,-2.529602050781250000e+00,-3.438943386077880859e+00,-2.744187355041503906e+00
1.182400000000000091e+02,2.058029174804687500e-03,-4.386901855468750000e-03,4.266166687011718750e-02,2.529602050781250000e+00,3.438943386077880859e+00,2.744187355041503906e+00,-2.529602050781250000e+00,-3.438943386077880859e+00,-2.744187355041503906e+00
1.182800000000000011e+02,2.058029174804687500e-03,-4.386901855468750000e-03,4.266166687011718750e-02,2.529602050781250000e+00,3.438943386077880859e+00,2.744187355041503906e+00,-2.529602050781250000e+00,-3.438943386077880859e+00,-2.744187355041503906e+00
1.183200000000000074e+02,2.058029174804687500e-03,-4.386901855468750000e-03,4.266166687011718750e-02,2.529602050781250000e+00,3.438943386077880859e+00,2.744187355041503906e+00,-2.529602050781250000e+00,-3.438943386077880859e+00,-2.744187355041503906e+00
1.183599999999999994e+02,2.058029174804687500e-03,-4.386901855468750000e-03,4.266166687011718750e-02,2.529602050781250000e+00,3.438943386077880859e+00,2.744187355041503906e+00,-2.529602050781250000e+00,-3.438943386077880859e+00,-2.744187355041503906e+00
1.184000000000000057e+02,2.058029174804687500e-03,-4.386901855468750000e-03,4.266166687011718750e-02,2.529602050781250000e+00,3.438943386077880859e+00,2.744187355041503906e+00,-2.529602050781250000e+00,-3.438943386077880859e+00,-2.744187355041503906e+00
1.184399999999999977e+02,2.058029174804687500e-03,-4.386901855468750000e-03,4.266166687011718750e-02,2.529602050781250000e+00,3.438943386077880859e+00,2.744187355041503906e+00,-2.529602050781250000e+00,-3.438943386077880859e+00,-2.744187355041503906e+00
1.184800000000000040e+02,2.058029174804687500e-03,-4.386901855468750000e-03,4.266166687011718750e-02,2.529602050781250000e+00,3.438943386077880859e+00,2.744187355041503906e+00,-2.529602050781250000e+00,-3.438943386077880859e+00,-2.744187355041503906e+00
1.185199999999999960e+02,2.058029174804687500e-03,-4.386901855468750000e-03,4.266166687011718750e-02,2.529602050781250000e+00,3.438943386077880859e+00,2.744187355041503906e+00,-2.529602050781250000e+00,-3.438943386077880859e+00,-2.744187355041503906e+00
1.185600000000000023e+02,2.058029174804687500e-03,-4.386901855468750000e-03,4.266166687011718750e-02,2.529602050781250000e+00,3.438943386077880859e+00,2.744187355041503906e+00,-2.529602050781250000e+00,-3.438943386077880859e+00,-2.744187355041503906e+00
1.186000000000000085e+02,2.058029174804687500e-03,-4.386901855468750000e-03,4.266166687011718750e-02,2.529602050781250000e+00,3.438943386077880859e+00,2.744187355041503906e+00,-2.529602050781250000e+00,-3.438943386077880859e+00,-2.744187355041503906e+00
1.186400000000000006e+02,2.058029174804687500e-03,-4.386901855468750000e-03,4.266166687011718750e-02,2.529602050781250000e+00,3.438943386077880859e+00,2.744187355041503906e+00,-2.529602050781250000e+00,-3.438943386077880859e+00,-2.744187355041503906e+00
1.186800000000000068e+02,2.058029174804687500e-03,-4.386901855468750000e-03,4.266166687011718750e-02,2.529602050781250000e+00,3.438943386077880859e+00,2.744187355041503906e+00,-2.529602050781250000e+00,-3.438943386077880859e+00,-2.744187355041503906e+00
1.187199999999999989e+02,2.058029174804687500e-03,-4.386901855468750000e-03,4.266166687011718750e-02,2.529602050781250000e+00,3.438943386077880859e+00,2.744187355041503906e+00,-2.529602050781250000e+00,-3.438943386077880859e+00,-2.744187355041503906e+00
1.187600000000000051e+02,2.058029174804687500e-03,-4.386901855468750000e-03,4.266166687011718750e-02,2.529602050781250000e+00,3.438943386077880859e+00,2.744187355041503906e+00,-2.529602050781250000e+00,-3.438943386077880859e+00,-2.744187355041503906e+00
1.187999999999999972e+02,2.058029174804687500e-03,-4.386901855468750000e-03,4.266166687011718750e-02,2.529602050781250000e+00,3.438943386077880859e+00,2.744187355041503906e+00,-2.529602050781250000e+00,-3.438943386077880859e+00,-2.744187355041503906e+00
1.188400000000000034e+02,2.058029174804687500e-03,-4.386901855468750000e-03,4.266166687011718750e-02,2.529602050781250000e+00,3.438943386077880859e+00,2.744187355041503906e+00,-2.529602050781250000e+00,-3.438943386077880859e+00,-2.744187355041503906e+00
1.188799999999999955e+02,2.058029174804687500e-03,-4.386901855468750000e-03,4.266166687011718750e-02,2.529602050781250000e+00,3.438943386077880859e+00,2.744187355041503906e+00,-2.529602050781250000e+00,-3.438943386077880859e+00,-2.744187355041503906e+00
1.189200000000000017e+02,2.058029174804687500e-03,-4.386901855468750000e-03,4.266166687011718750e-02,2.529602050781250000e+00,3.438943386077880859e+00,2.744187355041503906e+00,-2.529602050781250000e+00,-3.438943386077880859e+00,-2.744187355041503906e+00
1.189600000000000080e+02,2.058029174804687500e-03,-4.386901855468750000e-03,4.266166687011718750e-02,2.529602050781250000e+00,3.438943386077880859e+00,2.744187355041503906e+00,-2.529602050781250000e+00,-3.438943386077880859e+00,-2.744187355041503906e+00
1.190000000000000000e+02,2.058029174804687500e-03,-4.386901855468750000e-03,4.266166687011718750e-02,2.529602050781250000e+00,3.438943386077880859e+00,2.744187355041503906e+00,-2.529602050781250000e+00,-3.438943386077880859e+00,-2.744187355041503906e+00
1.190400000000000063e+02,2.058029174804687500e-03,-4.386901855468750000e-03,4.266166687011718750e-02,2.529602050781250000e+00,3.438943386077880859e+00,2.744187355041503906e+00,-2.529602050781250000e+00,-3.438943386077880859e+00,-2.744187355041503906e+00
1.190799999999999983e+02,2.058029174804687500e-03,-4.386901855468750000e-03,4.266166687011718750e-02,2.529602050781250000e+00,3.438943386077880859e+00,2.744187355041503906e+00,-2.529602050781250000e+00,-3.438943386077880859e+00,-2.744187355041503906e+00
1.191200000000000045e+02,2.058029174804687500e-03,-4.386901855468750000e-03,4.266166687011718750e-02,2.529602050781250000e+00,3.438943386077880859e+00,2.744187355041503906e+00,-2.529602050781250000e+00,-3.438943386077880859e+00,-2.744187355041503906e+00
1.191599999999999966e+02,2.058029174804687500e-03,-4.386901855468750000e-03,4.266166687011718750e-02,2.529602050781250000e+00,3.438943386077880859e+00,2.744187355041503906e+00,-2.529602050781250000e+00,-3.438943386077880859e+00,-2.744187355041503906e+00
1.192000000000000028e+02,2.058029174804687500e-03,-4.386901855468750000e-03,4.266166687011718750e-02,2.529602050781250000e+00,3.438943386077880859e+00,2.744187355041503906e+00,-2.529602050781250000e+00,-3.438943386077880859e+00,-2.744187355041503906e+00
1.192400000000000091e+02,2.058029174804687500e-03,-4.386901855468750000e-03,4.266166687011718750e-02,2.529602050781250000e+00,3.438943386077880859e+00,2.744187355041503906e+00,-2.529602050781250000e+00,-3.438943386077880859e+00,-2.744187355041503906e+00
1.192800000000000011e+02,2.058029174804687500e-03,-4.386901855468750000e-03,4.266166687011718750e-02,2.529602050781250000e+00,3.438943386077880859e+00,2.744187355041503906e+00,-2.529602050781250000e+00,-3.438943386077880859e+00,-2.744187355041503906e+00
1.193200000000000074e+02,2.058029174804687500e-03,-4.386901855468750000e-03,4.266166687011718750e-02,2.529602050781250000e+00,3.438943386077880859e+00,2.744187355041503906e+00,-2.529602050781250000e+00,-3.438943386077880859e+00,-2.744187355041503906e+00
1.193599999999999994e+02,2.058029174804687500e-03,-4.386901855468750000e-03,4.266166687011718750e-02,2.529602050781250000e+00,3.438943386077880859e+00,2.744187355041503906e+00,-2.529602050781250000e+00,-3.438943386077880859e+00,-2.744187355041503906e+00
1.194000000000000057e+02,2.058029174804687500e-03,-4.386901855468750000e-03,4.266166687011718750e-02,2.529602050781250000e+00,3.438943386077880859e+00,2.744187355041503906e+00,-2.529602050781250000e+00,-3.438943386077880859e+00,-2.744187355041503906e+00
1.194399999999999977e+02,2.058029174804687500e-03,-4.386901855468750000e-03,4.266166687011718750e-02,2.529602050781250000e+00,3.438943386077880859e+00,2.744187355041503906e+00,-2.529602050781250000e+00,-3.438943386077880859e+00,-2.744187355041503906e+00
1.194800000000000040e+02,2.058029174804687500e-03,-4.386901855468750000e-03,4.266166687011718750e-02,2.529602050781250000e+00,3.438943386077880859e+00,2.744187355041503906e+00,-2.529602050781250000e+00,-3.438943386077880859e+00,-2.744187355041503906e+00
1.195199999999999960e+02,2.058029174804687500e-03,-4.386901855468750000e-03,4.266166687011718750e-02,2.529602050781250000e+00,3.438943386077880859e+00,2.744187355041503906e+00,-2.529602050781250000e+00,-3.438943386077880859e+00,-2.744187355041503906e+00
1.195600000000000023e+02,2.058029174804687500e-03,-4.386901855468750000e-03,4.266166687011718750e-02,2.529602050781250000e+00,3.438943386077880859e+00,2.744187355041503906e+00,-2.529602050781250000e+00,-3.438943386077880859e+00,-2.744187355041503906e+00
1.196000000000000085e+02,2.058029174804687500e-03,-4.386901855468750000e-03,4.266166687011718750e-02,2.529602050781250000e+00,3.438943386077880859e+00,2.744187355041503906e+00,-2.529602050781250000e+00,-3.438943386077880859e+00,-2.744187355041503906e+00
1.196400000000000006e+02,2.058029174804687500e-03,-4.386901855468750000e-03,4.266166687011718750e-02,2.529602050781250000e+00,3.438943386077880859e+00,2.744187355041503906e+00,-2.529602050781250000e+00,-3.438943386077880859e+00,-2.744187355041503906e+00
1.196800000000000068e+02,2.058029174804687500e-03,-4.386901855468750000e-03,4.266166687011718750e-02,2.529602050781250000e+00,3.438943386077880859e+00,2.744187355041503906e+00,-2.529602050781250000e+00,-3.438943386077880859e+00,-2.744187355041503906e+00
1.197199999999999989e+02,2.058029174804687500e-03,-4.386901855468750000e-03,4.266166687011718750e-02,2.529602050781250000e+00,3.438943386077880859e+00,2.744187355041503906e+00,-2.529602050781250000e+00,-3.438943386077880859e+00,-2.744187355041503906e+00
1.197600000000000051e+02,2.058029174804687500e-03,-4.386901855468750000e-03,4.266166687011718750e-02,2.529602050781250000e+00,3.438943386077880859e+00,2.744187355041503906e+00,-2.529602050781250000e+00,-3.438943386077880859e+00,-2.744187355041503906e+00
1.197999999999999972e+02,2.058029174804687500e-03,-4.386901855468750000e-03,4.266166687011718750e-02,2.529602050781250000e+00,3.438943386077880859e+00,2.744187355041503906e+00,-2.529602050781250000e+00,-3.438943386077880859e+00,-2.744187355041503906e+00
1.198400000000000034e+02,2.058029174804687500e-03,-4.386901855468750000e-03,4.266166687011718750e-02,2.529602050781250000e+00,3.438943386077880859e+00,2.744187355041503906e+00,-2.529602050781250000e+00,-3.438943386077880859e+00,-2.744187355041503906e+00
1.198799999999999955e+02,2.058029174804687500e-03,-4.386901855468750000e-03,4.266166687011718750e-02,2.529602050781250000e+00,3.438943386077880859e+00,2.744187355041503906e+00,-2.529602050781250000e+00,-3.438943386077880859e+00,-2.744187355041503906e+00
1.199200000000000017e+02,2.058029174804687500e-03,-4.386901855468750000e-03,4.266166687011718750e-02,2.529602050781250000e+00,3.438943386077880859e+00,2.744187355041503906e+00,-2.529602050781250000e+00,-3.438943386077880859e+00,-2.744187355041503906e+00
1.199600000000000080e+02,2.058029174804687500e-03,-4.386901855468750000e-03,4.266166687011718750e-02,2.529602050781250000e+00,3.438943386077880859e+00,2.744187355041503906e+00,-2.529602050781250000e+00,-3.438943386077880859e+00,-2.744187355041503906e+00
