time,tracker_x,tracker_y,tracker_z,planner_x,planner_y,planner_z
0.000000000000000000e+00,0.000000000000000000e+00,0.000000000000000000e+00,0.000000000000000000e+00,0.000000000000000000e+00,0.000000000000000000e+00,0.000000000000000000e+00
4.000000000000000083e-02,0.000000000000000000e+00,0.000000000000000000e+00,0.000000000000000000e+00,6.842558505013585091e-04,5.702132475562393665e-04,4.561705864034593105e-04
8.000000000000000167e-02,0.000000000000000000e+00,0.000000000000000000e+00,1.889358391053974628e-04,1.941548427566885948e-03,1.617957139387726784e-03,1.294365618377923965e-03
1.199999999999999956e-01,0.000000000000000000e+00,0.000000000000000000e+00,5.518767866306006908e-04,3.671823069453239441e-03,3.059852868318557739e-03,2.447882201522588730e-03
1.600000000000000033e-01,1.977403371711261570e-06,4.965774564880121034e-07,1.074171392247080803e-03,5.785861983895301819e-03,4.821551963686943054e-03,3.857241477817296982e-03
2.000000000000000111e-01,8.097820682451128960e-06,2.853485284504131414e-06,1.741494634188711643e-03,8.204828016459941864e-03,6.837356835603713989e-03,5.469885189086198807e-03
2.399999999999999911e-01,2.079568548651877791e-05,8.743918442633002996e-06,2.540014451369643211e-03,1.085971295833587646e-02,9.049761109054088593e-03,7.239808328449726105e-03
2.800000000000000266e-01,4.247300239512696862e-05,1.998206425923854113e-05,3.456471022218465805e-03,1.369071751832962036e-02,1.140893064439296722e-02,9.127144701778888702e-03
3.200000000000000067e-01,7.541050581494346261e-05,3.836772521026432514e-05,4.478261806070804596e-03,1.664658449590206146e-02,1.387215219438076019e-02,1.109772175550460815e-02
3.599999999999999867e-01,1.216893724631518126e-04,6.560210022144019604e-05,5.593497771769762039e-03,1.968390680849552155e-02,1.640325412154197693e-02,1.312260329723358154e-02
4.000000000000000222e-01,1.831579429563134909e-04,1.032367435982450843e-04,6.791045423597097397e-03,2.276643179357051849e-02,1.897202432155609131e-02,1.517762057483196259e-02
4.400000000000000022e-01,2.614179393276572227e-04,1.526485430076718330e-04,8.060552179813385010e-03,2.586436271667480469e-02,2.155363187193870544e-02,1.724290847778320312e-02
4.799999999999999822e-01,3.578265022952109575e-04,2.150312357116490602e-04,9.392455220222473145e-03,2.895368076860904694e-02,2.412806265056133270e-02,1.930245384573936462e-02
5.200000000000000178e-01,4.735075635835528374e-04,2.913977950811386108e-04,1.077797915786504745e-02,3.201549127697944641e-02,2.667957358062267303e-02,2.134366147220134735e-02
5.600000000000000533e-01,6.093690171837806702e-04,3.825897001661360264e-04,1.220912858843803406e-02,3.503540903329849243e-02,2.919617295265197754e-02,2.335694059729576111e-02
5.999999999999999778e-01,7.661232375539839268e-04,4.892904544249176979e-04,1.367866434156894684e-02,3.800296783447265625e-02,3.166913986206054688e-02,2.533531188964843750e-02
6.400000000000000133e-01,9.443087619729340076e-04,6.120412144809961319e-04,1.518008299171924591e-02,4.091107100248336792e-02,3.409256041049957275e-02,2.727404795587062836e-02
6.800000000000000488e-01,1.144312438555061817e-03,7.512571755796670914e-04,1.670758426189422607e-02,4.375550150871276855e-02,3.646292164921760559e-02,2.917033620178699493e-02
7.199999999999999734e-01,1.366391079500317574e-03,9.072443936020135880e-04,1.825603097677230835e-02,4.653445631265640259e-02,3.877871483564376831e-02,3.102297149598598480e-02
7.600000000000000089e-01,1.610691426321864128e-03,1.080215675756335258e-03,1.982091926038265228e-02,4.924812167882919312e-02,4.104010388255119324e-02,3.283208236098289490e-02
8.000000000000000444e-01,1.877269591204822063e-03,1.270305714569985867e-03,2.139833383262157440e-02,5.189831554889678955e-02,4.324860125780105591e-02,3.459887951612472534e-02
8.399999999999999689e-01,2.166107762604951859e-03,1.477584941312670708e-03,2.298490703105926514e-02,5.448814481496810913e-02,4.540679231286048889e-02,3.632543236017227173e-02
8.800000000000000044e-01,2.477130154147744179e-03,1.702072331681847572e-03,2.457778342068195343e-02,5.702171474695205688e-02,4.751810058951377869e-02,3.801447898149490356e-02
9.200000000000000400e-01,2.810216741636395454e-03,1.943746465258300304e-03,2.617456577718257904e-02,5.950386822223663330e-02,4.958656057715415955e-02,3.966924548149108887e-02
9.599999999999999645e-01,3.165215253829956055e-03,2.202556002885103226e-03,2.777328155934810638e-02,6.193996593356132507e-02,5.161664262413978577e-02,4.129331186413764954e-02
1.000000000000000000e+00,3.541951999068260193e-03,2.478427719324827194e-03,2.937234379351139069e-02,6.433570384979248047e-02,5.361308902502059937e-02,4.289047047495841980e-02
1.040000000000000036e+00,3.940240014344453812e-03,2.771274652332067490e-03,3.096894919872283936e-02,6.669694185256958008e-02,5.558078363537788391e-02,4.446462541818618774e-02
1.080000000000000071e+00,4.359887912869453430e-03,3.081002039834856987e-03,3.256129100918769836e-02,6.902956962585449219e-02,5.752464011311531067e-02,4.601971060037612915e-02
1.120000000000000107e+00,4.800704773515462875e-03,3.407513024285435677e-03,3.414875268936157227e-02,7.133941352367401123e-02,5.944950878620147705e-02,4.755960404872894287e-02
1.159999999999999920e+00,5.262506660073995590e-03,3.750712610781192780e-03,3.573137149214744568e-02,7.363212853670120239e-02,6.136010214686393738e-02,4.908807948231697083e-02
1.199999999999999956e+00,5.745119415223598480e-03,4.110511392354965210e-03,3.730954974889755249e-02,7.591313868761062622e-02,6.326094269752502441e-02,5.060875415802001953e-02
1.239999999999999991e+00,6.248382851481437683e-03,4.486827645450830460e-03,3.888389468193054199e-02,7.818759232759475708e-02,6.515631824731826782e-02,5.212505534291267395e-02
1.280000000000000027e+00,6.772152613848447800e-03,4.879590589553117752e-03,4.045513272285461426e-02,8.046030998229980469e-02,6.705024838447570801e-02,5.364020168781280518e-02
1.320000000000000062e+00,7.316301576793193817e-03,5.288741085678339005e-03,4.202404245734214783e-02,8.273576945066452026e-02,6.894646584987640381e-02,5.515717342495918274e-02
1.360000000000000098e+00,7.880720309913158417e-03,5.714233499020338058e-03,4.359143227338790894e-02,8.501808345317840576e-02,7.084839791059494019e-02,5.667871609330177307e-02
1.400000000000000133e+00,8.465318940579891205e-03,6.156035233289003372e-03,4.515810683369636536e-02,8.731100708246231079e-02,7.275916635990142822e-02,5.820732936263084412e-02
1.439999999999999947e+00,9.070025756955146790e-03,6.614127662032842636e-03,4.672481492161750793e-02,8.961792290210723877e-02,7.468159496784210205e-02,5.974527448415756226e-02
1.479999999999999982e+00,9.694787673652172089e-03,7.088505662977695465e-03,4.829185083508491516e-02,9.194186329841613770e-02,7.661821693181991577e-02,6.129457056522369385e-02
1.520000000000000018e+00,1.033957023173570633e-02,7.579178083688020706e-03,4.985958710312843323e-02,9.428552538156509399e-02,7.857126742601394653e-02,6.285700947046279907e-02
1.560000000000000053e+00,1.100435573607683182e-02,8.086166344583034515e-03,5.142845213413238525e-02,9.665126353502273560e-02,8.054271340370178223e-02,6.443417072296142578e-02
1.600000000000000089e+00,1.168914325535297394e-02,8.609503507614135742e-03,5.299891903996467590e-02,9.904113411903381348e-02,8.253427594900131226e-02,6.602741777896881104e-02
1.640000000000000124e+00,1.239394582808017731e-02,9.149234741926193237e-03,5.457149446010589600e-02,1.014569029211997986e-01,8.454741537570953369e-02,6.763793528079986572e-02
1.679999999999999938e+00,1.311879232525825500e-02,9.705415926873683929e-03,5.614669993519783020e-02,1.039000749588012695e-01,8.658339828252792358e-02,6.926672160625457764e-02
1.719999999999999973e+00,1.386372372508049011e-02,1.027811132371425629e-02,5.772507190704345703e-02,1.063719168305397034e-01,8.864326775074005127e-02,7.091461122035980225e-02
1.760000000000000009e+00,1.462879218161106110e-02,1.086739357560873032e-02,5.930714681744575500e-02,1.088734567165374756e-01,9.072788804769515991e-02,7.258230447769165039e-02
1.800000000000000044e+00,1.541406102478504181e-02,1.147334463894367218e-02,6.089345365762710571e-02,1.114055439829826355e-01,9.283796697854995728e-02,7.427036762237548828e-02
1.840000000000000080e+00,1.621960476040840149e-02,1.209605205804109573e-02,6.248451769351959229e-02,1.139688491821289062e-01,9.497405588626861572e-02,7.597924023866653442e-02
1.880000000000000115e+00,1.704550161957740784e-02,1.273560896515846252e-02,6.408084928989410400e-02,1.165638789534568787e-01,9.713657945394515991e-02,7.770925760269165039e-02
1.919999999999999929e+00,1.789184287190437317e-02,1.339211501181125641e-02,6.568294018507003784e-02,1.191910058259963989e-01,9.932585060596466064e-02,7.946067303419113159e-02
1.959999999999999964e+00,1.875871978700160980e-02,1.406567264348268509e-02,6.729126721620559692e-02,1.218504831194877625e-01,1.015420854091644287e-01,8.123365789651870728e-02
2.000000000000000000e+00,1.964623481035232544e-02,1.475638803094625473e-02,6.890628486871719360e-02,1.245424747467041016e-01,1.037854105234146118e-01,8.302831649780273438e-02
2.040000000000000036e+00,2.055449038743972778e-02,1.546437107026576996e-02,7.052843272686004639e-02,1.272670477628707886e-01,1.060558855533599854e-01,8.484469354152679443e-02
2.080000000000000071e+00,2.148359268903732300e-02,1.618973165750503540e-02,7.215812802314758301e-02,1.300241947174072266e-01,1.083535104990005493e-01,8.668278902769088745e-02
2.120000000000000107e+00,2.243365347385406494e-02,1.693258434534072876e-02,7.379576563835144043e-02,1.328138560056686401e-01,1.106782332062721252e-01,8.854256570339202881e-02
2.160000000000000142e+00,2.340478450059890747e-02,1.769304461777210236e-02,7.544172555208206177e-02,1.356359273195266724e-01,1.130299642682075500e-01,9.042394906282424927e-02
2.200000000000000178e+00,2.439710125327110291e-02,1.847122423350811005e-02,7.709635794162750244e-02,1.384902745485305786e-01,1.154085844755172729e-01,9.232684224843978882e-02
2.240000000000000213e+00,2.541071549057960510e-02,1.926724053919315338e-02,7.875999808311462402e-02,1.413767188787460327e-01,1.178139522671699524e-01,9.425113350152969360e-02
2.280000000000000249e+00,2.644574455916881561e-02,2.008120715618133545e-02,8.043296635150909424e-02,1.442950665950775146e-01,1.202459037303924561e-01,9.619669616222381592e-02
2.319999999999999840e+00,2.750230394303798676e-02,2.091323770582675934e-02,8.211556822061538696e-02,1.472451090812683105e-01,1.227042675018310547e-01,9.816338866949081421e-02
2.359999999999999876e+00,2.858050726354122162e-02,2.176344580948352814e-02,8.380808681249618530e-02,1.502266228199005127e-01,1.251888722181320190e-01,1.001510694622993469e-01
2.399999999999999911e+00,2.968047000467777252e-02,2.263194508850574493e-02,8.551079034805297852e-02,1.532393991947174072e-01,1.276995241641998291e-01,1.021595895290374756e-01
2.439999999999999947e+00,3.080230578780174255e-02,2.351884543895721436e-02,8.722393214702606201e-02,1.562832295894622803e-01,1.302360445261001587e-01,1.041888073086738586e-01
2.479999999999999982e+00,3.194612637162208557e-02,2.442425675690174103e-02,8.894775807857513428e-02,1.593578904867172241e-01,1.327982544898986816e-01,1.062385812401771545e-01
2.520000000000000018e+00,3.311204537749290466e-02,2.534828893840312958e-02,9.068249911069869995e-02,1.624631732702255249e-01,1.353859901428222656e-01,1.083087772130966187e-01
2.560000000000000053e+00,3.430017456412315369e-02,2.629104815423488617e-02,9.242837131023406982e-02,1.655988842248916626e-01,1.379990875720977783e-01,1.103992536664009094e-01
2.600000000000000089e+00,3.551062196493148804e-02,2.725263871252536774e-02,9.418558329343795776e-02,1.687648445367813110e-01,1.406373828649520874e-01,1.125098913908004761e-01
2.640000000000000124e+00,3.674349188804626465e-02,2.823316305875778198e-02,9.595433622598648071e-02,1.719608604907989502e-01,1.433007270097732544e-01,1.146405711770057678e-01
2.680000000000000160e+00,3.799889236688613892e-02,2.923272363841533661e-02,9.773482382297515869e-02,1.751867681741714478e-01,1.459889858961105347e-01,1.167911812663078308e-01
2.720000000000000195e+00,3.927692770957946777e-02,3.025142103433609009e-02,9.952721744775772095e-02,1.784424185752868652e-01,1.487020254135131836e-01,1.189616173505783081e-01
2.760000000000000231e+00,4.057770222425460815e-02,3.128935396671295166e-02,1.013317033648490906e-01,1.817276626825332642e-01,1.514397263526916504e-01,1.211517825722694397e-01
2.800000000000000266e+00,4.190131276845932007e-02,3.234661370515823364e-02,1.031484454870223999e-01,1.850423812866210938e-01,1.542019844055175781e-01,1.233615949749946594e-01
2.839999999999999858e+00,4.324786365032196045e-02,3.342329710721969604e-02,1.049776002764701843e-01,1.883864402770996094e-01,1.569886952638626099e-01,1.255909651517868042e-01
2.879999999999999893e+00,4.461745172739028931e-02,3.451949730515480042e-02,1.068193316459655762e-01,1.917597353458404541e-01,1.597997695207595825e-01,1.278398334980010986e-01
2.919999999999999929e+00,4.601017013192176819e-02,3.563530743122100830e-02,1.086737886071205139e-01,1.951621621847152710e-01,1.626351326704025269e-01,1.301081180572509766e-01
2.959999999999999964e+00,4.742611572146415710e-02,3.677081316709518433e-02,1.105411201715469360e-01,1.985936462879180908e-01,1.654946953058242798e-01,1.323957741260528564e-01
3.000000000000000000e+00,4.886538162827491760e-02,3.792610019445419312e-02,1.124214679002761841e-01,2.020540833473205566e-01,1.683783978223800659e-01,1.347027420997619629e-01
3.040000000000000036e+00,5.032806098461151123e-02,3.910125792026519775e-02,1.143149659037590027e-01,2.055434286594390869e-01,1.712861806154251099e-01,1.370289623737335205e-01
3.080000000000000071e+00,5.181423947215080261e-02,4.029636830091476440e-02,1.162217557430267334e-01,2.090615928173065186e-01,1.742179840803146362e-01,1.393744051456451416e-01
3.120000000000000107e+00,5.332401022315025330e-02,4.151151329278945923e-02,1.181419640779495239e-01,2.126085311174392700e-01,1.771737635135650635e-01,1.417390257120132446e-01
3.160000000000000142e+00,5.485745891928672791e-02,4.274677112698554993e-02,1.200757175683975220e-01,2.161841839551925659e-01,1.801534742116928101e-01,1.441227942705154419e-01
3.200000000000000178e+00,5.641467124223709106e-02,4.400222375988960266e-02,1.220231354236602783e-01,2.197885066270828247e-01,1.831570863723754883e-01,1.465256810188293457e-01
3.240000000000000213e+00,5.799572914838790894e-02,4.527794942259788513e-02,1.239843443036079407e-01,2.234214693307876587e-01,1.861845552921295166e-01,1.489476561546325684e-01
3.280000000000000249e+00,5.960071831941604614e-02,4.657402262091636658e-02,1.259594559669494629e-01,2.270830124616622925e-01,1.892358511686325073e-01,1.513886898756027222e-01
3.320000000000000284e+00,6.122972071170806885e-02,4.789051786065101624e-02,1.279485970735549927e-01,2.307731211185455322e-01,1.923109441995620728e-01,1.538487523794174194e-01
3.359999999999999876e+00,6.288281828165054321e-02,4.922750592231750488e-02,1.299518793821334839e-01,2.344917505979537964e-01,1.954098045825958252e-01,1.563278436660766602e-01
3.399999999999999911e+00,6.456008553504943848e-02,5.058506131172180176e-02,1.319694072008132935e-01,2.382388710975646973e-01,1.985324174165725708e-01,1.588259339332580566e-01
3.439999999999999947e+00,6.626160442829132080e-02,5.196325480937957764e-02,1.340012848377227783e-01,2.420144677162170410e-01,2.016787528991699219e-01,1.613429933786392212e-01
3.479999999999999982e+00,6.798744946718215942e-02,5.336215347051620483e-02,1.360476166009902954e-01,2.458185106515884399e-01,2.048487812280654907e-01,1.638790220022201538e-01
3.520000000000000018e+00,6.973769515752792358e-02,5.478182807564735413e-02,1.381085067987442017e-01,2.496509701013565063e-01,2.080425024032592773e-01,1.664339900016784668e-01
3.560000000000000053e+00,7.151241600513458252e-02,5.622234195470809937e-02,1.401840448379516602e-01,2.535118460655212402e-01,2.112598866224288940e-01,1.690078973770141602e-01
3.600000000000000089e+00,7.331168651580810547e-02,5.768376216292381287e-02,1.422743350267410278e-01,2.574010789394378662e-01,2.145009189844131470e-01,1.716007292270660400e-01
3.640000000000000124e+00,7.513558119535446167e-02,5.916614830493927002e-02,1.443794816732406616e-01,2.613186836242675781e-01,2.177655845880508423e-01,1.742124557495117188e-01
3.680000000000000160e+00,7.698416709899902344e-02,6.066956743597984314e-02,1.464995592832565308e-01,2.652646005153656006e-01,2.210538536310195923e-01,1.768430769443511963e-01
3.720000000000000195e+00,7.885751128196716309e-02,6.219407916069030762e-02,1.486346721649169922e-01,2.692388296127319336e-01,2.243657261133193970e-01,1.794925779104232788e-01
3.760000000000000231e+00,8.075568825006484985e-02,6.373974680900573730e-02,1.507849097251892090e-01,2.732413709163665771e-01,2.277011722326278687e-01,1.821609288454055786e-01
3.800000000000000266e+00,8.267875760793685913e-02,6.530662626028060913e-02,1.529503464698791504e-01,2.772721946239471436e-01,2.310601770877838135e-01,1.848481297492980957e-01
3.839999999999999858e+00,8.462679386138916016e-02,6.689476966857910156e-02,1.551310718059539795e-01,2.813312411308288574e-01,2.344427257776260376e-01,1.875541657209396362e-01
3.879999999999999893e+00,8.659985661506652832e-02,6.850424408912658691e-02,1.573271602392196655e-01,2.854185402393341064e-01,2.378488034009933472e-01,1.902790218591690063e-01
3.919999999999999929e+00,8.859801292419433594e-02,7.013509422540664673e-02,1.595386862754821777e-01,2.895340323448181152e-01,2.412783801555633545e-01,1.930226832628250122e-01
3.959999999999999964e+00,9.062132239341735840e-02,7.178737968206405640e-02,1.617657393217086792e-01,2.936777174472808838e-01,2.447314560413360596e-01,1.957851350307464600e-01
4.000000000000000000e+00,9.266985207796096802e-02,7.346116006374359131e-02,1.640083789825439453e-01,2.978495657444000244e-01,2.482080012559890747e-01,1.985663771629333496e-01
4.040000000000000036e+00,9.474366158246994019e-02,7.515648007392883301e-02,1.662666797637939453e-01,3.020495474338531494e-01,2.517080008983612061e-01,2.013663798570632935e-01
4.080000000000000071e+00,9.684280306100845337e-02,7.687339186668395996e-02,1.685407310724258423e-01,3.062776625156402588e-01,2.552314400672912598e-01,2.041851282119750977e-01
4.120000000000000107e+00,9.896734356880187988e-02,7.861194014549255371e-02,1.708305776119232178e-01,3.105338811874389648e-01,2.587782740592956543e-01,2.070226073265075684e-01
4.160000000000000142e+00,1.011173352599143982e-01,8.037218451499938965e-02,1.731362938880920410e-01,3.148181736469268799e-01,2.623485028743743896e-01,2.098788022994995117e-01
4.200000000000000178e+00,1.032928377389907837e-01,8.215416222810745239e-02,1.754579395055770874e-01,3.191305100917816162e-01,2.659420967102050781e-01,2.127536833286285400e-01
4.240000000000000213e+00,1.054939106106758118e-01,8.395792543888092041e-02,1.777955889701843262e-01,3.234708607196807861e-01,2.695590555667877197e-01,2.156472504138946533e-01
4.280000000000000249e+00,1.077205985784530640e-01,8.578351885080337524e-02,1.801492869853973389e-01,3.278392255306243896e-01,2.731993496417999268e-01,2.185594886541366577e-01
4.320000000000000284e+00,1.099729612469673157e-01,8.763098716735839844e-02,1.825191080570220947e-01,3.322355449199676514e-01,2.768629491329193115e-01,2.214903682470321655e-01
4.360000000000000320e+00,1.122510507702827454e-01,8.950036764144897461e-02,1.849050968885421753e-01,3.366598188877105713e-01,2.805498540401458740e-01,2.244398891925811768e-01
4.400000000000000355e+00,1.145549193024635315e-01,9.139171242713928223e-02,1.873073130846023560e-01,3.411120176315307617e-01,2.842600345611572266e-01,2.274080216884613037e-01
4.440000000000000391e+00,1.168846115469932556e-01,9.330505877733230591e-02,1.897258013486862183e-01,3.455921113491058350e-01,2.879934608936309814e-01,2.303947508335113525e-01
4.480000000000000426e+00,1.192401796579360962e-01,9.524044394493103027e-02,1.921606212854385376e-01,3.501000702381134033e-01,2.917501032352447510e-01,2.334000617265701294e-01
4.520000000000000462e+00,1.216216757893562317e-01,9.719790518283843994e-02,1.946118175983428955e-01,3.546358942985534668e-01,2.955299615859985352e-01,2.364239394664764404e-01
4.560000000000000497e+00,1.240291371941566467e-01,9.917748719453811646e-02,1.970794349908828735e-01,3.591995239257812500e-01,2.993329763412475586e-01,2.394663691520690918e-01
4.600000000000000533e+00,1.264626234769821167e-01,1.011792272329330444e-01,1.995635330677032471e-01,3.637909591197967529e-01,3.031591773033142090e-01,2.425273209810256958e-01
4.639999999999999680e+00,1.289221644401550293e-01,1.032031625509262085e-01,2.020641416311264038e-01,3.684101700782775879e-01,3.070085048675537109e-01,2.456067800521850586e-01
4.679999999999999716e+00,1.314078122377395630e-01,1.052493229508399963e-01,2.045813053846359253e-01,3.730570971965789795e-01,3.108809590339660645e-01,2.487047314643859863e-01
4.719999999999999751e+00,1.339196115732192993e-01,1.073177456855773926e-01,2.071150690317153931e-01,3.777317404747009277e-01,3.147765100002288818e-01,2.518211603164672852e-01
4.759999999999999787e+00,1.364576071500778198e-01,1.094084605574607849e-01,2.096654772758483887e-01,3.824340701103210449e-01,3.186951279640197754e-01,2.549560368061065674e-01
4.799999999999999822e+00,1.390218287706375122e-01,1.115215048193931580e-01,2.122325748205184937e-01,3.871640563011169434e-01,3.226367831230163574e-01,2.581093609333038330e-01
4.839999999999999858e+00,1.416123211383819580e-01,1.136569082736968994e-01,2.148163914680480957e-01,3.919216692447662354e-01,3.266014754772186279e-01,2.612811028957366943e-01
4.879999999999999893e+00,1.442291289567947388e-01,1.158147007226943970e-01,2.174169570207595825e-01,3.967069089412689209e-01,3.305891752243041992e-01,2.644712626934051514e-01
4.919999999999999929e+00,1.468722820281982422e-01,1.179949194192886353e-01,2.200343161821365356e-01,4.015197157859802246e-01,3.345998525619506836e-01,2.676798105239868164e-01
4.959999999999999964e+00,1.495418250560760498e-01,1.201975867152214050e-01,2.226684987545013428e-01,4.063600897789001465e-01,3.386334776878356934e-01,2.709067165851593018e-01
5.000000000000000000e+00,1.522377878427505493e-01,1.224227324128150940e-01,2.253195345401763916e-01,4.112279713153839111e-01,3.426900506019592285e-01,2.741519808769226074e-01
5.040000000000000036e+00,1.549602150917053223e-01,1.246703788638114929e-01,2.279874533414840698e-01,4.161233603954315186e-01,3.467695415019989014e-01,2.774155735969543457e-01
5.080000000000000071e+00,1.577091366052627563e-01,1.269405633211135864e-01,2.306722849607467651e-01,4.210461974143981934e-01,3.508719205856323242e-01,2.806974649429321289e-01
5.120000000000000107e+00,1.604845821857452393e-01,1.292333006858825684e-01,2.333740592002868652e-01,4.259964823722839355e-01,3.549971580505371094e-01,2.839976549148559570e-01
5.160000000000000142e+00,1.632865816354751587e-01,1.315486133098602295e-01,2.360928058624267578e-01,4.309741854667663574e-01,3.591452538967132568e-01,2.873161435127258301e-01
5.200000000000000178e+00,1.661151796579360962e-01,1.338865309953689575e-01,2.388285547494888306e-01,4.359792768955230713e-01,3.633161783218383789e-01,2.906528711318969727e-01
5.240000000000000213e+00,1.689703911542892456e-01,1.362470835447311401e-01,2.415813356637954712e-01,4.410117268562316895e-01,3.675099015235900879e-01,2.940078377723693848e-01
5.280000000000000249e+00,1.718522608280181885e-01,1.386302858591079712e-01,2.443511635065078735e-01,4.460715353488922119e-01,3.717263936996459961e-01,2.973810434341430664e-01
5.320000000000000284e+00,1.747608184814453125e-01,1.410361528396606445e-01,2.471380531787872314e-01,4.511586427688598633e-01,3.759656250476837158e-01,3.007724583148956299e-01
5.360000000000000320e+00,1.776960790157318115e-01,1.434647142887115479e-01,2.499420344829559326e-01,4.562730193138122559e-01,3.802275955677032471e-01,3.041820526123046875e-01
5.400000000000000355e+00,1.806580722332000732e-01,1.459159851074218750e-01,2.527631521224975586e-01,4.614146649837493896e-01,3.845122754573822021e-01,3.076097965240478516e-01
5.440000000000000391e+00,1.836468279361724854e-01,1.483899801969528198e-01,2.556013762950897217e-01,4.665835201740264893e-01,3.888196647167205811e-01,3.110557198524475098e-01
5.480000000000000426e+00,1.866623759269714355e-01,1.508867293596267700e-01,2.584567666053771973e-01,4.717795848846435547e-01,3.931497037410736084e-01,3.145197629928588867e-01
5.520000000000000462e+00,1.897047311067581177e-01,1.534062474966049194e-01,2.613293230533599854e-01,4.770028293132781982e-01,3.975023925304412842e-01,3.180019259452819824e-01
5.560000000000000497e+00,1.927739232778549194e-01,1.559485495090484619e-01,2.642190754413604736e-01,4.822532236576080322e-01,4.018777012825012207e-01,3.215021789073944092e-01
5.600000000000000533e+00,1.958699822425842285e-01,1.585136502981185913e-01,2.671260535717010498e-01,4.875307381153106689e-01,4.062756001949310303e-01,3.250205218791961670e-01
5.639999999999999680e+00,1.989929229021072388e-01,1.611015647649765015e-01,2.700502574443817139e-01,4.928353428840637207e-01,4.106960892677307129e-01,3.285569250583648682e-01
5.679999999999999716e+00,2.021427750587463379e-01,1.637123078107833862e-01,2.729916870594024658e-01,4.981670081615447998e-01,4.151391386985778809e-01,3.321113586425781250e-01
5.719999999999999751e+00,2.053195387125015259e-01,1.663458943367004395e-01,2.759503722190856934e-01,5.035256743431091309e-01,4.196047186851501465e-01,3.356838226318359375e-01
5.759999999999999787e+00,2.085232585668563843e-01,1.690023392438888550e-01,2.789263427257537842e-01,5.089113712310791016e-01,4.240927994251251221e-01,3.392742872238159180e-01
5.799999999999999822e+00,2.117539346218109131e-01,1.716816425323486328e-01,2.819195687770843506e-01,5.143240690231323242e-01,4.286033809185028076e-01,3.428827524185180664e-01
5.839999999999999858e+00,2.150115966796875000e-01,1.743838340044021606e-01,2.849301099777221680e-01,5.197637081146240234e-01,4.331364333629608154e-01,3.465091884136199951e-01
5.879999999999999893e+00,2.182962596416473389e-01,1.771089136600494385e-01,2.879579365253448486e-01,5.252302885055541992e-01,4.376919269561767578e-01,3.501535654067993164e-01
5.919999999999999929e+00,2.216079384088516235e-01,1.798568964004516602e-01,2.910030782222747803e-01,5.307237505912780762e-01,4.422698318958282471e-01,3.538158833980560303e-01
5.959999999999999964e+00,2.249466478824615479e-01,1.826277971267700195e-01,2.940655648708343506e-01,5.362440943717956543e-01,4.468701183795928955e-01,3.574961125850677490e-01
6.000000000000000000e+00,2.283124178647994995e-01,1.854216158390045166e-01,2.971453666687011719e-01,5.417913198471069336e-01,4.514927864074707031e-01,3.611942529678344727e-01
6.040000000000000036e+00,2.317052483558654785e-01,1.882383674383163452e-01,3.002425134181976318e-01,5.473653674125671387e-01,4.561378061771392822e-01,3.649102747440338135e-01
6.080000000000000071e+00,2.351251542568206787e-01,1.910780668258666992e-01,3.033570051193237305e-01,5.529661774635314941e-01,4.608051478862762451e-01,3.686441481113433838e-01
6.120000000000000107e+00,2.385721504688262939e-01,1.939406991004943848e-01,3.064888715744018555e-01,5.585937500000000000e-01,4.654948115348815918e-01,3.723958730697631836e-01
6.160000000000000142e+00,2.420462518930435181e-01,1.968262940645217896e-01,3.096381127834320068e-01,5.642480850219726562e-01,4.702067673206329346e-01,3.761654198169708252e-01
6.200000000000000178e+00,2.455474734306335449e-01,1.997348517179489136e-01,3.128046989440917969e-01,5.699291229248046875e-01,4.749409854412078857e-01,3.799527883529663086e-01
6.240000000000000213e+00,2.490758299827575684e-01,2.026663720607757568e-01,3.159886598587036133e-01,5.756368637084960938e-01,4.796974360942840576e-01,3.837579488754272461e-01
6.280000000000000249e+00,2.526313066482543945e-01,2.056208550930023193e-01,3.191900253295898438e-01,5.813712477684020996e-01,4.844761192798614502e-01,3.875808715820312500e-01
6.320000000000000284e+00,2.562139332294464111e-01,2.085983157157897949e-01,3.224087655544281006e-01,5.871322751045227051e-01,4.892769753932952881e-01,3.914215564727783203e-01
6.360000000000000320e+00,2.598237395286560059e-01,2.115987539291381836e-01,3.256449103355407715e-01,5.929199457168579102e-01,4.941000044345855713e-01,3.952799737453460693e-01
6.400000000000000355e+00,2.634606957435607910e-01,2.146221846342086792e-01,3.288984298706054688e-01,5.987342000007629395e-01,4.989452064037322998e-01,3.991561233997344971e-01
6.440000000000000391e+00,2.671248316764831543e-01,2.176685929298400879e-01,3.321693539619445801e-01,6.045749783515930176e-01,5.038125514984130859e-01,4.030499756336212158e-01
6.480000000000000426e+00,2.708161473274230957e-01,2.207379937171936035e-01,3.354576826095581055e-01,6.104422807693481445e-01,5.087019801139831543e-01,4.069615006446838379e-01
6.520000000000000462e+00,2.745346724987030029e-01,2.238303869962692261e-01,3.387634158134460449e-01,6.163361072540283203e-01,5.136134624481201172e-01,4.108906984329223633e-01
6.560000000000000497e+00,2.782803773880004883e-01,2.269457727670669556e-01,3.420865535736083984e-01,6.222563982009887695e-01,5.185470581054687500e-01,4.148375689983367920e-01
6.600000000000000533e+00,2.820532917976379395e-01,2.300841510295867920e-01,3.454270958900451660e-01,6.282031536102294922e-01,5.235026478767395020e-01,4.188020527362823486e-01
6.640000000000000568e+00,2.858534157276153564e-01,2.332455217838287354e-01,3.487850427627563477e-01,6.341763138771057129e-01,5.284802913665771484e-01,4.227841496467590332e-01
6.679999999999999716e+00,2.896807491779327393e-01,2.364298999309539795e-01,3.521603941917419434e-01,6.401758790016174316e-01,5.334799289703369141e-01,4.267838597297668457e-01
6.719999999999999751e+00,2.935352921485900879e-01,2.396372705698013306e-01,3.555531501770019531e-01,6.462017893791198730e-01,5.385015010833740234e-01,4.308011233806610107e-01
6.759999999999999787e+00,2.974170446395874023e-01,2.428676337003707886e-01,3.589633107185363770e-01,6.522540450096130371e-01,5.435450077056884766e-01,4.348359704017639160e-01
6.799999999999999822e+00,3.013260364532470703e-01,2.461209893226623535e-01,3.623908758163452148e-01,6.583325862884521484e-01,5.486104488372802734e-01,4.388883411884307861e-01
6.839999999999999858e+00,3.052622377872467041e-01,2.493973225355148315e-01,3.658358454704284668e-01,6.644374132156372070e-01,5.536978244781494141e-01,4.429582357406616211e-01
6.879999999999999893e+00,3.092256784439086914e-01,2.526966631412506104e-01,3.692982196807861328e-01,6.705685257911682129e-01,5.588070750236511230e-01,4.470456540584564209e-01
6.919999999999999929e+00,3.132163286209106445e-01,2.560189664363861084e-01,3.727779984474182129e-01,6.767258644104003906e-01,5.639382004737854004e-01,4.511505365371704102e-01
6.959999999999999964e+00,3.172342181205749512e-01,2.593642473220825195e-01,3.762751519680023193e-01,6.829094290733337402e-01,5.690911412239074707e-01,4.552729129791259766e-01
7.000000000000000000e+00,3.212793469429016113e-01,2.627325057983398438e-01,3.797897100448608398e-01,6.891191601753234863e-01,5.742658972740173340e-01,4.594127237796783447e-01
7.040000000000000036e+00,3.253516852855682373e-01,2.661237418651580811e-01,3.833216428756713867e-01,6.953549981117248535e-01,5.794624686241149902e-01,4.635699689388275146e-01
7.080000000000000071e+00,3.294512629508972168e-01,2.695379555225372314e-01,3.868709802627563477e-01,7.016170024871826172e-01,5.846807956695556641e-01,4.677446186542510986e-01
7.120000000000000107e+00,3.335780501365661621e-01,2.729751467704772949e-01,3.904376924037933350e-01,7.079051136970520020e-01,5.899208784103393555e-01,4.719366729259490967e-01
7.160000000000000142e+00,3.377320766448974609e-01,2.764352858066558838e-01,3.940217792987823486e-01,7.142192721366882324e-01,5.951826572418212891e-01,4.761461019515991211e-01
7.200000000000000178e+00,3.419133126735687256e-01,2.799183726310729980e-01,3.976232409477233887e-01,7.205594778060913086e-01,6.004661321640014648e-01,4.803729057312011719e-01
7.240000000000000213e+00,3.461217582225799561e-01,2.834244072437286377e-01,4.012420773506164551e-01,7.269256711006164551e-01,6.057713031768798828e-01,4.846170544624328613e-01
7.280000000000000249e+00,3.503574430942535400e-01,2.869533896446228027e-01,4.048782587051391602e-01,7.333178520202636719e-01,6.110981702804565430e-01,4.888785183429718018e-01
7.320000000000000284e+00,3.546203374862670898e-01,2.905053198337554932e-01,4.085318148136138916e-01,7.397360205650329590e-01,6.164466738700866699e-01,4.931572973728179932e-01
7.360000000000000320e+00,3.589104413986206055e-01,2.940801680088043213e-01,4.122027158737182617e-01,7.461801171302795410e-01,6.218167543411254883e-01,4.974533617496490479e-01
7.400000000000000355e+00,3.632277250289916992e-01,2.976779341697692871e-01,4.158909618854522705e-01,7.526501417160034180e-01,6.272084116935729980e-01,5.017666816711425781e-01
7.440000000000000391e+00,3.675722181797027588e-01,3.012986183166503906e-01,4.195965528488159180e-01,7.591460347175598145e-01,6.326216459274291992e-01,5.060972571372985840e-01
7.480000000000000426e+00,3.719438910484313965e-01,3.049422204494476318e-01,4.233194589614868164e-01,7.656677961349487305e-01,6.380564570426940918e-01,5.104451179504394531e-01
7.520000000000000462e+00,3.763427734375000000e-01,3.086087107658386230e-01,4.270596802234649658e-01,7.722153663635253906e-01,6.435127854347229004e-01,5.148102045059204102e-01
7.560000000000000497e+00,3.807688355445861816e-01,3.122980892658233643e-01,4.308172166347503662e-01,7.787887454032897949e-01,6.489906311035156250e-01,5.191924571990966797e-01
7.600000000000000533e+00,3.852220475673675537e-01,3.160103559494018555e-01,4.345920681953430176e-01,7.853879332542419434e-01,6.544899344444274902e-01,5.235918760299682617e-01
7.640000000000000568e+00,3.897024393081665039e-01,3.197454810142517090e-01,4.383842349052429199e-01,7.920128703117370605e-01,6.600106954574584961e-01,5.280084609985351562e-01
7.679999999999999716e+00,3.942099809646606445e-01,3.235034942626953125e-01,4.421936869621276855e-01,7.986634969711303711e-01,6.655529141426086426e-01,5.324422121047973633e-01
7.719999999999999751e+00,3.987446725368499756e-01,3.272843360900878906e-01,4.460204243659973145e-01,8.053398132324218750e-01,6.711165308952331543e-01,5.368931293487548828e-01
7.759999999999999787e+00,4.033065140247344971e-01,3.310880362987518311e-01,4.498644471168518066e-01,8.120418190956115723e-01,6.767015457153320312e-01,5.413611531257629395e-01
7.799999999999999822e+00,4.078955054283142090e-01,3.349145650863647461e-01,4.537257254123687744e-01,8.187694549560546875e-01,6.823078989982604980e-01,5.458462238311767578e-01
7.839999999999999858e+00,4.125116169452667236e-01,3.387639224529266357e-01,4.576042592525482178e-01,8.255227208137512207e-01,6.879355907440185547e-01,5.503484010696411133e-01
7.879999999999999893e+00,4.171548485755920410e-01,3.426360785961151123e-01,4.615000486373901367e-01,8.323015570640563965e-01,6.935846209526062012e-01,5.548676252365112305e-01
7.919999999999999929e+00,4.218251705169677734e-01,3.465310335159301758e-01,4.654130935668945312e-01,8.391059637069702148e-01,6.992549300193786621e-01,5.594038963317871094e-01
7.959999999999999964e+00,4.265225827693939209e-01,3.504487574100494385e-01,4.693433642387390137e-01,8.459358811378479004e-01,7.049465179443359375e-01,5.639572143554687500e-01
8.000000000000000000e+00,4.312470853328704834e-01,3.543892800807952881e-01,4.732908606529235840e-01,8.527913093566894531e-01,7.106593847274780273e-01,5.685275197029113770e-01
8.040000000000000924e+00,4.359986782073974609e-01,3.583525419235229492e-01,4.772555530071258545e-01,8.596721887588500977e-01,7.163934707641601562e-01,5.731148123741149902e-01
8.080000000000000071e+00,4.407773315906524658e-01,3.623385727405548096e-01,4.812374711036682129e-01,8.665785789489746094e-01,7.221487760543823242e-01,5.777190327644348145e-01
8.120000000000000995e+00,4.455830156803131104e-01,3.663473427295684814e-01,4.852365851402282715e-01,8.735103607177734375e-01,7.279252409934997559e-01,5.823402404785156250e-01
8.160000000000000142e+00,4.504157602787017822e-01,3.703788220882415771e-01,4.892528653144836426e-01,8.804675340652465820e-01,7.337229251861572266e-01,5.869783759117126465e-01
8.199999999999999289e+00,4.552755355834960938e-01,3.744330108165740967e-01,4.932863116264343262e-01,8.874500989913940430e-01,7.395417094230651855e-01,5.916334390640258789e-01
8.240000000000000213e+00,4.601623117923736572e-01,3.785099089145660400e-01,4.973369240760803223e-01,8.944579958915710449e-01,7.453816533088684082e-01,5.963053703308105469e-01
8.279999999999999361e+00,4.650760889053344727e-01,3.826094865798950195e-01,5.014047026634216309e-01,9.014912247657775879e-01,7.512426972389221191e-01,6.009941697120666504e-01
8.320000000000000284e+00,4.700168669223785400e-01,3.867317438125610352e-01,5.054895877838134766e-01,9.085497260093688965e-01,7.571247816085815430e-01,6.056998372077941895e-01
8.359999999999999432e+00,4.749846160411834717e-01,3.908766508102416992e-01,5.095916390419006348e-01,9.156334996223449707e-01,7.630279064178466797e-01,6.104223728179931641e-01
8.400000000000000355e+00,4.799793362617492676e-01,3.950442075729370117e-01,5.137107968330383301e-01,9.227425456047058105e-01,7.689520716667175293e-01,6.151617169380187988e-01
8.439999999999999503e+00,4.850009977817535400e-01,3.992343842983245850e-01,5.178470611572265625e-01,9.298767447471618652e-01,7.748972773551940918e-01,6.199178695678710938e-01
8.480000000000000426e+00,4.900496006011962891e-01,4.034471809864044189e-01,5.220003724098205566e-01,9.370361566543579102e-01,7.808634638786315918e-01,6.246908307075500488e-01
8.519999999999999574e+00,4.951251149177551270e-01,4.076825678348541260e-01,5.261707901954650879e-01,9.442207217216491699e-01,7.868506312370300293e-01,6.294805407524108887e-01
8.560000000000000497e+00,5.002275109291076660e-01,4.119405448436737061e-01,5.303582549095153809e-01,9.514304399490356445e-01,7.928587198257446289e-01,6.342869997024536133e-01
8.599999999999999645e+00,5.053568482398986816e-01,4.162210822105407715e-01,5.345628261566162109e-01,9.586652517318725586e-01,7.988877296447753906e-01,6.391102075576782227e-01
8.640000000000000568e+00,5.105130672454833984e-01,4.205241799354553223e-01,5.387843847274780273e-01,9.659251570701599121e-01,8.049376010894775391e-01,6.439501047134399414e-01
8.679999999999999716e+00,5.156961083412170410e-01,4.248498082160949707e-01,5.430229902267456055e-01,9.732100963592529297e-01,8.110083937644958496e-01,6.488066911697387695e-01
8.720000000000000639e+00,5.209059715270996094e-01,4.291979372501373291e-01,5.472786426544189453e-01,9.805200695991516113e-01,8.170999884605407715e-01,6.536799669265747070e-01
8.759999999999999787e+00,5.261427164077758789e-01,4.335685968399047852e-01,5.515512824058532715e-01,9.878550171852111816e-01,8.232124447822570801e-01,6.585699319839477539e-01
8.800000000000000711e+00,5.314062237739562988e-01,4.379617273807525635e-01,5.558409094810485840e-01,9.952149391174316406e-01,8.293457031250000000e-01,6.634765267372131348e-01
8.839999999999999858e+00,5.366965532302856445e-01,4.423773288726806641e-01,5.601475238800048828e-01,1.002599835395812988e+00,8.354997634887695312e-01,6.683997511863708496e-01
8.880000000000000782e+00,5.420136451721191406e-01,4.468154013156890869e-01,5.644711256027221680e-01,1.010009646415710449e+00,8.416745662689208984e-01,6.733396053314208984e-01
8.919999999999999929e+00,5.473574995994567871e-01,4.512758851051330566e-01,5.688116550445556641e-01,1.017444252967834473e+00,8.478701114654541016e-01,6.782960295677185059e-01
8.960000000000000853e+00,5.527281165122985840e-01,4.557588100433349609e-01,5.731691122055053711e-01,1.024903774261474609e+00,8.540863990783691406e-01,6.832690238952636719e-01
9.000000000000000000e+00,5.581254363059997559e-01,4.602641463279724121e-01,5.775434970855712891e-01,1.032388091087341309e+00,8.603233695030212402e-01,6.882585883140563965e-01
9.040000000000000924e+00,5.635494589805603027e-01,4.647918641567230225e-01,5.819348096847534180e-01,1.039897203445434570e+00,8.665810227394104004e-01,6.932647228240966797e-01
9.080000000000000071e+00,5.690001845359802246e-01,4.693419337272644043e-01,5.863430500030517578e-01,1.047431111335754395e+00,8.728592991828918457e-01,6.982873678207397461e-01
9.120000000000000995e+00,5.744776129722595215e-01,4.739143550395965576e-01,5.907681584358215332e-01,1.054989814758300781e+00,8.791581988334655762e-01,7.033265233039855957e-01
9.160000000000000142e+00,5.799816846847534180e-01,4.785091280937194824e-01,5.952101349830627441e-01,1.062573194503784180e+00,8.854777216911315918e-01,7.083821296691894531e-01
9.200000000000001066e+00,5.855123996734619141e-01,4.831262230873107910e-01,5.996689796447753906e-01,1.070181369781494141e+00,8.918178081512451172e-01,7.134541869163513184e-01
9.240000000000000213e+00,5.910696983337402344e-01,4.877656102180480957e-01,6.041446924209594727e-01,1.077814221382141113e+00,8.981784582138061523e-01,7.185426950454711914e-01
9.279999999999999361e+00,5.966536402702331543e-01,4.924272894859313965e-01,6.086372137069702148e-01,1.085471630096435547e+00,9.045596718788146973e-01,7.236476540565490723e-01
9.320000000000000284e+00,6.022641062736511230e-01,4.971112310886383057e-01,6.131465435028076172e-01,1.093153715133666992e+00,9.109613895416259766e-01,7.287690043449401855e-01
9.359999999999999432e+00,6.079011559486389160e-01,5.018174052238464355e-01,6.176726818084716797e-01,1.100860357284545898e+00,9.173836112022399902e-01,7.339068055152893066e-01
9.400000000000000355e+00,6.135647296905517578e-01,5.065457820892333984e-01,6.222156286239624023e-01,1.108591556549072266e+00,9.238262772560119629e-01,7.390609383583068848e-01
9.439999999999999503e+00,6.192548274993896484e-01,5.112963914871215820e-01,6.267753243446350098e-01,1.116347312927246094e+00,9.302893877029418945e-01,7.442314624786376953e-01
9.480000000000000426e+00,6.249714493751525879e-01,5.160691738128662109e-01,6.313517689704895020e-01,1.124127626419067383e+00,9.367729425430297852e-01,7.494183182716369629e-01
9.519999999999999574e+00,6.307145357131958008e-01,5.208641290664672852e-01,6.359449625015258789e-01,1.131932377815246582e+00,9.432768821716308594e-01,7.546215057373046875e-01
9.560000000000000497e+00,6.364840865135192871e-01,5.256812572479248047e-01,6.405549049377441406e-01,1.139761567115783691e+00,9.498012065887451172e-01,7.598409652709960938e-01
9.599999999999999645e+00,6.422801017761230469e-01,5.305204987525939941e-01,6.451815962791442871e-01,1.147615194320678711e+00,9.563459157943725586e-01,7.650767564773559570e-01
9.640000000000000568e+00,6.481025218963623047e-01,5.353818535804748535e-01,6.498249769210815430e-01,1.155493259429931641e+00,9.629109501838684082e-01,7.703288197517395020e-01
9.679999999999999716e+00,6.539513468742370605e-01,5.402653217315673828e-01,6.544850468635559082e-01,1.163395643234252930e+00,9.694963097572326660e-01,7.755970954895019531e-01
9.720000000000000639e+00,6.598265171051025391e-01,5.451708436012268066e-01,6.591617465019226074e-01,1.171322464942932129e+00,9.761019349098205566e-01,7.808816432952880859e-01
9.759999999999999787e+00,6.657280921936035156e-01,5.500984191894531250e-01,6.638551354408264160e-01,1.179273605346679688e+00,9.827278852462768555e-01,7.861824035644531250e-01
9.800000000000000711e+00,6.716559529304504395e-01,5.550480484962463379e-01,6.685651540756225586e-01,1.187248945236206055e+00,9.893740415573120117e-01,7.914993166923522949e-01
9.839999999999999858e+00,6.776101589202880859e-01,5.600196719169616699e-01,6.732918024063110352e-01,1.195248603820800781e+00,9.960404634475708008e-01,7.968324422836303711e-01
9.880000000000000782e+00,6.835906505584716797e-01,5.650132894515991211e-01,6.780350804328918457e-01,1.203272461891174316e+00,1.002727031707763672e+00,8.021817207336425781e-01
9.919999999999999929e+00,6.895974278450012207e-01,5.700289011001586914e-01,6.827949285507202148e-01,1.211320638656616211e+00,1.009433865547180176e+00,8.075471520423889160e-01
9.960000000000000853e+00,6.956304311752319336e-01,5.750664472579956055e-01,6.875713467597961426e-01,1.219393014907836914e+00,1.016160845756530762e+00,8.129286766052246094e-01
1.000000000000000000e+01,7.016896605491638184e-01,5.801259279251098633e-01,6.923643350601196289e-01,1.227489471435546875e+00,1.022907972335815430e+00,8.183263540267944336e-01
1.004000000000000092e+01,7.077751159667968750e-01,5.852073431015014648e-01,6.971738934516906738e-01,1.235610127449035645e+00,1.029675126075744629e+00,8.237401247024536133e-01
1.008000000000000007e+01,7.138867378234863281e-01,5.903106331825256348e-01,7.019999623298645020e-01,1.243754863739013672e+00,1.036462426185607910e+00,8.291699290275573730e-01
1.012000000000000099e+01,7.200245261192321777e-01,5.954357981681823730e-01,7.068426012992858887e-01,1.251923680305480957e+00,1.043269753456115723e+00,8.346157670021057129e-01
1.016000000000000014e+01,7.261884808540344238e-01,6.005828380584716797e-01,7.117017507553100586e-01,1.260116577148437500e+00,1.050097107887268066e+00,8.400776982307434082e-01
1.020000000000000107e+01,7.323785424232482910e-01,6.057516932487487793e-01,7.165773510932922363e-01,1.268333435058593750e+00,1.056944489479064941e+00,8.455556035041809082e-01
1.024000000000000021e+01,7.385947108268737793e-01,6.109423637390136719e-01,7.214694619178771973e-01,1.276574373245239258e+00,1.063811898231506348e+00,8.510495424270629883e-01
1.027999999999999936e+01,7.448369264602661133e-01,6.161548495292663574e-01,7.263780236244201660e-01,1.284839272499084473e+00,1.070699334144592285e+00,8.565594553947448730e-01
1.032000000000000028e+01,7.511051893234252930e-01,6.213890910148620605e-01,7.313030362129211426e-01,1.293128132820129395e+00,1.077606678009033203e+00,8.620853424072265625e-01
1.035999999999999943e+01,7.573994994163513184e-01,6.266450881958007812e-01,7.362444400787353516e-01,1.301440834999084473e+00,1.084533929824829102e+00,8.676271438598632812e-01
1.040000000000000036e+01,7.637197971343994141e-01,6.319228410720825195e-01,7.412022948265075684e-01,1.309777498245239258e+00,1.091481089591979980e+00,8.731849193572998047e-01
1.043999999999999950e+01,7.700660824775695801e-01,6.372222900390625000e-01,7.461765408515930176e-01,1.318138003349304199e+00,1.098448157310485840e+00,8.787585496902465820e-01
1.048000000000000043e+01,7.764382958412170410e-01,6.425434350967407227e-01,7.511671185493469238e-01,1.326522350311279297e+00,1.105435132980346680e+00,8.843480944633483887e-01
1.051999999999999957e+01,7.828364372253417969e-01,6.478862166404724121e-01,7.561740875244140625e-01,1.334930419921875000e+00,1.112441897392272949e+00,8.899534940719604492e-01
1.056000000000000050e+01,7.892605066299438477e-01,6.532506942749023438e-01,7.611973881721496582e-01,1.343362331390380859e+00,1.119468450546264648e+00,8.955748081207275391e-01
1.059999999999999964e+01,7.957104444503784180e-01,6.586367487907409668e-01,7.662370204925537109e-01,1.351817965507507324e+00,1.126514911651611328e+00,9.012119174003601074e-01
1.064000000000000057e+01,8.021862506866455078e-01,6.640444397926330566e-01,7.712929844856262207e-01,1.360297322273254395e+00,1.133581042289733887e+00,9.068648815155029297e-01
1.067999999999999972e+01,8.086879253387451172e-01,6.694737076759338379e-01,7.763652205467224121e-01,1.368800401687622070e+00,1.140666961669921875e+00,9.125336408615112305e-01
1.072000000000000064e+01,8.152154088020324707e-01,6.749245524406433105e-01,7.814537882804870605e-01,1.377327203750610352e+00,1.147772669792175293e+00,9.182181954383850098e-01
1.075999999999999979e+01,8.217686414718627930e-01,6.803969144821166992e-01,7.865586280822753906e-01,1.385877609252929688e+00,1.154898047447204590e+00,9.239184856414794922e-01
1.080000000000000071e+01,8.283476829528808594e-01,6.858907938003540039e-01,7.916796803474426270e-01,1.394451737403869629e+00,1.162043094635009766e+00,9.296345710754394531e-01
1.083999999999999986e+01,8.349524140357971191e-01,6.914061903953552246e-01,7.968170046806335449e-01,1.403049468994140625e+00,1.169207811355590820e+00,9.353663325309753418e-01
1.088000000000000078e+01,8.415828943252563477e-01,6.969430446624755859e-01,8.019705414772033691e-01,1.411670684814453125e+00,1.176392197608947754e+00,9.411138296127319336e-01
1.091999999999999993e+01,8.482390642166137695e-01,7.025013566017150879e-01,8.071402311325073242e-01,1.420315504074096680e+00,1.183596253395080566e+00,9.468770027160644531e-01
1.096000000000000085e+01,8.549209237098693848e-01,7.080811262130737305e-01,8.123261332511901855e-01,1.428983807563781738e+00,1.190819859504699707e+00,9.526558518409729004e-01
1.100000000000000000e+01,8.616284132003784180e-01,7.136822938919067383e-01,8.175281882286071777e-01,1.437675595283508301e+00,1.198063015937805176e+00,9.584503769874572754e-01
1.104000000000000092e+01,8.683615326881408691e-01,7.193048596382141113e-01,8.227463960647583008e-01,1.446390867233276367e+00,1.205325722694396973e+00,9.642605781555175781e-01
1.108000000000000007e+01,8.751202225685119629e-01,7.249487638473510742e-01,8.279807567596435547e-01,1.455129623413085938e+00,1.212607979774475098e+00,9.700863957405090332e-01
1.112000000000000099e+01,8.819044828414916992e-01,7.306140065193176270e-01,8.332312107086181641e-01,1.463891744613647461e+00,1.219909787178039551e+00,9.759278297424316406e-01
1.116000000000000014e+01,8.887143135070800781e-01,7.363005876541137695e-01,8.384978175163269043e-01,1.472677230834960938e+00,1.227231025695800781e+00,9.817848205566406250e-01
1.120000000000000107e+01,8.955496549606323242e-01,7.420085072517395020e-01,8.437804579734802246e-01,1.481486082077026367e+00,1.234571695327758789e+00,9.876573681831359863e-01
1.124000000000000021e+01,9.024105072021484375e-01,7.477377057075500488e-01,8.490791916847229004e-01,1.490318298339843750e+00,1.241931915283203125e+00,9.935454726219177246e-01
1.127999999999999936e+01,9.092968106269836426e-01,7.534881234169006348e-01,8.543939590454101562e-01,1.499173760414123535e+00,1.249311447143554688e+00,9.994491338729858398e-01
1.132000000000000028e+01,9.162085652351379395e-01,7.592598199844360352e-01,8.597248196601867676e-01,1.508052587509155273e+00,1.256710410118103027e+00,1.005368351936340332e+00
1.135999999999999943e+01,9.231457114219665527e-01,7.650527358055114746e-01,8.650716543197631836e-01,1.516954660415649414e+00,1.264128804206848145e+00,1.011303067207336426e+00
1.140000000000000036e+01,9.301082491874694824e-01,7.708668112754821777e-01,8.704345226287841797e-01,1.525879859924316406e+00,1.271566510200500488e+00,1.017253279685974121e+00
1.143999999999999950e+01,9.370961785316467285e-01,7.767020463943481445e-01,8.758133649826049805e-01,1.534828305244445801e+00,1.279023528099060059e+00,1.023218870162963867e+00
1.148000000000000043e+01,9.441094398498535156e-01,7.825584411621093750e-01,8.812081813812255859e-01,1.543799877166748047e+00,1.286499857902526855e+00,1.029199957847595215e+00
1.151999999999999957e+01,9.511480331420898438e-01,7.884359955787658691e-01,8.866189718246459961e-01,1.552794575691223145e+00,1.293995499610900879e+00,1.035196423530578613e+00
1.156000000000000050e+01,9.582118988037109375e-01,7.943346500396728516e-01,8.920456767082214355e-01,1.561812400817871094e+00,1.301510334014892578e+00,1.041208386421203613e+00
1.159999999999999964e+01,9.653010368347167969e-01,8.002543449401855469e-01,8.974882960319519043e-01,1.570853352546691895e+00,1.309044480323791504e+00,1.047235727310180664e+00
1.164000000000000057e+01,9.724154472351074219e-01,8.061951398849487305e-01,9.029468297958374023e-01,1.579917311668395996e+00,1.316597819328308105e+00,1.053278446197509766e+00
1.167999999999999972e+01,9.795550704002380371e-01,8.121569752693176270e-01,9.084212779998779297e-01,1.589004397392272949e+00,1.324170351028442383e+00,1.059336423873901367e+00
1.172000000000000064e+01,9.867199063301086426e-01,8.181397914886474609e-01,9.139115810394287109e-01,1.598114490509033203e+00,1.331762075424194336e+00,1.065409779548645020e+00
1.175999999999999979e+01,9.939098954200744629e-01,8.241435885429382324e-01,9.194177389144897461e-01,1.607247471809387207e+00,1.339372992515563965e+00,1.071498513221740723e+00
1.180000000000000071e+01,1.001124978065490723e+00,8.301683664321899414e-01,9.249397516250610352e-01,1.616403460502624512e+00,1.347002983093261719e+00,1.077602505683898926e+00
1.183999999999999986e+01,1.008365154266357422e+00,8.362141251564025879e-01,9.304775595664978027e-01,1.625582337379455566e+00,1.354652047157287598e+00,1.083721756935119629e+00
1.188000000000000078e+01,1.015630483627319336e+00,8.422808051109313965e-01,9.360311627388000488e-01,1.634784102439880371e+00,1.362320184707641602e+00,1.089856266975402832e+00
1.191999999999999993e+01,1.022920846939086914e+00,8.483684062957763672e-01,9.416005611419677734e-01,1.644008755683898926e+00,1.370007395744323730e+00,1.096006035804748535e+00
1.196000000000000085e+01,1.030236244201660156e+00,8.544768691062927246e-01,9.471856951713562012e-01,1.653256297111511230e+00,1.377713680267333984e+00,1.102171063423156738e+00
1.200000000000000000e+01,1.037576675415039062e+00,8.606061935424804688e-01,9.527866244316101074e-01,1.662526607513427734e+00,1.385438919067382812e+00,1.108351230621337891e+00
1.204000000000000092e+01,1.044942140579223633e+00,8.667563199996948242e-01,9.584032893180847168e-01,1.671819806098937988e+00,1.393183231353759766e+00,1.114546656608581543e+00
1.208000000000000007e+01,1.052332520484924316e+00,8.729273080825805664e-01,9.640356302261352539e-01,1.681135773658752441e+00,1.400946497917175293e+00,1.120757222175598145e+00
1.212000000000000099e+01,1.059747815132141113e+00,8.791190385818481445e-01,9.696837067604064941e-01,1.690474390983581543e+00,1.408728718757629395e+00,1.126982927322387695e+00
1.216000000000000014e+01,1.067188024520874023e+00,8.853315711021423340e-01,9.753474593162536621e-01,1.699835777282714844e+00,1.416529893875122070e+00,1.133223772048950195e+00
1.220000000000000107e+01,1.074653148651123047e+00,8.915648460388183594e-01,9.810268878936767578e-01,1.709219813346862793e+00,1.424349904060363770e+00,1.139479756355285645e+00
1.224000000000000021e+01,1.082143068313598633e+00,8.978188633918762207e-01,9.867219328880310059e-01,1.718626499176025391e+00,1.432188868522644043e+00,1.145750880241394043e+00
1.228000000000000114e+01,1.089657902717590332e+00,9.040935635566711426e-01,9.924326539039611816e-01,1.728055834770202637e+00,1.440046668052673340e+00,1.152037143707275391e+00
1.232000000000000028e+01,1.097197532653808594e+00,9.103889465332031250e-01,9.981589913368225098e-01,1.737507820129394531e+00,1.447923302650451660e+00,1.158338427543640137e+00
1.235999999999999943e+01,1.104761838912963867e+00,9.167049527168273926e-01,1.003900885581970215e+00,1.746982336044311523e+00,1.455818772315979004e+00,1.164654731750488281e+00
1.240000000000000036e+01,1.112350940704345703e+00,9.230416417121887207e-01,1.009658336639404297e+00,1.756479382514953613e+00,1.463732957839965820e+00,1.170986056327819824e+00
1.243999999999999950e+01,1.119964718818664551e+00,9.293988943099975586e-01,1.015431404113769531e+00,1.765998959541320801e+00,1.471665978431701660e+00,1.177332401275634766e+00
1.248000000000000043e+01,1.127603292465209961e+00,9.357767701148986816e-01,1.021219968795776367e+00,1.775541067123413086e+00,1.479617714881896973e+00,1.183693766593933105e+00
1.251999999999999957e+01,1.135266542434692383e+00,9.421752095222473145e-01,1.027024149894714355e+00,1.785105586051940918e+00,1.487588167190551758e+00,1.190070152282714844e+00
1.256000000000000050e+01,1.142954349517822266e+00,9.485942125320434570e-01,1.032843828201293945e+00,1.794692516326904297e+00,1.495577335357666016e+00,1.196461439132690430e+00
1.259999999999999964e+01,1.150666832923889160e+00,9.550337195396423340e-01,1.038679003715515137e+00,1.804301977157592773e+00,1.503585100173950195e+00,1.202867746353149414e+00
1.264000000000000057e+01,1.158403873443603516e+00,9.614937305450439453e-01,1.044529676437377930e+00,1.813933730125427246e+00,1.511611580848693848e+00,1.209288954734802246e+00
1.267999999999999972e+01,1.166165471076965332e+00,9.679741859436035156e-01,1.050395727157592773e+00,1.823587894439697266e+00,1.519656658172607422e+00,1.215725064277648926e+00
1.272000000000000064e+01,1.173951625823974609e+00,9.744750857353210449e-01,1.056277275085449219e+00,1.833264350891113281e+00,1.527720332145690918e+00,1.222176074981689453e+00
1.275999999999999979e+01,1.181762337684631348e+00,9.809964299201965332e-01,1.062174201011657715e+00,1.842963099479675293e+00,1.535802602767944336e+00,1.228641986846923828e+00
1.280000000000000071e+01,1.189597487449645996e+00,9.875382184982299805e-01,1.068086624145507812e+00,1.852684140205383301e+00,1.543903470039367676e+00,1.235122680664062500e+00
1.283999999999999986e+01,1.197457075119018555e+00,9.941003322601318359e-01,1.074014425277709961e+00,1.862427473068237305e+00,1.552022933959960938e+00,1.241618275642395020e+00
1.288000000000000078e+01,1.205341100692749023e+00,1.000682830810546875e+00,1.079957604408264160e+00,1.872192978858947754e+00,1.560160875320434570e+00,1.248128652572631836e+00
1.291999999999999993e+01,1.213249564170837402e+00,1.007285714149475098e+00,1.085916161537170410e+00,1.881980776786804199e+00,1.568317294120788574e+00,1.254653811454772949e+00
1.296000000000000085e+01,1.221182346343994141e+00,1.013908863067626953e+00,1.091889977455139160e+00,1.891790747642517090e+00,1.576492190361022949e+00,1.261193752288818359e+00
1.300000000000000000e+01,1.229139566421508789e+00,1.020552277565002441e+00,1.097879171371459961e+00,1.901622891426086426e+00,1.584685564041137695e+00,1.267748475074768066e+00
1.304000000000000092e+01,1.237121105194091797e+00,1.027215957641601562e+00,1.103883624076843262e+00,1.911477088928222656e+00,1.592897415161132812e+00,1.274317979812622070e+00
1.308000000000000007e+01,1.245126962661743164e+00,1.033899903297424316e+00,1.109903454780578613e+00,1.921353340148925781e+00,1.601127624511718750e+00,1.280902147293090820e+00
1.312000000000000099e+01,1.253157019615173340e+00,1.040604114532470703e+00,1.115938544273376465e+00,1.931251764297485352e+00,1.609376311302185059e+00,1.287501096725463867e+00
1.316000000000000014e+01,1.261211395263671875e+00,1.047328472137451172e+00,1.121988892555236816e+00,1.941172122955322266e+00,1.617643356323242188e+00,1.294114708900451660e+00
1.320000000000000107e+01,1.269289970397949219e+00,1.054073095321655273e+00,1.128054380416870117e+00,1.951114535331726074e+00,1.625928759574890137e+00,1.300742983818054199e+00
1.324000000000000021e+01,1.277392745018005371e+00,1.060837864875793457e+00,1.134135127067565918e+00,1.961078882217407227e+00,1.634232401847839355e+00,1.307385921478271484e+00
1.328000000000000114e+01,1.285519599914550781e+00,1.067622780799865723e+00,1.140231132507324219e+00,1.971065282821655273e+00,1.642554402351379395e+00,1.314043521881103516e+00
1.332000000000000028e+01,1.293670654296875000e+00,1.074427723884582520e+00,1.146342277526855469e+00,1.981073617935180664e+00,1.650894641876220703e+00,1.320715785026550293e+00
1.335999999999999943e+01,1.301845788955688477e+00,1.081252813339233398e+00,1.152468562126159668e+00,1.991103768348693848e+00,1.659253120422363281e+00,1.327402591705322266e+00
1.340000000000000036e+01,1.310045003890991211e+00,1.088097929954528809e+00,1.158609986305236816e+00,2.001155853271484375e+00,1.667629837989807129e+00,1.334103941917419434e+00
1.343999999999999950e+01,1.318268299102783203e+00,1.094963073730468750e+00,1.164766550064086914e+00,2.011229753494262695e+00,1.676024794578552246e+00,1.340819954872131348e+00
1.348000000000000043e+01,1.326515555381774902e+00,1.101848244667053223e+00,1.170938253402709961e+00,2.021325588226318359e+00,1.684437990188598633e+00,1.347550511360168457e+00
1.351999999999999957e+01,1.334786891937255859e+00,1.108753442764282227e+00,1.177125096321105957e+00,2.031443119049072266e+00,1.692869305610656738e+00,1.354295492172241211e+00
1.356000000000000050e+01,1.343082189559936523e+00,1.115678668022155762e+00,1.183326959609985352e+00,2.041582345962524414e+00,1.701318740844726562e+00,1.361055016517639160e+00
1.359999999999999964e+01,1.351401448249816895e+00,1.122623801231384277e+00,1.189543962478637695e+00,2.051743507385253906e+00,1.709786295890808105e+00,1.367829084396362305e+00
1.364000000000000057e+01,1.359744668006896973e+00,1.129588842391967773e+00,1.195775985717773438e+00,2.061926364898681641e+00,1.718271970748901367e+00,1.374617576599121094e+00
1.367999999999999972e+01,1.368111729621887207e+00,1.136573791503906250e+00,1.202023029327392578e+00,2.072130918502807617e+00,1.726775646209716797e+00,1.381420612335205078e+00
1.372000000000000064e+01,1.376502633094787598e+00,1.143578648567199707e+00,1.208285093307495117e+00,2.082357168197631836e+00,1.735297441482543945e+00,1.388238072395324707e+00
1.375999999999999979e+01,1.384917378425598145e+00,1.150603294372558594e+00,1.214562177658081055e+00,2.092604875564575195e+00,1.743837237358093262e+00,1.395069956779479980e+00
1.380000000000000071e+01,1.393355965614318848e+00,1.157647848129272461e+00,1.220854163169860840e+00,2.102874279022216797e+00,1.752395033836364746e+00,1.401916146278381348e+00
1.383999999999999986e+01,1.401818275451660156e+00,1.164712190628051758e+00,1.227161169052124023e+00,2.113165140151977539e+00,1.760970830917358398e+00,1.408776760101318359e+00
1.388000000000000078e+01,1.410304427146911621e+00,1.171796321868896484e+00,1.233483076095581055e+00,2.123477697372436523e+00,1.769564628601074219e+00,1.415651798248291016e+00
1.391999999999999993e+01,1.418814301490783691e+00,1.178900241851806641e+00,1.239819884300231934e+00,2.133811712265014648e+00,1.778176307678222656e+00,1.422541141510009766e+00
1.396000000000000085e+01,1.427347898483276367e+00,1.186023950576782227e+00,1.246171593666076660e+00,2.144167184829711914e+00,1.786805987358093262e+00,1.429444789886474609e+00
1.400000000000000000e+01,1.435905098915100098e+00,1.193167328834533691e+00,1.252538204193115234e+00,2.154544115066528320e+00,1.795453548431396484e+00,1.436362743377685547e+00
1.404000000000000092e+01,1.444486021995544434e+00,1.200330376625061035e+00,1.258919715881347656e+00,2.164942502975463867e+00,1.804118990898132324e+00,1.443295001983642578e+00
1.408000000000000007e+01,1.453090548515319824e+00,1.207513093948364258e+00,1.265316128730773926e+00,2.175362348556518555e+00,1.812802195549011230e+00,1.450241565704345703e+00
1.412000000000000099e+01,1.461718678474426270e+00,1.214715480804443359e+00,1.271727323532104492e+00,2.185803651809692383e+00,1.821503281593322754e+00,1.457202434539794922e+00
1.416000000000000014e+01,1.470370411872863770e+00,1.221937537193298340e+00,1.278153419494628906e+00,2.196266412734985352e+00,1.830222129821777344e+00,1.464177489280700684e+00
1.420000000000000107e+01,1.479045629501342773e+00,1.229179143905639648e+00,1.284594297409057617e+00,2.206750392913818359e+00,1.838958740234375000e+00,1.471166849136352539e+00
1.424000000000000021e+01,1.487744331359863281e+00,1.236440420150756836e+00,1.291049957275390625e+00,2.217255830764770508e+00,1.847713112831115723e+00,1.478170394897460938e+00
1.428000000000000114e+01,1.496466517448425293e+00,1.243721246719360352e+00,1.297520399093627930e+00,2.227782487869262695e+00,1.856485247611999512e+00,1.485188126564025879e+00
1.432000000000000028e+01,1.505212187767028809e+00,1.251021623611450195e+00,1.304005503654479980e+00,2.238330364227294922e+00,1.865275144577026367e+00,1.492220044136047363e+00
1.435999999999999943e+01,1.513981342315673828e+00,1.258341550827026367e+00,1.310505390167236328e+00,2.248899459838867188e+00,1.874082684516906738e+00,1.499266147613525391e+00
1.440000000000000036e+01,1.522773861885070801e+00,1.265680909156799316e+00,1.317019939422607422e+00,2.259489774703979492e+00,1.882907986640930176e+00,1.506326317787170410e+00
1.443999999999999950e+01,1.531589746475219727e+00,1.273039698600769043e+00,1.323549270629882812e+00,2.270101308822631836e+00,1.891750931739807129e+00,1.513400673866271973e+00
1.448000000000000043e+01,1.540428996086120605e+00,1.280418038368225098e+00,1.330093264579772949e+00,2.280733823776245117e+00,1.900611519813537598e+00,1.520489096641540527e+00
1.451999999999999957e+01,1.549291610717773438e+00,1.287815809249877930e+00,1.336651921272277832e+00,2.291387557983398438e+00,1.909489631652832031e+00,1.527591586112976074e+00
1.456000000000000050e+01,1.558177471160888672e+00,1.295232892036437988e+00,1.343225240707397461e+00,2.302062511444091797e+00,1.918385386466979980e+00,1.534708142280578613e+00
1.459999999999999964e+01,1.567086696624755859e+00,1.302669405937194824e+00,1.349813222885131836e+00,2.312758445739746094e+00,1.927298665046691895e+00,1.541838765144348145e+00
1.464000000000000057e+01,1.576019167900085449e+00,1.310125231742858887e+00,1.356415748596191406e+00,2.323475360870361328e+00,1.936229467391967773e+00,1.548983454704284668e+00
1.467999999999999972e+01,1.584974765777587891e+00,1.317600369453430176e+00,1.363032817840576172e+00,2.334213256835937500e+00,1.945177793502807617e+00,1.556142091751098633e+00
1.472000000000000064e+01,1.593953609466552734e+00,1.325094819068908691e+00,1.369664549827575684e+00,2.344972133636474609e+00,1.954143643379211426e+00,1.563314795494079590e+00
1.475999999999999979e+01,1.602955579757690430e+00,1.332608580589294434e+00,1.376310825347900391e+00,2.355751991271972656e+00,1.963126897811889648e+00,1.570501446723937988e+00
1.480000000000000071e+01,1.611980676651000977e+00,1.340141654014587402e+00,1.382971644401550293e+00,2.366552829742431641e+00,1.972127676010131836e+00,1.577702045440673828e+00
1.483999999999999986e+01,1.621028900146484375e+00,1.347693920135498047e+00,1.389647006988525391e+00,2.377374649047851562e+00,1.981145858764648438e+00,1.584916591644287109e+00
1.488000000000000078e+01,1.630100250244140625e+00,1.355265498161315918e+00,1.396336793899536133e+00,2.388217449188232422e+00,1.990181446075439453e+00,1.592145085334777832e+00
1.491999999999999993e+01,1.639194607734680176e+00,1.362856268882751465e+00,1.403041124343872070e+00,2.399080991744995117e+00,1.999234437942504883e+00,1.599387407302856445e+00
1.496000000000000085e+01,1.648311972618103027e+00,1.370466232299804688e+00,1.409759879112243652e+00,2.409965276718139648e+00,2.008304834365844727e+00,1.606643676757812500e+00
1.500000000000000000e+01,1.657452344894409180e+00,1.378095269203186035e+00,1.416493177413940430e+00,2.420870542526245117e+00,2.017392396926879883e+00,1.613913774490356445e+00
1.504000000000000092e+01,1.666615724563598633e+00,1.385743498802185059e+00,1.423240900039672852e+00,2.431796550750732422e+00,2.026497364044189453e+00,1.621197700500488281e+00
1.508000000000000007e+01,1.675802111625671387e+00,1.393410801887512207e+00,1.430003046989440918e+00,2.442743301391601562e+00,2.035619497299194336e+00,1.628495454788208008e+00
1.512000000000000099e+01,1.685011386871337891e+00,1.401097178459167480e+00,1.436779499053955078e+00,2.453710794448852539e+00,2.044759035110473633e+00,1.635807037353515625e+00
1.516000000000000014e+01,1.694243550300598145e+00,1.408802628517150879e+00,1.443570375442504883e+00,2.464699029922485352e+00,2.053915739059448242e+00,1.643132448196411133e+00
1.520000000000000107e+01,1.703498601913452148e+00,1.416527152061462402e+00,1.450375676155090332e+00,2.475707769393920898e+00,2.063089609146118164e+00,1.650471687316894531e+00
1.524000000000000021e+01,1.712776422500610352e+00,1.424270629882812500e+00,1.457195281982421875e+00,2.486737251281738281e+00,2.072280883789062500e+00,1.657824635505676270e+00
1.528000000000000114e+01,1.722077131271362305e+00,1.432033181190490723e+00,1.464029192924499512e+00,2.497787237167358398e+00,2.081489324569702148e+00,1.665191292762756348e+00
1.532000000000000028e+01,1.731400609016418457e+00,1.439814686775207520e+00,1.470877408981323242e+00,2.508857965469360352e+00,2.090714931488037109e+00,1.672571778297424316e+00
1.535999999999999943e+01,1.740746855735778809e+00,1.447615146636962891e+00,1.477739930152893066e+00,2.519949197769165039e+00,2.099957704544067383e+00,1.679965972900390625e+00
1.540000000000000036e+01,1.750115752220153809e+00,1.455434441566467285e+00,1.484616756439208984e+00,2.531060934066772461e+00,2.109217405319213867e+00,1.687373757362365723e+00
1.543999999999999950e+01,1.759507417678833008e+00,1.463272690773010254e+00,1.491507887840270996e+00,2.542193174362182617e+00,2.118494272232055664e+00,1.694795250892639160e+00
1.548000000000000043e+01,1.768921732902526855e+00,1.471129775047302246e+00,1.498413205146789551e+00,2.553345918655395508e+00,2.127788305282592773e+00,1.702230453491210938e+00
1.551999999999999957e+01,1.778358697891235352e+00,1.479005813598632812e+00,1.505332708358764648e+00,2.564519166946411133e+00,2.137099266052246094e+00,1.709679245948791504e+00
1.556000000000000050e+01,1.787818312644958496e+00,1.486900687217712402e+00,1.512266516685485840e+00,2.575712680816650391e+00,2.146427154541015625e+00,1.717141628265380859e+00
1.559999999999999964e+01,1.797300457954406738e+00,1.494814276695251465e+00,1.519214510917663574e+00,2.586926698684692383e+00,2.155772209167480469e+00,1.724617600440979004e+00
1.564000000000000057e+01,1.806805133819580078e+00,1.502746701240539551e+00,1.526176571846008301e+00,2.598160982131958008e+00,2.165134191513061523e+00,1.732107162475585938e+00
1.567999999999999972e+01,1.816332340240478516e+00,1.510697841644287109e+00,1.533152818679809570e+00,2.609415769577026367e+00,2.174513101577758789e+00,1.739610314369201660e+00
1.572000000000000064e+01,1.825882077217102051e+00,1.518667817115783691e+00,1.540143251419067383e+00,2.620690822601318359e+00,2.183908939361572266e+00,1.747127056121826172e+00
1.575999999999999979e+01,1.835454344749450684e+00,1.526656508445739746e+00,1.547147750854492188e+00,2.631986141204833984e+00,2.193321704864501953e+00,1.754657268524169922e+00
1.580000000000000071e+01,1.845049023628234863e+00,1.534663915634155273e+00,1.554166436195373535e+00,2.643301725387573242e+00,2.202751398086547852e+00,1.762200951576232910e+00
1.583999999999999986e+01,1.854666113853454590e+00,1.542689919471740723e+00,1.561199188232421875e+00,2.654637575149536133e+00,2.212198019027709961e+00,1.769758224487304688e+00
1.588000000000000078e+01,1.864305615425109863e+00,1.550734639167785645e+00,1.568246006965637207e+00,2.665993690490722656e+00,2.221661329269409180e+00,1.777328968048095703e+00
1.591999999999999993e+01,1.873967528343200684e+00,1.558797955513000488e+00,1.575306892395019531e+00,2.677369832992553711e+00,2.231141567230224609e+00,1.784913182258605957e+00
1.596000000000000085e+01,1.883651852607727051e+00,1.566879868507385254e+00,1.582381725311279297e+00,2.688766241073608398e+00,2.240638494491577148e+00,1.792510747909545898e+00
1.600000000000000000e+01,1.893358469009399414e+00,1.574980378150939941e+00,1.589470624923706055e+00,2.700182676315307617e+00,2.250152349472045898e+00,1.800121784210205078e+00
1.603999999999999915e+01,1.903087377548217773e+00,1.583099484443664551e+00,1.596573472023010254e+00,2.711619377136230469e+00,2.259682893753051758e+00,1.807746171951293945e+00
1.608000000000000185e+01,1.912838578224182129e+00,1.591237068176269531e+00,1.603690385818481445e+00,2.723076105117797852e+00,2.269230127334594727e+00,1.815384030342102051e+00
1.612000000000000099e+01,1.922611951828002930e+00,1.599393129348754883e+00,1.610821247100830078e+00,2.734552860260009766e+00,2.278794050216674805e+00,1.823035240173339844e+00
1.616000000000000014e+01,1.932407498359680176e+00,1.607567787170410156e+00,1.617966055870056152e+00,2.746049642562866211e+00,2.288374662399291992e+00,1.830699801445007324e+00
1.619999999999999929e+01,1.942225337028503418e+00,1.615760922431945801e+00,1.625124692916870117e+00,2.757566452026367188e+00,2.297971963882446289e+00,1.838377594947814941e+00
1.624000000000000199e+01,1.952065229415893555e+00,1.623972415924072266e+00,1.632297277450561523e+00,2.769103288650512695e+00,2.307585954666137695e+00,1.846068739891052246e+00
1.628000000000000114e+01,1.961927294731140137e+00,1.632202386856079102e+00,1.639483809471130371e+00,2.780659914016723633e+00,2.317216634750366211e+00,1.853773236274719238e+00
1.632000000000000028e+01,1.971811413764953613e+00,1.640450716018676758e+00,1.646684169769287109e+00,2.792236566543579102e+00,2.326863765716552734e+00,1.861490964889526367e+00
1.635999999999999943e+01,1.981717705726623535e+00,1.648717403411865234e+00,1.653898358345031738e+00,2.803833007812500000e+00,2.336527585983276367e+00,1.869221925735473633e+00
1.639999999999999858e+01,1.991646051406860352e+00,1.657002449035644531e+00,1.661126375198364258e+00,2.815449237823486328e+00,2.346207857131958008e+00,1.876966118812561035e+00
1.644000000000000128e+01,2.001596450805664062e+00,1.665305852890014648e+00,1.668368220329284668e+00,2.827085494995117188e+00,2.355904579162597656e+00,1.884723544120788574e+00
1.648000000000000043e+01,2.011568784713745117e+00,1.673627614974975586e+00,1.675623893737792969e+00,2.838741540908813477e+00,2.365617990493774414e+00,1.892494201660156250e+00
1.651999999999999957e+01,2.021563053131103516e+00,1.681967616081237793e+00,1.682893395423889160e+00,2.850417375564575195e+00,2.375347852706909180e+00,1.900278091430664062e+00
1.655999999999999872e+01,2.031579256057739258e+00,1.690325975418090820e+00,1.690176606178283691e+00,2.862112998962402344e+00,2.385094165802001953e+00,1.908075094223022461e+00
1.660000000000000142e+01,2.041617393493652344e+00,1.698702573776245117e+00,1.697473645210266113e+00,2.873828172683715820e+00,2.394856929779052734e+00,1.915885329246520996e+00
1.664000000000000057e+01,2.051677465438842773e+00,1.707097291946411133e+00,1.704784393310546875e+00,2.885563135147094727e+00,2.404636144638061523e+00,1.923708677291870117e+00
1.667999999999999972e+01,2.061759233474731445e+00,1.715510249137878418e+00,1.712108850479125977e+00,2.897317886352539062e+00,2.414431571960449219e+00,1.931545138359069824e+00
1.671999999999999886e+01,2.071862936019897461e+00,1.723941445350646973e+00,1.719447016716003418e+00,2.909092187881469727e+00,2.424243450164794922e+00,1.939394712448120117e+00
1.676000000000000156e+01,2.081988573074340820e+00,1.732390761375427246e+00,1.726798772811889648e+00,2.920886039733886719e+00,2.434071779251098633e+00,1.947257280349731445e+00
1.680000000000000071e+01,2.092135906219482422e+00,1.740858197212219238e+00,1.734164237976074219e+00,2.932699441909790039e+00,2.443916320800781250e+00,1.955132961273193359e+00
1.683999999999999986e+01,2.102304935455322266e+00,1.749343752861022949e+00,1.741543412208557129e+00,2.944532394409179688e+00,2.453777313232421875e+00,1.963021636009216309e+00
1.687999999999999901e+01,2.112495660781860352e+00,1.757847428321838379e+00,1.748936176300048828e+00,2.956384897232055664e+00,2.463654518127441406e+00,1.970923423767089844e+00
1.692000000000000171e+01,2.122708082199096680e+00,1.766369104385375977e+00,1.756342530250549316e+00,2.968256950378417969e+00,2.473547935485839844e+00,1.978838205337524414e+00
1.696000000000000085e+01,2.132942199707031250e+00,1.774908781051635742e+00,1.763762474060058594e+00,2.980148553848266602e+00,2.483457565307617188e+00,1.986765980720520020e+00
1.700000000000000000e+01,2.143198013305664062e+00,1.783466577529907227e+00,1.771196007728576660e+00,2.992059707641601562e+00,2.493383407592773438e+00,1.994706749916076660e+00
1.703999999999999915e+01,2.153475284576416016e+00,1.792042374610900879e+00,1.778643131256103516e+00,3.003990173339843750e+00,2.503325462341308594e+00,2.002660512924194336e+00
1.708000000000000185e+01,2.163774251937866211e+00,1.800636053085327148e+00,1.786103725433349609e+00,3.015940189361572266e+00,2.513283729553222656e+00,2.010627031326293945e+00
1.712000000000000099e+01,2.174094676971435547e+00,1.809247732162475586e+00,1.793577909469604492e+00,3.027909517288208008e+00,2.523258209228515625e+00,2.018606662750244141e+00
1.716000000000000014e+01,2.184436798095703125e+00,1.817877292633056641e+00,1.801065564155578613e+00,3.039898157119750977e+00,2.533248662948608398e+00,2.026599168777465820e+00
1.719999999999999929e+01,2.194800376892089844e+00,1.826524734497070312e+00,1.808566689491271973e+00,3.051906108856201172e+00,2.543255329132080078e+00,2.034604549407958984e+00
1.724000000000000199e+01,2.205185413360595703e+00,1.835190057754516602e+00,1.816081285476684570e+00,3.063933372497558594e+00,2.553277969360351562e+00,2.042622804641723633e+00
1.728000000000000114e+01,2.215591907501220703e+00,1.843873262405395508e+00,1.823609352111816406e+00,3.075979948043823242e+00,2.563316822052001953e+00,2.050653934478759766e+00
1.732000000000000028e+01,2.226019859313964844e+00,1.852574348449707031e+00,1.831150889396667480e+00,3.088045835494995117e+00,2.573371648788452148e+00,2.058697700500488281e+00
1.735999999999999943e+01,2.236469268798828125e+00,1.861293196678161621e+00,1.838705778121948242e+00,3.100130796432495117e+00,2.583442449569702148e+00,2.066754341125488281e+00
1.740000000000000213e+01,2.246939897537231445e+00,1.870029926300048828e+00,1.846274137496948242e+00,3.112235069274902344e+00,2.593529224395751953e+00,2.074823856353759766e+00
1.744000000000000128e+01,2.257431983947753906e+00,1.878784418106079102e+00,1.853855848312377930e+00,3.124358415603637695e+00,2.603631973266601562e+00,2.082906007766723633e+00
1.748000000000000043e+01,2.267945289611816406e+00,1.887556672096252441e+00,1.861450910568237305e+00,3.136500835418701172e+00,2.613750696182250977e+00,2.091001033782958984e+00
1.751999999999999957e+01,2.278479814529418945e+00,1.896346569061279297e+00,1.869059324264526367e+00,3.148662567138671875e+00,2.623885393142700195e+00,2.099108695983886719e+00
1.755999999999999872e+01,2.289035797119140625e+00,1.905154228210449219e+00,1.876681089401245117e+00,3.160843372344970703e+00,2.634036064147949219e+00,2.107229232788085938e+00
1.760000000000000142e+01,2.299612998962402344e+00,1.913979530334472656e+00,1.884316086769104004e+00,3.173043251037597656e+00,2.644202470779418945e+00,2.115362405776977539e+00
1.764000000000000057e+01,2.310211420059204102e+00,1.922822475433349609e+00,1.891964435577392578e+00,3.185261964797973633e+00,2.654384851455688477e+00,2.123508214950561523e+00
1.767999999999999972e+01,2.320831060409545898e+00,1.931683063507080078e+00,1.899626016616821289e+00,3.197499752044677734e+00,2.664582967758178711e+00,2.131666660308837891e+00
1.771999999999999886e+01,2.331471681594848633e+00,1.940561294555664062e+00,1.907300829887390137e+00,3.209756612777709961e+00,2.674797058105468750e+00,2.139837741851806641e+00
1.776000000000000156e+01,2.342133522033691406e+00,1.949457049369812012e+00,1.914988875389099121e+00,3.222032308578491211e+00,2.685026884078979492e+00,2.148021459579467773e+00
1.780000000000000071e+01,2.352816343307495117e+00,1.958370447158813477e+00,1.922690153121948242e+00,3.234326839447021484e+00,2.695272445678710938e+00,2.156217813491821289e+00
1.783999999999999986e+01,2.363520383834838867e+00,1.967301368713378906e+00,1.930404663085937500e+00,3.246640443801879883e+00,2.705533742904663086e+00,2.164426803588867188e+00
1.787999999999999901e+01,2.374245405197143555e+00,1.976249814033508301e+00,1.938132405281066895e+00,3.258972883224487305e+00,2.715810775756835938e+00,2.172648429870605469e+00
1.792000000000000171e+01,2.384991407394409180e+00,1.985215783119201660e+00,1.945873260498046875e+00,3.271324157714843750e+00,2.726103544235229492e+00,2.180882692337036133e+00
1.796000000000000085e+01,2.395758390426635742e+00,1.994199156761169434e+00,1.953627228736877441e+00,3.283694267272949219e+00,2.736411809921264648e+00,2.189129352569580078e+00
1.800000000000000000e+01,2.406546354293823242e+00,2.003200054168701172e+00,1.961394429206848145e+00,3.296083211898803711e+00,2.746735811233520508e+00,2.197388648986816406e+00
1.803999999999999915e+01,2.417355298995971680e+00,2.012218236923217773e+00,1.969174742698669434e+00,3.308490753173828125e+00,2.757075548171997070e+00,2.205660343170166016e+00
1.808000000000000185e+01,2.428185224533081055e+00,2.021253824234008789e+00,1.976968050003051758e+00,3.320917129516601562e+00,2.767430782318115234e+00,2.213944673538208008e+00
1.812000000000000099e+01,2.439035892486572266e+00,2.030306816101074219e+00,1.984774470329284668e+00,3.333362102508544922e+00,2.777801752090454102e+00,2.222241401672363281e+00
1.816000000000000014e+01,2.449907541275024414e+00,2.039377212524414062e+00,1.992594003677368164e+00,3.345825910568237305e+00,2.788188219070434570e+00,2.230550527572631836e+00
1.819999999999999929e+01,2.460799932479858398e+00,2.048465013504028320e+00,2.000426530838012695e+00,3.358308315277099609e+00,2.798590183258056641e+00,2.238872051239013672e+00
1.824000000000000199e+01,2.471713066101074219e+00,2.057570219039916992e+00,2.008272171020507812e+00,3.370809316635131836e+00,2.809007644653320312e+00,2.247205972671508789e+00
1.828000000000000114e+01,2.482646942138671875e+00,2.066692590713500977e+00,2.016130685806274414e+00,3.383328914642333984e+00,2.819440603256225586e+00,2.255552291870117188e+00
1.832000000000000028e+01,2.493601560592651367e+00,2.075832366943359375e+00,2.024002313613891602e+00,3.395867109298706055e+00,2.829889059066772461e+00,2.263911008834838867e+00
1.835999999999999943e+01,2.504576921463012695e+00,2.084989309310913086e+00,2.031886816024780273e+00,3.408423900604248047e+00,2.840353012084960938e+00,2.272282123565673828e+00
1.840000000000000213e+01,2.515573024749755859e+00,2.094163417816162109e+00,2.039784431457519531e+00,3.420999050140380859e+00,2.850832462310791016e+00,2.280665636062622070e+00
1.844000000000000128e+01,2.526589870452880859e+00,2.103354692459106445e+00,2.047694921493530273e+00,3.433592796325683594e+00,2.861327171325683594e+00,2.289061546325683594e+00
1.848000000000000043e+01,2.537627220153808594e+00,2.112563133239746094e+00,2.055618286132812500e+00,3.446204900741577148e+00,2.871837377548217773e+00,2.297469615936279297e+00
1.851999999999999957e+01,2.548685312271118164e+00,2.121788740158081055e+00,2.063554525375366211e+00,3.458835601806640625e+00,2.882362842559814453e+00,2.305890083312988281e+00
1.855999999999999872e+01,2.559763908386230469e+00,2.131031513214111328e+00,2.071503639221191406e+00,3.471484661102294922e+00,2.892903804779052734e+00,2.314322710037231445e+00
1.860000000000000142e+01,2.570863008499145508e+00,2.140291452407836914e+00,2.079465627670288086e+00,3.484152078628540039e+00,2.903460025787353516e+00,2.322767734527587891e+00
1.864000000000000057e+01,2.581982612609863281e+00,2.149568557739257812e+00,2.087440490722656250e+00,3.496837854385375977e+00,2.914031505584716797e+00,2.331224918365478516e+00
1.867999999999999972e+01,2.593122720718383789e+00,2.158862590789794922e+00,2.095428228378295898e+00,3.509541988372802734e+00,2.924618244171142578e+00,2.339694261550903320e+00
1.871999999999999886e+01,2.604283332824707031e+00,2.168173789978027344e+00,2.103428840637207031e+00,3.522264480590820312e+00,2.935220241546630859e+00,2.348176002502441406e+00
1.876000000000000156e+01,2.615464448928833008e+00,2.177501916885375977e+00,2.111442089080810547e+00,3.535005092620849609e+00,2.945837497711181641e+00,2.356669902801513672e+00
1.880000000000000071e+01,2.626666069030761719e+00,2.186847209930419922e+00,2.119468212127685547e+00,3.547764062881469727e+00,2.956470012664794922e+00,2.365175962448120117e+00
1.883999999999999986e+01,2.637887954711914062e+00,2.196209430694580078e+00,2.127507209777832031e+00,3.560541152954101562e+00,2.967117547988891602e+00,2.373694181442260742e+00
1.887999999999999901e+01,2.649130344390869141e+00,2.205588579177856445e+00,2.135558843612670898e+00,3.573336601257324219e+00,2.977780342102050781e+00,2.382224559783935547e+00
1.892000000000000171e+01,2.660392999649047852e+00,2.214984655380249023e+00,2.143623113632202148e+00,3.586150169372558594e+00,2.988458395004272461e+00,2.390766859054565430e+00
1.896000000000000085e+01,2.671675920486450195e+00,2.224397659301757812e+00,2.151700258255004883e+00,3.598981857299804688e+00,2.999151468276977539e+00,2.399321317672729492e+00
1.900000000000000000e+01,2.682979106903076172e+00,2.233827590942382812e+00,2.159790039062500000e+00,3.611831665039062500e+00,3.009859561920166016e+00,2.407887935638427734e+00
1.903999999999999915e+01,2.694302558898925781e+00,2.243274211883544922e+00,2.167892456054687500e+00,3.624699592590332031e+00,3.020582914352416992e+00,2.416466474533081055e+00
1.908000000000000185e+01,2.705646276473999023e+00,2.252737760543823242e+00,2.176007509231567383e+00,3.637585639953613281e+00,3.031321287155151367e+00,2.425057172775268555e+00
1.912000000000000099e+01,2.717010259628295898e+00,2.262218236923217773e+00,2.184135198593139648e+00,3.650489568710327148e+00,3.042074680328369141e+00,2.433659791946411133e+00
1.916000000000000014e+01,2.728394269943237305e+00,2.271715402603149414e+00,2.192275524139404297e+00,3.663411617279052734e+00,3.052843093872070312e+00,2.442274570465087891e+00
1.919999999999999929e+01,2.739798545837402344e+00,2.281229257583618164e+00,2.200428485870361328e+00,3.676351547241210938e+00,3.063626527786254883e+00,2.450901269912719727e+00
1.924000000000000199e+01,2.751222848892211914e+00,2.290760040283203125e+00,2.208594083786010742e+00,3.689309597015380859e+00,3.074424743652343750e+00,2.459539890289306641e+00
1.928000000000000114e+01,2.762667417526245117e+00,2.300307512283325195e+00,2.216772079467773438e+00,3.702285528182983398e+00,3.085237979888916016e+00,2.468190431594848633e+00
1.932000000000000028e+01,2.774132013320922852e+00,2.309871673583984375e+00,2.224962711334228516e+00,3.715279340744018555e+00,3.096065998077392578e+00,2.476852893829345703e+00
1.935999999999999943e+01,2.785616636276245117e+00,2.319452524185180664e+00,2.233165979385375977e+00,3.728291034698486328e+00,3.106909036636352539e+00,2.485527276992797852e+00
1.940000000000000213e+01,2.797121286392211914e+00,2.329050064086914062e+00,2.241381645202636719e+00,3.741320610046386719e+00,3.117766857147216797e+00,2.494213581085205078e+00
1.944000000000000128e+01,2.808645963668823242e+00,2.338664293289184570e+00,2.249609947204589844e+00,3.754367828369140625e+00,3.128639698028564453e+00,2.502911806106567383e+00
1.948000000000000043e+01,2.820190429687500000e+00,2.348294973373413086e+00,2.257850646972656250e+00,3.767432928085327148e+00,3.139527320861816406e+00,2.511621952056884766e+00
1.951999999999999957e+01,2.831754922866821289e+00,2.357942342758178711e+00,2.266103744506835938e+00,3.780515670776367188e+00,3.150429725646972656e+00,2.520343780517578125e+00
1.955999999999999872e+01,2.843339204788208008e+00,2.367606163024902344e+00,2.274369239807128906e+00,3.793616294860839844e+00,3.161346912384033203e+00,2.529077529907226562e+00
1.960000000000000142e+01,2.854943513870239258e+00,2.377286672592163086e+00,2.282647371292114258e+00,3.806734561920166016e+00,3.172278881072998047e+00,2.537822961807250977e+00
1.964000000000000057e+01,2.866567611694335938e+00,2.386983633041381836e+00,2.290937900543212891e+00,3.819870471954345703e+00,3.183225631713867188e+00,2.546580314636230469e+00
1.967999999999999972e+01,2.878211498260498047e+00,2.396697044372558594e+00,2.299240827560424805e+00,3.833024024963378906e+00,3.194186925888061523e+00,2.555349349975585938e+00
1.971999999999999886e+01,2.889875173568725586e+00,2.406427145004272461e+00,2.307555913925170898e+00,3.846195220947265625e+00,3.205163002014160156e+00,2.564130306243896484e+00
1.976000000000000156e+01,2.901558637619018555e+00,2.416173696517944336e+00,2.315883398056030273e+00,3.859384059906005859e+00,3.216153860092163086e+00,2.572922945022583008e+00
1.980000000000000071e+01,2.913261890411376953e+00,2.425936698913574219e+00,2.324223279953002930e+00,3.872590541839599609e+00,3.227159261703491211e+00,2.581727266311645508e+00
1.983999999999999986e+01,2.924984931945800781e+00,2.435715913772583008e+00,2.332575559616088867e+00,3.885814666748046875e+00,3.238179206848144531e+00,2.590543270111083984e+00
1.987999999999999901e+01,2.936727523803710938e+00,2.445511579513549805e+00,2.340939998626708984e+00,3.899056196212768555e+00,3.249213933944702148e+00,2.599370956420898438e+00
1.992000000000000171e+01,2.948489904403686523e+00,2.455323696136474609e+00,2.349316835403442383e+00,3.912315368652343750e+00,3.260263204574584961e+00,2.608210325241088867e+00
1.996000000000000085e+01,2.960271835327148438e+00,2.465152025222778320e+00,2.357705831527709961e+00,3.925591945648193359e+00,3.271327018737792969e+00,2.617061376571655273e+00
2.000000000000000000e+01,2.972073316574096680e+00,2.474996805191040039e+00,2.366107225418090820e+00,3.938885927200317383e+00,3.282405376434326172e+00,2.625924110412597656e+00
2.003999999999999915e+01,2.983894586563110352e+00,2.484857797622680664e+00,2.374520778656005859e+00,3.952197313308715820e+00,3.293498277664184570e+00,2.634798288345336914e+00
2.008000000000000185e+01,2.995735406875610352e+00,2.494735240936279297e+00,2.382946491241455078e+00,3.965526103973388672e+00,3.304605484008789062e+00,2.643684148788452148e+00
2.012000000000000099e+01,3.007595539093017578e+00,2.504628896713256836e+00,2.391384363174438477e+00,3.978872299194335938e+00,3.315727233886718750e+00,2.652581691741943359e+00
2.016000000000000014e+01,3.019475221633911133e+00,2.514538764953613281e+00,2.399834394454956055e+00,3.992235898971557617e+00,3.326863527297973633e+00,2.661490678787231445e+00
2.019999999999999929e+01,3.031374454498291016e+00,2.524464845657348633e+00,2.408296585083007812e+00,4.005616664886474609e+00,3.338014125823974609e+00,2.670411109924316406e+00
2.024000000000000199e+01,3.043292999267578125e+00,2.534407138824462891e+00,2.416770935058593750e+00,4.019014835357666016e+00,3.349179267883300781e+00,2.679343223571777344e+00
2.028000000000000114e+01,3.055231094360351562e+00,2.544365644454956055e+00,2.425257444381713867e+00,4.032430171966552734e+00,3.360358715057373047e+00,2.688286781311035156e+00
2.032000000000000028e+01,3.067188501358032227e+00,2.554340124130249023e+00,2.433756113052368164e+00,4.045862674713134766e+00,3.371552467346191406e+00,2.697241783142089844e+00
2.035999999999999943e+01,3.079165458679199219e+00,2.564330816268920898e+00,2.442266941070556641e+00,4.059312343597412109e+00,3.382760524749755859e+00,2.706208229064941406e+00
2.040000000000000213e+01,3.091161727905273438e+00,2.574337720870971680e+00,2.450789690017700195e+00,4.072779178619384766e+00,3.393982887268066406e+00,2.715186119079589844e+00
2.044000000000000128e+01,3.103177309036254883e+00,2.584360599517822266e+00,2.459324598312377930e+00,4.086263179779052734e+00,3.405219554901123047e+00,2.724175453186035156e+00
2.048000000000000043e+01,3.115211963653564453e+00,2.594399452209472656e+00,2.467871665954589844e+00,4.099764347076416016e+00,3.416470527648925781e+00,2.733176231384277344e+00
2.051999999999999957e+01,3.127265930175781250e+00,2.604454517364501953e+00,2.476430654525756836e+00,4.113282680511474609e+00,3.427735805511474609e+00,2.742188453674316406e+00
2.055999999999999872e+01,3.139339208602905273e+00,2.614525556564331055e+00,2.485001564025878906e+00,4.126818180084228516e+00,3.439015388488769531e+00,2.751212120056152344e+00
2.060000000000000142e+01,3.151431560516357422e+00,2.624612569808959961e+00,2.493584632873535156e+00,4.140370845794677734e+00,3.450309038162231445e+00,2.760246992111206055e+00
2.064000000000000057e+01,3.163543224334716797e+00,2.634715557098388672e+00,2.502179622650146484e+00,4.153940200805664062e+00,3.461616992950439453e+00,2.769293308258056641e+00
2.067999999999999972e+01,3.175673961639404297e+00,2.644834518432617188e+00,2.510786533355712891e+00,4.167526721954345703e+00,3.472939014434814453e+00,2.778350830078125000e+00
2.071999999999999886e+01,3.187823772430419922e+00,2.654969215393066406e+00,2.519405364990234375e+00,4.181129932403564453e+00,3.484275102615356445e+00,2.787419795989990234e+00
2.076000000000000156e+01,3.199992656707763672e+00,2.665119886398315430e+00,2.528036117553710938e+00,4.194750308990478516e+00,3.495625257492065430e+00,2.796499967575073242e+00
2.080000000000000071e+01,3.212180614471435547e+00,2.675286531448364258e+00,2.536678791046142578e+00,4.208387374877929688e+00,3.506989717483520508e+00,2.805591583251953125e+00
2.083999999999999986e+01,3.224387645721435547e+00,2.685468912124633789e+00,2.545333385467529297e+00,4.222041606903076172e+00,3.518368244171142578e+00,2.814694404602050781e+00
2.087999999999999901e+01,3.236613750457763672e+00,2.695667266845703125e+00,2.553999662399291992e+00,4.235712528228759766e+00,3.529760599136352539e+00,2.823808431625366211e+00
2.092000000000000171e+01,3.248858928680419922e+00,2.705881357192993164e+00,2.562677860260009766e+00,4.249400138854980469e+00,3.541167020797729492e+00,2.832933664321899414e+00
2.096000000000000085e+01,3.261122941970825195e+00,2.716111183166503906e+00,2.571367979049682617e+00,4.263104915618896484e+00,3.552587509155273438e+00,2.842070102691650391e+00
2.100000000000000000e+01,3.273406028747558594e+00,2.726356744766235352e+00,2.580069780349731445e+00,4.276826381683349609e+00,3.564022064208984375e+00,2.851217746734619141e+00
2.103999999999999915e+01,3.285707950592041016e+00,2.736618041992187500e+00,2.588783502578735352e+00,4.290564537048339844e+00,3.575470447540283203e+00,2.860376596450805664e+00
2.108000000000000185e+01,3.298028707504272461e+00,2.746895074844360352e+00,2.597508907318115234e+00,4.304319381713867188e+00,3.586932897567749023e+00,2.869546413421630859e+00
2.112000000000000099e+01,3.310368299484252930e+00,2.757187843322753906e+00,2.606245994567871094e+00,4.318090915679931641e+00,3.598409175872802734e+00,2.878727436065673828e+00
2.116000000000000014e+01,3.322726726531982422e+00,2.767496347427368164e+00,2.614995002746582031e+00,4.331879138946533203e+00,3.609899282455444336e+00,2.887919664382934570e+00
2.119999999999999929e+01,3.335103988647460938e+00,2.777820348739624023e+00,2.623755693435668945e+00,4.345684051513671875e+00,3.621403217315673828e+00,2.897122859954833984e+00
2.124000000000000199e+01,3.347500085830688477e+00,2.788160085678100586e+00,2.632528066635131836e+00,4.359505653381347656e+00,3.632920980453491211e+00,2.906337022781372070e+00
2.128000000000000114e+01,3.359914779663085938e+00,2.798515319824218750e+00,2.641312122344970703e+00,4.373343467712402344e+00,3.644452571868896484e+00,2.915562391281127930e+00
2.132000000000000028e+01,3.372348308563232422e+00,2.808886289596557617e+00,2.650107860565185547e+00,4.387197971343994141e+00,3.655997991561889648e+00,2.924798727035522461e+00
2.135999999999999943e+01,3.384800434112548828e+00,2.819272756576538086e+00,2.658915281295776367e+00,4.401069164276123047e+00,3.667557239532470703e+00,2.934046030044555664e+00
2.140000000000000213e+01,3.397271394729614258e+00,2.829674720764160156e+00,2.667734146118164062e+00,4.414956569671630859e+00,3.679130315780639648e+00,2.943304538726806641e+00
2.144000000000000128e+01,3.409760951995849609e+00,2.840092182159423828e+00,2.676564693450927734e+00,4.428860664367675781e+00,3.690716981887817383e+00,2.952574014663696289e+00
2.148000000000000043e+01,3.422269105911254883e+00,2.850525140762329102e+00,2.685406923294067383e+00,4.442780971527099609e+00,3.702317476272583008e+00,2.961854457855224609e+00
2.151999999999999957e+01,3.434795856475830078e+00,2.860973596572875977e+00,2.694260597229003906e+00,4.456717967987060547e+00,3.713931560516357422e+00,2.971145629882812500e+00
2.155999999999999872e+01,3.447340965270996094e+00,2.871437549591064453e+00,2.703125953674316406e+00,4.470671176910400391e+00,3.725559473037719727e+00,2.980447769165039062e+00
2.160000000000000142e+01,3.459904670715332031e+00,2.881916999816894531e+00,2.712002754211425781e+00,4.484641075134277344e+00,3.737200975418090820e+00,2.989760875701904297e+00
2.164000000000000057e+01,3.472486972808837891e+00,2.892411708831787109e+00,2.720890998840332031e+00,4.498627185821533203e+00,3.748856067657470703e+00,2.999084949493408203e+00
2.167999999999999972e+01,3.485087633132934570e+00,2.902921915054321289e+00,2.729790925979614258e+00,4.512629508972167969e+00,3.760524749755859375e+00,3.008419752120971680e+00
2.171999999999999886e+01,3.497706890106201172e+00,2.913447380065917969e+00,2.738702297210693359e+00,4.526648044586181641e+00,3.772207021713256836e+00,3.017765522003173828e+00
2.176000000000000156e+01,3.510344505310058594e+00,2.923988342285156250e+00,2.747625112533569336e+00,4.540682792663574219e+00,3.783902883529663086e+00,3.027122020721435547e+00
2.180000000000000071e+01,3.523000478744506836e+00,2.934544563293457031e+00,2.756559371948242188e+00,4.554733753204345703e+00,3.795612096786499023e+00,3.036489486694335938e+00
2.183999999999999986e+01,3.535674810409545898e+00,2.945116043090820312e+00,2.765505075454711914e+00,4.568800926208496094e+00,3.807334899902343750e+00,3.045867681503295898e+00
2.187999999999999901e+01,3.548367500305175781e+00,2.955702781677246094e+00,2.774462223052978516e+00,4.582884311676025391e+00,3.819071292877197266e+00,3.055256605148315430e+00
2.192000000000000171e+01,3.561078548431396484e+00,2.966304779052734375e+00,2.783430814743041992e+00,4.596983909606933594e+00,3.830821037292480469e+00,3.064656496047973633e+00
2.196000000000000085e+01,3.573807716369628906e+00,2.976922035217285156e+00,2.792410612106323242e+00,4.611099720001220703e+00,3.842584133148193359e+00,3.074067115783691406e+00
2.200000000000000000e+01,3.586555242538452148e+00,2.987554550170898438e+00,2.801401853561401367e+00,4.625231742858886719e+00,3.854360818862915039e+00,3.083488464355468750e+00
2.203999999999999915e+01,3.599320888519287109e+00,2.998202085494995117e+00,2.810404539108276367e+00,4.639379978179931641e+00,3.866150856018066406e+00,3.092920541763305664e+00
2.208000000000000185e+01,3.612104892730712891e+00,3.008864879608154297e+00,2.819418430328369141e+00,4.653543949127197266e+00,3.877954244613647461e+00,3.102363348007202148e+00
2.212000000000000099e+01,3.624907016754150391e+00,3.019542694091796875e+00,2.828443765640258789e+00,4.667724132537841797e+00,3.889770984649658203e+00,3.111816644668579102e+00
2.216000000000000014e+01,3.637727260589599609e+00,3.030235767364501953e+00,2.837480306625366211e+00,4.681920051574707031e+00,3.901601076126098633e+00,3.121280670166015625e+00
2.219999999999999929e+01,3.650565624237060547e+00,3.040943861007690430e+00,2.846528053283691406e+00,4.696132183074951172e+00,3.913444519042968750e+00,3.130755424499511719e+00
2.224000000000000199e+01,3.663422107696533203e+00,3.051666975021362305e+00,2.855587244033813477e+00,4.710360050201416016e+00,3.925301074981689453e+00,3.140240669250488281e+00
2.228000000000000114e+01,3.676296710968017578e+00,3.062405109405517578e+00,2.864657640457153320e+00,4.724604129791259766e+00,3.937170982360839844e+00,3.149736642837524414e+00
2.232000000000000028e+01,3.689189434051513672e+00,3.073158264160156250e+00,2.873739242553710938e+00,4.738863945007324219e+00,3.949054002761840820e+00,3.159243106842041016e+00
2.235999999999999943e+01,3.702100038528442383e+00,3.083926439285278320e+00,2.882832050323486328e+00,4.753139495849609375e+00,3.960950374603271484e+00,3.168760299682617188e+00
2.240000000000000213e+01,3.715028762817382812e+00,3.094709634780883789e+00,2.891936063766479492e+00,4.767431259155273438e+00,3.972859859466552734e+00,3.178287982940673828e+00
2.244000000000000128e+01,3.727975368499755859e+00,3.105507850646972656e+00,2.901051282882690430e+00,4.781738758087158203e+00,3.984782695770263672e+00,3.187826156616210938e+00
2.248000000000000043e+01,3.740939855575561523e+00,3.116320848464965820e+00,2.910177469253540039e+00,4.796061992645263672e+00,3.996718645095825195e+00,3.197374820709228516e+00
2.251999999999999957e+01,3.753922224044799805e+00,3.127148866653442383e+00,2.919314861297607422e+00,4.810400962829589844e+00,4.008667469024658203e+00,3.206933975219726562e+00
2.255999999999999872e+01,3.766922473907470703e+00,3.137991666793823242e+00,2.928463459014892578e+00,4.824755668640136719e+00,4.020629405975341797e+00,3.216503620147705078e+00
2.260000000000000142e+01,3.779940605163574219e+00,3.148849487304687500e+00,2.937623023986816406e+00,4.839126110076904297e+00,4.032604694366455078e+00,3.226083755493164062e+00
2.264000000000000057e+01,3.792976617813110352e+00,3.159722089767456055e+00,2.946793794631958008e+00,4.853511810302734375e+00,4.044592857360839844e+00,3.235674381256103516e+00
2.267999999999999972e+01,3.806030273437500000e+00,3.170609474182128906e+00,2.955975532531738281e+00,4.867913246154785156e+00,4.056594371795654297e+00,3.245275497436523438e+00
2.271999999999999886e+01,3.819101810455322266e+00,3.181511640548706055e+00,2.965168237686157227e+00,4.882330417633056641e+00,4.068608760833740234e+00,3.254886865615844727e+00
2.276000000000000156e+01,3.832190990447998047e+00,3.192428588867187500e+00,2.974372148513793945e+00,4.896763324737548828e+00,4.080636024475097656e+00,3.264508724212646484e+00
2.280000000000000071e+01,3.845298051834106445e+00,3.203360319137573242e+00,2.983587026596069336e+00,4.911211490631103516e+00,4.092676162719726562e+00,3.274140834808349609e+00
2.283999999999999986e+01,3.858422756195068359e+00,3.214306831359863281e+00,2.992812871932983398e+00,4.925675392150878906e+00,4.104729175567626953e+00,3.283783435821533203e+00
2.287999999999999901e+01,3.871565103530883789e+00,3.225267887115478516e+00,3.002049684524536133e+00,4.940154552459716797e+00,4.116795539855957031e+00,3.293436288833618164e+00
2.292000000000000171e+01,3.884725093841552734e+00,3.236243724822998047e+00,3.011297464370727539e+00,4.954649448394775391e+00,4.128874778747558594e+00,3.303099632263183594e+00
2.296000000000000085e+01,3.897902727127075195e+00,3.247234106063842773e+00,3.020556211471557617e+00,4.969159603118896484e+00,4.140966892242431641e+00,3.312773227691650391e+00
2.300000000000000000e+01,3.911098003387451172e+00,3.258239269256591797e+00,3.029825925827026367e+00,4.983685493469238281e+00,4.153071880340576172e+00,3.322457075119018555e+00
2.303999999999999915e+01,3.924310684204101562e+00,3.269258975982666016e+00,3.039106369018554688e+00,4.998226642608642578e+00,4.165189266204833984e+00,3.332151174545288086e+00
2.308000000000000185e+01,3.937541007995605469e+00,3.280293226242065430e+00,3.048397779464721680e+00,5.012783050537109375e+00,4.177319526672363281e+00,3.341855525970458984e+00
2.312000000000000099e+01,3.950788736343383789e+00,3.291342258453369141e+00,3.057700157165527344e+00,5.027354717254638672e+00,4.189462661743164062e+00,3.351570129394531250e+00
2.316000000000000014e+01,3.964053869247436523e+00,3.302405834197998047e+00,3.067013263702392578e+00,5.041942119598388672e+00,4.201618671417236328e+00,3.361294984817504883e+00
2.319999999999999929e+01,3.977336645126342773e+00,3.313483953475952148e+00,3.076337337493896484e+00,5.056544780731201172e+00,4.213787555694580078e+00,3.371029853820800781e+00
2.324000000000000199e+01,3.990636825561523438e+00,3.324576377868652344e+00,3.085672140121459961e+00,5.071162700653076172e+00,4.225968837738037109e+00,3.380774974822998047e+00
2.328000000000000114e+01,4.003954410552978516e+00,3.335683345794677734e+00,3.095017671585083008e+00,5.085795879364013672e+00,4.238162994384765625e+00,3.390530347824096680e+00
2.332000000000000028e+01,4.017289161682128906e+00,3.346804857254028320e+00,3.104374170303344727e+00,5.100443840026855469e+00,4.250370025634765625e+00,3.400295734405517578e+00
2.335999999999999943e+01,4.030641555786132812e+00,3.357940673828125000e+00,3.113741397857666016e+00,5.115107059478759766e+00,4.262589454650878906e+00,3.410071372985839844e+00
2.340000000000000213e+01,4.044011116027832031e+00,3.369091033935546875e+00,3.123119354248046875e+00,5.129785537719726562e+00,4.274821758270263672e+00,3.419857025146484375e+00
2.344000000000000128e+01,4.057397842407226562e+00,3.380255699157714844e+00,3.132508039474487305e+00,5.144479274749755859e+00,4.287066459655761719e+00,3.429652690887451172e+00
2.348000000000000043e+01,4.070801734924316406e+00,3.391434669494628906e+00,3.141907453536987305e+00,5.159187793731689453e+00,4.299323558807373047e+00,3.439458608627319336e+00
2.351999999999999957e+01,4.084222793579101562e+00,3.402628183364868164e+00,3.151317358016967773e+00,5.173911571502685547e+00,4.311593532562255859e+00,3.449274539947509766e+00
2.355999999999999872e+01,4.097661495208740234e+00,3.413836002349853516e+00,3.160737991333007812e+00,5.188650608062744141e+00,4.323875904083251953e+00,3.459100484848022461e+00
2.360000000000000142e+01,4.111117362976074219e+00,3.425058126449584961e+00,3.170169353485107422e+00,5.203404426574707031e+00,4.336170673370361328e+00,3.468936443328857422e+00
2.364000000000000057e+01,4.124590396881103516e+00,3.436294555664062500e+00,3.179611444473266602e+00,5.218173503875732422e+00,4.348477840423583984e+00,3.478782415390014648e+00
2.367999999999999972e+01,4.138080120086669922e+00,3.447545051574707031e+00,3.189064025878906250e+00,5.232957363128662109e+00,4.360797882080078125e+00,3.488638401031494141e+00
2.371999999999999886e+01,4.151587009429931641e+00,3.458809852600097656e+00,3.198527336120605469e+00,5.247756004333496094e+00,4.373130321502685547e+00,3.498504400253295898e+00
2.376000000000000156e+01,4.165111064910888672e+00,3.470088958740234375e+00,3.208001136779785156e+00,5.262569904327392578e+00,4.385475158691406250e+00,3.508380174636840820e+00
2.380000000000000071e+01,4.178652286529541016e+00,3.481382131576538086e+00,3.217485427856445312e+00,5.277398586273193359e+00,4.397832393646240234e+00,3.518265962600708008e+00
2.383999999999999986e+01,4.192210197448730469e+00,3.492689609527587891e+00,3.226980447769165039e+00,5.292242050170898438e+00,4.410202026367187500e+00,3.528161525726318359e+00
2.387999999999999901e+01,4.205785274505615234e+00,3.504011154174804688e+00,3.236485958099365234e+00,5.307100296020507812e+00,4.422584056854248047e+00,3.538067102432250977e+00
2.392000000000000171e+01,4.219377517700195312e+00,3.515346765518188477e+00,3.246001958847045898e+00,5.321973323822021484e+00,4.434978485107421875e+00,3.547982454299926758e+00
2.396000000000000085e+01,4.232986450195312500e+00,3.526696443557739258e+00,3.255528450012207031e+00,5.336861133575439453e+00,4.447385311126708984e+00,3.557907819747924805e+00
2.400000000000000000e+01,4.246612548828125000e+00,3.538060188293457031e+00,3.265065431594848633e+00,5.351763725280761719e+00,4.459804058074951172e+00,3.567842960357666016e+00
2.403999999999999915e+01,4.260255336761474609e+00,3.549437999725341797e+00,3.274612903594970703e+00,5.366681098937988281e+00,4.472235202789306641e+00,3.577787876129150391e+00
2.408000000000000185e+01,4.273914813995361328e+00,3.560829877853393555e+00,3.284170627593994141e+00,5.381613254547119141e+00,4.484678745269775391e+00,3.587742567062377930e+00
2.412000000000000099e+01,4.287591457366943359e+00,3.572235822677612305e+00,3.293738842010498047e+00,5.396560192108154297e+00,4.497134208679199219e+00,3.597707033157348633e+00
2.416000000000000014e+01,4.301284790039062500e+00,3.583655834197998047e+00,3.303317546844482422e+00,5.411521911621093750e+00,4.509602069854736328e+00,3.607681274414062500e+00
2.419999999999999929e+01,4.314994812011718750e+00,3.595089673995971680e+00,3.312906503677368164e+00,5.426497936248779297e+00,4.522082328796386719e+00,3.617665290832519531e+00
2.424000000000000199e+01,4.328721523284912109e+00,3.606537580490112305e+00,3.322505950927734375e+00,5.441488742828369141e+00,4.534574508666992188e+00,3.627659082412719727e+00
2.428000000000000114e+01,4.342464923858642578e+00,3.617999315261840820e+00,3.332115650177001953e+00,5.456493854522705078e+00,4.547079086303710938e+00,3.637662649154663086e+00
2.432000000000000028e+01,4.356225013732910156e+00,3.629474878311157227e+00,3.341735839843750000e+00,5.471513748168945312e+00,4.559595584869384766e+00,3.647675752639770508e+00
2.435999999999999943e+01,4.370001792907714844e+00,3.640964508056640625e+00,3.351366281509399414e+00,5.486547946929931641e+00,4.572124004364013672e+00,3.657698631286621094e+00
2.440000000000000213e+01,4.383795261383056641e+00,3.652467966079711914e+00,3.361006975173950195e+00,5.501596927642822266e+00,4.584664821624755859e+00,3.667731285095214844e+00
2.444000000000000128e+01,4.397605419158935547e+00,3.663985252380371094e+00,3.370657920837402344e+00,5.516660213470458984e+00,4.597217559814453125e+00,3.677773475646972656e+00
2.448000000000000043e+01,4.411432266235351562e+00,3.675516366958618164e+00,3.380319118499755859e+00,5.531737804412841797e+00,4.609782218933105469e+00,3.687825202941894531e+00
2.451999999999999957e+01,4.425275325775146484e+00,3.687061071395874023e+00,3.389990568161010742e+00,5.546830177307128906e+00,4.622358798980712891e+00,3.697886705398559570e+00
2.456000000000000227e+01,4.439135074615478516e+00,3.698619604110717773e+00,3.399672269821166992e+00,5.561936855316162109e+00,4.634947299957275391e+00,3.707957744598388672e+00
2.460000000000000142e+01,4.453011512756347656e+00,3.710191965103149414e+00,3.409364223480224609e+00,5.577057838439941406e+00,4.647548198699951172e+00,3.718038320541381836e+00
2.464000000000000057e+01,4.466904163360595703e+00,3.721777915954589844e+00,3.419066429138183594e+00,5.592193126678466797e+00,4.660161018371582031e+00,3.728128433227539062e+00
2.467999999999999972e+01,4.480813503265380859e+00,3.733377695083618164e+00,3.428778886795043945e+00,5.607342720031738281e+00,4.672785758972167969e+00,3.738228082656860352e+00
2.471999999999999886e+01,4.494739055633544922e+00,3.744991064071655273e+00,3.438501358032226562e+00,5.622506618499755859e+00,4.685421943664550781e+00,3.748337268829345703e+00
2.476000000000000156e+01,4.508681297302246094e+00,3.756618022918701172e+00,3.448234081268310547e+00,5.637684822082519531e+00,4.698070049285888672e+00,3.758455991744995117e+00
2.480000000000000071e+01,4.522639751434326172e+00,3.768258571624755859e+00,3.457976818084716797e+00,5.652876853942871094e+00,4.710730075836181641e+00,3.768584251403808594e+00
2.483999999999999986e+01,4.536614418029785156e+00,3.779912948608398438e+00,3.467729806900024414e+00,5.668083190917968750e+00,4.723402023315429688e+00,3.778721809387207031e+00
2.487999999999999901e+01,4.550605297088623047e+00,3.791580677032470703e+00,3.477492809295654297e+00,5.683303833007812500e+00,4.736085891723632812e+00,3.788868904113769531e+00
2.492000000000000171e+01,4.564612388610839844e+00,3.803261995315551758e+00,3.487265825271606445e+00,5.698538303375244141e+00,4.748781681060791016e+00,3.799025297164916992e+00
2.496000000000000085e+01,4.578636169433593750e+00,3.814956903457641602e+00,3.497048854827880859e+00,5.713787078857421875e+00,4.761488914489746094e+00,3.809191226959228516e+00
2.500000000000000000e+01,4.592676162719726562e+00,3.826665401458740234e+00,3.506842136383056641e+00,5.729050159454345703e+00,4.774208068847656250e+00,3.819366455078125000e+00
2.503999999999999915e+01,4.606732368469238281e+00,3.838387250900268555e+00,3.516645431518554688e+00,5.744327068328857422e+00,4.786938667297363281e+00,3.829550981521606445e+00
2.508000000000000185e+01,4.620804786682128906e+00,3.850122690200805664e+00,3.526458740234375000e+00,5.759617805480957031e+00,4.799681186676025391e+00,3.839745044708251953e+00
2.512000000000000099e+01,4.634892940521240234e+00,3.861871480941772461e+00,3.536281824111938477e+00,5.774922847747802734e+00,4.812435150146484375e+00,3.849948406219482422e+00
2.516000000000000014e+01,4.648997306823730469e+00,3.873633861541748047e+00,3.546114921569824219e+00,5.790241718292236328e+00,4.825201034545898438e+00,3.860161066055297852e+00
2.519999999999999929e+01,4.663117885589599609e+00,3.885409593582153320e+00,3.555958032608032227e+00,5.805574417114257812e+00,4.837978363037109375e+00,3.870383024215698242e+00
2.524000000000000199e+01,4.677254676818847656e+00,3.897198677062988281e+00,3.565811157226562500e+00,5.820921421051025391e+00,4.850767612457275391e+00,3.880614280700683594e+00
2.528000000000000114e+01,4.691407203674316406e+00,3.909001111984252930e+00,3.575674057006835938e+00,5.836282253265380859e+00,4.863568305969238281e+00,3.890854835510253906e+00
2.532000000000000028e+01,4.705575942993164062e+00,3.920816898345947266e+00,3.585546970367431641e+00,5.851656913757324219e+00,4.876380443572998047e+00,3.901104688644409180e+00
2.535999999999999943e+01,4.719760417938232422e+00,3.932646036148071289e+00,3.595429658889770508e+00,5.867045402526855469e+00,4.889204025268554688e+00,3.911363601684570312e+00
2.540000000000000213e+01,4.733961105346679688e+00,3.944488525390625000e+00,3.605322122573852539e+00,5.882447719573974609e+00,4.902039051055908203e+00,3.921631813049316406e+00
2.544000000000000128e+01,4.748177528381347656e+00,3.956344127655029297e+00,3.615224599838256836e+00,5.897863864898681641e+00,4.914885997772216797e+00,3.931909084320068359e+00
2.548000000000000043e+01,4.762410163879394531e+00,3.968213081359863281e+00,3.625136852264404297e+00,5.913293838500976562e+00,4.927744388580322266e+00,3.942195653915405273e+00
2.551999999999999957e+01,4.776658535003662109e+00,3.980095148086547852e+00,3.635058879852294922e+00,5.928737163543701172e+00,4.940614223480224609e+00,3.952491283416748047e+00
2.556000000000000227e+01,4.790922641754150391e+00,3.991990566253662109e+00,3.644990682601928711e+00,5.944194316864013672e+00,4.953495502471923828e+00,3.962796211242675781e+00
2.560000000000000142e+01,4.805202484130859375e+00,4.003899097442626953e+00,3.654932260513305664e+00,5.959665298461914062e+00,4.966387748718261719e+00,3.973110198974609375e+00
2.564000000000000057e+01,4.819498538970947266e+00,4.015820980072021484e+00,3.664883613586425781e+00,5.975150108337402344e+00,4.979291439056396484e+00,3.983433246612548828e+00
2.567999999999999972e+01,4.833810329437255859e+00,4.027755737304687500e+00,3.674844741821289062e+00,5.990648269653320312e+00,4.992206573486328125e+00,3.993765354156494141e+00
2.571999999999999886e+01,4.848137855529785156e+00,4.039703845977783203e+00,3.684815645217895508e+00,6.006160259246826172e+00,5.005133152008056641e+00,4.004106521606445312e+00
2.576000000000000156e+01,4.862481117248535156e+00,4.051664829254150391e+00,3.694796085357666016e+00,6.021685600280761719e+00,5.018071174621582031e+00,4.014456748962402344e+00
2.580000000000000071e+01,4.876839637756347656e+00,4.063638687133789062e+00,3.704786300659179688e+00,6.037224769592285156e+00,5.031020164489746094e+00,4.024816036224365234e+00
2.583999999999999986e+01,4.891213893890380859e+00,4.075625896453857422e+00,3.714786052703857422e+00,6.052777290344238281e+00,5.043980598449707031e+00,4.035184383392333984e+00
2.587999999999999901e+01,4.905603885650634766e+00,4.087625980377197266e+00,3.724795579910278320e+00,6.068343162536621094e+00,5.056952476501464844e+00,4.045561790466308594e+00
2.592000000000000171e+01,4.920009613037109375e+00,4.099638938903808594e+00,3.734814643859863281e+00,6.083922386169433594e+00,5.069935321807861328e+00,4.055948257446289062e+00
2.596000000000000085e+01,4.934431076049804688e+00,4.111665248870849609e+00,3.744843244552612305e+00,6.099515438079833984e+00,5.082929611206054688e+00,4.066343307495117188e+00
2.600000000000000000e+01,4.948867797851562500e+00,4.123704433441162109e+00,3.754881620407104492e+00,6.115121841430664062e+00,5.095934867858886719e+00,4.076747417449951172e+00
2.603999999999999915e+01,4.963320255279541016e+00,4.135756492614746094e+00,3.764929533004760742e+00,6.130741596221923828e+00,5.108951091766357422e+00,4.087160587310791016e+00
2.608000000000000185e+01,4.977787971496582031e+00,4.147821426391601562e+00,3.774986982345581055e+00,6.146374702453613281e+00,5.121978759765625000e+00,4.097582817077636719e+00
2.612000000000000099e+01,4.992271423339843750e+00,4.159899234771728516e+00,3.785053968429565430e+00,6.162021160125732422e+00,5.135017395019531250e+00,4.108013629913330078e+00
2.616000000000000014e+01,5.006770133972167969e+00,4.171989917755126953e+00,3.795130491256713867e+00,6.177680969238281250e+00,5.148066997528076172e+00,4.118453502655029297e+00
2.619999999999999929e+01,5.021284103393554688e+00,4.184093475341796875e+00,3.805216550827026367e+00,6.193353652954101562e+00,5.161127567291259766e+00,4.128901958465576172e+00
2.624000000000000199e+01,5.035813808441162109e+00,4.196209907531738281e+00,3.815312147140502930e+00,6.209039688110351562e+00,5.174199581146240234e+00,4.139359474182128906e+00
2.628000000000000114e+01,5.050358772277832031e+00,4.208339214324951172e+00,3.825417041778564453e+00,6.224739074707031250e+00,5.187282562255859375e+00,4.149825572967529297e+00
2.632000000000000028e+01,5.064918994903564453e+00,4.220480918884277344e+00,3.835531473159790039e+00,6.240451812744140625e+00,5.200376510620117188e+00,4.160300731658935547e+00
2.635999999999999943e+01,5.079494476318359375e+00,4.232635498046875000e+00,3.845655202865600586e+00,6.256177425384521484e+00,5.213481426239013672e+00,4.170784473419189453e+00
2.640000000000000213e+01,5.094085216522216797e+00,4.244802951812744141e+00,3.855788469314575195e+00,6.271916389465332031e+00,5.226597309112548828e+00,4.181277275085449219e+00
2.644000000000000128e+01,5.108691215515136719e+00,4.256982803344726562e+00,3.865931034088134766e+00,6.287668228149414062e+00,5.239724159240722656e+00,4.191778659820556641e+00
2.648000000000000043e+01,5.123312473297119141e+00,4.269175529479980469e+00,3.876083135604858398e+00,6.303433418273925781e+00,5.252861976623535156e+00,4.202288627624511719e+00
2.651999999999999957e+01,5.137948989868164062e+00,4.281381130218505859e+00,3.886244535446166992e+00,6.319211483001708984e+00,5.266010284423828125e+00,4.212807655334472656e+00
2.656000000000000227e+01,5.152600765228271484e+00,4.293599128723144531e+00,3.896415233612060547e+00,6.335002899169921875e+00,5.279169559478759766e+00,4.223335266113281250e+00
2.660000000000000142e+01,5.167267799377441406e+00,4.305829524993896484e+00,3.906595230102539062e+00,6.350807189941406250e+00,5.292339801788330078e+00,4.233871459960937500e+00
2.664000000000000057e+01,5.181949615478515625e+00,4.318072795867919922e+00,3.916784524917602539e+00,6.366624355316162109e+00,5.305521011352539062e+00,4.244416236877441406e+00
2.667999999999999972e+01,5.196646690368652344e+00,4.330328464508056641e+00,3.926983118057250977e+00,6.382454395294189453e+00,5.318712711334228516e+00,4.254969596862792969e+00
2.671999999999999886e+01,5.211359024047851562e+00,4.342597007751464844e+00,3.937191009521484375e+00,6.398297309875488281e+00,5.331915378570556641e+00,4.265531539916992188e+00
2.676000000000000156e+01,5.226086139678955078e+00,4.354877948760986328e+00,3.947408199310302734e+00,6.414153575897216797e+00,5.345128536224365234e+00,4.276102066040039062e+00
2.680000000000000071e+01,5.240828514099121094e+00,4.367171287536621094e+00,3.957634687423706055e+00,6.430022716522216797e+00,5.358352661132812500e+00,4.286681175231933594e+00
2.683999999999999986e+01,5.255585670471191406e+00,4.379477024078369141e+00,3.967870235443115234e+00,6.445904731750488281e+00,5.371587276458740234e+00,4.297268867492675781e+00
2.687999999999999901e+01,5.270358085632324219e+00,4.391795158386230469e+00,3.978115081787109375e+00,6.461799144744873047e+00,5.384832859039306641e+00,4.307865142822265625e+00
2.692000000000000171e+01,5.285145282745361328e+00,4.404125690460205078e+00,3.988368988037109375e+00,6.477706432342529297e+00,5.398088932037353516e+00,4.318470001220703125e+00
2.696000000000000085e+01,5.299947261810302734e+00,4.416468620300292969e+00,3.998632192611694336e+00,6.493626594543457031e+00,5.411355495452880859e+00,4.329083442687988281e+00
2.700000000000000000e+01,5.314764022827148438e+00,4.428823947906494141e+00,4.008904457092285156e+00,6.509559631347656250e+00,5.424633026123046875e+00,4.339705467224121094e+00
2.703999999999999915e+01,5.329596042633056641e+00,4.441191673278808594e+00,4.019186019897460938e+00,6.525505065917968750e+00,5.437921047210693359e+00,4.350336074829101562e+00
2.708000000000000185e+01,5.344442844390869141e+00,4.453571796417236328e+00,4.029476642608642578e+00,6.541463375091552734e+00,5.451219558715820312e+00,4.360974788665771484e+00
2.712000000000000099e+01,5.359304428100585938e+00,4.465964317321777344e+00,4.039776325225830078e+00,6.557434558868408203e+00,5.464528560638427734e+00,4.371622085571289062e+00
2.716000000000000014e+01,5.374180793762207031e+00,4.478369235992431641e+00,4.050085067749023438e+00,6.573418140411376953e+00,5.477848052978515625e+00,4.382277965545654297e+00
2.719999999999999929e+01,5.389071941375732422e+00,4.490786552429199219e+00,4.060402870178222656e+00,6.589414596557617188e+00,5.491178035736083984e+00,4.392941951751708984e+00
2.724000000000000199e+01,5.403977394104003906e+00,4.503215789794921875e+00,4.070729732513427734e+00,6.605423450469970703e+00,5.504518508911132812e+00,4.403614521026611328e+00
2.728000000000000114e+01,5.418897628784179688e+00,4.515657424926757812e+00,4.081065654754638672e+00,6.621444702148437500e+00,5.517869472503662109e+00,4.414295673370361328e+00
2.732000000000000028e+01,5.433832645416259766e+00,4.528111457824707031e+00,4.091410636901855469e+00,6.637478351593017578e+00,5.531230926513671875e+00,4.424984931945800781e+00
2.735999999999999943e+01,5.448782444000244141e+00,4.540577411651611328e+00,4.101764678955078125e+00,6.653524875640869141e+00,5.544602870941162109e+00,4.435682773590087891e+00
2.740000000000000213e+01,5.463746547698974609e+00,4.553055763244628906e+00,4.112127304077148438e+00,6.669583797454833984e+00,5.557985305786132812e+00,4.446388721466064453e+00
2.744000000000000128e+01,5.478725433349609375e+00,4.565546035766601562e+00,4.122498989105224609e+00,6.685655117034912109e+00,5.571378231048583984e+00,4.457102775573730469e+00
2.748000000000000043e+01,5.493718624114990234e+00,4.578048706054687500e+00,4.132879734039306641e+00,6.701738834381103516e+00,5.584781169891357422e+00,4.467825412750244141e+00
2.751999999999999957e+01,5.508726596832275391e+00,4.590563297271728516e+00,4.143269538879394531e+00,6.717834949493408203e+00,5.598194599151611328e+00,4.478556156158447266e+00
2.756000000000000227e+01,5.523748874664306641e+00,4.603089809417724609e+00,4.153667926788330078e+00,6.733943462371826172e+00,5.611618518829345703e+00,4.489295005798339844e+00
2.760000000000000142e+01,5.538785934448242188e+00,4.615628719329833984e+00,4.164075374603271484e+00,6.750064373016357422e+00,5.625052452087402344e+00,4.500042438507080078e+00
2.764000000000000057e+01,5.553837299346923828e+00,4.628179550170898438e+00,4.174491882324218750e+00,6.766197681427001953e+00,5.638496875762939453e+00,4.510797977447509766e+00
2.767999999999999972e+01,5.568902969360351562e+00,4.640742301940917969e+00,4.184916973114013672e+00,6.782342910766601562e+00,5.651951313018798828e+00,4.521561622619628906e+00
2.771999999999999886e+01,5.583982944488525391e+00,4.653316974639892578e+00,4.195351123809814453e+00,6.798500537872314453e+00,5.665416240692138672e+00,4.532333374023437500e+00
2.776000000000000156e+01,5.599077701568603516e+00,4.665903568267822266e+00,4.205793857574462891e+00,6.814670562744140625e+00,5.678891181945800781e+00,4.543113231658935547e+00
2.780000000000000071e+01,5.614186763763427734e+00,4.678502082824707031e+00,4.216245651245117188e+00,6.830852508544921875e+00,5.692376136779785156e+00,4.553901195526123047e+00
2.783999999999999986e+01,5.629310131072998047e+00,4.691112518310546875e+00,4.226706027984619141e+00,6.847046852111816406e+00,5.705871582031250000e+00,4.564697265625000000e+00
2.787999999999999901e+01,5.644447803497314453e+00,4.703734874725341797e+00,4.237174987792968750e+00,6.863253116607666016e+00,5.719377040863037109e+00,4.575501441955566406e+00
2.792000000000000171e+01,5.659599781036376953e+00,4.716369152069091797e+00,4.247653007507324219e+00,6.879471778869628906e+00,5.732892513275146484e+00,4.586313724517822266e+00
2.796000000000000085e+01,5.674765586853027344e+00,4.729015350341796875e+00,4.258139610290527344e+00,6.895702362060546875e+00,5.746417999267578125e+00,4.597134113311767578e+00
2.800000000000000000e+01,5.689945697784423828e+00,4.741673469543457031e+00,4.268634796142578125e+00,6.911944866180419922e+00,5.759953498840332031e+00,4.607962608337402344e+00
2.803999999999999915e+01,5.705140113830566406e+00,4.754343509674072266e+00,4.279138565063476562e+00,6.928199768066406250e+00,5.773499011993408203e+00,4.618799209594726562e+00
2.808000000000000185e+01,5.720348834991455078e+00,4.767024993896484375e+00,4.289651393890380859e+00,6.944466590881347656e+00,5.787054538726806641e+00,4.629643917083740234e+00
2.812000000000000099e+01,5.735571384429931641e+00,4.779718399047851562e+00,4.300172805786132812e+00,6.960745334625244141e+00,5.800620079040527344e+00,4.640496253967285156e+00
2.816000000000000014e+01,5.750808238983154297e+00,4.792423725128173828e+00,4.310702800750732422e+00,6.977035999298095703e+00,5.814195632934570312e+00,4.651356697082519531e+00
2.819999999999999929e+01,5.766058921813964844e+00,4.805140495300292969e+00,4.321241378784179688e+00,6.993338584899902344e+00,5.827781200408935547e+00,4.662225246429443359e+00
2.824000000000000199e+01,5.781323909759521484e+00,4.817869186401367188e+00,4.331788539886474609e+00,7.009653091430664062e+00,5.841376781463623047e+00,4.673101902008056641e+00
2.828000000000000114e+01,5.796602725982666016e+00,4.830609321594238281e+00,4.342344284057617188e+00,7.025979518890380859e+00,5.854982376098632812e+00,4.683986186981201172e+00
2.832000000000000028e+01,5.811895370483398438e+00,4.843361377716064453e+00,4.352908611297607422e+00,7.042317867279052734e+00,5.868597507476806641e+00,4.694878578186035156e+00
2.835999999999999943e+01,5.827202320098876953e+00,4.856124877929687500e+00,4.363481521606445312e+00,7.058668136596679688e+00,5.882222652435302734e+00,4.705778598785400391e+00
2.840000000000000213e+01,5.842523097991943359e+00,4.868899822235107422e+00,4.374063014984130859e+00,7.075029850006103516e+00,5.895857810974121094e+00,4.716686725616455078e+00
2.844000000000000128e+01,5.857857704162597656e+00,4.881686687469482422e+00,4.384652614593505859e+00,7.091403484344482422e+00,5.909502506256103516e+00,4.727602481842041016e+00
2.848000000000000043e+01,5.873206138610839844e+00,4.894484996795654297e+00,4.395250797271728516e+00,7.107789039611816406e+00,5.923157215118408203e+00,4.738526344299316406e+00
2.851999999999999957e+01,5.888568401336669922e+00,4.907294750213623047e+00,4.405857563018798828e+00,7.124186038970947266e+00,5.936821460723876953e+00,4.749457836151123047e+00
2.856000000000000227e+01,5.903944492340087891e+00,4.920115947723388672e+00,4.416472911834716797e+00,7.140594959259033203e+00,5.950495719909667969e+00,4.760396957397460938e+00
2.860000000000000142e+01,5.919334411621093750e+00,4.932948589324951172e+00,4.427096366882324219e+00,7.157015323638916016e+00,5.964179515838623047e+00,4.771344184875488281e+00
2.864000000000000057e+01,5.934738159179687500e+00,4.945792675018310547e+00,4.437728404998779297e+00,7.173447608947753906e+00,5.977872848510742188e+00,4.782299041748046875e+00
2.867999999999999972e+01,5.950155735015869141e+00,4.958648204803466797e+00,4.448369026184082031e+00,7.189891338348388672e+00,5.991576194763183594e+00,4.793261528015136719e+00
2.871999999999999886e+01,5.965587139129638672e+00,4.971515178680419922e+00,4.459017753601074219e+00,7.206346511840820312e+00,6.005289077758789062e+00,4.804231643676757812e+00
2.876000000000000156e+01,5.981031894683837891e+00,4.984393596649169922e+00,4.469675064086914062e+00,7.222813606262207031e+00,6.019011497497558594e+00,4.815209388732910156e+00
2.880000000000000071e+01,5.996490478515625000e+00,4.997283458709716797e+00,4.480340480804443359e+00,7.239292144775390625e+00,6.032743453979492188e+00,4.826195240020751953e+00
2.883999999999999986e+01,6.011962890625000000e+00,5.010184764862060547e+00,4.491014480590820312e+00,7.255782127380371094e+00,6.046484947204589844e+00,4.837188720703125000e+00
2.887999999999999901e+01,6.027448654174804688e+00,5.023097515106201172e+00,4.501696586608886719e+00,7.272283554077148438e+00,6.060235977172851562e+00,4.848189830780029297e+00
2.892000000000000171e+01,6.042948246002197266e+00,5.036021232604980469e+00,4.512387275695800781e+00,7.288796424865722656e+00,6.073996543884277344e+00,4.859198570251464844e+00
2.896000000000000085e+01,6.058461189270019531e+00,5.048956394195556641e+00,4.523086071014404297e+00,7.305320739746093750e+00,6.087766647338867188e+00,4.870214939117431641e+00
2.900000000000000000e+01,6.073987960815429688e+00,5.061902999877929688e+00,4.533792972564697266e+00,7.321856498718261719e+00,6.101546287536621094e+00,4.881238937377929688e+00
2.903999999999999915e+01,6.089528083801269531e+00,5.074860572814941406e+00,4.544508457183837891e+00,7.338403701782226562e+00,6.115335464477539062e+00,4.892270088195800781e+00
2.908000000000000185e+01,6.105081558227539062e+00,5.087829589843750000e+00,4.555232048034667969e+00,7.354962348937988281e+00,6.129134178161621094e+00,4.903308868408203125e+00
2.912000000000000099e+01,6.120648384094238281e+00,5.100809574127197266e+00,4.565963745117187500e+00,7.371531963348388672e+00,6.142942428588867188e+00,4.914355278015136719e+00
2.916000000000000014e+01,6.136228561401367188e+00,5.113801002502441406e+00,4.576703548431396484e+00,7.388113021850585938e+00,6.156760215759277344e+00,4.925409317016601562e+00
2.919999999999999929e+01,6.151822566986083984e+00,5.126803398132324219e+00,4.587451457977294922e+00,7.404705524444580078e+00,6.170587062835693359e+00,4.936470985412597656e+00
2.924000000000000199e+01,6.167429924011230469e+00,5.139816761016845703e+00,4.598207950592041016e+00,7.421308994293212891e+00,6.184423446655273438e+00,4.947539806365966797e+00
2.928000000000000114e+01,6.183050632476806641e+00,5.152841567993164062e+00,4.608972549438476562e+00,7.437923908233642578e+00,6.198269367218017578e+00,4.958616256713867188e+00
2.932000000000000028e+01,6.198684692382812500e+00,5.165877342224121094e+00,4.619745254516601562e+00,7.454549789428710938e+00,6.212124347686767578e+00,4.969700336456298828e+00
2.935999999999999943e+01,6.214331626892089844e+00,5.178924083709716797e+00,4.630526065826416016e+00,7.471187114715576172e+00,6.225988864898681641e+00,4.980791568756103516e+00
2.940000000000000213e+01,6.229991912841796875e+00,5.191981792449951172e+00,4.641314983367919922e+00,7.487835407257080078e+00,6.239862442016601562e+00,4.991890430450439453e+00
2.944000000000000128e+01,6.245665550231933594e+00,5.205050468444824219e+00,4.652111530303955078e+00,7.504494667053222656e+00,6.253745079040527344e+00,5.002996444702148438e+00
2.948000000000000043e+01,6.261352539062500000e+00,5.218130111694335938e+00,4.662916183471679688e+00,7.521164894104003906e+00,6.267637252807617188e+00,5.014110088348388672e+00
2.951999999999999957e+01,6.277052402496337891e+00,5.231220722198486328e+00,4.673728942871093750e+00,7.537846088409423828e+00,6.281538486480712891e+00,5.025230884552001953e+00
2.956000000000000227e+01,6.292765617370605469e+00,5.244322299957275391e+00,4.684549808502197266e+00,7.554538726806640625e+00,6.295448780059814453e+00,5.036359310150146484e+00
2.960000000000000142e+01,6.308491706848144531e+00,5.257434844970703125e+00,4.695378780364990234e+00,7.571242332458496094e+00,6.309368133544921875e+00,5.047494888305664062e+00
2.964000000000000057e+01,6.324231147766113281e+00,5.270558357238769531e+00,4.706215381622314453e+00,7.587956905364990234e+00,6.323297023773193359e+00,5.058637619018554688e+00
2.967999999999999972e+01,6.339983463287353516e+00,5.283692836761474609e+00,4.717060089111328125e+00,7.604682445526123047e+00,6.337234973907470703e+00,5.069787979125976562e+00
2.971999999999999886e+01,6.355749130249023438e+00,5.296838283538818359e+00,4.727912902832031250e+00,7.621418476104736328e+00,6.351181983947753906e+00,5.080945491790771484e+00
2.976000000000000156e+01,6.371527671813964844e+00,5.309994697570800781e+00,4.738773345947265625e+00,7.638165473937988281e+00,6.365138053894042969e+00,5.092110157012939453e+00
2.980000000000000071e+01,6.387319087982177734e+00,5.323161602020263672e+00,4.749641895294189453e+00,7.654923439025878906e+00,6.379103183746337891e+00,5.103281974792480469e+00
2.983999999999999986e+01,6.403123378753662109e+00,5.336339473724365234e+00,4.760518074035644531e+00,7.671692371368408203e+00,6.393077373504638672e+00,5.114461421966552734e+00
2.987999999999999901e+01,6.418940544128417969e+00,5.349527835845947266e+00,4.771402359008789062e+00,7.688472270965576172e+00,6.407060623168945312e+00,5.125648021697998047e+00
2.992000000000000171e+01,6.434771060943603516e+00,5.362727165222167969e+00,4.782294273376464844e+00,7.705262660980224609e+00,6.421052455902099609e+00,5.136841773986816406e+00
2.996000000000000085e+01,6.450614452362060547e+00,5.375936985015869141e+00,4.793194293975830078e+00,7.722064018249511719e+00,6.435053348541259766e+00,5.148042678833007812e+00
3.000000000000000000e+01,6.466470718383789062e+00,5.389157772064208984e+00,4.804101943969726562e+00,7.738875865936279297e+00,6.449063301086425781e+00,5.159250736236572266e+00
3.003999999999999915e+01,6.482339382171630859e+00,5.402389049530029297e+00,4.815017700195312500e+00,7.755698680877685547e+00,6.463082313537597656e+00,5.170465946197509766e+00
3.008000000000000185e+01,6.498220920562744141e+00,5.415631294250488281e+00,4.825941085815429688e+00,7.772531986236572266e+00,6.477109909057617188e+00,5.181688308715820312e+00
3.012000000000000099e+01,6.514115333557128906e+00,5.428884029388427734e+00,4.836872100830078125e+00,7.789375782012939453e+00,6.491146564483642578e+00,5.192917823791503906e+00
3.016000000000000014e+01,6.530022621154785156e+00,5.442147254943847656e+00,4.847810745239257812e+00,7.806230545043945312e+00,6.505191802978515625e+00,5.204154014587402344e+00
3.019999999999999929e+01,6.545942783355712891e+00,5.455420970916748047e+00,4.858757495880126953e+00,7.823095798492431641e+00,6.519246101379394531e+00,5.215397357940673828e+00
3.024000000000000199e+01,6.561875343322753906e+00,5.468705654144287109e+00,4.869711875915527344e+00,7.839971542358398438e+00,6.533308982849121094e+00,5.226647853851318359e+00
3.028000000000000114e+01,6.577820777893066406e+00,5.482000827789306641e+00,4.880673885345458984e+00,7.856857776641845703e+00,6.547380924224853516e+00,5.237905502319335938e+00
3.032000000000000028e+01,6.593778610229492188e+00,5.495306491851806641e+00,4.891643524169921875e+00,7.873754501342773438e+00,6.561461448669433594e+00,5.249169826507568359e+00
3.035999999999999943e+01,6.609749317169189453e+00,5.508622646331787109e+00,4.902620792388916016e+00,7.890661716461181641e+00,6.575551033020019531e+00,5.260441303253173828e+00
3.040000000000000213e+01,6.625732421875000000e+00,5.521949291229248047e+00,4.913605690002441406e+00,7.907579421997070312e+00,6.589649200439453125e+00,5.271719932556152344e+00
3.044000000000000128e+01,6.641727924346923828e+00,5.535286426544189453e+00,4.924598217010498047e+00,7.924507617950439453e+00,6.603755950927734375e+00,5.283005237579345703e+00
3.048000000000000043e+01,6.657736301422119141e+00,5.548634052276611328e+00,4.935598373413085938e+00,7.941446304321289062e+00,6.617871284484863281e+00,5.294297695159912109e+00
3.051999999999999957e+01,6.673757076263427734e+00,5.561991691589355469e+00,4.946606159210205078e+00,7.958395004272460938e+00,6.631995201110839844e+00,5.305596828460693359e+00
3.056000000000000227e+01,6.689790248870849609e+00,5.575359821319580078e+00,4.957621574401855469e+00,7.975354194641113281e+00,6.646128177642822266e+00,5.316903114318847656e+00
3.060000000000000142e+01,6.705835819244384766e+00,5.588738441467285156e+00,4.968644618988037109e+00,7.992323875427246094e+00,6.660269737243652344e+00,5.328216075897216797e+00
3.064000000000000057e+01,6.721893787384033203e+00,5.602127552032470703e+00,4.979674816131591797e+00,8.009304046630859375e+00,6.674419879913330078e+00,5.339536190032958984e+00
3.067999999999999972e+01,6.737964153289794922e+00,5.615526676177978516e+00,4.990712642669677734e+00,8.026293754577636719e+00,6.688578128814697266e+00,5.350862979888916016e+00
3.071999999999999886e+01,6.754046916961669922e+00,5.628936290740966797e+00,5.001758098602294922e+00,8.043293952941894531e+00,6.702744960784912109e+00,5.362196445465087891e+00
3.076000000000000156e+01,6.770142078399658203e+00,5.642355918884277344e+00,5.012811183929443359e+00,8.060304641723632812e+00,6.716920375823974609e+00,5.373536586761474609e+00
3.080000000000000071e+01,6.786249637603759766e+00,5.655786037445068359e+00,5.023871421813964844e+00,8.077325820922851562e+00,6.731104373931884766e+00,5.384883880615234375e+00
3.083999999999999986e+01,6.802369594573974609e+00,5.669226169586181641e+00,5.034939289093017578e+00,8.094356536865234375e+00,6.745296955108642578e+00,5.396237850189208984e+00
3.087999999999999901e+01,6.818501472473144531e+00,5.682676792144775391e+00,5.046014308929443359e+00,8.111397743225097656e+00,6.759498119354248047e+00,5.407598495483398438e+00
3.092000000000000171e+01,6.834645748138427734e+00,5.696137428283691406e+00,5.057096958160400391e+00,8.128448486328125000e+00,6.773707389831542969e+00,5.418965816497802734e+00
3.096000000000000085e+01,6.850802421569824219e+00,5.709608078002929688e+00,5.068186759948730469e+00,8.145509719848632812e+00,6.787925243377685547e+00,5.430339813232421875e+00
3.100000000000000000e+01,6.866971015930175781e+00,5.723089218139648438e+00,5.079284191131591797e+00,8.162581443786621094e+00,6.802151203155517578e+00,5.441720485687255859e+00
3.103999999999999915e+01,6.883152008056640625e+00,5.736580371856689453e+00,5.090388774871826172e+00,8.179662704467773438e+00,6.816385746002197266e+00,5.453108310699462891e+00
3.108000000000000185e+01,6.899344921112060547e+00,5.750081539154052734e+00,5.101500988006591797e+00,8.196754455566406250e+00,6.830628395080566406e+00,5.464502811431884766e+00
3.112000000000000099e+01,6.915549755096435547e+00,5.763592720031738281e+00,5.112620353698730469e+00,8.213855743408203125e+00,6.844879627227783203e+00,5.475903511047363281e+00
3.116000000000000014e+01,6.931766986846923828e+00,5.777113914489746094e+00,5.123746871948242188e+00,8.230967521667480469e+00,6.859138965606689453e+00,5.487310886383056641e+00
3.119999999999999929e+01,6.947996139526367188e+00,5.790645122528076172e+00,5.134881019592285156e+00,8.248088836669921875e+00,6.873406887054443359e+00,5.498724937438964844e+00
3.124000000000000199e+01,6.964237213134765625e+00,5.804186344146728516e+00,5.146022319793701172e+00,8.265219688415527344e+00,6.887682914733886719e+00,5.510145664215087891e+00
3.128000000000000114e+01,6.980490207672119141e+00,5.817737579345703125e+00,5.157170772552490234e+00,8.282361030578613281e+00,6.901967048645019531e+00,5.521573066711425781e+00
3.132000000000000028e+01,6.996755123138427734e+00,5.831298828125000000e+00,5.168326377868652344e+00,8.299511909484863281e+00,6.916259288787841797e+00,5.533007144927978516e+00
3.135999999999999943e+01,7.013032436370849609e+00,5.844870090484619141e+00,5.179489135742187500e+00,8.316672325134277344e+00,6.930559635162353516e+00,5.544447422027587891e+00
3.140000000000000213e+01,7.029321670532226562e+00,5.858451366424560547e+00,5.190659046173095703e+00,8.333842277526855469e+00,6.944868564605712891e+00,5.555894374847412109e+00
3.144000000000000128e+01,7.045622348785400391e+00,5.872042655944824219e+00,5.201836109161376953e+00,8.351022720336914062e+00,6.959185600280761719e+00,5.567348003387451172e+00
3.148000000000000043e+01,7.061934947967529297e+00,5.885643482208251953e+00,5.213020324707031250e+00,8.368212699890136719e+00,6.973510742187500000e+00,5.578807830810546875e+00
3.151999999999999957e+01,7.078259468078613281e+00,5.899254322052001953e+00,5.224211692810058594e+00,8.385412216186523438e+00,6.987843513488769531e+00,5.590274333953857422e+00
3.156000000000000227e+01,7.094595909118652344e+00,5.912874698638916016e+00,5.235410213470458984e+00,8.402621269226074219e+00,7.002184391021728516e+00,5.601747035980224609e+00
3.160000000000000142e+01,7.110944271087646484e+00,5.926505088806152344e+00,5.246615886688232422e+00,8.419839859008789062e+00,7.016533374786376953e+00,5.613226413726806641e+00
3.164000000000000057e+01,7.127304077148437500e+00,5.940145492553710938e+00,5.257828712463378906e+00,8.437067985534667969e+00,7.030890464782714844e+00,5.624711990356445312e+00
3.167999999999999972e+01,7.143675804138183594e+00,5.953795433044433594e+00,5.269048690795898438e+00,8.454306602478027344e+00,7.045255661010742188e+00,5.636204242706298828e+00
3.172000000000000242e+01,7.160058975219726562e+00,5.967454910278320312e+00,5.280275821685791016e+00,8.471554756164550781e+00,7.059628963470458984e+00,5.647702693939208984e+00
3.176000000000000156e+01,7.176454067230224609e+00,5.981124401092529297e+00,5.291510105133056641e+00,8.488812446594238281e+00,7.074009895324707031e+00,5.659207820892333984e+00
3.180000000000000071e+01,7.192860603332519531e+00,5.994803428649902344e+00,5.302751064300537109e+00,8.506079673767089844e+00,7.088398933410644531e+00,5.670719146728515625e+00
3.183999999999999986e+01,7.209279060363769531e+00,6.008491992950439453e+00,5.313999176025390625e+00,8.523355484008789062e+00,7.102796077728271484e+00,5.682236671447753906e+00
3.187999999999999901e+01,7.225708961486816406e+00,6.022190570831298828e+00,5.325254440307617188e+00,8.540640830993652344e+00,7.117200851440429688e+00,5.693760395050048828e+00
3.192000000000000171e+01,7.242150306701660156e+00,6.035898685455322266e+00,5.336516380310058594e+00,8.557935714721679688e+00,7.131613731384277344e+00,5.705290317535400391e+00
3.196000000000000085e+01,7.258603096008300781e+00,6.049616336822509766e+00,5.347785472869873047e+00,8.575240135192871094e+00,7.146034240722656250e+00,5.716826915740966797e+00
3.200000000000000000e+01,7.275067329406738281e+00,6.063343524932861328e+00,5.359061241149902344e+00,8.592554092407226562e+00,7.160462379455566406e+00,5.728369712829589844e+00
3.203999999999999915e+01,7.291543006896972656e+00,6.077080249786376953e+00,5.370344161987304688e+00,8.609877586364746094e+00,7.174898624420166016e+00,5.739918708801269531e+00
3.207999999999999829e+01,7.308030128479003906e+00,6.090826511383056641e+00,5.381633758544921875e+00,8.627210617065429688e+00,7.189342498779296875e+00,5.751473903656005859e+00
3.211999999999999744e+01,7.324528694152832031e+00,6.104582309722900391e+00,5.392930507659912109e+00,8.644552230834960938e+00,7.203794002532958984e+00,5.763035297393798828e+00
3.216000000000000369e+01,7.341038703918457031e+00,6.118347644805908203e+00,5.404233932495117188e+00,8.661903381347656250e+00,7.218253135681152344e+00,5.774602890014648438e+00
3.220000000000000284e+01,7.357560157775878906e+00,6.132122516632080078e+00,5.415544033050537109e+00,8.679264068603515625e+00,7.232720375061035156e+00,5.786176681518554688e+00
3.224000000000000199e+01,7.374093055725097656e+00,6.145906925201416016e+00,5.426861286163330078e+00,8.696633338928222656e+00,7.247195243835449219e+00,5.797756671905517578e+00
3.228000000000000114e+01,7.390637397766113281e+00,6.159700393676757812e+00,5.438185214996337891e+00,8.714012145996093750e+00,7.261677742004394531e+00,5.809342384338378906e+00
3.232000000000000028e+01,7.407192707061767578e+00,6.173503398895263672e+00,5.449515819549560547e+00,8.731400489807128906e+00,7.276167869567871094e+00,5.820934295654296875e+00
3.235999999999999943e+01,7.423759460449218750e+00,6.187315940856933594e+00,5.460853099822998047e+00,8.748797416687011719e+00,7.290665626525878906e+00,5.832532405853271484e+00
3.239999999999999858e+01,7.440337657928466797e+00,6.201137542724609375e+00,5.472197055816650391e+00,8.766203880310058594e+00,7.305171012878417969e+00,5.844136714935302734e+00
3.243999999999999773e+01,7.456926822662353516e+00,6.214968681335449219e+00,5.483547687530517578e+00,8.783618927001953125e+00,7.319684028625488281e+00,5.855746746063232422e+00
3.248000000000000398e+01,7.473527431488037109e+00,6.228808879852294922e+00,5.494905471801757812e+00,8.801043510437011719e+00,7.334204196929931641e+00,5.867362976074218750e+00
3.252000000000000313e+01,7.490139007568359375e+00,6.242658615112304688e+00,5.506269931793212891e+00,8.818476676940917969e+00,7.348731994628906250e+00,5.878985404968261719e+00
3.256000000000000227e+01,7.506761550903320312e+00,6.256517410278320312e+00,5.517641067504882812e+00,8.835919380187988281e+00,7.363267421722412109e+00,5.890613555908203125e+00
3.260000000000000142e+01,7.523395538330078125e+00,6.270385742187500000e+00,5.529018878936767578e+00,8.853370666503906250e+00,7.377810478210449219e+00,5.902247905731201172e+00
3.264000000000000057e+01,7.540040493011474609e+00,6.284263134002685547e+00,5.540402889251708984e+00,8.870831489562988281e+00,7.392360687255859375e+00,5.913887977600097656e+00
3.267999999999999972e+01,7.556696414947509766e+00,6.298149585723876953e+00,5.551793575286865234e+00,8.888300895690917969e+00,7.406918525695800781e+00,5.925534248352050781e+00
3.271999999999999886e+01,7.573363304138183594e+00,6.312045574188232422e+00,5.563190937042236328e+00,8.905778884887695312e+00,7.421483516693115234e+00,5.937186241149902344e+00
3.275999999999999801e+01,7.590041160583496094e+00,6.325950622558593750e+00,5.574594974517822266e+00,8.923266410827636719e+00,7.436056137084960938e+00,5.948844432830810547e+00
3.279999999999999716e+01,7.606729984283447266e+00,6.339864730834960938e+00,5.586005687713623047e+00,8.940762519836425781e+00,7.450635910034179688e+00,5.960508346557617188e+00
3.284000000000000341e+01,7.623429775238037109e+00,6.353787899017333984e+00,5.597423076629638672e+00,8.958267211914062500e+00,7.465223312377929688e+00,5.972178459167480469e+00
3.288000000000000256e+01,7.640140533447265625e+00,6.367720127105712891e+00,5.608846664428710938e+00,8.975780487060546875e+00,7.479817867279052734e+00,5.983854293823242188e+00
3.292000000000000171e+01,7.656862258911132812e+00,6.381661415100097656e+00,5.620276927947998047e+00,8.993303298950195312e+00,7.494420051574707031e+00,5.995535850524902344e+00
3.296000000000000085e+01,7.673594951629638672e+00,6.395611763000488281e+00,5.631713390350341797e+00,9.010834693908691406e+00,7.509029388427734375e+00,6.007223129272460938e+00
3.300000000000000000e+01,7.690338134765625000e+00,6.409571170806884766e+00,5.643156528472900391e+00,9.028374671936035156e+00,7.523645877838134766e+00,6.018916130065917969e+00
3.303999999999999915e+01,7.707092285156250000e+00,6.423539638519287109e+00,5.654606342315673828e+00,9.045923233032226562e+00,7.538269519805908203e+00,6.030615329742431641e+00
3.307999999999999829e+01,7.723857402801513672e+00,6.437517166137695312e+00,5.666062355041503906e+00,9.063480377197265625e+00,7.552900314331054688e+00,6.042320251464843750e+00
3.311999999999999744e+01,7.740633010864257812e+00,6.451503276824951172e+00,5.677525043487548828e+00,9.081046104431152344e+00,7.567538261413574219e+00,6.054030895233154297e+00
3.316000000000000369e+01,7.757419586181640625e+00,6.465498447418212891e+00,5.688993930816650391e+00,9.098620414733886719e+00,7.582183837890625000e+00,6.065747261047363281e+00
3.320000000000000284e+01,7.774216651916503906e+00,6.479502677917480469e+00,5.700469017028808594e+00,9.116203308105468750e+00,7.596836090087890625e+00,6.077469348907470703e+00
3.324000000000000199e+01,7.791024208068847656e+00,6.493515491485595703e+00,5.711950778961181641e+00,9.133794784545898438e+00,7.611495494842529297e+00,6.089197158813476562e+00
3.328000000000000114e+01,7.807842731475830078e+00,6.507537364959716797e+00,5.723438739776611328e+00,9.151394844055175781e+00,7.626162052154541016e+00,6.100930690765380859e+00
3.332000000000000028e+01,7.824671745300292969e+00,6.521567821502685547e+00,5.734932899475097656e+00,9.169003486633300781e+00,7.640835762023925781e+00,6.112669944763183594e+00
3.335999999999999943e+01,7.841511249542236328e+00,6.535607337951660156e+00,5.746433734893798828e+00,9.186620712280273438e+00,7.655516624450683594e+00,6.124414443969726562e+00
3.339999999999999858e+01,7.858361244201660156e+00,6.549655437469482422e+00,5.757940769195556641e+00,9.204246520996093750e+00,7.670204639434814453e+00,6.136164665222167969e+00
3.343999999999999773e+01,7.875221729278564453e+00,6.563712596893310547e+00,5.769454002380371094e+00,9.221879959106445312e+00,7.684899806976318359e+00,6.147920608520507812e+00
3.348000000000000398e+01,7.892092704772949219e+00,6.577778339385986328e+00,5.780973434448242188e+00,9.239521980285644531e+00,7.699601650238037109e+00,6.159682273864746094e+00
3.352000000000000313e+01,7.908974170684814453e+00,6.591852664947509766e+00,5.792499065399169922e+00,9.257172584533691406e+00,7.714310646057128906e+00,6.171449184417724609e+00
3.356000000000000227e+01,7.925866127014160156e+00,6.605936050415039062e+00,5.804030895233154297e+00,9.274831771850585938e+00,7.729026317596435547e+00,6.183221817016601562e+00
3.360000000000000142e+01,7.942768573760986328e+00,6.620028018951416016e+00,5.815568923950195312e+00,9.292498588562011719e+00,7.743749141693115234e+00,6.195000171661376953e+00
3.364000000000000057e+01,7.959681510925292969e+00,6.634128570556640625e+00,5.827113151550292969e+00,9.310173988342285156e+00,7.758478641510009766e+00,6.206783771514892578e+00
3.367999999999999972e+01,7.976604938507080078e+00,6.648237705230712891e+00,5.838663578033447266e+00,9.327857971191406250e+00,7.773215293884277344e+00,6.218573093414306641e+00
3.371999999999999886e+01,7.993538379669189453e+00,6.662355422973632812e+00,5.850220203399658203e+00,9.345549583435058594e+00,7.787958621978759766e+00,6.230367660522460938e+00
3.375999999999999801e+01,8.010482788085937500e+00,6.676481723785400391e+00,5.861783027648925781e+00,9.363249778747558594e+00,7.802708625793457031e+00,6.242167949676513672e+00
3.379999999999999716e+01,8.027437210083007812e+00,6.690616607666015625e+00,5.873352050781250000e+00,9.380958557128906250e+00,7.817465782165527344e+00,6.253973484039306641e+00
3.384000000000000341e+01,8.044402122497558594e+00,6.704760074615478516e+00,5.884927272796630859e+00,9.398674964904785156e+00,7.832229614257812500e+00,6.265784263610839844e+00
3.388000000000000256e+01,8.061376571655273438e+00,6.718912124633789062e+00,5.896508693695068359e+00,9.416399955749511719e+00,7.847000122070312500e+00,6.277600765228271484e+00
3.392000000000000171e+01,8.078361511230468750e+00,6.733072757720947266e+00,5.908095836639404297e+00,9.434132575988769531e+00,7.861777305603027344e+00,6.289422512054443359e+00
3.396000000000000085e+01,8.095356941223144531e+00,6.747241497039794922e+00,5.919689178466796875e+00,9.451873779296875000e+00,7.876561164855957031e+00,6.301249504089355469e+00
3.400000000000000000e+01,8.112361907958984375e+00,6.761418819427490234e+00,5.931288719177246094e+00,9.469622611999511719e+00,7.891351699829101562e+00,6.313082218170166016e+00
3.403999999999999915e+01,8.129377365112304688e+00,6.775604724884033203e+00,5.942893981933593750e+00,9.487379074096679688e+00,7.906148910522460938e+00,6.324920177459716797e+00
3.407999999999999829e+01,8.146403312683105469e+00,6.789798736572265625e+00,5.954505443572998047e+00,9.505144119262695312e+00,7.920952796936035156e+00,6.336763381958007812e+00
3.411999999999999744e+01,8.163438796997070312e+00,6.804001331329345703e+00,5.966122627258300781e+00,9.522916793823242188e+00,7.935763359069824219e+00,6.348611831665039062e+00
3.416000000000000369e+01,8.180484771728515625e+00,6.818212509155273438e+00,5.977746009826660156e+00,9.540698051452636719e+00,7.950580596923828125e+00,6.360465526580810547e+00
3.420000000000000284e+01,8.197540283203125000e+00,6.832431793212890625e+00,5.989375114440917969e+00,9.558486938476562500e+00,7.965404510498046875e+00,6.372324466705322266e+00
3.424000000000000199e+01,8.214606285095214844e+00,6.846659660339355469e+00,6.001010417938232422e+00,9.576283454895019531e+00,7.980235099792480469e+00,6.384188652038574219e+00
3.428000000000000114e+01,8.231681823730468750e+00,6.860895633697509766e+00,6.012651443481445312e+00,9.594087600708007812e+00,7.995072364807128906e+00,6.396058082580566406e+00
3.432000000000000028e+01,8.248767852783203125e+00,6.875139713287353516e+00,6.024298667907714844e+00,9.611899375915527344e+00,8.009916305541992188e+00,6.407932758331298828e+00
3.435999999999999943e+01,8.265863418579101562e+00,6.889392375946044922e+00,6.035951614379882812e+00,9.629719734191894531e+00,8.024765968322753906e+00,6.419812679290771484e+00
3.439999999999999858e+01,8.282968521118164062e+00,6.903653144836425781e+00,6.047610282897949219e+00,9.647547721862792969e+00,8.039622306823730469e+00,6.431697845458984375e+00
3.443999999999999773e+01,8.300084114074707031e+00,6.917922019958496094e+00,6.059274673461914062e+00,9.665383338928222656e+00,8.054485321044921875e+00,6.443588256835937500e+00
3.448000000000000398e+01,8.317209243774414062e+00,6.932199001312255859e+00,6.070945262908935547e+00,9.683226585388183594e+00,8.069355010986328125e+00,6.455483913421630859e+00
3.452000000000000313e+01,8.334343910217285156e+00,6.946484088897705078e+00,6.082621574401855469e+00,9.701077461242675781e+00,8.084230422973632812e+00,6.467384338378906250e+00
3.456000000000000227e+01,8.351489067077636719e+00,6.960777282714843750e+00,6.094303607940673828e+00,9.718935966491699219e+00,8.099112510681152344e+00,6.479290008544921875e+00
3.460000000000000142e+01,8.368643760681152344e+00,6.975078582763671875e+00,6.105991363525390625e+00,9.736802101135253906e+00,8.114001274108886719e+00,6.491200923919677734e+00
3.464000000000000057e+01,8.385807991027832031e+00,6.989387989044189453e+00,6.117684841156005859e+00,9.754675865173339844e+00,8.128895759582519531e+00,6.503116607666015625e+00
3.467999999999999972e+01,8.402981758117675781e+00,7.003705501556396484e+00,6.129384040832519531e+00,9.772557258605957031e+00,8.143796920776367188e+00,6.515037536621093750e+00
3.471999999999999886e+01,8.420165061950683594e+00,7.018031120300292969e+00,6.141088962554931641e+00,9.790446281433105469e+00,8.158704757690429688e+00,6.526963710784912109e+00
3.475999999999999801e+01,8.437357902526855469e+00,7.032364845275878906e+00,6.152799606323242188e+00,9.808342933654785156e+00,8.173618316650390625e+00,6.538894653320312500e+00
3.480000000000000426e+01,8.454560279846191406e+00,7.046706676483154297e+00,6.164515972137451172e+00,9.826247215270996094e+00,8.188538551330566406e+00,6.550830841064453125e+00
3.484000000000000341e+01,8.471772193908691406e+00,7.061056613922119141e+00,6.176238059997558594e+00,9.844159126281738281e+00,8.203464508056640625e+00,6.562771797180175781e+00
3.488000000000000256e+01,8.488994598388671875e+00,7.075414180755615234e+00,6.187965869903564453e+00,9.862077713012695312e+00,8.218397140502929688e+00,6.574717998504638672e+00
3.492000000000000171e+01,8.506226539611816406e+00,7.089779853820800781e+00,6.199698925018310547e+00,9.880003929138183594e+00,8.233335494995117188e+00,6.586668968200683594e+00
3.496000000000000085e+01,8.523467063903808594e+00,7.104153156280517578e+00,6.211437702178955078e+00,9.897937774658203125e+00,8.248280525207519531e+00,6.598624706268310547e+00
3.500000000000000000e+01,8.540717124938964844e+00,7.118534564971923828e+00,6.223182201385498047e+00,9.915879249572753906e+00,8.263231277465820312e+00,6.610585689544677734e+00
3.503999999999999915e+01,8.557976722717285156e+00,7.132924079895019531e+00,6.234932422637939453e+00,9.933827400207519531e+00,8.278188705444335938e+00,6.622551441192626953e+00
3.507999999999999829e+01,8.575245857238769531e+00,7.147321224212646484e+00,6.246687889099121094e+00,9.951783180236816406e+00,8.293151855468750000e+00,6.634521961212158203e+00
3.511999999999999744e+01,8.592524528503417969e+00,7.161725997924804688e+00,6.258449077606201172e+00,9.969746589660644531e+00,8.308120727539062500e+00,6.646497249603271484e+00
3.516000000000000369e+01,8.609812736511230469e+00,7.176138877868652344e+00,6.270215511322021484e+00,9.987716674804687500e+00,8.323096275329589844e+00,6.658477306365966797e+00
3.520000000000000284e+01,8.627110481262207031e+00,7.190559387207031250e+00,6.281987667083740234e+00,1.000569438934326172e+01,8.338077545166015625e+00,6.670462131500244141e+00
3.524000000000000199e+01,8.644416809082031250e+00,7.204987525939941406e+00,6.293765068054199219e+00,1.002367877960205078e+01,8.353064537048339844e+00,6.682451725006103516e+00
3.528000000000000114e+01,8.661732673645019531e+00,7.219423770904541016e+00,6.305548191070556641e+00,1.004167079925537109e+01,8.368058204650878906e+00,6.694446563720703125e+00
3.532000000000000028e+01,8.679058074951171875e+00,7.233867645263671875e+00,6.317336559295654297e+00,1.005966949462890625e+01,8.383057594299316406e+00,6.706446170806884766e+00
3.535999999999999943e+01,8.696393013000488281e+00,7.248319149017333984e+00,6.329130649566650391e+00,1.007767581939697266e+01,8.398062705993652344e+00,6.718450069427490234e+00
3.539999999999999858e+01,8.713736534118652344e+00,7.262778282165527344e+00,6.340929985046386719e+00,1.009568881988525391e+01,8.413073539733886719e+00,6.730458736419677734e+00
3.543999999999999773e+01,8.731089591979980469e+00,7.277245044708251953e+00,6.352734565734863281e+00,1.011370944976806641e+01,8.428090095520019531e+00,6.742472171783447266e+00
3.548000000000000398e+01,8.748452186584472656e+00,7.291719436645507812e+00,6.364544868469238281e+00,1.013173675537109375e+01,8.443113327026367188e+00,6.754490375518798828e+00
3.552000000000000313e+01,8.765823364257812500e+00,7.306201457977294922e+00,6.376360416412353516e+00,1.014977073669433594e+01,8.458142280578613281e+00,6.766513347625732422e+00
3.556000000000000227e+01,8.783204078674316406e+00,7.320691108703613281e+00,6.388181209564208984e+00,1.016781234741210938e+01,8.473176956176757812e+00,6.778541088104248047e+00
3.560000000000000142e+01,8.800593376159667969e+00,7.335188388824462891e+00,6.400007247924804688e+00,1.018586063385009766e+01,8.488217353820800781e+00,6.790573120117187500e+00
3.564000000000000057e+01,8.817992210388183594e+00,7.349692821502685547e+00,6.411838531494140625e+00,1.020391559600830078e+01,8.503263473510742188e+00,6.802609920501708984e+00
3.567999999999999972e+01,8.835399627685546875e+00,7.364204883575439453e+00,6.423675060272216797e+00,1.022197818756103516e+01,8.518315315246582031e+00,6.814651489257812500e+00
3.571999999999999886e+01,8.852816581726074219e+00,7.378724575042724609e+00,6.435516834259033203e+00,1.024004745483398438e+01,8.533372879028320312e+00,6.826697826385498047e+00
3.575999999999999801e+01,8.870242118835449219e+00,7.393251419067382812e+00,6.447363853454589844e+00,1.025812339782714844e+01,8.548436164855957031e+00,6.838748455047607422e+00
3.580000000000000426e+01,8.887676239013671875e+00,7.407785892486572266e+00,6.459216117858886719e+00,1.027620601654052734e+01,8.563505172729492188e+00,6.850803852081298828e+00
3.584000000000000341e+01,8.905119895935058594e+00,7.422327995300292969e+00,6.471073627471923828e+00,1.029429531097412109e+01,8.578579902648925781e+00,6.862863540649414062e+00
3.588000000000000256e+01,8.922572135925292969e+00,7.436877250671386719e+00,6.482936382293701172e+00,1.031239128112792969e+01,8.593660354614257812e+00,6.874927997589111328e+00
3.592000000000000171e+01,8.940032958984375000e+00,7.451434135437011719e+00,6.494804382324218750e+00,1.033049392700195312e+01,8.608746528625488281e+00,6.886996746063232422e+00
3.596000000000000085e+01,8.957503318786621094e+00,7.465998172760009766e+00,6.506677627563476562e+00,1.034860420227050781e+01,8.623838424682617188e+00,6.899069786071777344e+00
3.600000000000000000e+01,8.974982261657714844e+00,7.480569362640380859e+00,6.518556118011474609e+00,1.036672115325927734e+01,8.638935089111328125e+00,6.911147594451904297e+00
3.603999999999999915e+01,8.992469787597656250e+00,7.495148181915283203e+00,6.530439853668212891e+00,1.038484477996826172e+01,8.654037475585937500e+00,6.923229694366455078e+00
3.607999999999999829e+01,9.009965896606445312e+00,7.509734153747558594e+00,6.542328357696533203e+00,1.040297508239746094e+01,8.669145584106445312e+00,6.935316085815429688e+00
3.611999999999999744e+01,9.027470588684082031e+00,7.524327278137207031e+00,6.554222106933593750e+00,1.042111110687255859e+01,8.684259414672851562e+00,6.947407245635986328e+00
3.616000000000000369e+01,9.044983863830566406e+00,7.538927555084228516e+00,6.566121101379394531e+00,1.043925380706787109e+01,8.699378967285156250e+00,6.959502696990966797e+00
3.620000000000000284e+01,9.062506675720214844e+00,7.553534984588623047e+00,6.578024864196777344e+00,1.045740318298339844e+01,8.714503288269042969e+00,6.971602439880371094e+00
3.624000000000000199e+01,9.080038070678710938e+00,7.568150043487548828e+00,6.589933872222900391e+00,1.047555923461914062e+01,8.729633331298828125e+00,6.983706474304199219e+00
3.628000000000000114e+01,9.097578048706054688e+00,7.582772254943847656e+00,6.601847648620605469e+00,1.049372196197509766e+01,8.744769096374511719e+00,6.995814800262451172e+00
3.632000000000000028e+01,9.115126609802246094e+00,7.597401618957519531e+00,6.613766670227050781e+00,1.051189136505126953e+01,8.759909629821777344e+00,7.007927417755126953e+00
3.635999999999999943e+01,9.132683753967285156e+00,7.612038135528564453e+00,6.625690460205078125e+00,1.053006649017333984e+01,8.775055885314941406e+00,7.020044326782226562e+00
3.639999999999999858e+01,9.150249481201171875e+00,7.626681327819824219e+00,6.637619495391845703e+00,1.054824829101562500e+01,8.790207862854003906e+00,7.032165527343750000e+00
3.643999999999999773e+01,9.167823791503906250e+00,7.641331672668457031e+00,6.649553298950195312e+00,1.056643676757812500e+01,8.805364608764648438e+00,7.044291019439697266e+00
3.648000000000000398e+01,9.185405731201171875e+00,7.655989170074462891e+00,6.661491870880126953e+00,1.058463191986083984e+01,8.820527076721191406e+00,7.056420803070068359e+00
3.652000000000000313e+01,9.202996253967285156e+00,7.670653820037841797e+00,6.673435688018798828e+00,1.060283279418945312e+01,8.835694313049316406e+00,7.068554878234863281e+00
3.656000000000000227e+01,9.220595359802246094e+00,7.685325622558593750e+00,6.685384273529052734e+00,1.062104034423828125e+01,8.850867271423339844e+00,7.080693244934082031e+00
3.660000000000000142e+01,9.238203048706054688e+00,7.700004100799560547e+00,6.697337627410888672e+00,1.063925457000732422e+01,8.866044998168945312e+00,7.092835903167724609e+00
3.664000000000000057e+01,9.255819320678710938e+00,7.714689731597900391e+00,6.709295749664306641e+00,1.065747451782226562e+01,8.881228446960449219e+00,7.104982376098632812e+00
3.667999999999999972e+01,9.273443222045898438e+00,7.729382038116455078e+00,6.721258640289306641e+00,1.067570114135742188e+01,8.896416664123535156e+00,7.117133140563964844e+00
3.671999999999999886e+01,9.291075706481933594e+00,7.744081497192382812e+00,6.733226299285888672e+00,1.069393348693847656e+01,8.911610603332519531e+00,7.129288196563720703e+00
3.675999999999999801e+01,9.308716773986816406e+00,7.758787631988525391e+00,6.745199203491210938e+00,1.071217250823974609e+01,8.926809310913085938e+00,7.141447544097900391e+00
3.680000000000000426e+01,9.326366424560546875e+00,7.773500919342041016e+00,6.757176876068115234e+00,1.073041725158691406e+01,8.942013740539550781e+00,7.153610706329345703e+00
3.684000000000000341e+01,9.344023704528808594e+00,7.788220882415771484e+00,6.769159317016601562e+00,1.074866771697998047e+01,8.957222938537597656e+00,7.165778160095214844e+00
3.688000000000000256e+01,9.361689567565917969e+00,7.802947521209716797e+00,6.781146526336669922e+00,1.076692485809326172e+01,8.972436904907226562e+00,7.177949428558349609e+00
3.692000000000000171e+01,9.379363059997558594e+00,7.817681312561035156e+00,6.793138027191162109e+00,1.078518772125244141e+01,8.987656593322753906e+00,7.190124988555908203e+00
3.696000000000000085e+01,9.397045135498046875e+00,7.832421779632568359e+00,6.805134296417236328e+00,1.080345726013183594e+01,9.002881050109863281e+00,7.202304363250732422e+00
3.700000000000000000e+01,9.414734840393066406e+00,7.847168922424316406e+00,6.817135334014892578e+00,1.082173252105712891e+01,9.018110275268554688e+00,7.214488029479980469e+00
3.703999999999999915e+01,9.432433128356933594e+00,7.861922740936279297e+00,6.829141139984130859e+00,1.084001350402832031e+01,9.033344268798828125e+00,7.226675510406494141e+00
3.707999999999999829e+01,9.450139045715332031e+00,7.876683235168457031e+00,6.841151714324951172e+00,1.085830020904541016e+01,9.048583984375000000e+00,7.238866806030273438e+00
3.711999999999999744e+01,9.467853546142578125e+00,7.891450405120849609e+00,6.853167057037353516e+00,1.087659358978271484e+01,9.063828468322753906e+00,7.251062393188476562e+00
3.716000000000000369e+01,9.485575675964355469e+00,7.906224250793457031e+00,6.865186691284179688e+00,1.089489269256591797e+01,9.079077720642089844e+00,7.263261795043945312e+00
3.720000000000000284e+01,9.503306388854980469e+00,7.921004772186279297e+00,6.877211093902587891e+00,1.091319751739501953e+01,9.094331741333007812e+00,7.275465011596679688e+00
3.724000000000000199e+01,9.521044731140136719e+00,7.935791969299316406e+00,6.889239788055419922e+00,1.093150806427001953e+01,9.109590530395507812e+00,7.287672042846679688e+00
3.728000000000000114e+01,9.538790702819824219e+00,7.950585842132568359e+00,6.901273250579833984e+00,1.094982433319091797e+01,9.124854087829589844e+00,7.299882888793945312e+00
3.732000000000000028e+01,9.556545257568359375e+00,7.965386390686035156e+00,6.913311481475830078e+00,1.096814632415771484e+01,9.140122413635253906e+00,7.312098026275634766e+00
3.735999999999999943e+01,9.574307441711425781e+00,7.980193614959716797e+00,6.925354003906250000e+00,1.098647403717041016e+01,9.155395507812500000e+00,7.324316978454589844e+00
3.739999999999999858e+01,9.592077255249023438e+00,7.995007038116455078e+00,6.937401294708251953e+00,1.100480842590332031e+01,9.170673370361328125e+00,7.336539745330810547e+00
3.743999999999999773e+01,9.609854698181152344e+00,8.009827613830566406e+00,6.949452877044677734e+00,1.102314853668212891e+01,9.185956001281738281e+00,7.348766326904296875e+00
3.748000000000000398e+01,9.627640724182128906e+00,8.024654388427734375e+00,6.961508750915527344e+00,1.104149436950683594e+01,9.201243400573730469e+00,7.360996723175048828e+00
3.752000000000000313e+01,9.645434379577636719e+00,8.039487838745117188e+00,6.973569393157958984e+00,1.105984497070312500e+01,9.216535568237304688e+00,7.373230934143066406e+00
3.756000000000000227e+01,9.663235664367675781e+00,8.054327011108398438e+00,6.985634326934814453e+00,1.107820129394531250e+01,9.231832504272460938e+00,7.385468482971191406e+00
3.760000000000000142e+01,9.681044578552246094e+00,8.069172859191894531e+00,6.997703552246093750e+00,1.109656333923339844e+01,9.247134208679199219e+00,7.397709846496582031e+00
3.764000000000000057e+01,9.698861122131347656e+00,8.084025382995605469e+00,7.009777545928955078e+00,1.111493110656738281e+01,9.262440681457519531e+00,7.409955024719238281e+00
3.767999999999999972e+01,9.716685295104980469e+00,8.098884582519531250e+00,7.021855831146240234e+00,1.113330459594726562e+01,9.277751922607421875e+00,7.422204017639160156e+00
3.771999999999999886e+01,9.734517097473144531e+00,8.113749504089355469e+00,7.033938407897949219e+00,1.115168380737304688e+01,9.293067932128906250e+00,7.434456825256347656e+00
3.775999999999999801e+01,9.752356529235839844e+00,8.128621101379394531e+00,7.046025276184082031e+00,1.117006874084472656e+01,9.308388710021972656e+00,7.446712970733642578e+00
3.780000000000000426e+01,9.770203590393066406e+00,8.143499374389648438e+00,7.058116436004638672e+00,1.118845844268798828e+01,9.323714256286621094e+00,7.458972930908203125e+00
3.784000000000000341e+01,9.788058280944824219e+00,8.158383369445800781e+00,7.070211887359619141e+00,1.120685386657714844e+01,9.339043617248535156e+00,7.471236705780029297e+00
3.788000000000000256e+01,9.805920600891113281e+00,8.173274040222167969e+00,7.082311630249023438e+00,1.122525501251220703e+01,9.354377746582031250e+00,7.483503818511962891e+00
3.792000000000000171e+01,9.823790550231933594e+00,8.188170433044433594e+00,7.094415664672851562e+00,1.124366092681884766e+01,9.369716644287109375e+00,7.495774745941162109e+00
3.796000000000000085e+01,9.841668128967285156e+00,8.203073501586914062e+00,7.106523990631103516e+00,1.126207256317138672e+01,9.385060310363769531e+00,7.508049011230468750e+00
3.800000000000000000e+01,9.859552383422851562e+00,8.217982292175292969e+00,7.118636608123779297e+00,1.128048992156982422e+01,9.400407791137695312e+00,7.520327091217041016e+00
3.803999999999999915e+01,9.877444267272949219e+00,8.232897758483886719e+00,7.130753517150878906e+00,1.129891204833984375e+01,9.415760040283203125e+00,7.532608509063720703e+00
3.807999999999999829e+01,9.895343780517578125e+00,8.247818946838378906e+00,7.142874717712402344e+00,1.131733989715576172e+01,9.431116104125976562e+00,7.544893741607666016e+00
3.811999999999999744e+01,9.913250923156738281e+00,8.262746810913085938e+00,7.155000209808349609e+00,1.133577251434326172e+01,9.446476936340332031e+00,7.557182312011718750e+00
3.816000000000000369e+01,9.931164741516113281e+00,8.277680397033691406e+00,7.167129993438720703e+00,1.135421085357666016e+01,9.461842536926269531e+00,7.569474220275878906e+00
3.820000000000000284e+01,9.949086189270019531e+00,8.292619705200195312e+00,7.179263591766357422e+00,1.137265396118164062e+01,9.477211952209472656e+00,7.581769943237304688e+00
3.824000000000000199e+01,9.967015266418457031e+00,8.307565689086914062e+00,7.191401481628417969e+00,1.139110279083251953e+01,9.492586135864257812e+00,7.594069004058837891e+00
3.828000000000000114e+01,9.984951019287109375e+00,8.322517395019531250e+00,7.203543663024902344e+00,1.140955638885498047e+01,9.507964134216308594e+00,7.606371402740478516e+00
3.832000000000000028e+01,1.000289440155029297e+01,8.337474822998046875e+00,7.215689659118652344e+00,1.142801570892333984e+01,9.523346900939941406e+00,7.618677139282226562e+00
3.835999999999999943e+01,1.002084541320800781e+01,8.352438926696777344e+00,7.227839946746826172e+00,1.144647979736328125e+01,9.538733482360839844e+00,7.630986690521240234e+00
3.839999999999999858e+01,1.003880310058593750e+01,8.367408752441406250e+00,7.239994049072265625e+00,1.146494865417480469e+01,9.554124832153320312e+00,7.643299579620361328e+00
3.843999999999999773e+01,1.005676841735839844e+01,8.382384300231933594e+00,7.252152442932128906e+00,1.148342323303222656e+01,9.569519996643066406e+00,7.655615806579589844e+00
3.848000000000000398e+01,1.007474040985107422e+01,8.397366523742675781e+00,7.264314651489257812e+00,1.150190258026123047e+01,9.584918975830078125e+00,7.667935371398925781e+00
3.852000000000000313e+01,1.009272003173828125e+01,8.412354469299316406e+00,7.276481151580810547e+00,1.152038669586181641e+01,9.600322723388671875e+00,7.680258274078369141e+00
3.856000000000000227e+01,1.011070632934570312e+01,8.427348136901855469e+00,7.288651466369628906e+00,1.153887557983398438e+01,9.615730285644531250e+00,7.692584514617919922e+00
3.860000000000000142e+01,1.012869930267333984e+01,8.442347526550292969e+00,7.300825595855712891e+00,1.155736923217773438e+01,9.631141662597656250e+00,7.704914093017578125e+00
3.864000000000000057e+01,1.014669990539550781e+01,8.457352638244628906e+00,7.313004016876220703e+00,1.157586860656738281e+01,9.646557807922363281e+00,7.717246532440185547e+00
3.867999999999999972e+01,1.016470718383789062e+01,8.472363471984863281e+00,7.325186252593994141e+00,1.159437274932861328e+01,9.661977767944335938e+00,7.729582309722900391e+00
3.871999999999999886e+01,1.018272113800048828e+01,8.487380027770996094e+00,7.337372303009033203e+00,1.161288166046142578e+01,9.677401542663574219e+00,7.741921424865722656e+00
3.875999999999999801e+01,1.020074272155761719e+01,8.502402305603027344e+00,7.349562168121337891e+00,1.163139533996582031e+01,9.692829132080078125e+00,7.754263877868652344e+00
3.880000000000000426e+01,1.021877098083496094e+01,8.517430305480957031e+00,7.361756324768066406e+00,1.164991378784179688e+01,9.708261489868164062e+00,7.766609668731689453e+00
3.884000000000000341e+01,1.023680591583251953e+01,8.532464027404785156e+00,7.373954296112060547e+00,1.166843700408935547e+01,9.723697662353515625e+00,7.778958320617675781e+00
3.888000000000000256e+01,1.025484752655029297e+01,8.547503471374511719e+00,7.386156082153320312e+00,1.168696498870849609e+01,9.739137649536132812e+00,7.791310310363769531e+00
3.892000000000000171e+01,1.027289676666259766e+01,8.562548637390136719e+00,7.398361682891845703e+00,1.170549774169921875e+01,9.754581451416015625e+00,7.803665637969970703e+00
3.896000000000000085e+01,1.029095268249511719e+01,8.577599525451660156e+00,7.410571098327636719e+00,1.172403526306152344e+01,9.770029067993164062e+00,7.816023826599121094e+00
3.900000000000000000e+01,1.030901527404785156e+01,8.592656135559082031e+00,7.422784328460693359e+00,1.174257755279541016e+01,9.785480499267578125e+00,7.828385353088378906e+00
3.903999999999999915e+01,1.032708454132080078e+01,8.607718467712402344e+00,7.435001373291015625e+00,1.176112461090087891e+01,9.800935745239257812e+00,7.840749740600585938e+00
3.907999999999999829e+01,1.034516048431396484e+01,8.622786521911621094e+00,7.447222232818603516e+00,1.177967643737792969e+01,9.816394805908203125e+00,7.853117465972900391e+00
3.911999999999999744e+01,1.036324310302734375e+01,8.637860298156738281e+00,7.459446907043457031e+00,1.179823207855224609e+01,9.831857681274414062e+00,7.865488052368164062e+00
3.916000000000000369e+01,1.038133239746093750e+01,8.652939796447753906e+00,7.471674919128417969e+00,1.181679248809814453e+01,9.847325325012207031e+00,7.877861499786376953e+00
3.920000000000000284e+01,1.039942836761474609e+01,8.668024063110351562e+00,7.483906745910644531e+00,1.183535766601562500e+01,9.862795829772949219e+00,7.890238285064697266e+00
3.924000000000000199e+01,1.041753101348876953e+01,8.683114051818847656e+00,7.496142387390136719e+00,1.185392761230468750e+01,9.878270149230957031e+00,7.902617931365966797e+00
3.928000000000000114e+01,1.043564033508300781e+01,8.698209762573242188e+00,7.508381843566894531e+00,1.187250137329101562e+01,9.893748283386230469e+00,7.915000438690185547e+00
3.932000000000000028e+01,1.045375633239746094e+01,8.713311195373535156e+00,7.520624637603759766e+00,1.189107990264892578e+01,9.909230232238769531e+00,7.927386283874511719e+00
3.935999999999999943e+01,1.047187900543212891e+01,8.728417396545410156e+00,7.532871246337890625e+00,1.190966320037841797e+01,9.924715995788574219e+00,7.939774990081787109e+00
3.939999999999999858e+01,1.049000740051269531e+01,8.743529319763183594e+00,7.545121669769287109e+00,1.192825031280517578e+01,9.940205574035644531e+00,7.952166557312011719e+00
3.943999999999999773e+01,1.050814247131347656e+01,8.758646965026855469e+00,7.557375431060791016e+00,1.194684219360351562e+01,9.955698966979980469e+00,7.964560985565185547e+00
3.948000000000000398e+01,1.052628421783447266e+01,8.773769378662109375e+00,7.569633007049560547e+00,1.196543788909912109e+01,9.971196174621582031e+00,7.976958274841308594e+00
3.952000000000000313e+01,1.054443264007568359e+01,8.788897514343261719e+00,7.581893920898437500e+00,1.198403835296630859e+01,9.986697196960449219e+00,7.989358425140380859e+00
3.956000000000000227e+01,1.056258678436279297e+01,8.804031372070312500e+00,7.594158649444580078e+00,1.200264263153076172e+01,1.000220108032226562e+01,8.001761436462402344e+00
3.960000000000000142e+01,1.058074760437011719e+01,8.819169998168945312e+00,7.606426715850830078e+00,1.202125167846679688e+01,1.001770877838134766e+01,8.014167785644531250e+00
3.964000000000000057e+01,1.059891510009765625e+01,8.834314346313476562e+00,7.618698120117187500e+00,1.203986454010009766e+01,1.003322029113769531e+01,8.026576995849609375e+00
3.967999999999999972e+01,1.061708831787109375e+01,8.849463462829589844e+00,7.630973339080810547e+00,1.205848217010498047e+01,1.004873466491699219e+01,8.038989067077636719e+00
3.971999999999999886e+01,1.063526821136474609e+01,8.864618301391601562e+00,7.643251895904541016e+00,1.207710361480712891e+01,1.006425285339355469e+01,8.051403999328613281e+00
3.975999999999999801e+01,1.065345478057861328e+01,8.879777908325195312e+00,7.655533790588378906e+00,1.209572982788085938e+01,1.007977485656738281e+01,8.063820838928222656e+00
3.980000000000000426e+01,1.067164707183837891e+01,8.894943237304687500e+00,7.667819499969482422e+00,1.211435985565185547e+01,1.009529972076416016e+01,8.076240539550781250e+00
3.984000000000000341e+01,1.068984603881835938e+01,8.910113334655761719e+00,7.680108547210693359e+00,1.213299369812011719e+01,1.011082839965820312e+01,8.088663101196289062e+00
3.988000000000000256e+01,1.070805072784423828e+01,8.925288200378417969e+00,7.692400932312011719e+00,1.215163230895996094e+01,1.012635993957519531e+01,8.101088523864746094e+00
3.992000000000000171e+01,1.072626209259033203e+01,8.940468788146972656e+00,7.704696655273437500e+00,1.217027473449707031e+01,1.014189529418945312e+01,8.113516807556152344e+00
3.996000000000000085e+01,1.074447917938232422e+01,8.955654144287109375e+00,7.716995716094970703e+00,1.218892097473144531e+01,1.015743446350097656e+01,8.125947952270507812e+00
4.000000000000000000e+01,1.076270294189453125e+01,8.970845222473144531e+00,7.729298114776611328e+00,1.220757102966308594e+01,1.017297649383544922e+01,8.138381958007812500e+00
4.003999999999999915e+01,1.078093242645263672e+01,8.986041069030761719e+00,7.741603851318359375e+00,1.222622585296630859e+01,1.018852138519287109e+01,8.150817871093750000e+00
4.007999999999999829e+01,1.079916763305664062e+01,9.001241683959960938e+00,7.753912925720214844e+00,1.224488449096679688e+01,1.020407009124755859e+01,8.163256645202636719e+00
4.011999999999999744e+01,1.081740951538085938e+01,9.016447067260742188e+00,7.766225337982177734e+00,1.226354694366455078e+01,1.021962165832519531e+01,8.175698280334472656e+00
4.016000000000000369e+01,1.083565711975097656e+01,9.031658172607421875e+00,7.778541088104248047e+00,1.228221321105957031e+01,1.023517704010009766e+01,8.188142776489257812e+00
4.020000000000000284e+01,1.085391044616699219e+01,9.046874046325683594e+00,7.790860176086425781e+00,1.230088329315185547e+01,1.025073528289794922e+01,8.200589179992675781e+00
4.024000000000000199e+01,1.087216949462890625e+01,9.062094688415527344e+00,7.803182601928710938e+00,1.231955718994140625e+01,1.026629638671875000e+01,8.213038444519042969e+00
4.028000000000000114e+01,1.089043521881103516e+01,9.077320098876953125e+00,7.815507888793945312e+00,1.233823490142822266e+01,1.028186130523681641e+01,8.225490570068359375e+00
4.032000000000000028e+01,1.090870666503906250e+01,9.092550277709960938e+00,7.827836513519287109e+00,1.235691642761230469e+01,1.029742908477783203e+01,8.237944602966308594e+00
4.035999999999999943e+01,1.092698383331298828e+01,9.107785224914550781e+00,7.840168476104736328e+00,1.237560176849365234e+01,1.031299972534179688e+01,8.250401496887207031e+00
4.039999999999999858e+01,1.094526672363281250e+01,9.123024940490722656e+00,7.852503299713134766e+00,1.239429092407226562e+01,1.032857418060302734e+01,8.262860298156738281e+00
4.043999999999999773e+01,1.096355533599853516e+01,9.138270378112792969e+00,7.864841461181640625e+00,1.241298389434814453e+01,1.034415149688720703e+01,8.275321960449218750e+00
4.048000000000000398e+01,1.098184967041015625e+01,9.153520584106445312e+00,7.877182960510253906e+00,1.243167972564697266e+01,1.035973167419433594e+01,8.287786483764648438e+00
4.052000000000000313e+01,1.100014972686767578e+01,9.168775558471679688e+00,7.889527320861816406e+00,1.245037937164306641e+01,1.037531471252441406e+01,8.300252914428710938e+00
4.056000000000000227e+01,1.101845550537109375e+01,9.184035301208496094e+00,7.901875019073486328e+00,1.246908283233642578e+01,1.039090156555175781e+01,8.312722206115722656e+00
4.060000000000000142e+01,1.103676700592041016e+01,9.199299812316894531e+00,7.914225578308105469e+00,1.248779010772705078e+01,1.040649127960205078e+01,8.325193405151367188e+00
4.064000000000000057e+01,1.105508422851562500e+01,9.214569091796875000e+00,7.926579475402832031e+00,1.250650119781494141e+01,1.042208385467529297e+01,8.337667465209960938e+00
4.067999999999999972e+01,1.107340717315673828e+01,9.229842185974121094e+00,7.938936233520507812e+00,1.252521514892578125e+01,1.043767929077148438e+01,8.350143432617187500e+00
4.071999999999999886e+01,1.109173583984375000e+01,9.245120048522949219e+00,7.951295852661132812e+00,1.254393291473388672e+01,1.045327758789062500e+01,8.362622261047363281e+00
4.075999999999999801e+01,1.111007022857666016e+01,9.260402679443359375e+00,7.963658809661865234e+00,1.256265449523925781e+01,1.046887874603271484e+01,8.375102996826171875e+00
4.080000000000000426e+01,1.112841033935546875e+01,9.275690078735351562e+00,7.976024627685546875e+00,1.258137893676757812e+01,1.048448276519775391e+01,8.387586593627929688e+00
4.084000000000000341e+01,1.114675617218017578e+01,9.290982246398925781e+00,7.988393306732177734e+00,1.260010719299316406e+01,1.050008964538574219e+01,8.400072097778320312e+00
4.088000000000000256e+01,1.116510677337646484e+01,9.306279182434082031e+00,8.000764846801757812e+00,1.261883926391601562e+01,1.051569938659667969e+01,8.412559509277343750e+00
4.092000000000000171e+01,1.118346309661865234e+01,9.321580886840820312e+00,8.013139724731445312e+00,1.263757419586181641e+01,1.053131198883056641e+01,8.425049781799316406e+00
4.096000000000000085e+01,1.120182514190673828e+01,9.336886405944824219e+00,8.025517463684082031e+00,1.265631294250488281e+01,1.054692745208740234e+01,8.437541961669921875e+00
4.100000000000000000e+01,1.122019290924072266e+01,9.352196693420410156e+00,8.037898063659667969e+00,1.267505455017089844e+01,1.056254577636718750e+01,8.450036048889160156e+00
4.103999999999999915e+01,1.123856544494628906e+01,9.367511749267578125e+00,8.050281524658203125e+00,1.269379997253417969e+01,1.057816696166992188e+01,8.462532997131347656e+00
4.107999999999999829e+01,1.125694370269775391e+01,9.382830619812011719e+00,8.062667846679687500e+00,1.271254825592041016e+01,1.059379100799560547e+01,8.475031852722167969e+00
4.111999999999999744e+01,1.127532672882080078e+01,9.398154258728027344e+00,8.075057029724121094e+00,1.273130035400390625e+01,1.060941696166992188e+01,8.487532615661621094e+00
4.116000000000000369e+01,1.129371547698974609e+01,9.413482666015625000e+00,8.087449073791503906e+00,1.275005531311035156e+01,1.062504577636718750e+01,8.500036239624023438e+00
4.120000000000000284e+01,1.131210994720458984e+01,9.428814888000488281e+00,8.099843978881835938e+00,1.276881313323974609e+01,1.064067745208740234e+01,8.512541770935058594e+00
4.124000000000000199e+01,1.133050918579101562e+01,9.444151878356933594e+00,8.112241744995117188e+00,1.278757476806640625e+01,1.065631198883056641e+01,8.525049209594726562e+00
4.128000000000000114e+01,1.134891414642333984e+01,9.459493637084960938e+00,8.124642372131347656e+00,1.280633926391601562e+01,1.067194938659667969e+01,8.537558555603027344e+00
4.132000000000000028e+01,1.136732387542724609e+01,9.474839210510253906e+00,8.137045860290527344e+00,1.282510662078857422e+01,1.068758869171142578e+01,8.550069808959960938e+00
4.135999999999999943e+01,1.138573932647705078e+01,9.490189552307128906e+00,8.149452209472656250e+00,1.284387683868408203e+01,1.070323085784912109e+01,8.562583923339843750e+00
4.139999999999999858e+01,1.140415954589843750e+01,9.505543708801269531e+00,8.161860466003417969e+00,1.286265087127685547e+01,1.071887588500976562e+01,8.575099945068359375e+00
4.143999999999999773e+01,1.142258453369140625e+01,9.520902633666992188e+00,8.174271583557128906e+00,1.288142776489257812e+01,1.073452281951904297e+01,8.587617874145507812e+00
4.148000000000000398e+01,1.144101524353027344e+01,9.536265373229980469e+00,8.186685562133789062e+00,1.290020751953125000e+01,1.075017261505126953e+01,8.600137710571289062e+00
4.152000000000000313e+01,1.145945072174072266e+01,9.551631927490234375e+00,8.199102401733398438e+00,1.291899013519287109e+01,1.076582527160644531e+01,8.612659454345703125e+00
4.156000000000000227e+01,1.147789096832275391e+01,9.567003250122070312e+00,8.211522102355957031e+00,1.293777561187744141e+01,1.078147983551025391e+01,8.625183105468750000e+00
4.160000000000000142e+01,1.149633693695068359e+01,9.582378387451171875e+00,8.223944664001464844e+00,1.295656394958496094e+01,1.079713726043701172e+01,8.637708663940429688e+00
4.164000000000000057e+01,1.151478767395019531e+01,9.597758293151855469e+00,8.236369132995605469e+00,1.297535514831542969e+01,1.081279659271240234e+01,8.650236129760742188e+00
4.167999999999999972e+01,1.153324317932128906e+01,9.613142013549804688e+00,8.248796463012695312e+00,1.299414920806884766e+01,1.082845878601074219e+01,8.662765502929687500e+00
4.171999999999999886e+01,1.155170345306396484e+01,9.628529548645019531e+00,8.261226654052734375e+00,1.301294612884521484e+01,1.084412288665771484e+01,8.675296783447265625e+00
4.175999999999999801e+01,1.157016849517822266e+01,9.643921852111816406e+00,8.273658752441406250e+00,1.303174591064453125e+01,1.085978984832763672e+01,8.687829971313476562e+00
4.180000000000000426e+01,1.158863925933837891e+01,9.659317970275878906e+00,8.286093711853027344e+00,1.305054855346679688e+01,1.087545871734619141e+01,8.700365066528320312e+00
4.184000000000000341e+01,1.160711479187011719e+01,9.674717903137207031e+00,8.298531532287597656e+00,1.306935405731201172e+01,1.089113044738769531e+01,8.712902069091796875e+00
4.188000000000000256e+01,1.162559509277343750e+01,9.690121650695800781e+00,8.310971260070800781e+00,1.308816242218017578e+01,1.090680408477783203e+01,8.725440979003906250e+00
4.192000000000000171e+01,1.164408016204833984e+01,9.705529212951660156e+00,8.323413848876953125e+00,1.310697364807128906e+01,1.092247962951660156e+01,8.737981796264648438e+00
4.196000000000000085e+01,1.166256999969482422e+01,9.720941543579101562e+00,8.335859298706054688e+00,1.312578773498535156e+01,1.093815803527832031e+01,8.750524520874023438e+00
4.200000000000000000e+01,1.168106460571289062e+01,9.736357688903808594e+00,8.348306655883789062e+00,1.314460468292236328e+01,1.095383834838867188e+01,8.763069152832031250e+00
4.203999999999999915e+01,1.169956398010253906e+01,9.751777648925781250e+00,8.360756874084472656e+00,1.316342353820800781e+01,1.096952056884765625e+01,8.775615692138671875e+00
4.207999999999999829e+01,1.171806812286376953e+01,9.767201423645019531e+00,8.373208999633789062e+00,1.318224525451660156e+01,1.098520565032958984e+01,8.788163185119628906e+00
4.211999999999999744e+01,1.173657703399658203e+01,9.782629013061523438e+00,8.385663986206054688e+00,1.320106983184814453e+01,1.100089263916015625e+01,8.800712585449218750e+00
4.216000000000000369e+01,1.175509071350097656e+01,9.798060417175292969e+00,8.398120880126953125e+00,1.321989727020263672e+01,1.101658153533935547e+01,8.813263893127441406e+00
4.220000000000000284e+01,1.177360820770263672e+01,9.813495635986328125e+00,8.410580635070800781e+00,1.323872661590576172e+01,1.103227233886718750e+01,8.825817108154296875e+00
4.224000000000000199e+01,1.179213047027587891e+01,9.828934669494628906e+00,8.423042297363281250e+00,1.325755882263183594e+01,1.104796600341796875e+01,8.838372230529785156e+00
4.228000000000000114e+01,1.181065750122070312e+01,9.844377517700195312e+00,8.435506820678710938e+00,1.327639293670654297e+01,1.106366157531738281e+01,8.850928306579589844e+00
4.232000000000000028e+01,1.182918930053710938e+01,9.859824180603027344e+00,8.447973251342773438e+00,1.329522991180419922e+01,1.107935905456542969e+01,8.863486289978027344e+00
4.235999999999999943e+01,1.184772586822509766e+01,9.875274658203125000e+00,8.460442543029785156e+00,1.331406879425048828e+01,1.109505844116210938e+01,8.876046180725097656e+00
4.239999999999999858e+01,1.186626625061035156e+01,9.890728950500488281e+00,8.472913742065429688e+00,1.333291053771972656e+01,1.111075973510742188e+01,8.888607025146484375e+00
4.243999999999999773e+01,1.188481140136718750e+01,9.906187057495117188e+00,8.485386848449707031e+00,1.335175418853759766e+01,1.112646293640136719e+01,8.901169776916503906e+00
4.248000000000000398e+01,1.190336132049560547e+01,9.921648979187011719e+00,8.497862815856933594e+00,1.337060070037841797e+01,1.114216804504394531e+01,8.913734436035156250e+00
4.252000000000000313e+01,1.192191505432128906e+01,9.937114715576171875e+00,8.510340690612792969e+00,1.338944911956787109e+01,1.115787506103515625e+01,8.926300048828125000e+00
4.256000000000000227e+01,1.194047355651855469e+01,9.952583312988281250e+00,8.522820472717285156e+00,1.340830039978027344e+01,1.117358398437500000e+01,8.938867568969726562e+00
4.260000000000000142e+01,1.195903587341308594e+01,9.968055725097656250e+00,8.535303115844726562e+00,1.342715358734130859e+01,1.118929481506347656e+01,8.951436042785644531e+00
4.264000000000000057e+01,1.197760295867919922e+01,9.983531951904296875e+00,8.547787666320800781e+00,1.344600868225097656e+01,1.120500755310058594e+01,8.964006423950195312e+00
4.267999999999999972e+01,1.199617385864257812e+01,9.999011993408203125e+00,8.560274124145507812e+00,1.346486663818359375e+01,1.122072219848632812e+01,8.976578712463378906e+00
4.271999999999999886e+01,1.201474952697753906e+01,1.001449489593505859e+01,8.572762489318847656e+00,1.348372650146484375e+01,1.123643875122070312e+01,8.989151954650878906e+00
4.275999999999999801e+01,1.203332901000976562e+01,1.002998161315917969e+01,8.585253715515136719e+00,1.350258827209472656e+01,1.125215721130371094e+01,9.001727104187011719e+00
4.280000000000000426e+01,1.205191326141357422e+01,1.004547214508056641e+01,8.597746849060058594e+00,1.352145290374755859e+01,1.126787757873535156e+01,9.014303207397460938e+00
4.284000000000000341e+01,1.207050132751464844e+01,1.006096553802490234e+01,8.610241889953613281e+00,1.354031944274902344e+01,1.128359985351562500e+01,9.026880264282226562e+00
4.288000000000000256e+01,1.208909416198730469e+01,1.007646274566650391e+01,8.622738838195800781e+00,1.355918788909912109e+01,1.129932308197021484e+01,9.039459228515625000e+00
4.292000000000000171e+01,1.210769081115722656e+01,1.009196376800537109e+01,8.635237693786621094e+00,1.357805824279785156e+01,1.131504821777343750e+01,9.052039146423339844e+00
4.296000000000000085e+01,1.212629127502441406e+01,1.010746765136718750e+01,8.647739410400390625e+00,1.359693050384521484e+01,1.133077526092529297e+01,9.064620971679687500e+00
4.300000000000000000e+01,1.214489650726318359e+01,1.012297534942626953e+01,8.660243034362792969e+00,1.361580467224121094e+01,1.134650421142578125e+01,9.077203750610351562e+00
4.303999999999999915e+01,1.216350555419921875e+01,1.013848590850830078e+01,8.672748565673828125e+00,1.363468074798583984e+01,1.136223411560058594e+01,9.089787483215332031e+00
4.307999999999999829e+01,1.218211841583251953e+01,1.015400028228759766e+01,8.685256004333496094e+00,1.365355873107910156e+01,1.137796592712402344e+01,9.102373123168945312e+00
4.311999999999999744e+01,1.220073509216308594e+01,1.016951751708984375e+01,8.697765350341796875e+00,1.367243862152099609e+01,1.139369964599609375e+01,9.114959716796875000e+00
4.316000000000000369e+01,1.221935558319091797e+01,1.018503856658935547e+01,8.710276603698730469e+00,1.369132041931152344e+01,1.140943431854248047e+01,9.127548217773437500e+00
4.320000000000000284e+01,1.223798084259033203e+01,1.020056247711181641e+01,8.722789764404296875e+00,1.371020412445068359e+01,1.142517089843750000e+01,9.140137672424316406e+00
4.324000000000000199e+01,1.225660991668701172e+01,1.021609020233154297e+01,8.735304832458496094e+00,1.372908973693847656e+01,1.144090938568115234e+01,9.152728080749511719e+00
4.328000000000000114e+01,1.227524280548095703e+01,1.023162078857421875e+01,8.747821807861328125e+00,1.374797725677490234e+01,1.145664882659912109e+01,9.165319442749023438e+00
4.332000000000000028e+01,1.229387950897216797e+01,1.024715423583984375e+01,8.760340690612792969e+00,1.376686668395996094e+01,1.147239017486572266e+01,9.177912712097167969e+00
4.335999999999999943e+01,1.231252002716064453e+01,1.026269149780273438e+01,8.772861480712890625e+00,1.378575801849365234e+01,1.148813247680664062e+01,9.190506935119628906e+00
4.339999999999999858e+01,1.233116436004638672e+01,1.027823162078857422e+01,8.785384178161621094e+00,1.380465126037597656e+01,1.150387668609619141e+01,9.203102111816406250e+00
4.343999999999999773e+01,1.234981250762939453e+01,1.029377460479736328e+01,8.797908782958984375e+00,1.382354640960693359e+01,1.151962184906005859e+01,9.215698242187500000e+00
4.348000000000000398e+01,1.236846446990966797e+01,1.030932140350341797e+01,8.810435295104980469e+00,1.384244251251220703e+01,1.153536891937255859e+01,9.228295326232910156e+00
4.352000000000000313e+01,1.238712024688720703e+01,1.032487106323242188e+01,8.822962760925292969e+00,1.386134052276611328e+01,1.155111694335937500e+01,9.240894317626953125e+00
4.356000000000000227e+01,1.240577983856201172e+01,1.034042358398437500e+01,8.835492134094238281e+00,1.388024044036865234e+01,1.156686687469482422e+01,9.253494262695312500e+00
4.360000000000000142e+01,1.242444229125976562e+01,1.035597896575927734e+01,8.848023414611816406e+00,1.389914131164550781e+01,1.158261775970458984e+01,9.266095161437988281e+00
4.364000000000000057e+01,1.244310855865478516e+01,1.037153816223144531e+01,8.860556602478027344e+00,1.391804409027099609e+01,1.159836959838867188e+01,9.278697013854980469e+00
4.367999999999999972e+01,1.246177864074707031e+01,1.038710021972656250e+01,8.873091697692871094e+00,1.393694877624511719e+01,1.161412334442138672e+01,9.291299819946289062e+00
4.371999999999999886e+01,1.248045253753662109e+01,1.040266513824462891e+01,8.885628700256347656e+00,1.395585441589355469e+01,1.162987804412841797e+01,9.303903579711914062e+00
4.375999999999999801e+01,1.249913024902343750e+01,1.041823291778564453e+01,8.898166656494140625e+00,1.397476196289062500e+01,1.164563369750976562e+01,9.316508293151855469e+00
4.380000000000000426e+01,1.251781082153320312e+01,1.043380355834960938e+01,8.910706520080566406e+00,1.399367046356201172e+01,1.166139125823974609e+01,9.329113960266113281e+00
4.384000000000000341e+01,1.253649520874023438e+01,1.044937705993652344e+01,8.923248291015625000e+00,1.401258087158203125e+01,1.167714977264404297e+01,9.341720581054687500e+00
4.388000000000000256e+01,1.255518341064453125e+01,1.046495342254638672e+01,8.935791015625000000e+00,1.403149223327636719e+01,1.169290924072265625e+01,9.354328155517578125e+00
4.392000000000000171e+01,1.257387447357177734e+01,1.048053264617919922e+01,8.948335647583007812e+00,1.405040454864501953e+01,1.170866966247558594e+01,9.366936683654785156e+00
4.396000000000000085e+01,1.259256935119628906e+01,1.049611473083496094e+01,8.960882186889648438e+00,1.406931877136230469e+01,1.172443103790283203e+01,9.379546165466308594e+00
4.400000000000000000e+01,1.261126804351806641e+01,1.051169967651367188e+01,8.973429679870605469e+00,1.408823394775390625e+01,1.174019432067871094e+01,9.392156600952148438e+00
4.403999999999999915e+01,1.262996959686279297e+01,1.052728748321533203e+01,8.985979080200195312e+00,1.410715103149414062e+01,1.175595855712890625e+01,9.404767990112304688e+00
4.407999999999999829e+01,1.264867496490478516e+01,1.054287815093994141e+01,8.998530387878417969e+00,1.412606906890869141e+01,1.177172374725341797e+01,9.417380332946777344e+00
4.411999999999999744e+01,1.266738319396972656e+01,1.055847167968750000e+01,9.011082649230957031e+00,1.414498805999755859e+01,1.178748989105224609e+01,9.429992675781250000e+00
4.416000000000000369e+01,1.268609523773193359e+01,1.057406806945800781e+01,9.023636817932128906e+00,1.416390800476074219e+01,1.180325698852539062e+01,9.442605972290039062e+00
4.420000000000000284e+01,1.270481014251708984e+01,1.058966732025146484e+01,9.036191940307617188e+00,1.418282985687255859e+01,1.181902503967285156e+01,9.455220222473144531e+00
4.424000000000000199e+01,1.272352790832519531e+01,1.060526847839355469e+01,9.048748970031738281e+00,1.420175266265869141e+01,1.183479404449462891e+01,9.467835426330566406e+00
4.428000000000000114e+01,1.274224948883056641e+01,1.062087249755859375e+01,9.061306953430175781e+00,1.422067642211914062e+01,1.185056400299072266e+01,9.480451583862304688e+00
4.432000000000000028e+01,1.276097393035888672e+01,1.063647937774658203e+01,9.073866844177246094e+00,1.423960113525390625e+01,1.186633491516113281e+01,9.493067741394042969e+00
4.435999999999999943e+01,1.277970218658447266e+01,1.065208911895751953e+01,9.086427688598632812e+00,1.425852680206298828e+01,1.188210678100585938e+01,9.505684852600097656e+00
4.439999999999999858e+01,1.279843330383300781e+01,1.066770172119140625e+01,9.098990440368652344e+00,1.427745437622070312e+01,1.189787960052490234e+01,9.518302917480468750e+00
4.443999999999999773e+01,1.281716728210449219e+01,1.068331623077392578e+01,9.111554145812988281e+00,1.429638290405273438e+01,1.191365337371826172e+01,9.530921936035156250e+00
4.448000000000000398e+01,1.283590412139892578e+01,1.069893360137939453e+01,9.124119758605957031e+00,1.431531238555908203e+01,1.192942810058593750e+01,9.543540954589843750e+00
4.452000000000000313e+01,1.285464477539062500e+01,1.071455383300781250e+01,9.136686325073242188e+00,1.433424282073974609e+01,1.194520282745361328e+01,9.556160926818847656e+00
4.456000000000000227e+01,1.287338829040527344e+01,1.073017597198486328e+01,9.149254798889160156e+00,1.435317420959472656e+01,1.196097850799560547e+01,9.568781852722167969e+00
4.460000000000000142e+01,1.289213466644287109e+01,1.074580097198486328e+01,9.161824226379394531e+00,1.437210655212402344e+01,1.197675514221191406e+01,9.581402778625488281e+00
4.464000000000000057e+01,1.291088390350341797e+01,1.076142787933349609e+01,9.174394607543945312e+00,1.439103984832763672e+01,1.199253273010253906e+01,9.594024658203125000e+00
4.467999999999999972e+01,1.292963600158691406e+01,1.077705764770507812e+01,9.186966896057128906e+00,1.440997314453125000e+01,1.200831127166748047e+01,9.606647491455078125e+00
4.471999999999999886e+01,1.294839096069335938e+01,1.079269027709960938e+01,9.199540138244628906e+00,1.442890739440917969e+01,1.202408981323242188e+01,9.619270324707031250e+00
4.475999999999999801e+01,1.296714878082275391e+01,1.080832481384277344e+01,9.212114334106445312e+00,1.444784259796142578e+01,1.203986930847167969e+01,9.631894111633300781e+00
4.480000000000000426e+01,1.298590946197509766e+01,1.082396221160888672e+01,9.224689483642578125e+00,1.446677875518798828e+01,1.205564975738525391e+01,9.644517898559570312e+00
4.484000000000000341e+01,1.300467300415039062e+01,1.083960151672363281e+01,9.237266540527343750e+00,1.448571586608886719e+01,1.207143020629882812e+01,9.657142639160156250e+00
4.488000000000000256e+01,1.302343940734863281e+01,1.085524368286132812e+01,9.249844551086425781e+00,1.450465393066406250e+01,1.208721160888671875e+01,9.669767379760742188e+00
4.492000000000000171e+01,1.304220867156982422e+01,1.087088775634765625e+01,9.262423515319824219e+00,1.452359199523925781e+01,1.210299396514892578e+01,9.682393074035644531e+00
4.496000000000000085e+01,1.306098079681396484e+01,1.088653373718261719e+01,9.275003433227539062e+00,1.454253101348876953e+01,1.211877632141113281e+01,9.695018768310546875e+00
4.500000000000000000e+01,1.307975578308105469e+01,1.090218257904052734e+01,9.287584304809570312e+00,1.456147098541259766e+01,1.213455963134765625e+01,9.707645416259765625e+00
4.503999999999999915e+01,1.309853363037109375e+01,1.091783332824707031e+01,9.300167083740234375e+00,1.458041095733642578e+01,1.215034294128417969e+01,9.720272064208984375e+00
4.507999999999999829e+01,1.311731433868408203e+01,1.093348598480224609e+01,9.312750816345214844e+00,1.459935188293457031e+01,1.216612720489501953e+01,9.732899665832519531e+00
4.511999999999999744e+01,1.313609695434570312e+01,1.094914150238037109e+01,9.325335502624511719e+00,1.461829376220703125e+01,1.218191146850585938e+01,9.745527267456054688e+00
4.516000000000000369e+01,1.315488243103027344e+01,1.096479892730712891e+01,9.337921142578125000e+00,1.463723564147949219e+01,1.219769668579101562e+01,9.758155822753906250e+00
4.520000000000000284e+01,1.317367076873779297e+01,1.098045825958251953e+01,9.350507736206054688e+00,1.465617847442626953e+01,1.221348190307617188e+01,9.770784378051757812e+00
4.524000000000000199e+01,1.319246196746826172e+01,1.099612045288085938e+01,9.363095283508300781e+00,1.467512130737304688e+01,1.222926807403564453e+01,9.783412933349609375e+00
4.528000000000000114e+01,1.321125507354736328e+01,1.101178455352783203e+01,9.375683784484863281e+00,1.469406509399414062e+01,1.224505424499511719e+01,9.796042442321777344e+00
4.532000000000000028e+01,1.323005104064941406e+01,1.102745056152343750e+01,9.388273239135742188e+00,1.471300888061523438e+01,1.226084041595458984e+01,9.808671951293945312e+00
4.535999999999999943e+01,1.324884986877441406e+01,1.104311847686767578e+01,9.400863647460937500e+00,1.473195362091064453e+01,1.227662754058837891e+01,9.821301460266113281e+00
4.539999999999999858e+01,1.326765060424804688e+01,1.105878829956054688e+01,9.413455009460449219e+00,1.475089836120605469e+01,1.229241466522216797e+01,9.833930969238281250e+00
4.543999999999999773e+01,1.328645420074462891e+01,1.107446002960205078e+01,9.426047325134277344e+00,1.476984310150146484e+01,1.230820178985595703e+01,9.846561431884765625e+00
4.548000000000000398e+01,1.330525970458984375e+01,1.109013462066650391e+01,9.438640594482421875e+00,1.478878879547119141e+01,1.232398986816406250e+01,9.859191894531250000e+00
4.552000000000000313e+01,1.332406806945800781e+01,1.110581111907958984e+01,9.451234817504882812e+00,1.480773448944091797e+01,1.233977794647216797e+01,9.871822357177734375e+00
4.556000000000000227e+01,1.334287834167480469e+01,1.112148952484130859e+01,9.463829994201660156e+00,1.482668018341064453e+01,1.235556602478027344e+01,9.884452819824218750e+00
4.560000000000000142e+01,1.336169147491455078e+01,1.113716983795166016e+01,9.476426124572753906e+00,1.484562683105468750e+01,1.237135410308837891e+01,9.897083282470703125e+00
4.564000000000000057e+01,1.338050651550292969e+01,1.115285205841064453e+01,9.489023208618164062e+00,1.486457347869873047e+01,1.238714313507080078e+01,9.909714698791503906e+00
4.567999999999999972e+01,1.339932441711425781e+01,1.116853618621826172e+01,9.501621246337890625e+00,1.488352012634277344e+01,1.240293216705322266e+01,9.922346115112304688e+00
4.571999999999999886e+01,1.341814422607421875e+01,1.118422222137451172e+01,9.514219284057617188e+00,1.490246677398681641e+01,1.241872119903564453e+01,9.934977531433105469e+00
4.575999999999999801e+01,1.343696594238281250e+01,1.119991016387939453e+01,9.526818275451660156e+00,1.492141342163085938e+01,1.243451023101806641e+01,9.947608947753906250e+00
4.580000000000000426e+01,1.345579051971435547e+01,1.121559906005859375e+01,9.539418220520019531e+00,1.494036006927490234e+01,1.245029926300048828e+01,9.960240364074707031e+00
4.584000000000000341e+01,1.347461700439453125e+01,1.123128986358642578e+01,9.552019119262695312e+00,1.495930671691894531e+01,1.246608829498291016e+01,9.972871780395507812e+00
4.588000000000000256e+01,1.349344539642333984e+01,1.124698257446289062e+01,9.564620971679687500e+00,1.497825431823730469e+01,1.248187732696533203e+01,9.985503196716308594e+00
4.592000000000000171e+01,1.351227569580078125e+01,1.126267719268798828e+01,9.577222824096679688e+00,1.499720191955566406e+01,1.249766635894775391e+01,9.998134613037109375e+00
4.596000000000000085e+01,1.353110790252685547e+01,1.127837371826171875e+01,9.589825630187988281e+00,1.501614952087402344e+01,1.251345539093017578e+01,1.001076602935791016e+01
4.600000000000000000e+01,1.354994297027587891e+01,1.129407215118408203e+01,9.602429389953613281e+00,1.503509712219238281e+01,1.252924442291259766e+01,1.002339744567871094e+01
4.603999999999999915e+01,1.356877994537353516e+01,1.130977153778076172e+01,9.615034103393554688e+00,1.505404376983642578e+01,1.254503345489501953e+01,1.003602886199951172e+01
4.607999999999999829e+01,1.358761882781982422e+01,1.132547283172607422e+01,9.627638816833496094e+00,1.507299041748046875e+01,1.256082248687744141e+01,1.004866027832031250e+01
4.611999999999999744e+01,1.360645961761474609e+01,1.134117603302001953e+01,9.640244483947753906e+00,1.509193706512451172e+01,1.257661151885986328e+01,1.006129169464111328e+01
4.616000000000000369e+01,1.362530231475830078e+01,1.135688114166259766e+01,9.652850151062011719e+00,1.511088371276855469e+01,1.259240055084228516e+01,1.007392311096191406e+01
4.620000000000000284e+01,1.364414691925048828e+01,1.137258720397949219e+01,9.665456771850585938e+00,1.512983036041259766e+01,1.260818958282470703e+01,1.008655452728271484e+01
4.624000000000000199e+01,1.366299343109130859e+01,1.138829517364501953e+01,9.678064346313476562e+00,1.514877700805664062e+01,1.262397861480712891e+01,1.009918594360351562e+01
4.628000000000000114e+01,1.368184185028076172e+01,1.140400505065917969e+01,9.690671920776367188e+00,1.516772365570068359e+01,1.263976764678955078e+01,1.011181640625000000e+01
4.632000000000000028e+01,1.370069217681884766e+01,1.141971588134765625e+01,9.703280448913574219e+00,1.518666934967041016e+01,1.265555667877197266e+01,1.012444686889648438e+01
4.635999999999999943e+01,1.371954441070556641e+01,1.143542861938476562e+01,9.715888977050781250e+00,1.520561504364013672e+01,1.267134475708007812e+01,1.013707733154296875e+01
4.639999999999999858e+01,1.373839855194091797e+01,1.145114231109619141e+01,9.728498458862304688e+00,1.522456073760986328e+01,1.268713283538818359e+01,1.014970779418945312e+01
4.643999999999999773e+01,1.375725460052490234e+01,1.146685791015625000e+01,9.741107940673828125e+00,1.524350547790527344e+01,1.270292091369628906e+01,1.016233825683593750e+01
4.648000000000000398e+01,1.377611255645751953e+01,1.148257446289062500e+01,9.753718376159667969e+00,1.526245021820068359e+01,1.271870803833007812e+01,1.017496776580810547e+01
4.652000000000000313e+01,1.379497146606445312e+01,1.149829292297363281e+01,9.766328811645507812e+00,1.528139495849609375e+01,1.273449516296386719e+01,1.018759727478027344e+01
4.656000000000000227e+01,1.381383228302001953e+01,1.151401233673095703e+01,9.778940200805664062e+00,1.530033874511718750e+01,1.275028228759765625e+01,1.020022678375244141e+01
4.660000000000000142e+01,1.383269500732421875e+01,1.152973365783691406e+01,9.791551589965820312e+00,1.531928253173828125e+01,1.276606845855712891e+01,1.021285629272460938e+01
4.664000000000000057e+01,1.385155963897705078e+01,1.154545593261718750e+01,9.804163932800292969e+00,1.533822536468505859e+01,1.278185462951660156e+01,1.022548484802246094e+01
4.667999999999999972e+01,1.387042522430419922e+01,1.156118011474609375e+01,9.816776275634765625e+00,1.535716819763183594e+01,1.279764080047607422e+01,1.023811340332031250e+01
4.671999999999999886e+01,1.388929271697998047e+01,1.157690525054931641e+01,9.829388618469238281e+00,1.537611007690429688e+01,1.281342601776123047e+01,1.025074195861816406e+01
4.675999999999999801e+01,1.390816211700439453e+01,1.159263134002685547e+01,9.842001914978027344e+00,1.539505195617675781e+01,1.282921123504638672e+01,1.026336956024169922e+01
4.680000000000000426e+01,1.392703247070312500e+01,1.160835933685302734e+01,9.854615211486816406e+00,1.541399288177490234e+01,1.284499549865722656e+01,1.027599716186523438e+01
4.684000000000000341e+01,1.394590473175048828e+01,1.162408828735351562e+01,9.867228507995605469e+00,1.543293380737304688e+01,1.286077976226806641e+01,1.028862380981445312e+01
4.688000000000000256e+01,1.396477794647216797e+01,1.163981819152832031e+01,9.879842758178710938e+00,1.545187377929687500e+01,1.287656307220458984e+01,1.030125045776367188e+01
4.692000000000000171e+01,1.398365306854248047e+01,1.165554904937744141e+01,9.892457008361816406e+00,1.547081279754638672e+01,1.289234542846679688e+01,1.031387615203857422e+01
4.696000000000000085e+01,1.400252914428710938e+01,1.167128181457519531e+01,9.905071258544921875e+00,1.548975181579589844e+01,1.290812778472900391e+01,1.032650184631347656e+01
4.700000000000000000e+01,1.402140712738037109e+01,1.168701553344726562e+01,9.917685508728027344e+00,1.550868988037109375e+01,1.292390918731689453e+01,1.033912754058837891e+01
4.703999999999999915e+01,1.404028606414794922e+01,1.170275020599365234e+01,9.930300712585449219e+00,1.552762699127197266e+01,1.293969058990478516e+01,1.035175228118896484e+01
4.707999999999999829e+01,1.405916690826416016e+01,1.171848583221435547e+01,9.942915916442871094e+00,1.554656314849853516e+01,1.295547103881835938e+01,1.036437606811523438e+01
4.711999999999999744e+01,1.407804870605468750e+01,1.173422241210937500e+01,9.955531120300292969e+00,1.556549930572509766e+01,1.297125053405761719e+01,1.037699985504150391e+01
4.716000000000000369e+01,1.409693145751953125e+01,1.174995994567871094e+01,9.968146324157714844e+00,1.558443450927734375e+01,1.298702907562255859e+01,1.038962268829345703e+01
4.720000000000000284e+01,1.411581611633300781e+01,1.176569938659667969e+01,9.980761528015136719e+00,1.560336875915527344e+01,1.300280761718750000e+01,1.040224552154541016e+01
4.724000000000000199e+01,1.413470172882080078e+01,1.178143978118896484e+01,9.993376731872558594e+00,1.562230205535888672e+01,1.301858520507812500e+01,1.041486740112304688e+01
4.728000000000000114e+01,1.415358829498291016e+01,1.179718112945556641e+01,1.000599288940429688e+01,1.564123439788818359e+01,1.303436183929443359e+01,1.042748928070068359e+01
4.732000000000000028e+01,1.417247581481933594e+01,1.181292343139648438e+01,1.001860904693603516e+01,1.566016578674316406e+01,1.305013751983642578e+01,1.044011020660400391e+01
4.735999999999999943e+01,1.419136524200439453e+01,1.182866668701171875e+01,1.003122520446777344e+01,1.567909622192382812e+01,1.306591320037841797e+01,1.045273017883300781e+01
4.739999999999999858e+01,1.421025562286376953e+01,1.184441089630126953e+01,1.004384136199951172e+01,1.569802570343017578e+01,1.308168792724609375e+01,1.046535015106201172e+01
4.743999999999999773e+01,1.422914695739746094e+01,1.186015605926513672e+01,1.005645751953125000e+01,1.571695423126220703e+01,1.309746170043945312e+01,1.047796916961669922e+01
4.748000000000000398e+01,1.424803924560546875e+01,1.187590217590332031e+01,1.006907367706298828e+01,1.573588180541992188e+01,1.311323451995849609e+01,1.049058723449707031e+01
4.752000000000000313e+01,1.426693248748779297e+01,1.189164829254150391e+01,1.008168983459472656e+01,1.575480842590332031e+01,1.312900638580322266e+01,1.050320529937744141e+01
4.756000000000000227e+01,1.428582668304443359e+01,1.190739536285400391e+01,1.009430599212646484e+01,1.577373409271240234e+01,1.314477729797363281e+01,1.051582241058349609e+01
4.760000000000000142e+01,1.430472183227539062e+01,1.192314338684082031e+01,1.010692214965820312e+01,1.579265880584716797e+01,1.316054725646972656e+01,1.052843856811523438e+01
4.764000000000000057e+01,1.432361793518066406e+01,1.193889236450195312e+01,1.011953735351562500e+01,1.581158161163330078e+01,1.317631626129150391e+01,1.054105377197265625e+01
4.767999999999999972e+01,1.434251499176025391e+01,1.195464229583740234e+01,1.013215255737304688e+01,1.583050346374511719e+01,1.319208431243896484e+01,1.055366802215576172e+01
4.771999999999999886e+01,1.436141300201416016e+01,1.197039318084716797e+01,1.014476776123046875e+01,1.584942436218261719e+01,1.320785140991210938e+01,1.056628227233886719e+01
4.775999999999999801e+01,1.438031196594238281e+01,1.198614406585693359e+01,1.015738296508789062e+01,1.586834430694580078e+01,1.322361755371093750e+01,1.057889556884765625e+01
4.780000000000000426e+01,1.439921188354492188e+01,1.200189590454101562e+01,1.016999816894531250e+01,1.588726234436035156e+01,1.323938274383544922e+01,1.059150791168212891e+01
4.784000000000000341e+01,1.441811275482177734e+01,1.201764869689941406e+01,1.018261337280273438e+01,1.590617942810058594e+01,1.325514698028564453e+01,1.060411930084228516e+01
4.788000000000000256e+01,1.443701457977294922e+01,1.203340148925781250e+01,1.019522762298583984e+01,1.592509555816650391e+01,1.327091026306152344e+01,1.061672973632812500e+01
4.792000000000000171e+01,1.445591735839843750e+01,1.204915523529052734e+01,1.020784187316894531e+01,1.594400978088378906e+01,1.328667259216308594e+01,1.062933921813964844e+01
4.796000000000000085e+01,1.447482013702392578e+01,1.206490993499755859e+01,1.022045612335205078e+01,1.596292304992675781e+01,1.330243396759033203e+01,1.064194774627685547e+01
4.800000000000000000e+01,1.449372386932373047e+01,1.208066463470458984e+01,1.023306941986083984e+01,1.598183441162109375e+01,1.331819438934326172e+01,1.065455532073974609e+01
4.803999999999999915e+01,1.451262855529785156e+01,1.209642028808593750e+01,1.024568271636962891e+01,1.600074386596679688e+01,1.333395290374755859e+01,1.066716194152832031e+01
4.807999999999999829e+01,1.453153419494628906e+01,1.211217689514160156e+01,1.025829601287841797e+01,1.601965332031250000e+01,1.334971046447753906e+01,1.067976760864257812e+01
4.812000000000000455e+01,1.455043983459472656e+01,1.212793350219726562e+01,1.027090930938720703e+01,1.603856086730957031e+01,1.336546707153320312e+01,1.069237232208251953e+01
4.816000000000000369e+01,1.456934642791748047e+01,1.214369106292724609e+01,1.028352165222167969e+01,1.605746650695800781e+01,1.338122177124023438e+01,1.070497608184814453e+01
4.820000000000000284e+01,1.458825397491455078e+01,1.215944862365722656e+01,1.029613399505615234e+01,1.607637023925781250e+01,1.339697551727294922e+01,1.071757888793945312e+01
4.824000000000000199e+01,1.460716152191162109e+01,1.217520713806152344e+01,1.030874538421630859e+01,1.609527397155761719e+01,1.341272830963134766e+01,1.073018074035644531e+01
4.828000000000000114e+01,1.462607002258300781e+01,1.219096565246582031e+01,1.032135677337646484e+01,1.611417579650878906e+01,1.342847919464111328e+01,1.074278163909912109e+01
4.832000000000000028e+01,1.464497852325439453e+01,1.220672416687011719e+01,1.033396816253662109e+01,1.613307571411132812e+01,1.344422912597656250e+01,1.075538158416748047e+01
4.835999999999999943e+01,1.466388797760009766e+01,1.222248363494873047e+01,1.034657859802246094e+01,1.615197372436523438e+01,1.345997810363769531e+01,1.076798057556152344e+01
4.839999999999999858e+01,1.468279743194580078e+01,1.223824310302734375e+01,1.035918903350830078e+01,1.617086982727050781e+01,1.347572517395019531e+01,1.078057861328125000e+01
4.843999999999999773e+01,1.470170783996582031e+01,1.225400352478027344e+01,1.037179851531982422e+01,1.618976402282714844e+01,1.349147129058837891e+01,1.079317569732666016e+01
4.848000000000000398e+01,1.472061824798583984e+01,1.226976394653320312e+01,1.038440799713134766e+01,1.620865821838378906e+01,1.350721549987792969e+01,1.080577182769775391e+01
4.852000000000000313e+01,1.473952960968017578e+01,1.228552436828613281e+01,1.039701652526855469e+01,1.622755050659179688e+01,1.352295875549316406e+01,1.081836605072021484e+01
4.856000000000000227e+01,1.475844097137451172e+01,1.230128574371337891e+01,1.040962505340576172e+01,1.624644088745117188e+01,1.353870010375976562e+01,1.083095932006835938e+01
4.860000000000000142e+01,1.477735233306884766e+01,1.231704711914062500e+01,1.042223262786865234e+01,1.626532936096191406e+01,1.355444049835205078e+01,1.084355163574218750e+01
4.864000000000000057e+01,1.479626464843750000e+01,1.233280849456787109e+01,1.043483924865722656e+01,1.628421592712402344e+01,1.357017898559570312e+01,1.085614299774169922e+01
4.867999999999999972e+01,1.481517696380615234e+01,1.234856986999511719e+01,1.044744586944580078e+01,1.630310058593750000e+01,1.358591651916503906e+01,1.086873245239257812e+01
4.871999999999999886e+01,1.483408927917480469e+01,1.236433124542236328e+01,1.046005153656005859e+01,1.632198333740234375e+01,1.360165214538574219e+01,1.088132095336914062e+01
4.875999999999999801e+01,1.485300159454345703e+01,1.238009357452392578e+01,1.047265720367431641e+01,1.634086418151855469e+01,1.361738586425781250e+01,1.089390850067138672e+01
4.880000000000000426e+01,1.487191486358642578e+01,1.239585590362548828e+01,1.048526191711425781e+01,1.635974311828613281e+01,1.363311862945556641e+01,1.090649414062500000e+01
4.884000000000000341e+01,1.489082813262939453e+01,1.241161823272705078e+01,1.049786567687988281e+01,1.637862014770507812e+01,1.364884948730468750e+01,1.091907882690429688e+01
4.888000000000000256e+01,1.490974140167236328e+01,1.242738056182861328e+01,1.051046943664550781e+01,1.639749526977539062e+01,1.366457843780517578e+01,1.093166255950927734e+01
4.892000000000000171e+01,1.492865467071533203e+01,1.244314289093017578e+01,1.052307224273681641e+01,1.641636848449707031e+01,1.368030548095703125e+01,1.094424438476562500e+01
4.896000000000000085e+01,1.494756793975830078e+01,1.245890522003173828e+01,1.053567409515380859e+01,1.643523979187011719e+01,1.369603157043457031e+01,1.095682525634765625e+01
4.900000000000000000e+01,1.496648120880126953e+01,1.247466754913330078e+01,1.054827594757080078e+01,1.645410919189453125e+01,1.371175575256347656e+01,1.096940422058105469e+01
4.903999999999999915e+01,1.498539447784423828e+01,1.249042987823486328e+01,1.056087684631347656e+01,1.647297668457031250e+01,1.372747802734375000e+01,1.098198223114013672e+01
4.907999999999999829e+01,1.500430774688720703e+01,1.250619220733642578e+01,1.057347679138183594e+01,1.649184036254882812e+01,1.374319839477539062e+01,1.099455833435058594e+01
4.912000000000000455e+01,1.502322101593017578e+01,1.252195453643798828e+01,1.058607578277587891e+01,1.651070213317871094e+01,1.375891685485839844e+01,1.100713348388671875e+01
4.916000000000000369e+01,1.504213428497314453e+01,1.253771686553955078e+01,1.059867382049560547e+01,1.652956199645996094e+01,1.377463436126708984e+01,1.101970672607421875e+01
4.920000000000000284e+01,1.506104755401611328e+01,1.255347919464111328e+01,1.061127185821533203e+01,1.654841995239257812e+01,1.379034996032714844e+01,1.103227901458740234e+01
4.924000000000000199e+01,1.507996082305908203e+01,1.256924152374267578e+01,1.062386894226074219e+01,1.656727600097656250e+01,1.380606365203857422e+01,1.104484939575195312e+01
4.928000000000000114e+01,1.509887409210205078e+01,1.258500385284423828e+01,1.063646507263183594e+01,1.658613014221191406e+01,1.382177543640136719e+01,1.105741882324218750e+01
4.932000000000000028e+01,1.511778736114501953e+01,1.260076618194580078e+01,1.064906024932861328e+01,1.660498237609863281e+01,1.383748531341552734e+01,1.106998634338378906e+01
4.935999999999999943e+01,1.513669967651367188e+01,1.261652755737304688e+01,1.066165447235107422e+01,1.662383079528808594e+01,1.385319328308105469e+01,1.108255290985107422e+01
4.939999999999999858e+01,1.515561199188232422e+01,1.263228893280029297e+01,1.067424774169921875e+01,1.664267730712890625e+01,1.386889934539794922e+01,1.109511756896972656e+01
4.943999999999999773e+01,1.517452430725097656e+01,1.264805030822753906e+01,1.068684005737304688e+01,1.666152191162109375e+01,1.388460350036621094e+01,1.110768032073974609e+01
4.948000000000000398e+01,1.519343662261962891e+01,1.266381168365478516e+01,1.069943141937255859e+01,1.668036460876464844e+01,1.390030574798583984e+01,1.112024211883544922e+01
4.952000000000000313e+01,1.521234798431396484e+01,1.267957210540771484e+01,1.071202182769775391e+01,1.669920539855957031e+01,1.391600608825683594e+01,1.113280200958251953e+01
4.956000000000000227e+01,1.523125934600830078e+01,1.269533252716064453e+01,1.072461128234863281e+01,1.671804237365722656e+01,1.393170356750488281e+01,1.114536094665527344e+01
4.960000000000000142e+01,1.525017070770263672e+01,1.271109294891357422e+01,1.073719978332519531e+01,1.673687744140625000e+01,1.394739913940429688e+01,1.115791797637939453e+01
4.964000000000000057e+01,1.526908111572265625e+01,1.272685241699218750e+01,1.074978733062744141e+01,1.675571060180664062e+01,1.396309280395507812e+01,1.117047309875488281e+01
4.967999999999999972e+01,1.528799152374267578e+01,1.274261188507080078e+01,1.076237392425537109e+01,1.677453994750976562e+01,1.397878456115722656e+01,1.118302631378173828e+01
4.971999999999999886e+01,1.530690097808837891e+01,1.275837135314941406e+01,1.077495956420898438e+01,1.679336738586425781e+01,1.399447441101074219e+01,1.119557857513427734e+01
4.975999999999999801e+01,1.532581043243408203e+01,1.277412986755371094e+01,1.078754425048828125e+01,1.681219291687011719e+01,1.401016139984130859e+01,1.120812892913818359e+01
4.980000000000000426e+01,1.534471893310546875e+01,1.278988838195800781e+01,1.080012798309326172e+01,1.683101463317871094e+01,1.402584648132324219e+01,1.122067737579345703e+01
4.984000000000000341e+01,1.536362743377685547e+01,1.280564594268798828e+01,1.081271076202392578e+01,1.684983444213867188e+01,1.404152965545654297e+01,1.123322391510009766e+01
4.988000000000000256e+01,1.538253498077392578e+01,1.282140350341796875e+01,1.082529258728027344e+01,1.686865234375000000e+01,1.405721092224121094e+01,1.124576854705810547e+01
4.992000000000000171e+01,1.540144252777099609e+01,1.283716011047363281e+01,1.083787345886230469e+01,1.688746643066406250e+01,1.407288932800292969e+01,1.125831127166748047e+01
4.996000000000000085e+01,1.542034912109375000e+01,1.285291671752929688e+01,1.085045242309570312e+01,1.690627861022949219e+01,1.408856582641601562e+01,1.127085304260253906e+01
5.000000000000000000e+01,1.543925476074218750e+01,1.286867237091064453e+01,1.086303043365478516e+01,1.692508697509765625e+01,1.410424041748046875e+01,1.128339290618896484e+01
5.003999999999999915e+01,1.545816040039062500e+01,1.288442802429199219e+01,1.087560749053955078e+01,1.694389343261718750e+01,1.411991214752197266e+01,1.129593086242675781e+01
5.007999999999999829e+01,1.547706508636474609e+01,1.290018272399902344e+01,1.088818359375000000e+01,1.696269798278808594e+01,1.413558197021484375e+01,1.130846691131591797e+01
5.012000000000000455e+01,1.549596881866455078e+01,1.291593742370605469e+01,1.090075874328613281e+01,1.698149871826171875e+01,1.415124893188476562e+01,1.132100105285644531e+01
5.016000000000000369e+01,1.551487159729003906e+01,1.293169116973876953e+01,1.091333198547363281e+01,1.700029754638671875e+01,1.416691398620605469e+01,1.133353328704833984e+01
5.020000000000000284e+01,1.553377437591552734e+01,1.294744396209716797e+01,1.092590427398681641e+01,1.701909255981445312e+01,1.418257713317871094e+01,1.134606361389160156e+01
5.024000000000000199e+01,1.555267620086669922e+01,1.296319580078125000e+01,1.093847560882568359e+01,1.703788566589355469e+01,1.419823741912841797e+01,1.135859203338623047e+01
5.028000000000000114e+01,1.557157707214355469e+01,1.297894763946533203e+01,1.095104503631591797e+01,1.705667495727539062e+01,1.421389579772949219e+01,1.137111854553222656e+01
5.032000000000000028e+01,1.559047698974609375e+01,1.299469852447509766e+01,1.096361351013183594e+01,1.707546234130859375e+01,1.422955131530761719e+01,1.138364315032958984e+01
5.035999999999999943e+01,1.560937595367431641e+01,1.301044845581054688e+01,1.097618103027343750e+01,1.709424591064453125e+01,1.424520397186279297e+01,1.139616584777832031e+01
5.039999999999999858e+01,1.562827396392822266e+01,1.302619743347167969e+01,1.098874664306640625e+01,1.711302566528320312e+01,1.426085472106933594e+01,1.140868568420410156e+01
5.043999999999999773e+01,1.564717102050781250e+01,1.304194641113281250e+01,1.100131130218505859e+01,1.713180351257324219e+01,1.427650260925292969e+01,1.142120361328125000e+01
5.048000000000000398e+01,1.566606712341308594e+01,1.305769443511962891e+01,1.101387500762939453e+01,1.715057754516601562e+01,1.429214859008789062e+01,1.143371963500976562e+01
5.052000000000000313e+01,1.568496227264404297e+01,1.307344150543212891e+01,1.102643680572509766e+01,1.716934967041015625e+01,1.430779170989990234e+01,1.144623374938964844e+01
5.056000000000000227e+01,1.570385646820068359e+01,1.308918762207031250e+01,1.103899765014648438e+01,1.718811798095703125e+01,1.432343196868896484e+01,1.145874595642089844e+01
5.060000000000000142e+01,1.572274971008300781e+01,1.310493278503417969e+01,1.105155658721923828e+01,1.720688247680664062e+01,1.433906936645507812e+01,1.147125625610351562e+01
5.064000000000000057e+01,1.574164199829101562e+01,1.312067699432373047e+01,1.106411457061767578e+01,1.722564506530761719e+01,1.435470485687255859e+01,1.148376464843750000e+01
5.067999999999999972e+01,1.576053333282470703e+01,1.313642024993896484e+01,1.107667064666748047e+01,1.724440383911132812e+01,1.437033748626708984e+01,1.149627017974853516e+01
5.071999999999999886e+01,1.577942371368408203e+01,1.315216255187988281e+01,1.108922576904296875e+01,1.726315879821777344e+01,1.438596725463867188e+01,1.150877380371093750e+01
5.075999999999999801e+01,1.579831314086914062e+01,1.316790390014648438e+01,1.110177898406982422e+01,1.728191184997558594e+01,1.440159416198730469e+01,1.152127552032470703e+01
5.080000000000000426e+01,1.581720066070556641e+01,1.318364429473876953e+01,1.111433124542236328e+01,1.730066108703613281e+01,1.441721820831298828e+01,1.153377532958984375e+01
5.084000000000000341e+01,1.583608722686767578e+01,1.319938373565673828e+01,1.112688159942626953e+01,1.731940650939941406e+01,1.443284034729003906e+01,1.154627227783203125e+01
5.088000000000000256e+01,1.585497283935546875e+01,1.321512222290039062e+01,1.113943004608154297e+01,1.733815002441406250e+01,1.444845962524414062e+01,1.155876731872558594e+01
5.092000000000000171e+01,1.587385749816894531e+01,1.323085975646972656e+01,1.115197753906250000e+01,1.735688972473144531e+01,1.446407604217529297e+01,1.157126045227050781e+01
5.096000000000000085e+01,1.589274024963378906e+01,1.324659633636474609e+01,1.116452312469482422e+01,1.737562561035156250e+01,1.447968959808349609e+01,1.158375072479248047e+01
5.100000000000000000e+01,1.591162204742431641e+01,1.326233196258544922e+01,1.117706680297851562e+01,1.739435768127441406e+01,1.449530029296875000e+01,1.159623908996582031e+01
5.103999999999999915e+01,1.593050289154052734e+01,1.327806663513183594e+01,1.118960952758789062e+01,1.741308784484863281e+01,1.451090812683105469e+01,1.160872554779052734e+01
5.107999999999999829e+01,1.594938182830810547e+01,1.329379940032958984e+01,1.120215034484863281e+01,1.743181419372558594e+01,1.452651309967041016e+01,1.162120914459228516e+01
5.112000000000000455e+01,1.596825981140136719e+01,1.330953121185302734e+01,1.121468925476074219e+01,1.745053672790527344e+01,1.454211521148681641e+01,1.163369083404541016e+01
5.116000000000000369e+01,1.598713588714599609e+01,1.332526206970214844e+01,1.122722721099853516e+01,1.746925544738769531e+01,1.455771446228027344e+01,1.164617061614990234e+01
5.120000000000000284e+01,1.600601005554199219e+01,1.334099197387695312e+01,1.123976325988769531e+01,1.748797035217285156e+01,1.457331085205078125e+01,1.165864753723144531e+01
5.124000000000000199e+01,1.602488327026367188e+01,1.335671997070312500e+01,1.125229740142822266e+01,1.750668144226074219e+01,1.458890438079833984e+01,1.167112255096435547e+01
5.128000000000000114e+01,1.604375457763671875e+01,1.337244701385498047e+01,1.126482963562011719e+01,1.752539062500000000e+01,1.460449409484863281e+01,1.168359470367431641e+01
5.132000000000000028e+01,1.606262588500976562e+01,1.338817310333251953e+01,1.127736091613769531e+01,1.754409599304199219e+01,1.462008094787597656e+01,1.169606494903564453e+01
5.135999999999999943e+01,1.608149528503417969e+01,1.340389728546142578e+01,1.128989028930664062e+01,1.756279754638671875e+01,1.463566493988037109e+01,1.170853233337402344e+01
5.139999999999999858e+01,1.610036277770996094e+01,1.341962051391601562e+01,1.130241775512695312e+01,1.758149528503417969e+01,1.465124607086181641e+01,1.172099685668945312e+01
5.143999999999999773e+01,1.611922836303710938e+01,1.343534278869628906e+01,1.131494331359863281e+01,1.760018920898437500e+01,1.466682434082031250e+01,1.173345947265625000e+01
5.148000000000000398e+01,1.613809204101562500e+01,1.345106315612792969e+01,1.132746696472167969e+01,1.761887931823730469e+01,1.468239974975585938e+01,1.174591922760009766e+01
5.152000000000000313e+01,1.615695381164550781e+01,1.346678256988525391e+01,1.133998870849609375e+01,1.763756561279296875e+01,1.469797134399414062e+01,1.175837707519531250e+01
5.156000000000000227e+01,1.617581558227539062e+01,1.348250007629394531e+01,1.135250854492187500e+01,1.765624809265136719e+01,1.471354007720947266e+01,1.177083206176757812e+01
5.160000000000000142e+01,1.619467544555664062e+01,1.349821662902832031e+01,1.136502647399902344e+01,1.767492675781250000e+01,1.472910594940185547e+01,1.178328418731689453e+01
5.164000000000000057e+01,1.621353340148925781e+01,1.351393127441406250e+01,1.137754344940185547e+01,1.769360160827636719e+01,1.474466800689697266e+01,1.179573440551757812e+01
5.167999999999999972e+01,1.623238945007324219e+01,1.352964496612548828e+01,1.139005851745605469e+01,1.771227264404296875e+01,1.476022720336914062e+01,1.180818176269531250e+01
5.171999999999999886e+01,1.625124359130859375e+01,1.354535675048828125e+01,1.140257167816162109e+01,1.773093986511230469e+01,1.477578353881835938e+01,1.182062625885009766e+01
5.175999999999999801e+01,1.627009582519531250e+01,1.356106758117675781e+01,1.141508293151855469e+01,1.774960327148437500e+01,1.479133605957031250e+01,1.183306884765625000e+01
5.180000000000000426e+01,1.628894615173339844e+01,1.357677650451660156e+01,1.142759227752685547e+01,1.776826286315917969e+01,1.480688571929931641e+01,1.184550857543945312e+01
5.184000000000000341e+01,1.630779457092285156e+01,1.359248352050781250e+01,1.144009876251220703e+01,1.778691864013671875e+01,1.482243156433105469e+01,1.185794544219970703e+01
5.188000000000000256e+01,1.632664108276367188e+01,1.360818958282470703e+01,1.145260334014892578e+01,1.780557060241699219e+01,1.483797454833984375e+01,1.187037944793701172e+01
5.192000000000000171e+01,1.634548568725585938e+01,1.362389373779296875e+01,1.146510601043701172e+01,1.782421875000000000e+01,1.485351371765136719e+01,1.188281154632568359e+01
5.196000000000000085e+01,1.636432838439941406e+01,1.363959598541259766e+01,1.147760677337646484e+01,1.784286308288574219e+01,1.486905002593994141e+01,1.189524078369140625e+01
5.200000000000000000e+01,1.638316917419433594e+01,1.365529727935791016e+01,1.149010562896728516e+01,1.786150169372558594e+01,1.488458251953125000e+01,1.190766716003417969e+01
5.203999999999999915e+01,1.640200805664062500e+01,1.367099666595458984e+01,1.150260257720947266e+01,1.788013648986816406e+01,1.490011215209960938e+01,1.192009067535400391e+01
5.207999999999999829e+01,1.642084503173828125e+01,1.368669414520263672e+01,1.151509761810302734e+01,1.789876747131347656e+01,1.491563796997070312e+01,1.193251132965087891e+01
5.212000000000000455e+01,1.643968009948730469e+01,1.370238971710205078e+01,1.152759075164794922e+01,1.791739463806152344e+01,1.493116092681884766e+01,1.194492912292480469e+01
5.216000000000000369e+01,1.645851325988769531e+01,1.371808338165283203e+01,1.154008102416992188e+01,1.793601799011230469e+01,1.494668006896972656e+01,1.195734405517578125e+01
5.220000000000000284e+01,1.647734451293945312e+01,1.373377609252929688e+01,1.155256938934326172e+01,1.795463752746582031e+01,1.496219539642333984e+01,1.196975612640380859e+01
5.224000000000000199e+01,1.649617385864257812e+01,1.374946689605712891e+01,1.156505584716796875e+01,1.797325134277343750e+01,1.497770786285400391e+01,1.198216629028320312e+01
5.228000000000000114e+01,1.651499938964843750e+01,1.376515579223632812e+01,1.157754039764404297e+01,1.799186134338378906e+01,1.499321651458740234e+01,1.199457359313964844e+01
5.232000000000000028e+01,1.653382301330566406e+01,1.378084278106689453e+01,1.159002304077148438e+01,1.801046752929687500e+01,1.500872135162353516e+01,1.200697803497314453e+01
5.235999999999999943e+01,1.655264472961425781e+01,1.379652786254882812e+01,1.160250282287597656e+01,1.802906990051269531e+01,1.502422332763671875e+01,1.201937961578369141e+01
5.239999999999999858e+01,1.657146453857421875e+01,1.381221103668212891e+01,1.161498069763183594e+01,1.804766654968261719e+01,1.503972148895263672e+01,1.203177833557128906e+01
5.243999999999999773e+01,1.659028244018554688e+01,1.382789230346679688e+01,1.162745666503906250e+01,1.806625938415527344e+01,1.505521583557128906e+01,1.204417324066162109e+01
5.248000000000000398e+01,1.660909843444824219e+01,1.384357166290283203e+01,1.163992977142333984e+01,1.808484840393066406e+01,1.507070636749267578e+01,1.205656528472900391e+01
5.252000000000000313e+01,1.662791061401367188e+01,1.385924911499023438e+01,1.165240097045898438e+01,1.810343170166015625e+01,1.508619308471679688e+01,1.206895446777343750e+01
5.256000000000000227e+01,1.664672088623046875e+01,1.387492465972900391e+01,1.166487026214599609e+01,1.812201118469238281e+01,1.510167598724365234e+01,1.208134078979492188e+01
5.260000000000000142e+01,1.666552925109863281e+01,1.389059829711914062e+01,1.167733669281005859e+01,1.814058685302734375e+01,1.511715507507324219e+01,1.209372425079345703e+01
5.264000000000000057e+01,1.668433570861816406e+01,1.390627002716064453e+01,1.168980121612548828e+01,1.815915679931640625e+01,1.513263130187988281e+01,1.210610485076904297e+01
5.267999999999999972e+01,1.670313835144042969e+01,1.392193984985351562e+01,1.170226287841796875e+01,1.817772293090820312e+01,1.514810371398925781e+01,1.211848258972167969e+01
5.271999999999999886e+01,1.672193908691406250e+01,1.393760681152343750e+01,1.171472263336181641e+01,1.819628524780273438e+01,1.516357231140136719e+01,1.213085746765136719e+01
5.275999999999999801e+01,1.674073791503906250e+01,1.395327186584472656e+01,1.172717952728271484e+01,1.821484184265136719e+01,1.517903709411621094e+01,1.214322948455810547e+01
5.280000000000000426e+01,1.675953292846679688e+01,1.396893501281738281e+01,1.173963451385498047e+01,1.823339462280273438e+01,1.519449806213378906e+01,1.215559768676757812e+01
5.284000000000000341e+01,1.677832603454589844e+01,1.398459625244140625e+01,1.175208663940429688e+01,1.825194358825683594e+01,1.520995521545410156e+01,1.216796302795410156e+01
5.288000000000000256e+01,1.679711723327636719e+01,1.400025558471679688e+01,1.176453685760498047e+01,1.827048683166503906e+01,1.522540760040283203e+01,1.218032550811767578e+01
5.292000000000000171e+01,1.681590461730957031e+01,1.401591205596923828e+01,1.177698421478271484e+01,1.828902626037597656e+01,1.524085617065429688e+01,1.219268512725830078e+01
5.296000000000000085e+01,1.683469009399414062e+01,1.403156661987304688e+01,1.178942966461181641e+01,1.830755996704101562e+01,1.525630092620849609e+01,1.220504093170166016e+01
5.300000000000000000e+01,1.685347366333007812e+01,1.404721927642822266e+01,1.180187225341796875e+01,1.832608985900878906e+01,1.527174186706542969e+01,1.221739387512207031e+01
5.303999999999999915e+01,1.687225341796875000e+01,1.406286907196044922e+01,1.181431198120117188e+01,1.834461402893066406e+01,1.528717899322509766e+01,1.222974395751953125e+01
5.307999999999999829e+01,1.689103126525878906e+01,1.407851696014404297e+01,1.182674980163574219e+01,1.836313438415527344e+01,1.530261230468750000e+01,1.224209022521972656e+01
5.312000000000000455e+01,1.690980529785156250e+01,1.409416294097900391e+01,1.183918476104736328e+01,1.838164901733398438e+01,1.531804180145263672e+01,1.225443363189697266e+01
5.316000000000000369e+01,1.692857742309570312e+01,1.410980606079101562e+01,1.185161781311035156e+01,1.840015983581542969e+01,1.533346652984619141e+01,1.226677417755126953e+01
5.320000000000000284e+01,1.694734764099121094e+01,1.412544727325439453e+01,1.186404800415039062e+01,1.841866493225097656e+01,1.534888744354248047e+01,1.227911090850830078e+01
5.324000000000000199e+01,1.696611404418945312e+01,1.414108562469482422e+01,1.187647533416748047e+01,1.843716621398925781e+01,1.536430454254150391e+01,1.229144477844238281e+01
5.328000000000000114e+01,1.698487854003906250e+01,1.415672206878662109e+01,1.188889980316162109e+01,1.845566177368164062e+01,1.537971782684326172e+01,1.230377483367919922e+01
5.332000000000000028e+01,1.700363922119140625e+01,1.417235565185546875e+01,1.190132236480712891e+01,1.847415161132812500e+01,1.539512634277343750e+01,1.231610202789306641e+01
5.335999999999999943e+01,1.702239799499511719e+01,1.418798732757568359e+01,1.191374206542968750e+01,1.849263763427734375e+01,1.541053104400634766e+01,1.232842540740966797e+01
5.339999999999999858e+01,1.704115295410156250e+01,1.420361614227294922e+01,1.192615890502929688e+01,1.851111793518066406e+01,1.542593193054199219e+01,1.234074592590332031e+01
5.343999999999999773e+01,1.705990600585937500e+01,1.421924304962158203e+01,1.193857288360595703e+01,1.852959442138671875e+01,1.544132804870605469e+01,1.235306262969970703e+01
5.348000000000000398e+01,1.707865524291992188e+01,1.423486709594726562e+01,1.195098495483398438e+01,1.854806518554687500e+01,1.545672035217285156e+01,1.236537647247314453e+01
5.352000000000000313e+01,1.709740066528320312e+01,1.425048828125000000e+01,1.196339416503906250e+01,1.856653022766113281e+01,1.547210788726806641e+01,1.237768650054931641e+01
5.356000000000000227e+01,1.711614418029785156e+01,1.426610755920410156e+01,1.197580051422119141e+01,1.858499145507812500e+01,1.548749160766601562e+01,1.238999366760253906e+01
5.360000000000000142e+01,1.713488388061523438e+01,1.428172397613525391e+01,1.198820400238037109e+01,1.860344696044921875e+01,1.550287055969238281e+01,1.240229701995849609e+01
5.364000000000000057e+01,1.715362167358398438e+01,1.429733753204345703e+01,1.200060462951660156e+01,1.862189674377441406e+01,1.551824569702148438e+01,1.241459751129150391e+01
5.367999999999999972e+01,1.717235565185546875e+01,1.431294918060302734e+01,1.201300239562988281e+01,1.864034080505371094e+01,1.553361606597900391e+01,1.242689418792724609e+01
5.371999999999999886e+01,1.719108581542968750e+01,1.432855796813964844e+01,1.202539730072021484e+01,1.865878105163574219e+01,1.554898262023925781e+01,1.243918704986572266e+01
5.375999999999999801e+01,1.720981407165527344e+01,1.434416389465332031e+01,1.203778934478759766e+01,1.867721557617187500e+01,1.556434440612792969e+01,1.245147705078125000e+01
5.380000000000000426e+01,1.722853851318359375e+01,1.435976696014404297e+01,1.205017852783203125e+01,1.869564437866210938e+01,1.557970237731933594e+01,1.246376323699951172e+01
5.384000000000000341e+01,1.724725914001464844e+01,1.437536811828613281e+01,1.206256484985351562e+01,1.871406745910644531e+01,1.559505558013916016e+01,1.247604560852050781e+01
5.388000000000000256e+01,1.726597785949707031e+01,1.439096641540527344e+01,1.207494831085205078e+01,1.873248672485351562e+01,1.561040496826171875e+01,1.248832511901855469e+01
5.392000000000000171e+01,1.728469276428222656e+01,1.440656185150146484e+01,1.208732891082763672e+01,1.875090026855468750e+01,1.562574958801269531e+01,1.250060081481933594e+01
5.396000000000000085e+01,1.730340385437011719e+01,1.442215442657470703e+01,1.209970664978027344e+01,1.876930809020996094e+01,1.564108943939208984e+01,1.251287269592285156e+01
5.400000000000000000e+01,1.732211303710937500e+01,1.443774414062500000e+01,1.211208152770996094e+01,1.878771018981933594e+01,1.565642452239990234e+01,1.252514076232910156e+01
5.403999999999999915e+01,1.734081840515136719e+01,1.445333099365234375e+01,1.212445354461669922e+01,1.880610656738281250e+01,1.567175579071044922e+01,1.253740501403808594e+01
5.407999999999999829e+01,1.735951995849609375e+01,1.446891498565673828e+01,1.213682270050048828e+01,1.882449722290039062e+01,1.568708229064941406e+01,1.254966640472412109e+01
5.412000000000000455e+01,1.737821769714355469e+01,1.448449611663818359e+01,1.214918899536132812e+01,1.884288406372070312e+01,1.570240402221679688e+01,1.256192398071289062e+01
5.416000000000000369e+01,1.739691162109375000e+01,1.450007438659667969e+01,1.216155242919921875e+01,1.886126518249511719e+01,1.571772098541259766e+01,1.257417774200439453e+01
5.420000000000000284e+01,1.741560363769531250e+01,1.451564979553222656e+01,1.217391300201416016e+01,1.887964057922363281e+01,1.573303318023681641e+01,1.258642768859863281e+01
5.424000000000000199e+01,1.743429183959960938e+01,1.453122234344482422e+01,1.218627071380615234e+01,1.889801025390625000e+01,1.574834156036376953e+01,1.259867382049560547e+01
5.428000000000000114e+01,1.745297622680664062e+01,1.454679203033447266e+01,1.219862556457519531e+01,1.891637420654296875e+01,1.576364517211914062e+01,1.261091613769531250e+01
5.432000000000000028e+01,1.747165679931640625e+01,1.456235885620117188e+01,1.221097660064697266e+01,1.893473243713378906e+01,1.577894401550292969e+01,1.262315464019775391e+01
5.435999999999999943e+01,1.749033355712890625e+01,1.457792282104492188e+01,1.222332477569580078e+01,1.895308494567871094e+01,1.579423809051513672e+01,1.263538932800292969e+01
5.439999999999999858e+01,1.750900650024414062e+01,1.459348392486572266e+01,1.223567008972167969e+01,1.897143173217773438e+01,1.580952739715576172e+01,1.264762115478515625e+01
5.443999999999999773e+01,1.752767753601074219e+01,1.460904216766357422e+01,1.224801254272460938e+01,1.898977279663085938e+01,1.582481193542480469e+01,1.265984916687011719e+01
5.448000000000000398e+01,1.754634475708007812e+01,1.462459659576416016e+01,1.226035118103027344e+01,1.900810813903808594e+01,1.584009170532226562e+01,1.267207336425781250e+01
5.452000000000000313e+01,1.756500816345214844e+01,1.464014816284179688e+01,1.227268695831298828e+01,1.902643775939941406e+01,1.585536670684814453e+01,1.268429374694824219e+01
5.456000000000000227e+01,1.758366775512695312e+01,1.465569686889648438e+01,1.228501987457275391e+01,1.904476165771484375e+01,1.587063694000244141e+01,1.269650936126708984e+01
5.460000000000000142e+01,1.760232353210449219e+01,1.467124271392822266e+01,1.229734897613525391e+01,1.906307983398437500e+01,1.588590240478515625e+01,1.270872116088867188e+01
5.464000000000000057e+01,1.762097549438476562e+01,1.468678474426269531e+01,1.230967521667480469e+01,1.908139228820800781e+01,1.590116310119628906e+01,1.272092914581298828e+01
5.467999999999999972e+01,1.763962364196777344e+01,1.470232391357421875e+01,1.232199859619140625e+01,1.909969902038574219e+01,1.591641902923583984e+01,1.273313331604003906e+01
5.471999999999999886e+01,1.765826797485351562e+01,1.471786022186279297e+01,1.233431816101074219e+01,1.911800003051757812e+01,1.593166923522949219e+01,1.274533367156982422e+01
5.475999999999999801e+01,1.767690849304199219e+01,1.473339271545410156e+01,1.234663486480712891e+01,1.913629531860351562e+01,1.594691467285156250e+01,1.275753021240234375e+01
5.480000000000000426e+01,1.769554519653320312e+01,1.474892234802246094e+01,1.235894775390625000e+01,1.915458488464355469e+01,1.596215534210205078e+01,1.276972293853759766e+01
5.484000000000000341e+01,1.771417808532714844e+01,1.476444911956787109e+01,1.237125778198242188e+01,1.917286872863769531e+01,1.597739124298095703e+01,1.278191184997558594e+01
5.488000000000000256e+01,1.773280715942382812e+01,1.477997207641601562e+01,1.238356399536132812e+01,1.919114494323730469e+01,1.599262237548828125e+01,1.279409694671630859e+01
5.492000000000000171e+01,1.775143241882324219e+01,1.479549217224121094e+01,1.239586734771728516e+01,1.920941543579101562e+01,1.600784873962402344e+01,1.280627727508544922e+01
5.496000000000000085e+01,1.777005386352539062e+01,1.481100845336914062e+01,1.240816688537597656e+01,1.922768020629882812e+01,1.602306938171386719e+01,1.281845378875732422e+01
5.500000000000000000e+01,1.778867149353027344e+01,1.482652187347412109e+01,1.242046356201171875e+01,1.924593925476074219e+01,1.603828430175781250e+01,1.283062648773193359e+01
5.503999999999999915e+01,1.780728530883789062e+01,1.484203147888183594e+01,1.243275642395019531e+01,1.926419258117675781e+01,1.605349540710449219e+01,1.284279537200927734e+01
5.507999999999999829e+01,1.782589340209960938e+01,1.485753822326660156e+01,1.244504642486572266e+01,1.928244018554687500e+01,1.606870079040527344e+01,1.285495948791503906e+01
5.512000000000000455e+01,1.784449768066406250e+01,1.487304115295410156e+01,1.245733261108398438e+01,1.930068016052246094e+01,1.608390045166015625e+01,1.286711978912353516e+01
5.516000000000000369e+01,1.786309814453125000e+01,1.488854122161865234e+01,1.246961593627929688e+01,1.931891441345214844e+01,1.609909629821777344e+01,1.287927627563476562e+01
5.520000000000000284e+01,1.788169479370117188e+01,1.490403747558593750e+01,1.248189544677734375e+01,1.933714294433593750e+01,1.611428642272949219e+01,1.289142799377441406e+01
5.524000000000000199e+01,1.790028762817382812e+01,1.491952991485595703e+01,1.249417114257812500e+01,1.935536384582519531e+01,1.612947082519531250e+01,1.290357589721679688e+01
5.528000000000000114e+01,1.791887664794921875e+01,1.493501949310302734e+01,1.250644397735595703e+01,1.937357902526855469e+01,1.614464950561523438e+01,1.291571998596191406e+01
5.532000000000000028e+01,1.793745994567871094e+01,1.495050525665283203e+01,1.251871299743652344e+01,1.939178848266601562e+01,1.615982437133789062e+01,1.292785930633544922e+01
5.535999999999999943e+01,1.795603942871093750e+01,1.496598720550537109e+01,1.253097820281982422e+01,1.940999221801757812e+01,1.617499351501464844e+01,1.293999481201171875e+01
5.539999999999999858e+01,1.797461509704589844e+01,1.498146629333496094e+01,1.254324054718017578e+01,1.942818832397460938e+01,1.619015693664550781e+01,1.295212554931640625e+01
5.543999999999999773e+01,1.799318695068359375e+01,1.499694156646728516e+01,1.255549907684326172e+01,1.944637870788574219e+01,1.620531463623046875e+01,1.296425247192382812e+01
5.548000000000000398e+01,1.801175498962402344e+01,1.501241302490234375e+01,1.256775379180908203e+01,1.946456336975097656e+01,1.622046852111816406e+01,1.297637462615966797e+01
5.552000000000000313e+01,1.803031730651855469e+01,1.502788066864013672e+01,1.258000469207763672e+01,1.948274040222167969e+01,1.623561668395996094e+01,1.298849296569824219e+01
5.556000000000000227e+01,1.804887580871582031e+01,1.504334449768066406e+01,1.259225273132324219e+01,1.950091171264648438e+01,1.625075912475585938e+01,1.300060653686523438e+01
5.560000000000000142e+01,1.806743049621582031e+01,1.505880546569824219e+01,1.260449695587158203e+01,1.951907539367675781e+01,1.626589584350585938e+01,1.301271629333496094e+01
5.564000000000000057e+01,1.808597946166992188e+01,1.507426261901855469e+01,1.261673736572265625e+01,1.953723335266113281e+01,1.628102684020996094e+01,1.302482128143310547e+01
5.567999999999999972e+01,1.810452461242675781e+01,1.508971595764160156e+01,1.262897396087646484e+01,1.955538558959960938e+01,1.629615402221679688e+01,1.303692245483398438e+01
5.571999999999999886e+01,1.812306594848632812e+01,1.510516548156738281e+01,1.264120674133300781e+01,1.957353019714355469e+01,1.631127548217773438e+01,1.304901885986328125e+01
5.575999999999999801e+01,1.814160156250000000e+01,1.512061119079589844e+01,1.265343570709228516e+01,1.959166908264160156e+01,1.632639122009277344e+01,1.306111145019531250e+01
5.580000000000000426e+01,1.816013336181640625e+01,1.513605308532714844e+01,1.266566085815429688e+01,1.960980033874511719e+01,1.634150123596191406e+01,1.307319927215576172e+01
5.584000000000000341e+01,1.817866134643554688e+01,1.515149116516113281e+01,1.267788314819335938e+01,1.962792587280273438e+01,1.635660552978515625e+01,1.308528232574462891e+01
5.588000000000000256e+01,1.819718360900878906e+01,1.516692543029785156e+01,1.269010162353515625e+01,1.964604377746582031e+01,1.637170410156250000e+01,1.309736156463623047e+01
5.592000000000000171e+01,1.821570205688476562e+01,1.518235588073730469e+01,1.270231628417968750e+01,1.966415596008300781e+01,1.638679695129394531e+01,1.310943603515625000e+01
5.596000000000000085e+01,1.823421478271484375e+01,1.519778251647949219e+01,1.271452713012695312e+01,1.968226051330566406e+01,1.640188407897949219e+01,1.312150573730468750e+01
5.600000000000000000e+01,1.825272369384765625e+01,1.521320533752441406e+01,1.272673416137695312e+01,1.970035934448242188e+01,1.641696548461914062e+01,1.313357162475585938e+01
5.603999999999999915e+01,1.827122688293457031e+01,1.522862434387207031e+01,1.273893737792968750e+01,1.971845054626464844e+01,1.643204116821289062e+01,1.314563274383544922e+01
5.607999999999999829e+01,1.828972625732421875e+01,1.524403953552246094e+01,1.275113677978515625e+01,1.973653602600097656e+01,1.644711112976074219e+01,1.315768909454345703e+01
5.612000000000000455e+01,1.830822181701660156e+01,1.525945091247558594e+01,1.276333236694335938e+01,1.975461387634277344e+01,1.646217536926269531e+01,1.316974163055419922e+01
5.616000000000000369e+01,1.832671165466308594e+01,1.527485752105712891e+01,1.277552318572998047e+01,1.977268409729003906e+01,1.647723388671875000e+01,1.318178939819335938e+01
5.620000000000000284e+01,1.834519767761230469e+01,1.529026031494140625e+01,1.278771018981933594e+01,1.979074859619140625e+01,1.649228668212890625e+01,1.319383239746093750e+01
5.624000000000000199e+01,1.836367797851562500e+01,1.530565929412841797e+01,1.279989337921142578e+01,1.980880546569824219e+01,1.650733375549316406e+01,1.320587062835693359e+01
5.628000000000000114e+01,1.838215255737304688e+01,1.532105445861816406e+01,1.281207275390625000e+01,1.982685661315917969e+01,1.652237510681152344e+01,1.321790409088134766e+01
5.632000000000000028e+01,1.840062332153320312e+01,1.533644485473632812e+01,1.282424831390380859e+01,1.984490013122558594e+01,1.653741073608398438e+01,1.322993278503417969e+01
5.635999999999999943e+01,1.841908836364746094e+01,1.535183143615722656e+01,1.283642005920410156e+01,1.986293601989746094e+01,1.655244064331054688e+01,1.324195671081542969e+01
5.639999999999999858e+01,1.843754959106445312e+01,1.536721420288085938e+01,1.284858798980712891e+01,1.988096618652343750e+01,1.656746482849121094e+01,1.325397682189941406e+01
5.643999999999999773e+01,1.845600509643554688e+01,1.538259315490722656e+01,1.286075115203857422e+01,1.989898872375488281e+01,1.658248329162597656e+01,1.326599216461181641e+01
5.648000000000000398e+01,1.847445678710937500e+01,1.539796733856201172e+01,1.287291049957275391e+01,1.991700363159179688e+01,1.659749603271484375e+01,1.327800273895263672e+01
5.652000000000000313e+01,1.849290275573730469e+01,1.541333770751953125e+01,1.288506603240966797e+01,1.993501281738281250e+01,1.661250305175781250e+01,1.329000854492187500e+01
5.656000000000000227e+01,1.851134300231933594e+01,1.542870330810546875e+01,1.289721775054931641e+01,1.995301437377929688e+01,1.662750434875488281e+01,1.330200958251953125e+01
5.660000000000000142e+01,1.852977943420410156e+01,1.544406509399414062e+01,1.290936470031738281e+01,1.997100830078125000e+01,1.664249992370605469e+01,1.331400585174560547e+01
5.664000000000000057e+01,1.854821014404296875e+01,1.545942306518554688e+01,1.292150783538818359e+01,1.998899459838867188e+01,1.665748977661132812e+01,1.332599735260009766e+01
5.667999999999999972e+01,1.856663513183593750e+01,1.547477626800537109e+01,1.293364715576171875e+01,2.000697517395019531e+01,1.667247390747070312e+01,1.333798408508300781e+01
5.671999999999999886e+01,1.858505630493164062e+01,1.549012565612792969e+01,1.294578266143798828e+01,2.002494812011718750e+01,1.668745231628417969e+01,1.334996604919433594e+01
5.675999999999999801e+01,1.860347175598144531e+01,1.550547027587890625e+01,1.295791339874267578e+01,2.004291343688964844e+01,1.670242309570312500e+01,1.336194324493408203e+01
5.680000000000000426e+01,1.862188148498535156e+01,1.552081012725830078e+01,1.297004032135009766e+01,2.006087112426757812e+01,1.671738815307617188e+01,1.337391471862792969e+01
5.684000000000000341e+01,1.864028549194335938e+01,1.553614616394042969e+01,1.298216247558593750e+01,2.007882118225097656e+01,1.673234748840332031e+01,1.338588142395019531e+01
5.688000000000000256e+01,1.865868568420410156e+01,1.555147743225097656e+01,1.299428081512451172e+01,2.009676361083984375e+01,1.674730110168457031e+01,1.339784336090087891e+01
5.692000000000000171e+01,1.867708015441894531e+01,1.556680488586425781e+01,1.300639533996582031e+01,2.011470031738281250e+01,1.676224899291992188e+01,1.340980052947998047e+01
5.696000000000000085e+01,1.869546890258789062e+01,1.558212757110595703e+01,1.301850509643554688e+01,2.013262939453125000e+01,1.677718925476074219e+01,1.342175292968750000e+01
5.700000000000000000e+01,1.871385192871093750e+01,1.559744548797607422e+01,1.303061103820800781e+01,2.015055084228515625e+01,1.679212379455566406e+01,1.343370056152343750e+01
5.703999999999999915e+01,1.873223114013671875e+01,1.561275959014892578e+01,1.304271221160888672e+01,2.016846466064453125e+01,1.680705261230468750e+01,1.344564247131347656e+01
5.707999999999999829e+01,1.875060462951660156e+01,1.562806892395019531e+01,1.305480957031250000e+01,2.018637084960937500e+01,1.682197380065917969e+01,1.345757961273193359e+01
5.712000000000000455e+01,1.876897239685058594e+01,1.564337348937988281e+01,1.306690216064453125e+01,2.020426940917968750e+01,1.683688926696777344e+01,1.346951198577880859e+01
5.716000000000000369e+01,1.878733444213867188e+01,1.565867424011230469e+01,1.307899093627929688e+01,2.022216033935546875e+01,1.685179901123046875e+01,1.348143959045410156e+01
5.720000000000000284e+01,1.880569076538085938e+01,1.567397022247314453e+01,1.309107494354248047e+01,2.024004364013671875e+01,1.686670303344726562e+01,1.349336147308349609e+01
5.724000000000000199e+01,1.882404136657714844e+01,1.568926143646240234e+01,1.310315418243408203e+01,2.025791931152343750e+01,1.688159942626953125e+01,1.350527858734130859e+01
5.728000000000000114e+01,1.884238624572753906e+01,1.570454788208007812e+01,1.311522960662841797e+01,2.027578735351562500e+01,1.689649009704589844e+01,1.351719093322753906e+01
5.732000000000000028e+01,1.886072731018066406e+01,1.571982955932617188e+01,1.312730026245117188e+01,2.029364776611328125e+01,1.691137504577636719e+01,1.352909851074218750e+01
5.735999999999999943e+01,1.887906265258789062e+01,1.573510646820068359e+01,1.313936710357666016e+01,2.031150054931640625e+01,1.692625236511230469e+01,1.354100036621093750e+01
5.739999999999999858e+01,1.889739227294921875e+01,1.575037860870361328e+01,1.315142917633056641e+01,2.032934570312500000e+01,1.694112396240234375e+01,1.355289745330810547e+01
5.743999999999999773e+01,1.891571617126464844e+01,1.576564693450927734e+01,1.316348648071289062e+01,2.034718322753906250e+01,1.695598793029785156e+01,1.356478977203369141e+01
5.748000000000000398e+01,1.893403434753417969e+01,1.578091049194335938e+01,1.317553997039794922e+01,2.036501312255859375e+01,1.697084617614746094e+01,1.357667636871337891e+01
5.752000000000000313e+01,1.895234680175781250e+01,1.579616928100585938e+01,1.318758869171142578e+01,2.038283538818359375e+01,1.698569869995117188e+01,1.358855819702148438e+01
5.756000000000000227e+01,1.897065353393554688e+01,1.581142330169677734e+01,1.319963264465332031e+01,2.040065002441406250e+01,1.700054359436035156e+01,1.360043430328369141e+01
5.760000000000000142e+01,1.898895454406738281e+01,1.582667255401611328e+01,1.321167182922363281e+01,2.041845703125000000e+01,1.701538276672363281e+01,1.361230564117431641e+01
5.764000000000000057e+01,1.900724983215332031e+01,1.584191703796386719e+01,1.322370719909667969e+01,2.043625640869140625e+01,1.703021430969238281e+01,1.362417125701904297e+01
5.767999999999999972e+01,1.902553939819335938e+01,1.585715675354003906e+01,1.323573780059814453e+01,2.045404815673828125e+01,1.704504013061523438e+01,1.363603210449218750e+01
5.771999999999999886e+01,1.904382324218750000e+01,1.587239074707031250e+01,1.324776363372802734e+01,2.047183036804199219e+01,1.705985832214355469e+01,1.364788722991943359e+01
5.775999999999999801e+01,1.906210136413574219e+01,1.588761997222900391e+01,1.325978469848632812e+01,2.048960494995117188e+01,1.707467079162597656e+01,1.365973758697509766e+01
5.780000000000000426e+01,1.908037376403808594e+01,1.590284442901611328e+01,1.327180099487304688e+01,2.050737190246582031e+01,1.708947753906250000e+01,1.367158222198486328e+01
5.784000000000000341e+01,1.909864044189453125e+01,1.591806411743164062e+01,1.328381252288818359e+01,2.052513122558593750e+01,1.710427665710449219e+01,1.368342208862304688e+01
5.788000000000000256e+01,1.911689949035644531e+01,1.593327903747558594e+01,1.329582023620605469e+01,2.054288291931152344e+01,1.711907005310058594e+01,1.369525623321533203e+01
5.792000000000000171e+01,1.913515281677246094e+01,1.594848918914794922e+01,1.330782318115234375e+01,2.056062698364257812e+01,1.713385581970214844e+01,1.370708465576171875e+01
5.796000000000000085e+01,1.915340042114257812e+01,1.596369361877441406e+01,1.331982135772705078e+01,2.057836151123046875e+01,1.714863586425781250e+01,1.371890830993652344e+01
5.800000000000000000e+01,1.917164230346679688e+01,1.597889328002929688e+01,1.333181476593017578e+01,2.059608840942382812e+01,1.716340827941894531e+01,1.373072624206542969e+01
5.803999999999999915e+01,1.918987846374511719e+01,1.599408817291259766e+01,1.334380340576171875e+01,2.061380767822265625e+01,1.717817306518554688e+01,1.374253845214843750e+01
5.807999999999999829e+01,1.920810890197753906e+01,1.600927734375000000e+01,1.335578727722167969e+01,2.063151931762695312e+01,1.719293212890625000e+01,1.375434589385986328e+01
5.812000000000000455e+01,1.922633361816406250e+01,1.602446174621582031e+01,1.336776638031005859e+01,2.064922142028808594e+01,1.720768356323242188e+01,1.376614761352539062e+01
5.816000000000000369e+01,1.924455070495605469e+01,1.603964042663574219e+01,1.337974071502685547e+01,2.066691589355468750e+01,1.722242927551269531e+01,1.377794361114501953e+01
5.820000000000000284e+01,1.926276206970214844e+01,1.605481529235839844e+01,1.339171028137207031e+01,2.068460273742675781e+01,1.723716735839843750e+01,1.378973484039306641e+01
5.824000000000000199e+01,1.928096771240234375e+01,1.606998443603515625e+01,1.340367507934570312e+01,2.070228004455566406e+01,1.725189971923828125e+01,1.380152034759521484e+01
5.828000000000000114e+01,1.929916763305664062e+01,1.608514785766601562e+01,1.341563510894775391e+01,2.071994972229003906e+01,1.726662445068359375e+01,1.381330013275146484e+01
5.832000000000000028e+01,1.931735992431640625e+01,1.610030746459960938e+01,1.342759037017822266e+01,2.073761177062988281e+01,1.728134155273437500e+01,1.382507419586181641e+01
5.835999999999999943e+01,1.933554649353027344e+01,1.611546134948730469e+01,1.343954086303710938e+01,2.075526428222656250e+01,1.729605293273925781e+01,1.383684253692626953e+01
5.839999999999999858e+01,1.935372734069824219e+01,1.613060951232910156e+01,1.345148563385009766e+01,2.077290916442871094e+01,1.731075668334960938e+01,1.384860610961914062e+01
5.843999999999999773e+01,1.937190246582031250e+01,1.614575195312500000e+01,1.346342563629150391e+01,2.079054450988769531e+01,1.732545280456542969e+01,1.386036396026611328e+01
5.848000000000000398e+01,1.939006996154785156e+01,1.616089057922363281e+01,1.347536087036132812e+01,2.080817222595214844e+01,1.734014320373535156e+01,1.387211608886718750e+01
5.852000000000000313e+01,1.940823173522949219e+01,1.617602348327636719e+01,1.348729133605957031e+01,2.082579231262207031e+01,1.735482597351074219e+01,1.388386249542236328e+01
5.856000000000000227e+01,1.942638778686523438e+01,1.619115066528320312e+01,1.349921703338623047e+01,2.084340286254882812e+01,1.736950111389160156e+01,1.389560317993164062e+01
5.860000000000000142e+01,1.944453620910644531e+01,1.620627212524414062e+01,1.351113796234130859e+01,2.086100578308105469e+01,1.738417053222656250e+01,1.390733814239501953e+01
5.864000000000000057e+01,1.946267890930175781e+01,1.622138977050781250e+01,1.352305316925048828e+01,2.087859916687011719e+01,1.739883232116699219e+01,1.391906738281250000e+01
5.867999999999999972e+01,1.948081588745117188e+01,1.623650169372558594e+01,1.353496360778808594e+01,2.089618492126464844e+01,1.741348648071289062e+01,1.393079090118408203e+01
5.871999999999999886e+01,1.949894523620605469e+01,1.625160789489746094e+01,1.354686927795410156e+01,2.091376113891601562e+01,1.742813491821289062e+01,1.394250869750976562e+01
5.875999999999999801e+01,1.951706886291503906e+01,1.626670837402343750e+01,1.355876922607421875e+01,2.093132972717285156e+01,1.744277572631835938e+01,1.395422077178955078e+01
5.880000000000000426e+01,1.953518486022949219e+01,1.628180313110351562e+01,1.357066440582275391e+01,2.094888877868652344e+01,1.745740890502929688e+01,1.396592712402343750e+01
5.884000000000000341e+01,1.955329513549804688e+01,1.629689216613769531e+01,1.358255481719970703e+01,2.096644020080566406e+01,1.747203445434570312e+01,1.397762775421142578e+01
5.888000000000000256e+01,1.957139778137207031e+01,1.631197547912597656e+01,1.359443950653076172e+01,2.098398208618164062e+01,1.748665237426757812e+01,1.398932266235351562e+01
5.892000000000000171e+01,1.958949470520019531e+01,1.632705307006835938e+01,1.360631942749023438e+01,2.100151634216308594e+01,1.750126457214355469e+01,1.400101184844970703e+01
5.896000000000000085e+01,1.960758399963378906e+01,1.634212684631347656e+01,1.361819458007812500e+01,2.101904106140136719e+01,1.751586914062500000e+01,1.401269531250000000e+01
5.900000000000000000e+01,1.962566757202148438e+01,1.635719490051269531e+01,1.363006401062011719e+01,2.103655815124511719e+01,1.753046607971191406e+01,1.402437305450439453e+01
5.903999999999999915e+01,1.964374351501464844e+01,1.637225723266601562e+01,1.364192867279052734e+01,2.105406570434570312e+01,1.754505538940429688e+01,1.403604507446289062e+01
5.907999999999999829e+01,1.966181373596191406e+01,1.638731384277343750e+01,1.365378761291503906e+01,2.107156372070312500e+01,1.755963706970214844e+01,1.404771041870117188e+01
5.912000000000000455e+01,1.967987632751464844e+01,1.640236473083496094e+01,1.366564178466796875e+01,2.108905410766601562e+01,1.757421112060546875e+01,1.405937004089355469e+01
5.916000000000000369e+01,1.969793319702148438e+01,1.641740989685058594e+01,1.367749023437500000e+01,2.110653495788574219e+01,1.758877944946289062e+01,1.407102394104003906e+01
5.920000000000000284e+01,1.971598243713378906e+01,1.643244934082031250e+01,1.368933391571044922e+01,2.112400627136230469e+01,1.760334014892578125e+01,1.408267211914062500e+01
5.924000000000000199e+01,1.973402595520019531e+01,1.644748306274414062e+01,1.370117187500000000e+01,2.114146995544433594e+01,1.761789321899414062e+01,1.409431457519531250e+01
5.928000000000000114e+01,1.975206184387207031e+01,1.646251106262207031e+01,1.371300506591796875e+01,2.115892410278320312e+01,1.763243865966796875e+01,1.410595035552978516e+01
5.932000000000000028e+01,1.977009201049804688e+01,1.647753334045410156e+01,1.372483253479003906e+01,2.117636871337890625e+01,1.764697647094726562e+01,1.411758041381835938e+01
5.935999999999999943e+01,1.978811454772949219e+01,1.649254989624023438e+01,1.373665523529052734e+01,2.119380569458007812e+01,1.766150665283203125e+01,1.412920475006103516e+01
5.939999999999999858e+01,1.980612945556640625e+01,1.650756072998046875e+01,1.374847221374511719e+01,2.121123313903808594e+01,1.767602920532226562e+01,1.414082241058349609e+01
5.943999999999999773e+01,1.982413864135742188e+01,1.652256584167480469e+01,1.376028442382812500e+01,2.122865104675292969e+01,1.769054412841796875e+01,1.415243434906005859e+01
5.948000000000000398e+01,1.984214019775390625e+01,1.653756523132324219e+01,1.377209091186523438e+01,2.124605941772460938e+01,1.770505142211914062e+01,1.416404056549072266e+01
5.952000000000000313e+01,1.986013412475585938e+01,1.655255889892578125e+01,1.378389167785644531e+01,2.126346015930175781e+01,1.771955108642578125e+01,1.417564010620117188e+01
5.956000000000000227e+01,1.987812232971191406e+01,1.656754684448242188e+01,1.379568767547607422e+01,2.128085136413574219e+01,1.773404312133789062e+01,1.418723392486572266e+01
5.960000000000000142e+01,1.989610290527343750e+01,1.658252906799316406e+01,1.380747795104980469e+01,2.129823303222656250e+01,1.774852752685546875e+01,1.419882202148437500e+01
5.964000000000000057e+01,1.991407585144042969e+01,1.659750366210937500e+01,1.381926250457763672e+01,2.131560516357421875e+01,1.776300430297851562e+01,1.421040344238281250e+01
5.967999999999999972e+01,1.993204116821289062e+01,1.661247253417968750e+01,1.383104133605957031e+01,2.133296775817871094e+01,1.777747344970703125e+01,1.422197914123535156e+01
5.971999999999999886e+01,1.995000076293945312e+01,1.662743568420410156e+01,1.384281539916992188e+01,2.135032081604003906e+01,1.779193496704101562e+01,1.423354816436767578e+01
5.975999999999999801e+01,1.996795272827148438e+01,1.664239311218261719e+01,1.385458374023437500e+01,2.136766624450683594e+01,1.780638885498046875e+01,1.424511146545410156e+01
5.980000000000000426e+01,1.998589706420898438e+01,1.665734481811523438e+01,1.386634635925292969e+01,2.138500213623046875e+01,1.782083511352539062e+01,1.425666809082031250e+01
5.984000000000000341e+01,2.000383377075195312e+01,1.667229080200195312e+01,1.387810325622558594e+01,2.140232849121093750e+01,1.783527374267578125e+01,1.426821899414062500e+01
5.988000000000000256e+01,2.002176475524902344e+01,1.668723106384277344e+01,1.388985538482666016e+01,2.141964530944824219e+01,1.784970474243164062e+01,1.427976322174072266e+01
5.992000000000000171e+01,2.003968811035156250e+01,1.670216369628906250e+01,1.390160179138183594e+01,2.143695259094238281e+01,1.786412811279296875e+01,1.429130172729492188e+01
5.996000000000000085e+01,2.005760383605957031e+01,1.671709060668945312e+01,1.391334247589111328e+01,2.145425033569335938e+01,1.787854385375976562e+01,1.430283355712890625e+01
6.000000000000000000e+01,2.007551193237304688e+01,1.673201179504394531e+01,1.392507743835449219e+01,2.147153854370117188e+01,1.789295005798339844e+01,1.431435966491699219e+01
6.003999999999999915e+01,2.009341239929199219e+01,1.674692726135253906e+01,1.393680667877197266e+01,2.148881721496582031e+01,1.790734863281250000e+01,1.432587909698486328e+01
6.007999999999999829e+01,2.011130523681640625e+01,1.676183509826660156e+01,1.394853019714355469e+01,2.150608634948730469e+01,1.792173957824707031e+01,1.433739185333251953e+01
6.012000000000000455e+01,2.012919235229492188e+01,1.677673721313476562e+01,1.396024799346923828e+01,2.152334594726562500e+01,1.793612289428710938e+01,1.434889888763427734e+01
6.016000000000000369e+01,2.014707183837890625e+01,1.679163360595703125e+01,1.397196006774902344e+01,2.154059600830078125e+01,1.795049858093261719e+01,1.436039924621582031e+01
6.020000000000000284e+01,2.016494369506835938e+01,1.680652427673339844e+01,1.398366641998291016e+01,2.155783653259277344e+01,1.796486663818359375e+01,1.437189292907714844e+01
6.024000000000000199e+01,2.018280792236328125e+01,1.682140731811523438e+01,1.399536705017089844e+01,2.157506752014160156e+01,1.797922706604003906e+01,1.438338088989257812e+01
6.028000000000000114e+01,2.020066452026367188e+01,1.683628463745117188e+01,1.400706195831298828e+01,2.159228897094726562e+01,1.799357795715332031e+01,1.439486217498779297e+01
6.032000000000000028e+01,2.021851348876953125e+01,1.685115623474121094e+01,1.401875114440917969e+01,2.160950088500976562e+01,1.800792121887207031e+01,1.440633678436279297e+01
6.035999999999999943e+01,2.023635482788085938e+01,1.686602210998535156e+01,1.403043460845947266e+01,2.162670326232910156e+01,1.802225685119628906e+01,1.441780471801757812e+01
6.039999999999999858e+01,2.025418853759765625e+01,1.688088035583496094e+01,1.404211235046386719e+01,2.164389610290527344e+01,1.803658485412597656e+01,1.442926692962646484e+01
6.043999999999999773e+01,2.027201461791992188e+01,1.689573287963867188e+01,1.405378437042236328e+01,2.166107940673828125e+01,1.805090332031250000e+01,1.444072246551513672e+01
6.048000000000000398e+01,2.028983306884765625e+01,1.691057777404785156e+01,1.406545066833496094e+01,2.167825317382812500e+01,1.806521415710449219e+01,1.445217132568359375e+01
6.052000000000000313e+01,2.030764389038085938e+01,1.692541694641113281e+01,1.407711124420166016e+01,2.169541740417480469e+01,1.807951736450195312e+01,1.446361351013183594e+01
6.056000000000000227e+01,2.032544708251953125e+01,1.694025039672851562e+01,1.408876609802246094e+01,2.171257209777832031e+01,1.809381294250488281e+01,1.447504901885986328e+01
6.060000000000000142e+01,2.034324264526367188e+01,1.695507621765136719e+01,1.410041522979736328e+01,2.172971534729003906e+01,1.810809898376464844e+01,1.448647785186767578e+01
6.064000000000000057e+01,2.036103057861328125e+01,1.696989631652832031e+01,1.411205768585205078e+01,2.174684906005859375e+01,1.812237739562988281e+01,1.449790096282958984e+01
6.067999999999999972e+01,2.037881088256835938e+01,1.698471069335937500e+01,1.412369441986083984e+01,2.176397323608398438e+01,1.813664817810058594e+01,1.450931739807128906e+01
6.071999999999999886e+01,2.039658355712890625e+01,1.699951744079589844e+01,1.413532543182373047e+01,2.178108787536621094e+01,1.815090942382812500e+01,1.452072715759277344e+01
6.075999999999999801e+01,2.041434669494628906e+01,1.701431846618652344e+01,1.414695072174072266e+01,2.179819297790527344e+01,1.816516304016113281e+01,1.453213024139404297e+01
6.080000000000000426e+01,2.043210220336914062e+01,1.702911186218261719e+01,1.415856933593750000e+01,2.181528663635253906e+01,1.817940902709960938e+01,1.454352664947509766e+01
6.084000000000000341e+01,2.044985008239746094e+01,1.704389953613281250e+01,1.417018222808837891e+01,2.183237075805664062e+01,1.819364547729492188e+01,1.455491638183593750e+01
6.088000000000000256e+01,2.046759033203125000e+01,1.705867958068847656e+01,1.418178939819335938e+01,2.184944534301757812e+01,1.820787429809570312e+01,1.456629943847656250e+01
6.092000000000000171e+01,2.048532295227050781e+01,1.707345390319824219e+01,1.419339084625244141e+01,2.186651039123535156e+01,1.822209358215332031e+01,1.457767581939697266e+01
6.096000000000000085e+01,2.050304794311523438e+01,1.708822059631347656e+01,1.420498561859130859e+01,2.188356399536132812e+01,1.823630523681640625e+01,1.458904552459716797e+01
6.100000000000000000e+01,2.052076339721679688e+01,1.710298156738281250e+01,1.421657466888427734e+01,2.190060806274414062e+01,1.825050926208496094e+01,1.460040855407714844e+01
6.103999999999999915e+01,2.053847122192382812e+01,1.711773490905761719e+01,1.422815704345703125e+01,2.191764259338378906e+01,1.826470375061035156e+01,1.461176490783691406e+01
6.107999999999999829e+01,2.055617141723632812e+01,1.713248252868652344e+01,1.423973369598388672e+01,2.193466567993164062e+01,1.827889060974121094e+01,1.462311363220214844e+01
6.112000000000000455e+01,2.057386398315429688e+01,1.714722251892089844e+01,1.425130462646484375e+01,2.195167922973632812e+01,1.829306793212890625e+01,1.463445568084716797e+01
6.116000000000000369e+01,2.059154891967773438e+01,1.716195678710937500e+01,1.426286888122558594e+01,2.196868324279785156e+01,1.830723762512207031e+01,1.464579105377197266e+01
6.120000000000000284e+01,2.060922431945800781e+01,1.717668342590332031e+01,1.427442741394042969e+01,2.198567581176757812e+01,1.832139778137207031e+01,1.465711975097656250e+01
6.124000000000000199e+01,2.062689208984375000e+01,1.719140434265136719e+01,1.428597927093505859e+01,2.200265884399414062e+01,1.833555030822753906e+01,1.466844177246093750e+01
6.128000000000000114e+01,2.064455223083496094e+01,1.720611763000488281e+01,1.429752540588378906e+01,2.201963233947753906e+01,1.834969329833984375e+01,1.467975711822509766e+01
6.132000000000000028e+01,2.066220283508300781e+01,1.722082328796386719e+01,1.430906486511230469e+01,2.203659439086914062e+01,1.836382865905761719e+01,1.469106483459472656e+01
6.135999999999999943e+01,2.067984580993652344e+01,1.723552322387695312e+01,1.432059860229492188e+01,2.205354690551757812e+01,1.837795448303222656e+01,1.470236587524414062e+01
6.139999999999999858e+01,2.069748115539550781e+01,1.725021553039550781e+01,1.433212566375732422e+01,2.207048797607421875e+01,1.839207267761230469e+01,1.471366024017333984e+01
6.143999999999999773e+01,2.071510696411132812e+01,1.726490211486816406e+01,1.434364700317382812e+01,2.208741950988769531e+01,1.840618133544921875e+01,1.472494792938232422e+01
6.148000000000000398e+01,2.073272514343261719e+01,1.727958106994628906e+01,1.435516166687011719e+01,2.210433959960937500e+01,1.842028236389160156e+01,1.473622798919677734e+01
6.152000000000000313e+01,2.075033569335937500e+01,1.729425239562988281e+01,1.436667060852050781e+01,2.212125015258789062e+01,1.843437385559082031e+01,1.474750137329101562e+01
6.156000000000000227e+01,2.076793670654296875e+01,1.730891799926757812e+01,1.437817287445068359e+01,2.213814926147460938e+01,1.844845771789550781e+01,1.475876808166503906e+01
6.160000000000000142e+01,2.078553009033203125e+01,1.732357597351074219e+01,1.438966846466064453e+01,2.215503883361816406e+01,1.846253204345703125e+01,1.477002716064453125e+01
6.164000000000000057e+01,2.080311393737792969e+01,1.733822631835937500e+01,1.440115833282470703e+01,2.217191696166992188e+01,1.847659873962402344e+01,1.478127956390380859e+01
6.167999999999999972e+01,2.082069015502929688e+01,1.735287094116210938e+01,1.441264152526855469e+01,2.218878555297851562e+01,1.849065589904785156e+01,1.479252529144287109e+01
6.171999999999999886e+01,2.083825874328613281e+01,1.736750793457031250e+01,1.442411804199218750e+01,2.220564270019531250e+01,1.850470352172851562e+01,1.480376338958740234e+01
6.175999999999999801e+01,2.085581779479980469e+01,1.738213729858398438e+01,1.443558883666992188e+01,2.222249031066894531e+01,1.851874351501464844e+01,1.481499481201171875e+01
6.180000000000000426e+01,2.087336921691894531e+01,1.739675903320312500e+01,1.444705295562744141e+01,2.223932647705078125e+01,1.853277397155761719e+01,1.482621955871582031e+01
6.184000000000000341e+01,2.089091110229492188e+01,1.741137504577636719e+01,1.445851039886474609e+01,2.225615310668945312e+01,1.854679489135742188e+01,1.483743667602539062e+01
6.188000000000000256e+01,2.090844535827636719e+01,1.742598342895507812e+01,1.446996116638183594e+01,2.227296829223632812e+01,1.856080818176269531e+01,1.484864711761474609e+01
6.192000000000000171e+01,2.092597007751464844e+01,1.744058418273925781e+01,1.448140621185302734e+01,2.228977203369140625e+01,1.857481193542480469e+01,1.485984992980957031e+01
6.196000000000000085e+01,2.094348716735839844e+01,1.745517730712890625e+01,1.449284458160400391e+01,2.230656623840332031e+01,1.858880615234375000e+01,1.487104606628417969e+01
6.200000000000000000e+01,2.096099472045898438e+01,1.746976280212402344e+01,1.450427627563476562e+01,2.232334899902343750e+01,1.860279273986816406e+01,1.488223457336425781e+01
6.203999999999999915e+01,2.097849273681640625e+01,1.748434257507324219e+01,1.451570129394531250e+01,2.234012222290039062e+01,1.861676979064941406e+01,1.489341640472412109e+01
6.207999999999999829e+01,2.099598312377929688e+01,1.749891471862792969e+01,1.452711963653564453e+01,2.235688400268554688e+01,1.863073730468750000e+01,1.490459060668945312e+01
6.212000000000000455e+01,2.101346397399902344e+01,1.751347923278808594e+01,1.453853130340576172e+01,2.237363433837890625e+01,1.864469528198242188e+01,1.491575717926025391e+01
6.216000000000000369e+01,2.103093719482421875e+01,1.752803611755371094e+01,1.454993629455566406e+01,2.239037322998046875e+01,1.865864562988281250e+01,1.492691707611083984e+01
6.220000000000000284e+01,2.104840087890625000e+01,1.754258537292480469e+01,1.456133556365966797e+01,2.240710258483886719e+01,1.867258644104003906e+01,1.493806934356689453e+01
6.224000000000000199e+01,2.106585502624511719e+01,1.755712699890136719e+01,1.457272815704345703e+01,2.242382049560546875e+01,1.868651771545410156e+01,1.494921398162841797e+01
6.228000000000000114e+01,2.108330154418945312e+01,1.757166290283203125e+01,1.458411407470703125e+01,2.244052696228027344e+01,1.870043945312500000e+01,1.496035194396972656e+01
6.232000000000000028e+01,2.110073852539062500e+01,1.758619117736816406e+01,1.459549331665039062e+01,2.245722198486328125e+01,1.871435165405273438e+01,1.497148227691650391e+01
6.235999999999999943e+01,2.111816596984863281e+01,1.760071182250976562e+01,1.460686588287353516e+01,2.247390747070312500e+01,1.872825622558593750e+01,1.498260498046875000e+01
6.239999999999999858e+01,2.113558578491210938e+01,1.761522483825683594e+01,1.461823177337646484e+01,2.249058151245117188e+01,1.874215126037597656e+01,1.499372100830078125e+01
6.244000000000000483e+01,2.115299606323242188e+01,1.762973022460937500e+01,1.462959098815917969e+01,2.250724411010742188e+01,1.875603675842285156e+01,1.500482940673828125e+01
6.248000000000000398e+01,2.117039680480957031e+01,1.764422798156738281e+01,1.464094352722167969e+01,2.252389526367187500e+01,1.876991271972656250e+01,1.501593017578125000e+01
6.252000000000000313e+01,2.118778991699218750e+01,1.765871810913085938e+01,1.465228843688964844e+01,2.254053497314453125e+01,1.878377914428710938e+01,1.502702331542968750e+01
6.256000000000000227e+01,2.120517349243164062e+01,1.767320060729980469e+01,1.466362667083740234e+01,2.255716514587402344e+01,1.879763603210449219e+01,1.503810977935791016e+01
6.260000000000000142e+01,2.122254753112792969e+01,1.768767547607421875e+01,1.467495822906494141e+01,2.257378387451171875e+01,1.881148529052734375e+01,1.504918861389160156e+01
6.264000000000000057e+01,2.123991203308105469e+01,1.770214271545410156e+01,1.468628311157226562e+01,2.259039115905761719e+01,1.882532501220703125e+01,1.506025981903076172e+01
6.267999999999999972e+01,2.125726890563964844e+01,1.771660232543945312e+01,1.469760131835937500e+01,2.260698699951171875e+01,1.883915519714355469e+01,1.507132339477539062e+01
6.271999999999999886e+01,2.127461624145507812e+01,1.773105430603027344e+01,1.470891284942626953e+01,2.262357139587402344e+01,1.885297584533691406e+01,1.508237934112548828e+01
6.275999999999999801e+01,2.129195404052734375e+01,1.774549865722656250e+01,1.472021770477294922e+01,2.264014434814453125e+01,1.886678695678710938e+01,1.509342765808105469e+01
6.280000000000000426e+01,2.130928230285644531e+01,1.775993537902832031e+01,1.473151493072509766e+01,2.265670585632324219e+01,1.888058853149414062e+01,1.510446929931640625e+01
6.284000000000000341e+01,2.132660102844238281e+01,1.777436447143554688e+01,1.474280548095703125e+01,2.267325592041015625e+01,1.889438056945800781e+01,1.511550331115722656e+01
6.288000000000000256e+01,2.134391021728515625e+01,1.778878593444824219e+01,1.475408935546875000e+01,2.268979454040527344e+01,1.890816307067871094e+01,1.512652969360351562e+01
6.292000000000000171e+01,2.136121177673339844e+01,1.780319976806640625e+01,1.476536655426025391e+01,2.270632171630859375e+01,1.892193603515625000e+01,1.513754844665527344e+01
6.296000000000000085e+01,2.137850379943847656e+01,1.781760597229003906e+01,1.477663612365722656e+01,2.272283744812011719e+01,1.893569946289062500e+01,1.514855957031250000e+01
6.300000000000000000e+01,2.139578628540039062e+01,1.783200454711914062e+01,1.478789901733398438e+01,2.273934173583984375e+01,1.894945335388183594e+01,1.515956306457519531e+01
6.303999999999999915e+01,2.141305923461914062e+01,1.784639549255371094e+01,1.479915523529052734e+01,2.275583457946777344e+01,1.896319770812988281e+01,1.517055892944335938e+01
6.307999999999999829e+01,2.143032264709472656e+01,1.786077880859375000e+01,1.481040477752685547e+01,2.277231597900390625e+01,1.897693252563476562e+01,1.518154716491699219e+01
6.312000000000000455e+01,2.144757652282714844e+01,1.787515258789062500e+01,1.482164669036865234e+01,2.278878593444824219e+01,1.899065780639648438e+01,1.519252777099609375e+01
6.316000000000000369e+01,2.146482086181640625e+01,1.788951873779296875e+01,1.483288192749023438e+01,2.280524444580078125e+01,1.900437355041503906e+01,1.520349979400634766e+01
6.320000000000000284e+01,2.148205566406250000e+01,1.790387725830078125e+01,1.484410953521728516e+01,2.282169151306152344e+01,1.901807975769042969e+01,1.521446418762207031e+01
6.324000000000000199e+01,2.149928092956542969e+01,1.791822814941406250e+01,1.485533046722412109e+01,2.283812713623046875e+01,1.903177642822265625e+01,1.522542095184326172e+01
6.328000000000000114e+01,2.151649665832519531e+01,1.793257141113281250e+01,1.486654472351074219e+01,2.285455131530761719e+01,1.904546356201171875e+01,1.523637008666992188e+01
6.332000000000000028e+01,2.153370285034179688e+01,1.794690704345703125e+01,1.487775135040283203e+01,2.287096405029296875e+01,1.905914115905761719e+01,1.524731159210205078e+01
6.335999999999999943e+01,2.155089950561523438e+01,1.796123313903808594e+01,1.488895130157470703e+01,2.288736534118652344e+01,1.907280731201171875e+01,1.525824546813964844e+01
6.339999999999999858e+01,2.156808662414550781e+01,1.797555160522460938e+01,1.490014362335205078e+01,2.290375518798828125e+01,1.908646392822265625e+01,1.526917171478271484e+01
6.344000000000000483e+01,2.158526420593261719e+01,1.798986244201660156e+01,1.491132926940917969e+01,2.292013168334960938e+01,1.910011100769042969e+01,1.528008937835693359e+01
6.348000000000000398e+01,2.160243225097656250e+01,1.800416564941406250e+01,1.492250728607177734e+01,2.293649673461914062e+01,1.911374855041503906e+01,1.529099941253662109e+01
6.352000000000000313e+01,2.161959075927734375e+01,1.801846122741699219e+01,1.493367862701416016e+01,2.295285034179687500e+01,1.912737655639648438e+01,1.530190181732177734e+01
6.356000000000000227e+01,2.163673973083496094e+01,1.803274726867675781e+01,1.494484233856201172e+01,2.296919250488281250e+01,1.914099502563476562e+01,1.531279659271240234e+01
6.360000000000000142e+01,2.165387916564941406e+01,1.804702568054199219e+01,1.495599842071533203e+01,2.298552322387695312e+01,1.915460395812988281e+01,1.532368278503417969e+01
6.364000000000000057e+01,2.167100715637207031e+01,1.806129646301269531e+01,1.496714782714843750e+01,2.300184059143066406e+01,1.916820144653320312e+01,1.533456134796142578e+01
6.367999999999999972e+01,2.168812561035156250e+01,1.807555961608886719e+01,1.497828960418701172e+01,2.301814651489257812e+01,1.918178939819335938e+01,1.534543228149414062e+01
6.371999999999999886e+01,2.170523452758789062e+01,1.808981323242187500e+01,1.498942470550537109e+01,2.303444099426269531e+01,1.919536781311035156e+01,1.535629463195800781e+01
6.375999999999999801e+01,2.172233390808105469e+01,1.810405921936035156e+01,1.500055217742919922e+01,2.305072402954101562e+01,1.920893669128417969e+01,1.536714935302734375e+01
6.380000000000000426e+01,2.173942375183105469e+01,1.811829757690429688e+01,1.501167201995849609e+01,2.306699371337890625e+01,1.922249603271484375e+01,1.537799644470214844e+01
6.384000000000000341e+01,2.175650405883789062e+01,1.813252639770507812e+01,1.502278518676757812e+01,2.308325195312500000e+01,1.923604393005371094e+01,1.538883495330810547e+01
6.388000000000000256e+01,2.177357292175292969e+01,1.814674758911132812e+01,1.503389072418212891e+01,2.309949874877929688e+01,1.924958229064941406e+01,1.539966583251953125e+01
6.392000000000000171e+01,2.179063224792480469e+01,1.816096115112304688e+01,1.504498863220214844e+01,2.311573219299316406e+01,1.926311111450195312e+01,1.541048908233642578e+01
6.396000000000000085e+01,2.180768203735351562e+01,1.817516517639160156e+01,1.505607891082763672e+01,2.313195419311523438e+01,1.927663040161132812e+01,1.542130374908447266e+01
6.400000000000000000e+01,2.182472229003906250e+01,1.818936157226562500e+01,1.506716251373291016e+01,2.314816474914550781e+01,1.929013824462890625e+01,1.543211078643798828e+01
6.404000000000000625e+01,2.184175109863281250e+01,1.820354843139648438e+01,1.507823848724365234e+01,2.316436195373535156e+01,1.930363655090332031e+01,1.544290924072265625e+01
6.407999999999999829e+01,2.185877037048339844e+01,1.821772766113281250e+01,1.508930683135986328e+01,2.318054771423339844e+01,1.931712532043457031e+01,1.545370006561279297e+01
6.412000000000000455e+01,2.187578010559082031e+01,1.823189926147460938e+01,1.510036754608154297e+01,2.319672203063964844e+01,1.933060264587402344e+01,1.546448230743408203e+01
6.415999999999999659e+01,2.189278030395507812e+01,1.824606132507324219e+01,1.511142063140869141e+01,2.321288299560546875e+01,1.934407043457031250e+01,1.547525691986083984e+01
6.420000000000000284e+01,2.190976905822753906e+01,1.826021575927734375e+01,1.512246704101562500e+01,2.322903251647949219e+01,1.935752868652343750e+01,1.548602294921875000e+01
6.423999999999999488e+01,2.192674827575683594e+01,1.827436065673828125e+01,1.513350582122802734e+01,2.324516868591308594e+01,1.937097549438476562e+01,1.549678039550781250e+01
6.428000000000000114e+01,2.194371795654296875e+01,1.828849792480468750e+01,1.514453697204589844e+01,2.326129341125488281e+01,1.938441276550292969e+01,1.550753021240234375e+01
6.432000000000000739e+01,2.196067619323730469e+01,1.830262565612792969e+01,1.515556049346923828e+01,2.327740478515625000e+01,1.939783859252929688e+01,1.551827144622802734e+01
6.435999999999999943e+01,2.197762489318847656e+01,1.831674575805664062e+01,1.516657638549804688e+01,2.329350471496582031e+01,1.941125488281250000e+01,1.552900505065917969e+01
6.440000000000000568e+01,2.199456214904785156e+01,1.833085632324218750e+01,1.517758464813232422e+01,2.330959320068359375e+01,1.942466163635253906e+01,1.553973007202148438e+01
6.443999999999999773e+01,2.201148986816406250e+01,1.834495925903320312e+01,1.518858528137207031e+01,2.332566833496093750e+01,1.943805694580078125e+01,1.555044651031494141e+01
6.448000000000000398e+01,2.202840805053710938e+01,1.835905265808105469e+01,1.519957828521728516e+01,2.334173011779785156e+01,1.945144271850585938e+01,1.556115436553955078e+01
6.451999999999999602e+01,2.204531478881835938e+01,1.837313842773437500e+01,1.521056365966796875e+01,2.335778045654296875e+01,1.946481704711914062e+01,1.557185459136962891e+01
6.456000000000000227e+01,2.206221199035644531e+01,1.838721466064453125e+01,1.522154140472412109e+01,2.337381744384765625e+01,1.947818183898925781e+01,1.558254623413085938e+01
6.459999999999999432e+01,2.207909774780273438e+01,1.840128326416015625e+01,1.523251152038574219e+01,2.338984298706054688e+01,1.949153518676757812e+01,1.559322929382324219e+01
6.464000000000000057e+01,2.209597396850585938e+01,1.841534233093261719e+01,1.524347400665283203e+01,2.340585517883300781e+01,1.950487899780273438e+01,1.560390472412109375e+01
6.468000000000000682e+01,2.211283874511718750e+01,1.842939376831054688e+01,1.525442886352539062e+01,2.342185592651367188e+01,1.951821327209472656e+01,1.561457157135009766e+01
6.471999999999999886e+01,2.212969398498535156e+01,1.844343566894531250e+01,1.526537609100341797e+01,2.343784332275390625e+01,1.953153610229492188e+01,1.562522983551025391e+01
6.476000000000000512e+01,2.214653778076171875e+01,1.845746803283691406e+01,1.527631473541259766e+01,2.345381736755371094e+01,1.954484748840332031e+01,1.563587951660156250e+01
6.479999999999999716e+01,2.216337203979492188e+01,1.847149276733398438e+01,1.528724575042724609e+01,2.346977996826171875e+01,1.955814933776855469e+01,1.564652061462402344e+01
6.484000000000000341e+01,2.218019485473632812e+01,1.848550796508789062e+01,1.529816913604736328e+01,2.348572921752929688e+01,1.957143974304199219e+01,1.565715312957763672e+01
6.487999999999999545e+01,2.219700813293457031e+01,1.849951362609863281e+01,1.530908489227294922e+01,2.350166511535644531e+01,1.958472061157226562e+01,1.566777801513671875e+01
6.492000000000000171e+01,2.221380996704101562e+01,1.851351165771484375e+01,1.531999301910400391e+01,2.351758956909179688e+01,1.959799003601074219e+01,1.567839431762695312e+01
6.496000000000000796e+01,2.223060226440429688e+01,1.852750015258789062e+01,1.533089351654052734e+01,2.353350067138671875e+01,1.961124992370605469e+01,1.568900203704833984e+01
6.500000000000000000e+01,2.224738311767578125e+01,1.854147911071777344e+01,1.534178543090820312e+01,2.354939842224121094e+01,1.962449836730957031e+01,1.569960117340087891e+01
6.504000000000000625e+01,2.226415252685546875e+01,1.855545043945312500e+01,1.535266971588134766e+01,2.356528472900390625e+01,1.963773727416992188e+01,1.571019172668457031e+01
6.507999999999999829e+01,2.228091239929199219e+01,1.856941223144531250e+01,1.536354637145996094e+01,2.358115768432617188e+01,1.965096473693847656e+01,1.572077369689941406e+01
6.512000000000000455e+01,2.229766082763671875e+01,1.858336448669433594e+01,1.537441539764404297e+01,2.359701728820800781e+01,1.966418075561523438e+01,1.573134708404541016e+01
6.515999999999999659e+01,2.231439781188964844e+01,1.859730911254882812e+01,1.538527584075927734e+01,2.361286354064941406e+01,1.967738723754882812e+01,1.574191188812255859e+01
6.520000000000000284e+01,2.233112525939941406e+01,1.861124420166015625e+01,1.539612865447998047e+01,2.362869834899902344e+01,1.969058227539062500e+01,1.575246810913085938e+01
6.523999999999999488e+01,2.234784126281738281e+01,1.862516975402832031e+01,1.540697383880615234e+01,2.364451980590820312e+01,1.970376586914062500e+01,1.576301574707031250e+01
6.528000000000000114e+01,2.236454582214355469e+01,1.863908576965332031e+01,1.541781044006347656e+01,2.366032791137695312e+01,1.971693992614746094e+01,1.577355480194091797e+01
6.532000000000000739e+01,2.238124084472656250e+01,1.865299415588378906e+01,1.542863941192626953e+01,2.367612266540527344e+01,1.973010253906250000e+01,1.578408432006835938e+01
6.535999999999999943e+01,2.239792442321777344e+01,1.866689300537109375e+01,1.543945980072021484e+01,2.369190406799316406e+01,1.974325370788574219e+01,1.579460525512695312e+01
6.540000000000000568e+01,2.241459655761718750e+01,1.868078231811523438e+01,1.545027256011962891e+01,2.370767402648925781e+01,1.975639533996582031e+01,1.580511760711669922e+01
6.543999999999999773e+01,2.243125724792480469e+01,1.869466209411621094e+01,1.546107673645019531e+01,2.372343063354492188e+01,1.976952552795410156e+01,1.581562137603759766e+01
6.548000000000000398e+01,2.244790840148925781e+01,1.870853424072265625e+01,1.547187328338623047e+01,2.373917388916015625e+01,1.978264427185058594e+01,1.582611656188964844e+01
6.551999999999999602e+01,2.246454811096191406e+01,1.872239685058593750e+01,1.548266124725341797e+01,2.375490379333496094e+01,1.979575157165527344e+01,1.583660316467285156e+01
6.556000000000000227e+01,2.248117637634277344e+01,1.873624992370605469e+01,1.549344158172607422e+01,2.377062034606933594e+01,1.980884933471679688e+01,1.584708118438720703e+01
6.559999999999999432e+01,2.249779319763183594e+01,1.875009346008300781e+01,1.550421333312988281e+01,2.378632354736328125e+01,1.982193565368652344e+01,1.585754966735839844e+01
6.564000000000000057e+01,2.251439857482910156e+01,1.876392745971679688e+01,1.551497745513916016e+01,2.380201339721679688e+01,1.983501052856445312e+01,1.586800956726074219e+01
6.568000000000000682e+01,2.253099441528320312e+01,1.877775192260742188e+01,1.552573299407958984e+01,2.381768989562988281e+01,1.984807395935058594e+01,1.587846088409423828e+01
6.571999999999999886e+01,2.254757881164550781e+01,1.879156684875488281e+01,1.553648090362548828e+01,2.383335304260253906e+01,1.986112785339355469e+01,1.588890361785888672e+01
6.576000000000000512e+01,2.256415176391601562e+01,1.880537223815917969e+01,1.554722023010253906e+01,2.384900283813476562e+01,1.987417030334472656e+01,1.589933681488037109e+01
6.579999999999999716e+01,2.258071327209472656e+01,1.881916999816894531e+01,1.555795192718505859e+01,2.386463928222656250e+01,1.988720130920410156e+01,1.590976142883300781e+01
6.584000000000000341e+01,2.259726333618164062e+01,1.883295822143554688e+01,1.556867504119873047e+01,2.388026237487792969e+01,1.990022087097167969e+01,1.592017745971679688e+01
6.587999999999999545e+01,2.261380195617675781e+01,1.884673690795898438e+01,1.557938957214355469e+01,2.389587211608886719e+01,1.991322898864746094e+01,1.593058395385742188e+01
6.592000000000000171e+01,2.263032913208007812e+01,1.886050605773925781e+01,1.559009647369384766e+01,2.391146850585937500e+01,1.992622566223144531e+01,1.594098186492919922e+01
6.596000000000000796e+01,2.264684486389160156e+01,1.887426567077636719e+01,1.560079479217529297e+01,2.392705154418945312e+01,1.993921279907226562e+01,1.595137119293212891e+01
6.600000000000000000e+01,2.266334915161132812e+01,1.888801574707031250e+01,1.561148452758789062e+01,2.394262123107910156e+01,1.995218849182128906e+01,1.596175098419189453e+01
6.604000000000000625e+01,2.267984199523925781e+01,1.890175628662109375e+01,1.562216567993164062e+01,2.395817756652832031e+01,1.996515274047851562e+01,1.597212219238281250e+01
6.607999999999999829e+01,2.269632339477539062e+01,1.891548728942871094e+01,1.563283920288085938e+01,2.397372055053710938e+01,1.997810554504394531e+01,1.598248386383056641e+01
6.612000000000000455e+01,2.271279335021972656e+01,1.892920875549316406e+01,1.564350414276123047e+01,2.398925018310546875e+01,1.999104690551757812e+01,1.599283695220947266e+01
6.615999999999999659e+01,2.272925186157226562e+01,1.894292068481445312e+01,1.565416049957275391e+01,2.400476646423339844e+01,2.000397682189941406e+01,1.600318145751953125e+01
6.620000000000000284e+01,2.274569892883300781e+01,1.895662307739257812e+01,1.566480827331542969e+01,2.402026939392089844e+01,2.001689529418945312e+01,1.601351547241210938e+01
6.623999999999999488e+01,2.276213455200195312e+01,1.897031593322753906e+01,1.567544841766357422e+01,2.403575897216796875e+01,2.002980232238769531e+01,1.602384185791015625e+01
6.628000000000000114e+01,2.277855873107910156e+01,1.898399925231933594e+01,1.568607997894287109e+01,2.405123329162597656e+01,2.004269790649414062e+01,1.603415870666503906e+01
6.632000000000000739e+01,2.279497146606445312e+01,1.899767303466796875e+01,1.569670295715332031e+01,2.406669425964355469e+01,2.005558204650878906e+01,1.604446601867675781e+01
6.635999999999999943e+01,2.281137275695800781e+01,1.901133728027343750e+01,1.570731735229492188e+01,2.408214187622070312e+01,2.006845474243164062e+01,1.605476379394531250e+01
6.640000000000000568e+01,2.282776260375976562e+01,1.902499198913574219e+01,1.571792316436767578e+01,2.409757614135742188e+01,2.008131599426269531e+01,1.606505203247070312e+01
6.643999999999999773e+01,2.284414100646972656e+01,1.903863525390625000e+01,1.572852039337158203e+01,2.411299705505371094e+01,2.009416580200195312e+01,1.607533264160156250e+01
6.648000000000000398e+01,2.286050796508789062e+01,1.905226898193359375e+01,1.573910903930664062e+01,2.412840270996093750e+01,2.010700416564941406e+01,1.608560371398925781e+01
6.651999999999999602e+01,2.287686347961425781e+01,1.906589317321777344e+01,1.574968910217285156e+01,2.414379501342773438e+01,2.011983108520507812e+01,1.609586524963378906e+01
6.656000000000000227e+01,2.289320755004882812e+01,1.907950782775878906e+01,1.576026058197021484e+01,2.415917396545410156e+01,2.013264656066894531e+01,1.610611724853515625e+01
6.659999999999999432e+01,2.290953826904296875e+01,1.909311294555664062e+01,1.577082347869873047e+01,2.417453956604003906e+01,2.014545059204101562e+01,1.611635971069335938e+01
6.664000000000000057e+01,2.292585754394531250e+01,1.910670852661132812e+01,1.578137779235839844e+01,2.418988990783691406e+01,2.015824317932128906e+01,1.612659454345703125e+01
6.668000000000000682e+01,2.294216537475585938e+01,1.912029457092285156e+01,1.579192352294921875e+01,2.420522689819335938e+01,2.017102432250976562e+01,1.613681983947753906e+01
6.671999999999999886e+01,2.295846176147460938e+01,1.913386917114257812e+01,1.580246067047119141e+01,2.422055053710937500e+01,2.018379402160644531e+01,1.614703559875488281e+01
6.676000000000000512e+01,2.297474670410156250e+01,1.914743423461914062e+01,1.581298923492431641e+01,2.423585891723632812e+01,2.019655227661132812e+01,1.615724182128906250e+01
6.679999999999999716e+01,2.299101829528808594e+01,1.916098976135253906e+01,1.582350921630859375e+01,2.425115394592285156e+01,2.020929908752441406e+01,1.616743850708007812e+01
6.684000000000000341e+01,2.300727844238281250e+01,1.917453575134277344e+01,1.583402061462402344e+01,2.426643562316894531e+01,2.022203254699707031e+01,1.617762565612792969e+01
6.687999999999999545e+01,2.302352714538574219e+01,1.918807220458984375e+01,1.584452342987060547e+01,2.428170204162597656e+01,2.023475456237792969e+01,1.618780326843261719e+01
6.692000000000000171e+01,2.303976440429687500e+01,1.920159721374511719e+01,1.585501766204833984e+01,2.429695510864257812e+01,2.024746513366699219e+01,1.619797134399414062e+01
6.696000000000000796e+01,2.305598831176757812e+01,1.921511268615722656e+01,1.586550331115722656e+01,2.431219482421875000e+01,2.026016426086425781e+01,1.620812988281250000e+01
6.700000000000000000e+01,2.307220077514648438e+01,1.922861862182617188e+01,1.587597942352294922e+01,2.432741928100585938e+01,2.027285194396972656e+01,1.621827888488769531e+01
6.704000000000000625e+01,2.308840179443359375e+01,1.924211502075195312e+01,1.588644695281982422e+01,2.434263038635253906e+01,2.028552818298339844e+01,1.622842025756835938e+01
6.707999999999999829e+01,2.310458946228027344e+01,1.925559997558593750e+01,1.589690589904785156e+01,2.435782623291015625e+01,2.029819107055664062e+01,1.623855209350585938e+01
6.712000000000000455e+01,2.312076568603515625e+01,1.926907539367675781e+01,1.590735626220703125e+01,2.437300872802734375e+01,2.031084251403808594e+01,1.624867439270019531e+01
6.715999999999999659e+01,2.313693046569824219e+01,1.928254127502441406e+01,1.591779708862304688e+01,2.438817596435546875e+01,2.032348251342773438e+01,1.625878715515136719e+01
6.720000000000000284e+01,2.315308189392089844e+01,1.929599571228027344e+01,1.592822933197021484e+01,2.440332984924316406e+01,2.033611106872558594e+01,1.626889038085937500e+01
6.723999999999999488e+01,2.316922187805175781e+01,1.930944061279296875e+01,1.593865299224853516e+01,2.441847038269042969e+01,2.034872627258300781e+01,1.627898406982421875e+01
6.728000000000000114e+01,2.318535041809082031e+01,1.932287597656250000e+01,1.594906806945800781e+01,2.443359565734863281e+01,2.036133003234863281e+01,1.628906822204589844e+01
6.732000000000000739e+01,2.320146560668945312e+01,1.933629989624023438e+01,1.595947360992431641e+01,2.444870567321777344e+01,2.037392234802246094e+01,1.629914283752441406e+01
6.735999999999999943e+01,2.321756935119628906e+01,1.934971427917480469e+01,1.596987056732177734e+01,2.446380233764648438e+01,2.038650321960449219e+01,1.630920600891113281e+01
6.740000000000000568e+01,2.323365974426269531e+01,1.936311912536621094e+01,1.598025798797607422e+01,2.447888374328613281e+01,2.039907073974609375e+01,1.631925964355468750e+01
6.743999999999999773e+01,2.324973869323730469e+01,1.937651252746582031e+01,1.599063682556152344e+01,2.449395179748535156e+01,2.041162681579589844e+01,1.632930374145507812e+01
6.748000000000000398e+01,2.326580429077148438e+01,1.938989639282226562e+01,1.600100708007812500e+01,2.450900459289550781e+01,2.042417144775390625e+01,1.633933830261230469e+01
6.751999999999999602e+01,2.328185844421386719e+01,1.940327072143554688e+01,1.601136779785156250e+01,2.452404403686523438e+01,2.043670272827148438e+01,1.634936332702636719e+01
6.756000000000000227e+01,2.329789924621582031e+01,1.941663360595703125e+01,1.602171897888183594e+01,2.453906822204589844e+01,2.044922256469726562e+01,1.635937881469726562e+01
6.759999999999999432e+01,2.331392860412597656e+01,1.942998695373535156e+01,1.603206253051757812e+01,2.455407714843750000e+01,2.046173095703125000e+01,1.636938476562500000e+01
6.764000000000000057e+01,2.332994461059570312e+01,1.944332885742187500e+01,1.604239654541015625e+01,2.456907272338867188e+01,2.047422599792480469e+01,1.637938117980957031e+01
6.768000000000000682e+01,2.334594917297363281e+01,1.945666122436523438e+01,1.605272102355957031e+01,2.458405303955078125e+01,2.048670959472656250e+01,1.638936805725097656e+01
6.771999999999999886e+01,2.336194038391113281e+01,1.946998214721679688e+01,1.606303596496582031e+01,2.459901809692382812e+01,2.049918174743652344e+01,1.639934539794921875e+01
6.776000000000000512e+01,2.337792015075683594e+01,1.948329353332519531e+01,1.607334327697753906e+01,2.461396980285644531e+01,2.051164054870605469e+01,1.640931320190429688e+01
6.779999999999999716e+01,2.339388656616210938e+01,1.949659347534179688e+01,1.608364105224609375e+01,2.462890625000000000e+01,2.052408790588378906e+01,1.641927146911621094e+01
6.784000000000000341e+01,2.340983963012695312e+01,1.950988388061523438e+01,1.609392929077148438e+01,2.464382743835449219e+01,2.053652191162109375e+01,1.642922019958496094e+01
6.787999999999999545e+01,2.342578125000000000e+01,1.952316284179687500e+01,1.610420799255371094e+01,2.465873527526855469e+01,2.054894447326660156e+01,1.643915748596191406e+01
6.792000000000000171e+01,2.344170951843261719e+01,1.953643226623535156e+01,1.611447715759277344e+01,2.467362785339355469e+01,2.056135559082031250e+01,1.644908523559570312e+01
6.796000000000000796e+01,2.345762634277343750e+01,1.954969024658203125e+01,1.612473869323730469e+01,2.468850517272949219e+01,2.057375335693359375e+01,1.645900344848632812e+01
6.800000000000000000e+01,2.347352981567382812e+01,1.956293869018554688e+01,1.613499069213867188e+01,2.470336723327636719e+01,2.058613967895507812e+01,1.646891212463378906e+01
6.804000000000000625e+01,2.348941993713378906e+01,1.957617568969726562e+01,1.614523315429687500e+01,2.471821594238281250e+01,2.059851264953613281e+01,1.647881126403808594e+01
6.807999999999999829e+01,2.350529861450195312e+01,1.958940315246582031e+01,1.615546607971191406e+01,2.473304939270019531e+01,2.061087417602539062e+01,1.648870086669921875e+01
6.812000000000000455e+01,2.352116394042968750e+01,1.960261917114257812e+01,1.616568946838378906e+01,2.474786758422851562e+01,2.062322235107421875e+01,1.649857902526855469e+01
6.815999999999999659e+01,2.353701591491699219e+01,1.961582374572753906e+01,1.617590332031250000e+01,2.476267051696777344e+01,2.063555908203125000e+01,1.650844764709472656e+01
6.820000000000000284e+01,2.355285453796386719e+01,1.962901878356933594e+01,1.618610763549804688e+01,2.477745819091796875e+01,2.064788246154785156e+01,1.651830673217773438e+01
6.823999999999999488e+01,2.356868171691894531e+01,1.964220237731933594e+01,1.619630432128906250e+01,2.479223251342773438e+01,2.066019439697265625e+01,1.652815628051757812e+01
6.828000000000000114e+01,2.358449554443359375e+01,1.965537643432617188e+01,1.620649147033691406e+01,2.480699157714843750e+01,2.067249298095703125e+01,1.653799438476562500e+01
6.832000000000000739e+01,2.360029602050781250e+01,1.966853904724121094e+01,1.621666908264160156e+01,2.482173538208007812e+01,2.068477821350097656e+01,1.654782295227050781e+01
6.835999999999999943e+01,2.361608314514160156e+01,1.968169021606445312e+01,1.622683715820312500e+01,2.483646392822265625e+01,2.069705200195312500e+01,1.655764198303222656e+01
6.840000000000000568e+01,2.363185882568359375e+01,1.969483184814453125e+01,1.623699569702148438e+01,2.485117721557617188e+01,2.070931243896484375e+01,1.656745147705078125e+01
6.843999999999999773e+01,2.364762115478515625e+01,1.970796203613281250e+01,1.624714469909667969e+01,2.486587524414062500e+01,2.072156143188476562e+01,1.657724952697753906e+01
6.848000000000000398e+01,2.366337013244628906e+01,1.972108078002929688e+01,1.625728416442871094e+01,2.488055801391601562e+01,2.073379707336425781e+01,1.658703804016113281e+01
6.851999999999999602e+01,2.367910575866699219e+01,1.973418998718261719e+01,1.626741409301757812e+01,2.489522552490234375e+01,2.074601936340332031e+01,1.659681701660156250e+01
6.856000000000000227e+01,2.369482803344726562e+01,1.974728775024414062e+01,1.627753448486328125e+01,2.490987777709960938e+01,2.075823020935058594e+01,1.660658454895019531e+01
6.860000000000000853e+01,2.371053695678710938e+01,1.976037406921386719e+01,1.628764533996582031e+01,2.492451477050781250e+01,2.077042770385742188e+01,1.661634254455566406e+01
6.864000000000000057e+01,2.372623443603515625e+01,1.977344894409179688e+01,1.629774665832519531e+01,2.493913650512695312e+01,2.078261375427246094e+01,1.662609100341796875e+01
6.868000000000000682e+01,2.374191856384277344e+01,1.978651428222656250e+01,1.630783843994140625e+01,2.495374298095703125e+01,2.079478645324707031e+01,1.663582992553710938e+01
6.871999999999999886e+01,2.375758934020996094e+01,1.979956817626953125e+01,1.631792068481445312e+01,2.496833419799804688e+01,2.080694580078125000e+01,1.664555740356445312e+01
6.876000000000000512e+01,2.377324676513671875e+01,1.981261062622070312e+01,1.632799339294433594e+01,2.498291015625000000e+01,2.081909370422363281e+01,1.665527534484863281e+01
6.879999999999999716e+01,2.378889083862304688e+01,1.982564163208007812e+01,1.633805656433105469e+01,2.499747085571289062e+01,2.083122825622558594e+01,1.666498184204101562e+01
6.884000000000000341e+01,2.380452156066894531e+01,1.983866119384765625e+01,1.634811019897460938e+01,2.501201629638671875e+01,2.084334945678710938e+01,1.667467880249023438e+01
6.887999999999999545e+01,2.382013893127441406e+01,1.985167121887207031e+01,1.635815429687500000e+01,2.502654647827148438e+01,2.085545730590820312e+01,1.668436622619628906e+01
6.892000000000000171e+01,2.383574295043945312e+01,1.986466979980468750e+01,1.636818885803222656e+01,2.504106140136718750e+01,2.086755371093750000e+01,1.669404220581054688e+01
6.896000000000000796e+01,2.385133361816406250e+01,1.987765693664550781e+01,1.637821388244628906e+01,2.505556106567382812e+01,2.087963676452636719e+01,1.670370864868164062e+01
6.900000000000000000e+01,2.386691093444824219e+01,1.989063262939453125e+01,1.638822937011718750e+01,2.507004547119140625e+01,2.089170646667480469e+01,1.671336555480957031e+01
6.904000000000000625e+01,2.388247489929199219e+01,1.990359687805175781e+01,1.639823532104492188e+01,2.508451461791992188e+01,2.090376281738281250e+01,1.672301101684570312e+01
6.907999999999999829e+01,2.389802551269531250e+01,1.991654968261718750e+01,1.640823173522949219e+01,2.509896850585937500e+01,2.091580772399902344e+01,1.673264694213867188e+01
6.912000000000000455e+01,2.391356277465820312e+01,1.992949295043945312e+01,1.641821861267089844e+01,2.511340522766113281e+01,2.092783927917480469e+01,1.674227142333984375e+01
6.915999999999999659e+01,2.392908668518066406e+01,1.994242477416992188e+01,1.642819595336914062e+01,2.512782669067382812e+01,2.093985748291015625e+01,1.675188636779785156e+01
6.920000000000000284e+01,2.394459724426269531e+01,1.995534515380859375e+01,1.643816375732421875e+01,2.514223289489746094e+01,2.095186233520507812e+01,1.676148986816406250e+01
6.923999999999999488e+01,2.396009445190429688e+01,1.996825408935546875e+01,1.644812011718750000e+01,2.515662384033203125e+01,2.096385383605957031e+01,1.677108383178710938e+01
6.928000000000000114e+01,2.397557830810546875e+01,1.998115158081054688e+01,1.645806694030761719e+01,2.517099952697753906e+01,2.097583198547363281e+01,1.678066635131835938e+01
6.932000000000000739e+01,2.399104881286621094e+01,1.999403762817382812e+01,1.646800422668457031e+01,2.518535804748535156e+01,2.098779869079589844e+01,1.679023933410644531e+01
6.935999999999999943e+01,2.400650405883789062e+01,2.000691223144531250e+01,1.647793197631835938e+01,2.519970130920410156e+01,2.099975204467773438e+01,1.679980087280273438e+01
6.940000000000000568e+01,2.402194595336914062e+01,2.001977539062500000e+01,1.648785018920898438e+01,2.521402931213378906e+01,2.101169204711914062e+01,1.680935287475585938e+01
6.943999999999999773e+01,2.403737449645996094e+01,2.003262710571289062e+01,1.649775886535644531e+01,2.522834205627441406e+01,2.102361869812011719e+01,1.681889343261718750e+01
6.948000000000000398e+01,2.405278968811035156e+01,2.004546737670898438e+01,1.650765609741210938e+01,2.524263763427734375e+01,2.103553199768066406e+01,1.682842445373535156e+01
6.951999999999999602e+01,2.406819152832031250e+01,2.005829620361328125e+01,1.651754379272460938e+01,2.525691795349121094e+01,2.104743194580078125e+01,1.683794403076171875e+01
6.956000000000000227e+01,2.408358001708984375e+01,2.007111358642578125e+01,1.652742195129394531e+01,2.527118301391601562e+01,2.105931854248046875e+01,1.684745407104492188e+01
6.960000000000000853e+01,2.409895324707031250e+01,2.008391952514648438e+01,1.653729057312011719e+01,2.528543090820312500e+01,2.107119178771972656e+01,1.685695266723632812e+01
6.964000000000000057e+01,2.411431312561035156e+01,2.009671401977539062e+01,1.654714965820312500e+01,2.529966354370117188e+01,2.108305168151855469e+01,1.686644172668457031e+01
6.968000000000000682e+01,2.412965965270996094e+01,2.010949707031250000e+01,1.655699729919433594e+01,2.531388092041015625e+01,2.109489822387695312e+01,1.687591934204101562e+01
6.971999999999999886e+01,2.414499282836914062e+01,2.012226867675781250e+01,1.656683540344238281e+01,2.532808113098144531e+01,2.110673141479492188e+01,1.688538742065429688e+01
6.976000000000000512e+01,2.416031074523925781e+01,2.013502883911132812e+01,1.657666397094726562e+01,2.534226608276367188e+01,2.111855125427246094e+01,1.689484405517578125e+01
6.979999999999999716e+01,2.417561531066894531e+01,2.014777755737304688e+01,1.658648300170898438e+01,2.535643577575683594e+01,2.113035964965820312e+01,1.690428924560546875e+01
6.984000000000000341e+01,2.419090652465820312e+01,2.016051483154296875e+01,1.659629058837890625e+01,2.537058830261230469e+01,2.114215469360351562e+01,1.691372489929199219e+01
6.987999999999999545e+01,2.420618247985839844e+01,2.017324066162109375e+01,1.660608863830566406e+01,2.538472557067871094e+01,2.115393447875976562e+01,1.692314910888671875e+01
6.992000000000000171e+01,2.422144508361816406e+01,2.018595504760742188e+01,1.661587715148925781e+01,2.539884567260742188e+01,2.116570091247558594e+01,1.693256378173828125e+01
6.996000000000000796e+01,2.423669433593750000e+01,2.019865608215332031e+01,1.662565612792968750e+01,2.541295051574707031e+01,2.117745399475097656e+01,1.694196701049804688e+01
7.000000000000000000e+01,2.425192832946777344e+01,2.021134567260742188e+01,1.663542366027832031e+01,2.542703819274902344e+01,2.118919372558593750e+01,1.695135879516601562e+01
7.004000000000000625e+01,2.426714897155761719e+01,2.022402381896972656e+01,1.664518165588378906e+01,2.544111061096191406e+01,2.120092010498046875e+01,1.696074104309082031e+01
7.007999999999999829e+01,2.428235626220703125e+01,2.023669052124023438e+01,1.665493011474609375e+01,2.545516586303710938e+01,2.121263313293457031e+01,1.697011184692382812e+01
7.012000000000000455e+01,2.429754829406738281e+01,2.024934577941894531e+01,1.666466712951660156e+01,2.546920585632324219e+01,2.122433280944824219e+01,1.697947120666503906e+01
7.015999999999999659e+01,2.431272697448730469e+01,2.026198959350585938e+01,1.667439460754394531e+01,2.548322868347167969e+01,2.123601913452148438e+01,1.698882102966308594e+01
7.020000000000000284e+01,2.432789039611816406e+01,2.027462196350097656e+01,1.668411254882812500e+01,2.549723625183105469e+01,2.124769210815429688e+01,1.699815940856933594e+01
7.023999999999999488e+01,2.434304046630859375e+01,2.028724098205566406e+01,1.669381904602050781e+01,2.551122665405273438e+01,2.125935173034667969e+01,1.700748634338378906e+01
7.028000000000000114e+01,2.435817718505859375e+01,2.029984855651855469e+01,1.670351600646972656e+01,2.552520179748535156e+01,2.127099800109863281e+01,1.701680183410644531e+01
7.032000000000000739e+01,2.437329864501953125e+01,2.031244468688964844e+01,1.671320343017578125e+01,2.553915977478027344e+01,2.128263092041015625e+01,1.702610778808593750e+01
7.035999999999999943e+01,2.438840675354003906e+01,2.032502937316894531e+01,1.672287940979003906e+01,2.555310249328613281e+01,2.129424858093261719e+01,1.703540229797363281e+01
7.040000000000000568e+01,2.440349960327148438e+01,2.033760070800781250e+01,1.673254585266113281e+01,2.556702804565429688e+01,2.130585289001464844e+01,1.704468536376953125e+01
7.043999999999999773e+01,2.441857910156250000e+01,2.035016059875488281e+01,1.674220085144042969e+01,2.558093643188476562e+01,2.131744384765625000e+01,1.705395698547363281e+01
7.048000000000000398e+01,2.443364334106445312e+01,2.036270904541015625e+01,1.675184631347656250e+01,2.559482955932617188e+01,2.132902145385742188e+01,1.706321907043457031e+01
7.051999999999999602e+01,2.444869232177734375e+01,2.037524604797363281e+01,1.676148033142089844e+01,2.560870552062988281e+01,2.134058570861816406e+01,1.707246971130371094e+01
7.056000000000000227e+01,2.446372795104980469e+01,2.038776969909667969e+01,1.677110481262207031e+01,2.562256431579589844e+01,2.135213470458984375e+01,1.708170890808105469e+01
7.060000000000000853e+01,2.447874832153320312e+01,2.040028190612792969e+01,1.678071975708007812e+01,2.563640785217285156e+01,2.136367034912109375e+01,1.709093666076660156e+01
7.064000000000000057e+01,2.449375534057617188e+01,2.041278266906738281e+01,1.679032325744628906e+01,2.565023422241210938e+01,2.137519264221191406e+01,1.710015487670898438e+01
7.068000000000000682e+01,2.450874710083007812e+01,2.042527008056640625e+01,1.679991722106933594e+01,2.566404342651367188e+01,2.138670158386230469e+01,1.710936164855957031e+01
7.071999999999999886e+01,2.452372550964355469e+01,2.043774604797363281e+01,1.680949974060058594e+01,2.567783737182617188e+01,2.139819526672363281e+01,1.711855697631835938e+01
7.076000000000000512e+01,2.453868865966796875e+01,2.045021057128906250e+01,1.681907272338867188e+01,2.569161415100097656e+01,2.140967559814453125e+01,1.712774085998535156e+01
7.079999999999999716e+01,2.455363655090332031e+01,2.046266174316406250e+01,1.682863426208496094e+01,2.570537376403808594e+01,2.142114257812500000e+01,1.713691329956054688e+01
7.084000000000000341e+01,2.456857109069824219e+01,2.047510147094726562e+01,1.683818626403808594e+01,2.571911621093750000e+01,2.143259429931640625e+01,1.714607620239257812e+01
7.087999999999999545e+01,2.458349037170410156e+01,2.048752784729003906e+01,1.684772682189941406e+01,2.573284149169921875e+01,2.144403266906738281e+01,1.715522766113281250e+01
7.092000000000000171e+01,2.459839439392089844e+01,2.049994277954101562e+01,1.685725784301757812e+01,2.574655151367187500e+01,2.145545768737792969e+01,1.716436767578125000e+01
7.096000000000000796e+01,2.461328506469726562e+01,2.051234626770019531e+01,1.686677742004394531e+01,2.576024436950683594e+01,2.146686935424804688e+01,1.717349624633789062e+01
7.100000000000000000e+01,2.462816047668457031e+01,2.052473640441894531e+01,1.687628746032714844e+01,2.577392005920410156e+01,2.147826576232910156e+01,1.718261337280273438e+01
7.104000000000000625e+01,2.464302062988281250e+01,2.053711509704589844e+01,1.688578605651855469e+01,2.578757858276367188e+01,2.148964881896972656e+01,1.719171905517578125e+01
7.107999999999999829e+01,2.465786552429199219e+01,2.054948043823242188e+01,1.689527511596679688e+01,2.580121994018554688e+01,2.150101661682128906e+01,1.720081329345703125e+01
7.112000000000000455e+01,2.467269706726074219e+01,2.056183433532714844e+01,1.690475273132324219e+01,2.581484603881835938e+01,2.151237106323242188e+01,1.720989608764648438e+01
7.115999999999999659e+01,2.468751335144042969e+01,2.057417488098144531e+01,1.691421890258789062e+01,2.582845497131347656e+01,2.152371215820312500e+01,1.721896743774414062e+01
7.120000000000000284e+01,2.470231437683105469e+01,2.058650398254394531e+01,1.692367553710937500e+01,2.584204673767089844e+01,2.153503799438476562e+01,1.722802925109863281e+01
7.123999999999999488e+01,2.471710014343261719e+01,2.059881973266601562e+01,1.693312072753906250e+01,2.585562133789062500e+01,2.154635047912597656e+01,1.723707962036132812e+01
7.128000000000000114e+01,2.473187255859375000e+01,2.061112403869628906e+01,1.694255638122558594e+01,2.586917877197265625e+01,2.155764770507812500e+01,1.724611854553222656e+01
7.132000000000000739e+01,2.474662971496582031e+01,2.062341499328613281e+01,1.695198059082031250e+01,2.588271903991699219e+01,2.156893157958984375e+01,1.725514602661132812e+01
7.135999999999999943e+01,2.476137161254882812e+01,2.063569450378417969e+01,1.696139335632324219e+01,2.589624214172363281e+01,2.158020019531250000e+01,1.726416206359863281e+01
7.140000000000000568e+01,2.477609825134277344e+01,2.064796066284179688e+01,1.697079658508300781e+01,2.590974807739257812e+01,2.159145545959472656e+01,1.727316665649414062e+01
7.143999999999999773e+01,2.479080963134765625e+01,2.066021537780761719e+01,1.698018836975097656e+01,2.592323684692382812e+01,2.160269737243652344e+01,1.728215980529785156e+01
7.148000000000000398e+01,2.480550575256347656e+01,2.067245674133300781e+01,1.698956871032714844e+01,2.593670845031738281e+01,2.161392402648925781e+01,1.729114151000976562e+01
7.151999999999999602e+01,2.482018661499023438e+01,2.068468666076660156e+01,1.699893951416015625e+01,2.595016288757324219e+01,2.162513732910156250e+01,1.730011177062988281e+01
7.156000000000000227e+01,2.483485412597656250e+01,2.069690322875976562e+01,1.700829887390136719e+01,2.596360015869140625e+01,2.163633537292480469e+01,1.730907058715820312e+01
7.160000000000000853e+01,2.484950637817382812e+01,2.070910644531250000e+01,1.701764678955078125e+01,2.597702026367187500e+01,2.164751815795898438e+01,1.731801795959472656e+01
7.164000000000000057e+01,2.486414337158203125e+01,2.072129821777343750e+01,1.702698516845703125e+01,2.599042320251464844e+01,2.165868759155273438e+01,1.732695388793945312e+01
7.168000000000000682e+01,2.487876510620117188e+01,2.073347663879394531e+01,1.703631210327148438e+01,2.600380897521972656e+01,2.166984176635742188e+01,1.733587837219238281e+01
7.171999999999999886e+01,2.489337158203125000e+01,2.074564361572265625e+01,1.704562759399414062e+01,2.601717758178710938e+01,2.168098258972167969e+01,1.734479141235351562e+01
7.176000000000000512e+01,2.490796279907226562e+01,2.075779724121093750e+01,1.705493354797363281e+01,2.603052902221679688e+01,2.169210815429687500e+01,1.735369110107421875e+01
7.179999999999999716e+01,2.492253875732421875e+01,2.076993751525878906e+01,1.706422805786132812e+01,2.604386329650878906e+01,2.170322036743164062e+01,1.736257934570312500e+01
7.184000000000000341e+01,2.493709945678710938e+01,2.078206634521484375e+01,1.707351112365722656e+01,2.605718040466308594e+01,2.171431732177734375e+01,1.737145614624023438e+01
7.187999999999999545e+01,2.495164489746093750e+01,2.079418182373046875e+01,1.708278274536132812e+01,2.607048034667968750e+01,2.172539901733398438e+01,1.738032150268554688e+01
7.192000000000000171e+01,2.496617507934570312e+01,2.080628395080566406e+01,1.709204483032226562e+01,2.608376121520996094e+01,2.173646736145019531e+01,1.738917541503906250e+01
7.196000000000000796e+01,2.498069000244140625e+01,2.081837272644042969e+01,1.710129547119140625e+01,2.609702491760253906e+01,2.174752044677734375e+01,1.739801788330078125e+01
7.200000000000000000e+01,2.499518966674804688e+01,2.083045005798339844e+01,1.711053466796875000e+01,2.611027145385742188e+01,2.175856018066406250e+01,1.740684890747070312e+01
7.204000000000000625e+01,2.500967407226562500e+01,2.084251403808593750e+01,1.711976242065429688e+01,2.612350082397460938e+01,2.176958465576171875e+01,1.741566848754882812e+01
7.207999999999999829e+01,2.502414321899414062e+01,2.085456466674804688e+01,1.712898063659667969e+01,2.613671302795410156e+01,2.178059387207031250e+01,1.742447662353515625e+01
7.212000000000000455e+01,2.503859519958496094e+01,2.086660385131835938e+01,1.713818740844726562e+01,2.614990806579589844e+01,2.179158973693847656e+01,1.743327331542968750e+01
7.215999999999999659e+01,2.505303192138671875e+01,2.087862968444824219e+01,1.714738273620605469e+01,2.616308403015136719e+01,2.180257034301757812e+01,1.744205665588378906e+01
7.220000000000000284e+01,2.506745338439941406e+01,2.089064216613769531e+01,1.715656661987304688e+01,2.617624282836914062e+01,2.181353569030761719e+01,1.745082855224609375e+01
7.223999999999999488e+01,2.508185958862304688e+01,2.090264129638671875e+01,1.716573905944824219e+01,2.618938446044921875e+01,2.182448768615722656e+01,1.745958900451660156e+01
7.228000000000000114e+01,2.509625053405761719e+01,2.091462707519531250e+01,1.717490005493164062e+01,2.620250892639160156e+01,2.183542442321777344e+01,1.746833801269531250e+01
7.232000000000000739e+01,2.511062622070312500e+01,2.092660140991210938e+01,1.718405151367187500e+01,2.621561431884765625e+01,2.184634590148925781e+01,1.747707557678222656e+01
7.235999999999999943e+01,2.512498664855957031e+01,2.093856239318847656e+01,1.719319152832031250e+01,2.622870254516601562e+01,2.185725212097167969e+01,1.748580169677734375e+01
7.240000000000000568e+01,2.513932991027832031e+01,2.095051002502441406e+01,1.720232009887695312e+01,2.624177360534667969e+01,2.186814498901367188e+01,1.749451446533203125e+01
7.243999999999999773e+01,2.515365791320800781e+01,2.096244430541992188e+01,1.721143722534179688e+01,2.625482559204101562e+01,2.187902259826660156e+01,1.750321578979492188e+01
7.248000000000000398e+01,2.516797065734863281e+01,2.097436523437500000e+01,1.722054290771484375e+01,2.626786041259765625e+01,2.188988494873046875e+01,1.751190567016601562e+01
7.251999999999999602e+01,2.518226814270019531e+01,2.098627281188964844e+01,1.722963714599609375e+01,2.628087806701660156e+01,2.190073204040527344e+01,1.752058410644531250e+01
7.256000000000000227e+01,2.519654846191406250e+01,2.099816703796386719e+01,1.723871994018554688e+01,2.629387664794921875e+01,2.191156387329101562e+01,1.752925109863281250e+01
7.260000000000000853e+01,2.521081352233886719e+01,2.101004981994628906e+01,1.724779129028320312e+01,2.630685806274414062e+01,2.192238235473632812e+01,1.753790473937988281e+01
7.264000000000000057e+01,2.522506332397460938e+01,2.102191925048828125e+01,1.725685119628906250e+01,2.631982040405273438e+01,2.193318557739257812e+01,1.754654693603515625e+01
7.268000000000000682e+01,2.523929786682128906e+01,2.103377532958984375e+01,1.726589965820312500e+01,2.633276557922363281e+01,2.194397354125976562e+01,1.755517768859863281e+01
7.271999999999999886e+01,2.525351524353027344e+01,2.104561805725097656e+01,1.727493858337402344e+01,2.634569358825683594e+01,2.195474624633789062e+01,1.756379508972167969e+01
7.276000000000000512e+01,2.526771736145019531e+01,2.105744743347167969e+01,1.728396606445312500e+01,2.635860252380371094e+01,2.196550369262695312e+01,1.757240104675292969e+01
7.279999999999999716e+01,2.528190422058105469e+01,2.106926345825195312e+01,1.729298210144042969e+01,2.637149429321289062e+01,2.197624588012695312e+01,1.758099555969238281e+01
7.284000000000000341e+01,2.529607391357421875e+01,2.108106613159179688e+01,1.730198669433593750e+01,2.638436698913574219e+01,2.198697280883789062e+01,1.758957862854003906e+01
7.287999999999999545e+01,2.531022834777832031e+01,2.109285545349121094e+01,1.731097984313964844e+01,2.639722251892089844e+01,2.199768447875976562e+01,1.759814834594726562e+01
7.292000000000000171e+01,2.532436752319335938e+01,2.110463142395019531e+01,1.731996154785156250e+01,2.641005897521972656e+01,2.200838279724121094e+01,1.760670661926269531e+01
7.296000000000000796e+01,2.533848953247070312e+01,2.111639404296875000e+01,1.732893180847167969e+01,2.642287826538085938e+01,2.201906585693359375e+01,1.761525344848632812e+01
7.300000000000000000e+01,2.535259628295898438e+01,2.112814331054687500e+01,1.733789062500000000e+01,2.643567848205566406e+01,2.202973365783691406e+01,1.762378692626953125e+01
7.304000000000000625e+01,2.536668586730957031e+01,2.113987922668457031e+01,1.734683799743652344e+01,2.644846153259277344e+01,2.204038619995117188e+01,1.763230895996093750e+01
7.307999999999999829e+01,2.538076019287109375e+01,2.115160179138183594e+01,1.735577392578125000e+01,2.646122550964355469e+01,2.205102348327636719e+01,1.764081764221191406e+01
7.312000000000000455e+01,2.539481735229492188e+01,2.116331100463867188e+01,1.736469841003417969e+01,2.647397232055664062e+01,2.206164550781250000e+01,1.764931488037109375e+01
7.315999999999999659e+01,2.540885925292968750e+01,2.117500686645507812e+01,1.737360954284667969e+01,2.648670005798339844e+01,2.207225227355957031e+01,1.765780067443847656e+01
7.320000000000000284e+01,2.542288398742675781e+01,2.118668937683105469e+01,1.738250923156738281e+01,2.649940872192382812e+01,2.208284378051757812e+01,1.766627311706542969e+01
7.323999999999999488e+01,2.543689346313476562e+01,2.119835853576660156e+01,1.739139747619628906e+01,2.651210021972656250e+01,2.209342002868652344e+01,1.767473411560058594e+01
7.328000000000000114e+01,2.545088577270507812e+01,2.121001434326171875e+01,1.740027427673339844e+01,2.652477264404296875e+01,2.210398101806640625e+01,1.768318176269531250e+01
7.332000000000000739e+01,2.546486282348632812e+01,2.122165679931640625e+01,1.740913963317871094e+01,2.653742790222167969e+01,2.211452674865722656e+01,1.769161796569824219e+01
7.335999999999999943e+01,2.547882270812988281e+01,2.123328399658203125e+01,1.741799354553222656e+01,2.655006408691406250e+01,2.212505722045898438e+01,1.770004272460937500e+01
7.340000000000000568e+01,2.549276733398437500e+01,2.124489784240722656e+01,1.742683601379394531e+01,2.656268119812011719e+01,2.213557243347167969e+01,1.770845413208007812e+01
7.343999999999999773e+01,2.550669479370117188e+01,2.125649833679199219e+01,1.743566703796386719e+01,2.657528114318847656e+01,2.214607048034667969e+01,1.771685409545898438e+01
7.348000000000000398e+01,2.552060699462890625e+01,2.126808547973632812e+01,1.744448661804199219e+01,2.658786201477050781e+01,2.215655326843261719e+01,1.772524070739746094e+01
7.351999999999999602e+01,2.553450202941894531e+01,2.127965927124023438e+01,1.745329475402832031e+01,2.660042381286621094e+01,2.216702079772949219e+01,1.773361587524414062e+01
7.356000000000000227e+01,2.554838180541992188e+01,2.129121971130371094e+01,1.746208953857421875e+01,2.661296653747558594e+01,2.217747306823730469e+01,1.774197769165039062e+01
7.360000000000000853e+01,2.556224441528320312e+01,2.130276489257812500e+01,1.747087287902832031e+01,2.662549209594726562e+01,2.218791007995605469e+01,1.775032806396484375e+01
7.364000000000000057e+01,2.557608985900878906e+01,2.131429672241210938e+01,1.747964477539062500e+01,2.663799858093261719e+01,2.219833183288574219e+01,1.775866508483886719e+01
7.368000000000000682e+01,2.558992004394531250e+01,2.132581520080566406e+01,1.748840522766113281e+01,2.665048599243164062e+01,2.220873832702636719e+01,1.776699066162109375e+01
7.371999999999999886e+01,2.560373306274414062e+01,2.133732032775878906e+01,1.749715423583984375e+01,2.666295433044433594e+01,2.221912956237792969e+01,1.777530288696289062e+01
7.376000000000000512e+01,2.561752891540527344e+01,2.134881210327148438e+01,1.750589179992675781e+01,2.667540550231933594e+01,2.222950553894042969e+01,1.778360366821289062e+01
7.379999999999999716e+01,2.563130950927734375e+01,2.136028861999511719e+01,1.751461601257324219e+01,2.668783760070800781e+01,2.223986625671386719e+01,1.779189109802246094e+01
7.384000000000000341e+01,2.564507293701171875e+01,2.137175178527832031e+01,1.752332878112792969e+01,2.670025062561035156e+01,2.225020980834960938e+01,1.780016708374023438e+01
7.387999999999999545e+01,2.565881919860839844e+01,2.138320159912109375e+01,1.753203010559082031e+01,2.671264457702636719e+01,2.226053810119628906e+01,1.780842971801757812e+01
7.392000000000000171e+01,2.567255020141601562e+01,2.139463806152343750e+01,1.754071998596191406e+01,2.672501945495605469e+01,2.227085113525390625e+01,1.781668090820312500e+01
7.396000000000000796e+01,2.568626403808593750e+01,2.140605926513671875e+01,1.754939651489257812e+01,2.673737716674804688e+01,2.228114891052246094e+01,1.782491874694824219e+01
7.400000000000000000e+01,2.569996070861816406e+01,2.141746711730957031e+01,1.755806159973144531e+01,2.674971580505371094e+01,2.229143142700195312e+01,1.783314323425292969e+01
7.404000000000000625e+01,2.571364021301269531e+01,2.142886161804199219e+01,1.756671524047851562e+01,2.676203536987304688e+01,2.230169677734375000e+01,1.784135627746582031e+01
7.407999999999999829e+01,2.572730255126953125e+01,2.144024085998535156e+01,1.757535743713378906e+01,2.677433586120605469e+01,2.231194686889648438e+01,1.784955596923828125e+01
7.412000000000000455e+01,2.574094963073730469e+01,2.145160675048828125e+01,1.758398628234863281e+01,2.678661727905273438e+01,2.232218170166015625e+01,1.785774421691894531e+01
7.415999999999999659e+01,2.575457954406738281e+01,2.146295928955078125e+01,1.759260368347167969e+01,2.679887962341308594e+01,2.233239936828613281e+01,1.786591911315917969e+01
7.420000000000000284e+01,2.576819229125976562e+01,2.147429656982421875e+01,1.760120964050292969e+01,2.681112289428710938e+01,2.234260177612304688e+01,1.787408065795898438e+01
7.423999999999999488e+01,2.578178787231445312e+01,2.148562049865722656e+01,1.760980415344238281e+01,2.682334709167480469e+01,2.235278892517089844e+01,1.788223075866699219e+01
7.428000000000000114e+01,2.579536628723144531e+01,2.149693107604980469e+01,1.761838531494140625e+01,2.683555221557617188e+01,2.236296081542968750e+01,1.789036750793457031e+01
7.432000000000000739e+01,2.580892753601074219e+01,2.150822639465332031e+01,1.762695503234863281e+01,2.684773826599121094e+01,2.237311553955078125e+01,1.789849090576171875e+01
7.435999999999999943e+01,2.582247352600097656e+01,2.151950836181640625e+01,1.763551330566406250e+01,2.685990524291992188e+01,2.238325500488281250e+01,1.790660285949707031e+01
7.440000000000000568e+01,2.583600234985351562e+01,2.153077507019042969e+01,1.764405822753906250e+01,2.687205314636230469e+01,2.239337921142578125e+01,1.791470146179199219e+01
7.443999999999999773e+01,2.584951400756835938e+01,2.154202842712402344e+01,1.765259170532226562e+01,2.688418197631835938e+01,2.240348625183105469e+01,1.792278671264648438e+01
7.448000000000000398e+01,2.586300849914550781e+01,2.155326652526855469e+01,1.766111373901367188e+01,2.689629173278808594e+01,2.241357803344726562e+01,1.793086051940917969e+01
7.451999999999999602e+01,2.587648582458496094e+01,2.156449127197265625e+01,1.766962242126464844e+01,2.690838241577148438e+01,2.242365264892578125e+01,1.793892097473144531e+01
7.456000000000000227e+01,2.588994598388671875e+01,2.157570266723632812e+01,1.767811965942382812e+01,2.692045402526855469e+01,2.243371200561523438e+01,1.794696807861328125e+01
7.460000000000000853e+01,2.590338897705078125e+01,2.158689880371093750e+01,1.768660354614257812e+01,2.693250656127929688e+01,2.244375610351562500e+01,1.795500373840332031e+01
7.464000000000000057e+01,2.591681480407714844e+01,2.159808158874511719e+01,1.769507598876953125e+01,2.694454002380371094e+01,2.245378303527832031e+01,1.796302604675292969e+01
7.468000000000000682e+01,2.593022346496582031e+01,2.160924911499023438e+01,1.770353698730468750e+01,2.695655441284179688e+01,2.246379470825195312e+01,1.797103500366210938e+01
7.471999999999999886e+01,2.594361495971679688e+01,2.162040328979492188e+01,1.771198463439941406e+01,2.696854972839355469e+01,2.247378921508789062e+01,1.797903060913085938e+01
7.476000000000000512e+01,2.595698928833007812e+01,2.163154220581054688e+01,1.772042083740234375e+01,2.698052406311035156e+01,2.248376846313476562e+01,1.798701477050781250e+01
7.479999999999999716e+01,2.597034645080566406e+01,2.164266586303710938e+01,1.772884368896484375e+01,2.699247932434082031e+01,2.249373245239257812e+01,1.799498558044433594e+01
7.484000000000000341e+01,2.598368644714355469e+01,2.165377616882324219e+01,1.773725509643554688e+01,2.700441551208496094e+01,2.250367927551269531e+01,1.800294303894042969e+01
7.487999999999999545e+01,2.599700927734375000e+01,2.166487121582031250e+01,1.774565315246582031e+01,2.701633262634277344e+01,2.251361083984375000e+01,1.801088714599609375e+01
7.492000000000000171e+01,2.601031494140625000e+01,2.167595291137695312e+01,1.775403976440429688e+01,2.702823066711425781e+01,2.252352523803710938e+01,1.801881790161132812e+01
7.496000000000000796e+01,2.602360343933105469e+01,2.168701934814453125e+01,1.776241302490234375e+01,2.704010772705078125e+01,2.253342437744140625e+01,1.802673721313476562e+01
7.500000000000000000e+01,2.603687286376953125e+01,2.169807243347167969e+01,1.777077484130859375e+01,2.705196571350097656e+01,2.254330635070800781e+01,1.803464317321777344e+01
7.504000000000000625e+01,2.605012512207031250e+01,2.170911026000976562e+01,1.777912330627441406e+01,2.706380462646484375e+01,2.255317115783691406e+01,1.804253578186035156e+01
7.507999999999999829e+01,2.606336021423339844e+01,2.172013282775878906e+01,1.778746032714843750e+01,2.707562446594238281e+01,2.256302070617675781e+01,1.805041503906250000e+01
7.512000000000000455e+01,2.607657814025878906e+01,2.173114204406738281e+01,1.779578399658203125e+01,2.708742332458496094e+01,2.257285308837890625e+01,1.805828094482421875e+01
7.515999999999999659e+01,2.608977890014648438e+01,2.174213600158691406e+01,1.780409622192382812e+01,2.709920310974121094e+01,2.258267021179199219e+01,1.806613349914550781e+01
7.520000000000000284e+01,2.610296249389648438e+01,2.175311470031738281e+01,1.781239509582519531e+01,2.711096382141113281e+01,2.259247016906738281e+01,1.807397460937500000e+01
7.523999999999999488e+01,2.611612892150878906e+01,2.176408004760742188e+01,1.782068252563476562e+01,2.712270545959472656e+01,2.260225486755371094e+01,1.808180236816406250e+01
7.528000000000000114e+01,2.612927627563476562e+01,2.177503013610839844e+01,1.782895660400390625e+01,2.713442611694335938e+01,2.261202239990234375e+01,1.808961677551269531e+01
7.532000000000000739e+01,2.614240646362304688e+01,2.178596496582031250e+01,1.783721923828125000e+01,2.714612770080566406e+01,2.262177276611328125e+01,1.809741783142089844e+01
7.535999999999999943e+01,2.615551948547363281e+01,2.179688644409179688e+01,1.784546852111816406e+01,2.715781021118164062e+01,2.263150787353515625e+01,1.810520553588867188e+01
7.540000000000000568e+01,2.616861534118652344e+01,2.180779266357421875e+01,1.785370635986328125e+01,2.716947174072265625e+01,2.264122581481933594e+01,1.811297988891601562e+01
7.543999999999999773e+01,2.618169212341308594e+01,2.181868362426757812e+01,1.786193084716796875e+01,2.718111419677734375e+01,2.265092658996582031e+01,1.812074089050292969e+01
7.548000000000000398e+01,2.619475173950195312e+01,2.182956123352050781e+01,1.787014198303222656e+01,2.719273567199707031e+01,2.266061210632324219e+01,1.812848854064941406e+01
7.551999999999999602e+01,2.620779418945312500e+01,2.184042358398437500e+01,1.787834167480468750e+01,2.720433807373046875e+01,2.267028045654296875e+01,1.813622283935546875e+01
7.556000000000000227e+01,2.622081947326660156e+01,2.185127067565917969e+01,1.788652801513671875e+01,2.721592140197753906e+01,2.267993164062500000e+01,1.814394378662109375e+01
7.560000000000000853e+01,2.623382568359375000e+01,2.186210250854492188e+01,1.789470291137695312e+01,2.722748374938964844e+01,2.268956756591796875e+01,1.815165138244628906e+01
7.564000000000000057e+01,2.624681472778320312e+01,2.187292098999023438e+01,1.790286445617675781e+01,2.723902702331542969e+01,2.269918632507324219e+01,1.815934753417968750e+01
7.568000000000000682e+01,2.625978660583496094e+01,2.188372421264648438e+01,1.791101264953613281e+01,2.725054931640625000e+01,2.270878791809082031e+01,1.816703033447265625e+01
7.571999999999999886e+01,2.627273941040039062e+01,2.189451217651367188e+01,1.791914939880371094e+01,2.726205253601074219e+01,2.271837425231933594e+01,1.817469978332519531e+01
7.576000000000000512e+01,2.628567504882812500e+01,2.190528488159179688e+01,1.792727279663085938e+01,2.727353477478027344e+01,2.272794342041015625e+01,1.818235588073730469e+01
7.579999999999999716e+01,2.629859161376953125e+01,2.191604232788085938e+01,1.793538284301757812e+01,2.728499794006347656e+01,2.273749542236328125e+01,1.818999862670898438e+01
7.584000000000000341e+01,2.631149101257324219e+01,2.192678451538085938e+01,1.794348144531250000e+01,2.729644012451171875e+01,2.274703025817871094e+01,1.819762611389160156e+01
7.587999999999999545e+01,2.632437324523925781e+01,2.193751335144042969e+01,1.795156669616699219e+01,2.730786323547363281e+01,2.275654983520507812e+01,1.820524024963378906e+01
7.592000000000000171e+01,2.633723640441894531e+01,2.194822692871093750e+01,1.795963859558105469e+01,2.731926536560058594e+01,2.276605224609375000e+01,1.821284103393554688e+01
7.596000000000000796e+01,2.635008239746093750e+01,2.195892524719238281e+01,1.796769714355468750e+01,2.733064651489257812e+01,2.277553749084472656e+01,1.822042846679687500e+01
7.600000000000000000e+01,2.636290931701660156e+01,2.196960830688476562e+01,1.797574424743652344e+01,2.734200859069824219e+01,2.278500556945800781e+01,1.822800254821777344e+01
7.604000000000000625e+01,2.637571907043457031e+01,2.198027610778808594e+01,1.798377799987792969e+01,2.735334968566894531e+01,2.279445648193359375e+01,1.823556327819824219e+01
7.607999999999999829e+01,2.638850975036621094e+01,2.199092864990234375e+01,1.799179840087890625e+01,2.736467170715332031e+01,2.280389022827148438e+01,1.824311065673828125e+01
7.612000000000000455e+01,2.640128326416015625e+01,2.200156593322753906e+01,1.799980735778808594e+01,2.737597274780273438e+01,2.281330871582031250e+01,1.825064468383789062e+01
7.615999999999999659e+01,2.641403770446777344e+01,2.201218795776367188e+01,1.800780296325683594e+01,2.738725280761718750e+01,2.282271003723144531e+01,1.825816535949707031e+01
7.620000000000000284e+01,2.642677497863769531e+01,2.202279472351074219e+01,1.801578521728515625e+01,2.739851379394531250e+01,2.283209419250488281e+01,1.826567268371582031e+01
7.623999999999999488e+01,2.643949317932128906e+01,2.203338623046875000e+01,1.802375411987304688e+01,2.740975379943847656e+01,2.284146118164062500e+01,1.827316665649414062e+01
7.628000000000000114e+01,2.645219421386718750e+01,2.204396247863769531e+01,1.803170967102050781e+01,2.742097282409667969e+01,2.285081100463867188e+01,1.828064727783203125e+01
7.632000000000000739e+01,2.646487617492675781e+01,2.205452346801757812e+01,1.803965377807617188e+01,2.743217277526855469e+01,2.286014366149902344e+01,1.828811454772949219e+01
7.635999999999999943e+01,2.647753906250000000e+01,2.206506919860839844e+01,1.804758453369140625e+01,2.744335174560546875e+01,2.286945915222167969e+01,1.829556846618652344e+01
7.640000000000000568e+01,2.649018478393554688e+01,2.207559967041015625e+01,1.805550193786621094e+01,2.745450973510742188e+01,2.287875747680664062e+01,1.830300712585449219e+01
7.643999999999999773e+01,2.650281143188476562e+01,2.208611488342285156e+01,1.806340599060058594e+01,2.746564865112304688e+01,2.288803863525390625e+01,1.831043243408203125e+01
7.648000000000000398e+01,2.651542091369628906e+01,2.209661483764648438e+01,1.807129669189453125e+01,2.747676658630371094e+01,2.289730262756347656e+01,1.831784439086914062e+01
7.651999999999999602e+01,2.652801132202148438e+01,2.210709953308105469e+01,1.807917404174804688e+01,2.748786354064941406e+01,2.290655136108398438e+01,1.832524299621582031e+01
7.656000000000000227e+01,2.654058265686035156e+01,2.211756896972656250e+01,1.808703994750976562e+01,2.749893951416015625e+01,2.291578292846679688e+01,1.833262825012207031e+01
7.660000000000000853e+01,2.655313682556152344e+01,2.212802314758300781e+01,1.809489250183105469e+01,2.750999641418457031e+01,2.292499732971191406e+01,1.833999824523925781e+01
7.664000000000000057e+01,2.656567192077636719e+01,2.213846206665039062e+01,1.810273170471191406e+01,2.752103233337402344e+01,2.293419456481933594e+01,1.834735488891601562e+01
7.668000000000000682e+01,2.657818794250488281e+01,2.214888572692871094e+01,1.811055755615234375e+01,2.753204727172851562e+01,2.294337463378906250e+01,1.835469818115234375e+01
7.671999999999999886e+01,2.659068679809570312e+01,2.215929412841796875e+01,1.811837005615234375e+01,2.754304122924804688e+01,2.295253562927246094e+01,1.836202812194824219e+01
7.676000000000000512e+01,2.660316658020019531e+01,2.216968727111816406e+01,1.812616920471191406e+01,2.755401420593261719e+01,2.296167945861816406e+01,1.836934471130371094e+01
7.679999999999999716e+01,2.661562728881835938e+01,2.218006515502929688e+01,1.813395500183105469e+01,2.756496620178222656e+01,2.297080612182617188e+01,1.837664604187011719e+01
7.684000000000000341e+01,2.662806892395019531e+01,2.219042778015136719e+01,1.814172744750976562e+01,2.757589912414550781e+01,2.297991561889648438e+01,1.838393402099609375e+01
7.687999999999999545e+01,2.664049339294433594e+01,2.220077514648437500e+01,1.814948654174804688e+01,2.758681106567382812e+01,2.298900794982910156e+01,1.839120864868164062e+01
7.692000000000000171e+01,2.665289878845214844e+01,2.221110534667968750e+01,1.815723419189453125e+01,2.759770202636718750e+01,2.299808311462402344e+01,1.839846992492675781e+01
7.696000000000000796e+01,2.666528511047363281e+01,2.222142028808593750e+01,1.816496849060058594e+01,2.760857200622558594e+01,2.300714111328125000e+01,1.840571594238281250e+01
7.700000000000000000e+01,2.667765235900878906e+01,2.223171997070312500e+01,1.817268943786621094e+01,2.761942100524902344e+01,2.301618194580078125e+01,1.841294860839843750e+01
7.704000000000000625e+01,2.669000053405761719e+01,2.224200439453125000e+01,1.818039703369140625e+01,2.763024902343750000e+01,2.302520561218261719e+01,1.842016792297363281e+01
7.707999999999999829e+01,2.670233154296875000e+01,2.225227355957031250e+01,1.818809127807617188e+01,2.764105606079101562e+01,2.303421211242675781e+01,1.842737197875976562e+01
7.712000000000000455e+01,2.671464347839355469e+01,2.226252555847167969e+01,1.819577217102050781e+01,2.765184211730957031e+01,2.304320144653320312e+01,1.843456268310546875e+01
7.715999999999999659e+01,2.672693634033203125e+01,2.227276229858398438e+01,1.820343971252441406e+01,2.766260719299316406e+01,2.305217170715332031e+01,1.844174003601074219e+01
7.720000000000000284e+01,2.673921012878417969e+01,2.228298377990722656e+01,1.821109390258789062e+01,2.767335128784179688e+01,2.306112480163574219e+01,1.844890213012695312e+01
7.723999999999999488e+01,2.675146484375000000e+01,2.229319000244140625e+01,1.821873474121093750e+01,2.768407440185546875e+01,2.307006072998046875e+01,1.845605087280273438e+01
7.728000000000000114e+01,2.676370048522949219e+01,2.230337905883789062e+01,1.822636222839355469e+01,2.769477653503417969e+01,2.307897949218750000e+01,1.846318626403808594e+01
7.732000000000000739e+01,2.677591705322265625e+01,2.231355285644531250e+01,1.823397636413574219e+01,2.770545768737792969e+01,2.308788108825683594e+01,1.847030639648437500e+01
7.735999999999999943e+01,2.678811454772949219e+01,2.232371139526367188e+01,1.824157524108886719e+01,2.771611785888671875e+01,2.309676361083984375e+01,1.847741317749023438e+01
7.740000000000000568e+01,2.680029296875000000e+01,2.233385467529296875e+01,1.824916076660156250e+01,2.772675704956054688e+01,2.310562896728515625e+01,1.848450469970703125e+01
7.743999999999999773e+01,2.681245231628417969e+01,2.234398078918457031e+01,1.825673294067382812e+01,2.773737525939941406e+01,2.311447715759277344e+01,1.849158287048339844e+01
7.748000000000000398e+01,2.682459259033203125e+01,2.235409164428710938e+01,1.826429176330566406e+01,2.774797248840332031e+01,2.312330818176269531e+01,1.849864768981933594e+01
7.751999999999999602e+01,2.683671379089355469e+01,2.236418724060058594e+01,1.827183723449707031e+01,2.775854873657226562e+01,2.313212013244628906e+01,1.850569725036621094e+01
7.756000000000000227e+01,2.684881591796875000e+01,2.237426567077636719e+01,1.827936935424804688e+01,2.776910209655761719e+01,2.314091491699218750e+01,1.851273345947265625e+01
7.760000000000000853e+01,2.686089897155761719e+01,2.238432884216308594e+01,1.828688812255859375e+01,2.777963447570800781e+01,2.314969253540039062e+01,1.851975440979003906e+01
7.764000000000000057e+01,2.687296295166015625e+01,2.239437675476074219e+01,1.829439353942871094e+01,2.779014587402343750e+01,2.315845298767089844e+01,1.852676200866699219e+01
7.768000000000000682e+01,2.688500785827636719e+01,2.240440750122070312e+01,1.830188560485839844e+01,2.780063629150390625e+01,2.316719436645507812e+01,1.853375625610351562e+01
7.771999999999999886e+01,2.689703369140625000e+01,2.241442298889160156e+01,1.830936431884765625e+01,2.781110572814941406e+01,2.317591857910156250e+01,1.854073524475097656e+01
7.776000000000000512e+01,2.690904045104980469e+01,2.242442131042480469e+01,1.831682968139648438e+01,2.782155227661132812e+01,2.318462562561035156e+01,1.854770088195800781e+01
7.779999999999999716e+01,2.692102813720703125e+01,2.243440437316894531e+01,1.832427978515625000e+01,2.783197784423828125e+01,2.319331359863281250e+01,1.855465126037597656e+01
7.784000000000000341e+01,2.693299674987792969e+01,2.244437217712402344e+01,1.833171653747558594e+01,2.784238243103027344e+01,2.320198440551757812e+01,1.856158828735351562e+01
7.787999999999999545e+01,2.694494628906250000e+01,2.245432281494140625e+01,1.833913993835449219e+01,2.785276603698730469e+01,2.321063804626464844e+01,1.856851005554199219e+01
7.792000000000000171e+01,2.695687675476074219e+01,2.246425819396972656e+01,1.834654998779296875e+01,2.786312866210937500e+01,2.321927261352539062e+01,1.857541847229003906e+01
7.796000000000000796e+01,2.696878814697265625e+01,2.247417640686035156e+01,1.835394668579101562e+01,2.787346839904785156e+01,2.322789001464843750e+01,1.858231163024902344e+01
7.800000000000000000e+01,2.698067855834960938e+01,2.248407936096191406e+01,1.836132812500000000e+01,2.788378715515136719e+01,2.323648834228515625e+01,1.858919143676757812e+01
7.804000000000000625e+01,2.699254989624023438e+01,2.249396514892578125e+01,1.836869621276855469e+01,2.789408493041992188e+01,2.324506950378417969e+01,1.859605598449707031e+01
7.807999999999999829e+01,2.700440216064453125e+01,2.250383567810058594e+01,1.837605094909667969e+01,2.790435981750488281e+01,2.325363349914550781e+01,1.860290718078613281e+01
7.812000000000000455e+01,2.701623535156250000e+01,2.251368904113769531e+01,1.838339233398437500e+01,2.791461372375488281e+01,2.326217842102050781e+01,1.860974311828613281e+01
7.815999999999999659e+01,2.702804946899414062e+01,2.252352714538574219e+01,1.839072036743164062e+01,2.792484664916992188e+01,2.327070617675781250e+01,1.861656570434570312e+01
7.820000000000000284e+01,2.703984260559082031e+01,2.253334808349609375e+01,1.839803314208984375e+01,2.793505668640136719e+01,2.327921485900878906e+01,1.862337303161621094e+01
7.823999999999999488e+01,2.705161666870117188e+01,2.254315376281738281e+01,1.840533256530761719e+01,2.794524574279785156e+01,2.328770637512207031e+01,1.863016510009765625e+01
7.828000000000000114e+01,2.706337165832519531e+01,2.255294227600097656e+01,1.841261863708496094e+01,2.795541381835937500e+01,2.329617881774902344e+01,1.863694381713867188e+01
7.832000000000000739e+01,2.707510757446289062e+01,2.256271553039550781e+01,1.841989135742187500e+01,2.796555900573730469e+01,2.330463409423828125e+01,1.864370727539062500e+01
7.835999999999999943e+01,2.708682250976562500e+01,2.257247161865234375e+01,1.842714881896972656e+01,2.797568321228027344e+01,2.331307029724121094e+01,1.865045738220214844e+01
7.840000000000000568e+01,2.709851837158203125e+01,2.258221054077148438e+01,1.843439292907714844e+01,2.798578453063964844e+01,2.332148933410644531e+01,1.865719223022460938e+01
7.843999999999999773e+01,2.711019515991210938e+01,2.259193420410156250e+01,1.844162368774414062e+01,2.799586486816406250e+01,2.332988929748535156e+01,1.866391181945800781e+01
7.848000000000000398e+01,2.712185096740722656e+01,2.260164070129394531e+01,1.844883918762207031e+01,2.800592422485351562e+01,2.333827209472656250e+01,1.867061805725097656e+01
7.851999999999999602e+01,2.713348770141601562e+01,2.261133193969726562e+01,1.845604133605957031e+01,2.801596069335937500e+01,2.334663581848144531e+01,1.867730903625488281e+01
7.856000000000000227e+01,2.714510536193847656e+01,2.262100601196289062e+01,1.846323013305664062e+01,2.802597618103027344e+01,2.335498046875000000e+01,1.868398475646972656e+01
7.860000000000000853e+01,2.715670204162597656e+01,2.263066291809082031e+01,1.847040367126464844e+01,2.803596878051757812e+01,2.336330795288085938e+01,1.869064712524414062e+01
7.864000000000000057e+01,2.716827964782714844e+01,2.264030456542968750e+01,1.847756385803222656e+01,2.804594039916992188e+01,2.337161636352539062e+01,1.869729423522949219e+01
7.868000000000000682e+01,2.717983627319335938e+01,2.264992904663085938e+01,1.848471069335937500e+01,2.805588912963867188e+01,2.337990760803222656e+01,1.870392608642578125e+01
7.871999999999999886e+01,2.719137382507324219e+01,2.265953636169433594e+01,1.849184226989746094e+01,2.806581687927246094e+01,2.338817977905273438e+01,1.871054458618164062e+01
7.876000000000000512e+01,2.720289230346679688e+01,2.266912841796875000e+01,1.849896049499511719e+01,2.807572174072265625e+01,2.339643478393554688e+01,1.871714782714843750e+01
7.879999999999999716e+01,2.721438980102539062e+01,2.267870330810546875e+01,1.850606536865234375e+01,2.808560371398925781e+01,2.340467071533203125e+01,1.872373580932617188e+01
7.884000000000000341e+01,2.722586822509765625e+01,2.268826103210449219e+01,1.851315498352050781e+01,2.809546470642089844e+01,2.341288757324218750e+01,1.873031044006347656e+01
7.887999999999999545e+01,2.723732566833496094e+01,2.269780349731445312e+01,1.852023124694824219e+01,2.810530281066894531e+01,2.342108726501464844e+01,1.873686981201171875e+01
7.892000000000000171e+01,2.724876403808593750e+01,2.270732879638671875e+01,1.852729225158691406e+01,2.811511993408203125e+01,2.342926788330078125e+01,1.874341392517089844e+01
7.896000000000000796e+01,2.726018142700195312e+01,2.271683692932128906e+01,1.853433990478515625e+01,2.812491416931152344e+01,2.343742942810058594e+01,1.874994277954101562e+01
7.900000000000000000e+01,2.727157974243164062e+01,2.272632789611816406e+01,1.854137229919433594e+01,2.813468551635742188e+01,2.344557189941406250e+01,1.875645828247070312e+01
7.904000000000000625e+01,2.728295707702636719e+01,2.273580360412597656e+01,1.854839134216308594e+01,2.814443588256835938e+01,2.345369720458984375e+01,1.876295852661132812e+01
7.907999999999999829e+01,2.729431533813476562e+01,2.274526214599609375e+01,1.855539703369140625e+01,2.815416336059570312e+01,2.346180343627929688e+01,1.876944351196289062e+01
7.912000000000000455e+01,2.730565261840820312e+01,2.275470352172851562e+01,1.856238746643066406e+01,2.816386795043945312e+01,2.346989059448242188e+01,1.877591323852539062e+01
7.915999999999999659e+01,2.731697082519531250e+01,2.276412773132324219e+01,1.856936454772949219e+01,2.817355155944824219e+01,2.347796058654785156e+01,1.878236770629882812e+01
7.920000000000000284e+01,2.732826805114746094e+01,2.277353477478027344e+01,1.857632637023925781e+01,2.818321228027343750e+01,2.348601150512695312e+01,1.878880882263183594e+01
7.923999999999999488e+01,2.733954429626464844e+01,2.278292465209960938e+01,1.858327484130859375e+01,2.819285011291503906e+01,2.349404335021972656e+01,1.879523468017578125e+01
7.928000000000000114e+01,2.735080146789550781e+01,2.279229927062988281e+01,1.859020805358886719e+01,2.820246696472167969e+01,2.350205612182617188e+01,1.880164527893066406e+01
7.932000000000000739e+01,2.736203765869140625e+01,2.280165672302246094e+01,1.859712791442871094e+01,2.821206092834472656e+01,2.351004981994628906e+01,1.880804061889648438e+01
7.935999999999999943e+01,2.737325477600097656e+01,2.281099700927734375e+01,1.860403251647949219e+01,2.822163200378417969e+01,2.351802635192871094e+01,1.881442070007324219e+01
7.940000000000000568e+01,2.738445091247558594e+01,2.282032012939453125e+01,1.861092376708984375e+01,2.823118019104003906e+01,2.352598381042480469e+01,1.882078742980957031e+01
7.943999999999999773e+01,2.739562606811523438e+01,2.282962608337402344e+01,1.861779975891113281e+01,2.824070549011230469e+01,2.353392219543457031e+01,1.882713890075683594e+01
7.948000000000000398e+01,2.740678215026855469e+01,2.283891487121582031e+01,1.862466239929199219e+01,2.825020980834960938e+01,2.354184150695800781e+01,1.883347511291503906e+01
7.951999999999999602e+01,2.741791725158691406e+01,2.284818649291992188e+01,1.863150978088378906e+01,2.825969123840332031e+01,2.354974174499511719e+01,1.883979606628417969e+01
7.956000000000000227e+01,2.742903137207031250e+01,2.285744094848632812e+01,1.863834190368652344e+01,2.826914978027343750e+01,2.355762481689453125e+01,1.884610176086425781e+01
7.960000000000000853e+01,2.744012451171875000e+01,2.286667823791503906e+01,1.864516067504882812e+01,2.827858543395996094e+01,2.356548881530761719e+01,1.885239219665527344e+01
7.964000000000000057e+01,2.745119857788085938e+01,2.287589836120605469e+01,1.865196418762207031e+01,2.828799819946289062e+01,2.357333374023437500e+01,1.885866737365722656e+01
7.968000000000000682e+01,2.746225166320800781e+01,2.288510322570800781e+01,1.865875434875488281e+01,2.829738807678222656e+01,2.358115959167480469e+01,1.886492729187011719e+01
7.971999999999999886e+01,2.747328376770019531e+01,2.289429092407226562e+01,1.866552925109863281e+01,2.830675697326660156e+01,2.358896636962890625e+01,1.887117195129394531e+01
7.976000000000000512e+01,2.748429489135742188e+01,2.290346145629882812e+01,1.867228889465332031e+01,2.831610298156738281e+01,2.359675407409667969e+01,1.887740135192871094e+01
7.979999999999999716e+01,2.749528694152832031e+01,2.291261482238769531e+01,1.867903518676757812e+01,2.832542610168457031e+01,2.360452270507812500e+01,1.888361549377441406e+01
7.984000000000000341e+01,2.750625801086425781e+01,2.292175102233886719e+01,1.868576622009277344e+01,2.833472633361816406e+01,2.361227226257324219e+01,1.888981628417968750e+01
7.987999999999999545e+01,2.751720809936523438e+01,2.293087005615234375e+01,1.869248390197753906e+01,2.834400367736816406e+01,2.362000274658203125e+01,1.889600181579589844e+01
7.992000000000000171e+01,2.752813720703125000e+01,2.293997001647949219e+01,1.869918632507324219e+01,2.835325813293457031e+01,2.362771415710449219e+01,1.890217208862304688e+01
7.996000000000000796e+01,2.753904533386230469e+01,2.294905281066894531e+01,1.870587348937988281e+01,2.836248970031738281e+01,2.363540649414062500e+01,1.890832710266113281e+01
8.000000000000000000e+01,2.754993247985839844e+01,2.295811843872070312e+01,1.871254730224609375e+01,2.837169837951660156e+01,2.364307975769042969e+01,1.891446685791015625e+01
8.004000000000000625e+01,2.756080055236816406e+01,2.296716690063476562e+01,1.871920585632324219e+01,2.838088417053222656e+01,2.365073394775390625e+01,1.892059135437011719e+01
8.007999999999999829e+01,2.757164764404296875e+01,2.297619819641113281e+01,1.872584915161132812e+01,2.839004707336425781e+01,2.365836906433105469e+01,1.892670059204101562e+01
8.012000000000000455e+01,2.758247375488281250e+01,2.298521232604980469e+01,1.873247718811035156e+01,2.839918708801269531e+01,2.366598510742187500e+01,1.893279457092285156e+01
8.015999999999999659e+01,2.759327888488769531e+01,2.299420928955078125e+01,1.873909187316894531e+01,2.840830421447753906e+01,2.367358207702636719e+01,1.893887138366699219e+01
8.020000000000000284e+01,2.760406303405761719e+01,2.300318908691406250e+01,1.874569129943847656e+01,2.841739845275878906e+01,2.368115997314453125e+01,1.894493293762207031e+01
8.023999999999999488e+01,2.761482620239257812e+01,2.301215171813964844e+01,1.875227546691894531e+01,2.842646980285644531e+01,2.368871879577636719e+01,1.895097923278808594e+01
8.028000000000000114e+01,2.762556838989257812e+01,2.302109718322753906e+01,1.875884628295898438e+01,2.843551826477050781e+01,2.369625854492187500e+01,1.895701026916503906e+01
8.032000000000000739e+01,2.763628959655761719e+01,2.303002548217773438e+01,1.876540184020996094e+01,2.844454193115234375e+01,2.370377922058105469e+01,1.896302604675292969e+01
8.035999999999999943e+01,2.764698982238769531e+01,2.303893470764160156e+01,1.877194213867187500e+01,2.845354270935058594e+01,2.371128082275390625e+01,1.896902656555175781e+01
8.040000000000000568e+01,2.765766906738281250e+01,2.304782676696777344e+01,1.877846717834472656e+01,2.846252059936523438e+01,2.371876335144042969e+01,1.897501182556152344e+01
8.043999999999999773e+01,2.766832733154296875e+01,2.305670166015625000e+01,1.878497695922851562e+01,2.847147560119628906e+01,2.372622680664062500e+01,1.898098182678222656e+01
8.048000000000000398e+01,2.767896461486816406e+01,2.306555938720703125e+01,1.879147338867187500e+01,2.848040771484375000e+01,2.373367118835449219e+01,1.898693656921386719e+01
8.051999999999999602e+01,2.768958091735839844e+01,2.307439994812011719e+01,1.879795455932617188e+01,2.848931694030761719e+01,2.374109458923339844e+01,1.899287605285644531e+01
8.056000000000000227e+01,2.770017623901367188e+01,2.308322143554687500e+01,1.880442047119140625e+01,2.849820327758789062e+01,2.374849891662597656e+01,1.899880027770996094e+01
8.060000000000000853e+01,2.771075057983398438e+01,2.309202575683593750e+01,1.881087112426757812e+01,2.850706481933593750e+01,2.375588417053222656e+01,1.900470924377441406e+01
8.064000000000000057e+01,2.772130393981933594e+01,2.310081291198730469e+01,1.881730651855468750e+01,2.851590347290039062e+01,2.376325035095214844e+01,1.901060104370117188e+01
8.068000000000000682e+01,2.773183631896972656e+01,2.310958290100097656e+01,1.882372856140136719e+01,2.852471923828125000e+01,2.377059745788574219e+01,1.901647758483886719e+01
8.071999999999999886e+01,2.774234771728515625e+01,2.311833381652832031e+01,1.883013534545898438e+01,2.853351211547851562e+01,2.377792549133300781e+01,1.902233886718750000e+01
8.076000000000000512e+01,2.775283622741699219e+01,2.312706756591796875e+01,1.883652687072753906e+01,2.854228019714355469e+01,2.378523254394531250e+01,1.902818489074707031e+01
8.079999999999999716e+01,2.776330375671386719e+01,2.313578414916992188e+01,1.884290313720703125e+01,2.855102539062500000e+01,2.379252052307128906e+01,1.903401565551757812e+01
8.084000000000000341e+01,2.777375030517578125e+01,2.314448356628417969e+01,1.884926414489746094e+01,2.855974769592285156e+01,2.379978942871093750e+01,1.903983116149902344e+01
8.087999999999999545e+01,2.778417587280273438e+01,2.315316390991210938e+01,1.885560989379882812e+01,2.856844711303710938e+01,2.380703926086425781e+01,1.904562950134277344e+01
8.092000000000000171e+01,2.779458045959472656e+01,2.316182708740234375e+01,1.886194038391113281e+01,2.857712173461914062e+01,2.381426811218261719e+01,1.905141258239746094e+01
8.096000000000000796e+01,2.780496406555175781e+01,2.317047309875488281e+01,1.886825752258300781e+01,2.858577346801757812e+01,2.382147789001464844e+01,1.905718040466308594e+01
8.100000000000000000e+01,2.781532478332519531e+01,2.317910003662109375e+01,1.887455940246582031e+01,2.859440231323242188e+01,2.382866859436035156e+01,1.906293296813964844e+01
8.104000000000000625e+01,2.782566452026367188e+01,2.318770980834960938e+01,1.888084602355957031e+01,2.860300636291503906e+01,2.383583831787109375e+01,1.906867027282714844e+01
8.107999999999999829e+01,2.783598327636718750e+01,2.319630050659179688e+01,1.888711738586425781e+01,2.861158752441406250e+01,2.384298896789550781e+01,1.907439041137695312e+01
8.112000000000000455e+01,2.784628105163574219e+01,2.320487403869628906e+01,1.889337348937988281e+01,2.862014579772949219e+01,2.385012054443359375e+01,1.908009529113769531e+01
8.115999999999999659e+01,2.785655593872070312e+01,2.321343040466308594e+01,1.889961433410644531e+01,2.862867927551269531e+01,2.385723114013671875e+01,1.908578491210937500e+01
8.120000000000000284e+01,2.786680984497070312e+01,2.322196769714355469e+01,1.890583992004394531e+01,2.863718986511230469e+01,2.386432266235351562e+01,1.909145927429199219e+01
8.123999999999999488e+01,2.787704277038574219e+01,2.323048782348632812e+01,1.891205024719238281e+01,2.864567565917968750e+01,2.387139511108398438e+01,1.909711647033691406e+01
8.128000000000000114e+01,2.788725280761718750e+01,2.323898887634277344e+01,1.891824531555175781e+01,2.865413856506347656e+01,2.387844657897949219e+01,1.910275840759277344e+01
8.132000000000000739e+01,2.789744186401367188e+01,2.324747276306152344e+01,1.892442512512207031e+01,2.866257667541503906e+01,2.388547897338867188e+01,1.910838508605957031e+01
8.135999999999999943e+01,2.790760993957519531e+01,2.325593948364257812e+01,1.893058967590332031e+01,2.867099189758300781e+01,2.389249229431152344e+01,1.911399459838867188e+01
8.140000000000000568e+01,2.791775512695312500e+01,2.326438713073730469e+01,1.893673896789550781e+01,2.867938232421875000e+01,2.389948463439941406e+01,1.911958885192871094e+01
8.143999999999999773e+01,2.792787933349609375e+01,2.327281761169433594e+01,1.894287300109863281e+01,2.868774986267089844e+01,2.390645790100097656e+01,1.912516784667968750e+01
8.148000000000000398e+01,2.793798255920410156e+01,2.328122901916503906e+01,1.894899177551269531e+01,2.869609260559082031e+01,2.391341018676757812e+01,1.913072967529296875e+01
8.151999999999999602e+01,2.794806289672851562e+01,2.328962326049804688e+01,1.895509529113769531e+01,2.870441246032714844e+01,2.392034339904785156e+01,1.913627624511718750e+01
8.156000000000000227e+01,2.795812225341796875e+01,2.329799842834472656e+01,1.896118354797363281e+01,2.871270751953125000e+01,2.392725753784179688e+01,1.914180755615234375e+01
8.160000000000000853e+01,2.796815872192382812e+01,2.330635643005371094e+01,1.896725654602050781e+01,2.872097969055175781e+01,2.393415069580078125e+01,1.914732170104980469e+01
8.164000000000000057e+01,2.797817420959472656e+01,2.331469535827636719e+01,1.897331428527832031e+01,2.872922706604003906e+01,2.394102478027343750e+01,1.915282058715820312e+01
8.168000000000000682e+01,2.798816871643066406e+01,2.332301712036132812e+01,1.897935676574707031e+01,2.873745155334472656e+01,2.394787788391113281e+01,1.915830230712890625e+01
8.171999999999999886e+01,2.799814033508300781e+01,2.333131980895996094e+01,1.898538398742675781e+01,2.874565124511718750e+01,2.395471191406250000e+01,1.916376876831054688e+01
8.176000000000000512e+01,2.800809097290039062e+01,2.333960342407226562e+01,1.899139595031738281e+01,2.875382804870605469e+01,2.396152496337890625e+01,1.916921997070312500e+01
8.179999999999999716e+01,2.801801872253417969e+01,2.334786987304687500e+01,1.899739074707031250e+01,2.876198005676269531e+01,2.396831893920898438e+01,1.917465400695800781e+01
8.184000000000000341e+01,2.802792549133300781e+01,2.335611724853515625e+01,1.900337028503417969e+01,2.877010726928710938e+01,2.397509193420410156e+01,1.918007278442382812e+01
8.187999999999999545e+01,2.803780937194824219e+01,2.336434745788574219e+01,1.900933456420898438e+01,2.877821159362792969e+01,2.398184585571289062e+01,1.918547439575195312e+01
8.192000000000000171e+01,2.804767227172851562e+01,2.337255859375000000e+01,1.901528358459472656e+01,2.878629112243652344e+01,2.398857879638671875e+01,1.919086074829101562e+01
8.196000000000000796e+01,2.805751228332519531e+01,2.338075065612792969e+01,1.902121734619140625e+01,2.879434585571289062e+01,2.399529075622558594e+01,1.919623184204101562e+01
8.200000000000000000e+01,2.806732940673828125e+01,2.338892555236816406e+01,1.902713584899902344e+01,2.880237770080566406e+01,2.400198364257812500e+01,1.920158576965332031e+01
8.204000000000000625e+01,2.807712554931640625e+01,2.339708137512207031e+01,1.903303909301757812e+01,2.881038475036621094e+01,2.400865554809570312e+01,1.920692443847656250e+01
8.207999999999999829e+01,2.808689880371093750e+01,2.340521812438964844e+01,1.903892707824707031e+01,2.881836700439453125e+01,2.401530838012695312e+01,1.921224594116210938e+01
8.212000000000000455e+01,2.809665107727050781e+01,2.341333770751953125e+01,1.904479789733886719e+01,2.882632637023925781e+01,2.402194023132324219e+01,1.921755218505859375e+01
8.215999999999999659e+01,2.810638046264648438e+01,2.342143821716308594e+01,1.905065345764160156e+01,2.883426094055175781e+01,2.402855110168457031e+01,1.922284126281738281e+01
8.220000000000000284e+01,2.811608695983886719e+01,2.342951965332031250e+01,1.905649375915527344e+01,2.884217071533203125e+01,2.403514289855957031e+01,1.922811508178710938e+01
8.223999999999999488e+01,2.812577247619628906e+01,2.343758392333984375e+01,1.906231880187988281e+01,2.885005569458007812e+01,2.404171371459960938e+01,1.923337173461914062e+01
8.228000000000000114e+01,2.813543510437011719e+01,2.344562911987304688e+01,1.906812858581542969e+01,2.885791587829589844e+01,2.404826354980468750e+01,1.923861312866210938e+01
8.232000000000000739e+01,2.814507484436035156e+01,2.345365524291992188e+01,1.907392120361328125e+01,2.886575317382812500e+01,2.405479431152343750e+01,1.924383735656738281e+01
8.235999999999999943e+01,2.815469360351562500e+01,2.346166229248046875e+01,1.907969856262207031e+01,2.887356567382812500e+01,2.406130409240722656e+01,1.924904441833496094e+01
8.240000000000000568e+01,2.816428947448730469e+01,2.346965217590332031e+01,1.908546066284179688e+01,2.888135337829589844e+01,2.406779289245605469e+01,1.925423622131347656e+01
8.243999999999999773e+01,2.817386245727539062e+01,2.347762298583984375e+01,1.909120750427246094e+01,2.888911628723144531e+01,2.407426261901855469e+01,1.925941085815429688e+01
8.248000000000000398e+01,2.818341445922851562e+01,2.348557472229003906e+01,1.909693717956542969e+01,2.889685440063476562e+01,2.408071136474609375e+01,1.926457023620605469e+01
8.251999999999999602e+01,2.819294357299804688e+01,2.349350738525390625e+01,1.910265159606933594e+01,2.890456771850585938e+01,2.408713912963867188e+01,1.926971244812011719e+01
8.256000000000000227e+01,2.820244979858398438e+01,2.350142097473144531e+01,1.910835075378417969e+01,2.891225624084472656e+01,2.409354782104492188e+01,1.927483940124511719e+01
8.260000000000000853e+01,2.821193313598632812e+01,2.350931739807128906e+01,1.911403274536132812e+01,2.891992187500000000e+01,2.409993553161621094e+01,1.927994918823242188e+01
8.264000000000000057e+01,2.822139549255371094e+01,2.351719474792480469e+01,1.911969947814941406e+01,2.892756271362304688e+01,2.410630226135253906e+01,1.928504180908203125e+01
8.268000000000000682e+01,2.823083496093750000e+01,2.352505302429199219e+01,1.912535095214843750e+01,2.893517875671386719e+01,2.411264801025390625e+01,1.929011917114257812e+01
8.271999999999999886e+01,2.824025154113769531e+01,2.353289222717285156e+01,1.913098716735839844e+01,2.894277000427246094e+01,2.411897277832031250e+01,1.929517936706542969e+01
8.276000000000000512e+01,2.824964523315429688e+01,2.354071235656738281e+01,1.913660621643066406e+01,2.895033645629882812e+01,2.412527847290039062e+01,1.930022239685058594e+01
8.279999999999999716e+01,2.825901603698730469e+01,2.354851341247558594e+01,1.914221000671386719e+01,2.895787811279296875e+01,2.413156318664550781e+01,1.930525016784667969e+01
8.284000000000000341e+01,2.826836395263671875e+01,2.355629730224609375e+01,1.914779853820800781e+01,2.896539497375488281e+01,2.413782691955566406e+01,1.931026077270507812e+01
8.287999999999999545e+01,2.827769088745117188e+01,2.356406211853027344e+01,1.915336990356445312e+01,2.897288703918457031e+01,2.414406967163085938e+01,1.931525611877441406e+01
8.292000000000000171e+01,2.828699493408203125e+01,2.357180786132812500e+01,1.915892601013183594e+01,2.898035430908203125e+01,2.415029144287109375e+01,1.932023429870605469e+01
8.296000000000000796e+01,2.829627609252929688e+01,2.357953453063964844e+01,1.916446495056152344e+01,2.898779678344726562e+01,2.415649223327636719e+01,1.932519531250000000e+01
8.300000000000000000e+01,2.830553436279296875e+01,2.358724212646484375e+01,1.916998863220214844e+01,2.899521446228027344e+01,2.416267395019531250e+01,1.933013916015625000e+01
8.304000000000000625e+01,2.831476974487304688e+01,2.359493064880371094e+01,1.917549705505371094e+01,2.900260543823242188e+01,2.416883468627929688e+01,1.933506774902343750e+01
8.307999999999999829e+01,2.832398223876953125e+01,2.360260009765625000e+01,1.918098831176757812e+01,2.900997161865234375e+01,2.417497444152832031e+01,1.933997917175292969e+01
8.312000000000000455e+01,2.833317184448242188e+01,2.361025047302246094e+01,1.918646430969238281e+01,2.901731300354003906e+01,2.418109321594238281e+01,1.934487342834472656e+01
8.315999999999999659e+01,2.834233856201171875e+01,2.361788177490234375e+01,1.919192314147949219e+01,2.902462959289550781e+01,2.418719100952148438e+01,1.934975242614746094e+01
8.320000000000000284e+01,2.835148239135742188e+01,2.362549400329589844e+01,1.919736671447753906e+01,2.903192138671875000e+01,2.419326782226562500e+01,1.935461425781250000e+01
8.323999999999999488e+01,2.836060333251953125e+01,2.363308715820312500e+01,1.920279502868652344e+01,2.903918838500976562e+01,2.419932365417480469e+01,1.935945892333984375e+01
8.328000000000000114e+01,2.836970138549804688e+01,2.364066123962402344e+01,1.920820617675781250e+01,2.904643058776855469e+01,2.420535850524902344e+01,1.936428642272949219e+01
8.332000000000000739e+01,2.837877655029296875e+01,2.364821624755859375e+01,1.921360206604003906e+01,2.905364799499511719e+01,2.421137237548828125e+01,1.936909866333007812e+01
8.335999999999999943e+01,2.838782882690429688e+01,2.365575218200683594e+01,1.921898078918457031e+01,2.906084060668945312e+01,2.421736526489257812e+01,1.937389373779296875e+01
8.340000000000000568e+01,2.839685821533203125e+01,2.366326904296875000e+01,1.922434425354003906e+01,2.906800651550292969e+01,2.422333717346191406e+01,1.937867164611816406e+01
8.343999999999999773e+01,2.840586471557617188e+01,2.367076683044433594e+01,1.922969055175781250e+01,2.907514762878417969e+01,2.422928810119628906e+01,1.938343238830566406e+01
8.348000000000000398e+01,2.841484832763671875e+01,2.367824554443359375e+01,1.923502159118652344e+01,2.908226394653320312e+01,2.423521804809570312e+01,1.938817596435546875e+01
8.351999999999999602e+01,2.842380905151367188e+01,2.368570518493652344e+01,1.924033546447753906e+01,2.908935546875000000e+01,2.424112701416015625e+01,1.939290428161621094e+01
8.356000000000000227e+01,2.843274688720703125e+01,2.369314575195312500e+01,1.924563407897949219e+01,2.909642219543457031e+01,2.424701499938964844e+01,1.939761543273925781e+01
8.360000000000000853e+01,2.844165992736816406e+01,2.370056533813476562e+01,1.925091552734375000e+01,2.910346221923828125e+01,2.425288200378417969e+01,1.940230941772460938e+01
8.364000000000000057e+01,2.845055007934570312e+01,2.370796585083007812e+01,1.925618171691894531e+01,2.911047744750976562e+01,2.425872802734375000e+01,1.940698623657226562e+01
8.368000000000000682e+01,2.845941734313964844e+01,2.371534729003906250e+01,1.926143074035644531e+01,2.911746788024902344e+01,2.426455307006835938e+01,1.941164588928222656e+01
8.371999999999999886e+01,2.846826171875000000e+01,2.372270965576171875e+01,1.926666450500488281e+01,2.912443161010742188e+01,2.427035713195800781e+01,1.941628837585449219e+01
8.376000000000000512e+01,2.847708320617675781e+01,2.373005294799804688e+01,1.927188110351562500e+01,2.913137054443359375e+01,2.427614021301269531e+01,1.942091369628906250e+01
8.379999999999999716e+01,2.848588180541992188e+01,2.373737716674804688e+01,1.927708053588867188e+01,2.913828468322753906e+01,2.428190231323242188e+01,1.942552375793457031e+01
8.384000000000000341e+01,2.849465560913085938e+01,2.374468231201171875e+01,1.928226470947265625e+01,2.914517402648925781e+01,2.428764343261718750e+01,1.943011665344238281e+01
8.387999999999999545e+01,2.850340652465820312e+01,2.375196647644042969e+01,1.928743171691894531e+01,2.915203666687011719e+01,2.429336357116699219e+01,1.943469238281250000e+01
8.392000000000000171e+01,2.851213455200195312e+01,2.375923156738281250e+01,1.929258346557617188e+01,2.915887451171875000e+01,2.429906082153320312e+01,1.943925094604492188e+01
8.396000000000000796e+01,2.852083969116210938e+01,2.376647758483886719e+01,1.929771804809570312e+01,2.916568565368652344e+01,2.430473709106445312e+01,1.944379234313964844e+01
8.400000000000000000e+01,2.852952003479003906e+01,2.377370452880859375e+01,1.930283546447753906e+01,2.917247200012207031e+01,2.431039237976074219e+01,1.944831657409667969e+01
8.404000000000000625e+01,2.853817749023437500e+01,2.378091049194335938e+01,1.930793762207031250e+01,2.917923355102539062e+01,2.431602668762207031e+01,1.945282363891601562e+01
8.407999999999999829e+01,2.854681205749511719e+01,2.378809738159179688e+01,1.931302261352539062e+01,2.918596839904785156e+01,2.432164001464843750e+01,1.945731353759765625e+01
8.412000000000000455e+01,2.855542182922363281e+01,2.379526519775390625e+01,1.931809043884277344e+01,2.919267845153808594e+01,2.432723236083984375e+01,1.946178627014160156e+01
8.415999999999999659e+01,2.856400871276855469e+01,2.380241394042968750e+01,1.932314300537109375e+01,2.919936180114746094e+01,2.433280181884765625e+01,1.946624183654785156e+01
8.420000000000000284e+01,2.857257270812988281e+01,2.380954170227050781e+01,1.932817840576171875e+01,2.920602035522460938e+01,2.433835029602050781e+01,1.947068023681640625e+01
8.423999999999999488e+01,2.858111190795898438e+01,2.381665039062500000e+01,1.933319664001464844e+01,2.921265220642089844e+01,2.434387779235839844e+01,1.947510147094726562e+01
8.428000000000000114e+01,2.858962821960449219e+01,2.382374000549316406e+01,1.933819961547851562e+01,2.921925926208496094e+01,2.434938430786132812e+01,1.947950553894042969e+01
8.432000000000000739e+01,2.859812164306640625e+01,2.383080863952636719e+01,1.934318542480468750e+01,2.922583961486816406e+01,2.435486793518066406e+01,1.948389244079589844e+01
8.435999999999999943e+01,2.860659027099609375e+01,2.383785820007324219e+01,1.934815406799316406e+01,2.923239517211914062e+01,2.436033058166503906e+01,1.948826217651367188e+01
8.440000000000000568e+01,2.861503601074218750e+01,2.384488868713378906e+01,1.935310745239257812e+01,2.923892402648925781e+01,2.436577224731445312e+01,1.949261474609375000e+01
8.443999999999999773e+01,2.862345695495605469e+01,2.385189819335937500e+01,1.935804367065429688e+01,2.924542808532714844e+01,2.437119102478027344e+01,1.949695014953613281e+01
8.448000000000000398e+01,2.863185501098632812e+01,2.385888862609863281e+01,1.936296272277832031e+01,2.925190544128417969e+01,2.437658882141113281e+01,1.950126838684082031e+01
8.451999999999999602e+01,2.864023017883300781e+01,2.386585998535156250e+01,1.936786460876464844e+01,2.925835800170898438e+01,2.438196563720703125e+01,1.950556945800781250e+01
8.456000000000000227e+01,2.864858055114746094e+01,2.387281036376953125e+01,1.937275123596191406e+01,2.926478385925292969e+01,2.438731956481933594e+01,1.950985336303710938e+01
8.460000000000000853e+01,2.865690803527832031e+01,2.387974166870117188e+01,1.937762069702148438e+01,2.927118301391601562e+01,2.439265251159667969e+01,1.951412010192871094e+01
8.464000000000000057e+01,2.866521072387695312e+01,2.388665199279785156e+01,1.938247299194335938e+01,2.927755737304687500e+01,2.439796447753906250e+01,1.951836967468261719e+01
8.468000000000000682e+01,2.867349052429199219e+01,2.389354324340820312e+01,1.938730812072753906e+01,2.928390502929687500e+01,2.440325355529785156e+01,1.952260208129882812e+01
8.471999999999999886e+01,2.868174552917480469e+01,2.390041542053222656e+01,1.939212799072265625e+01,2.929022598266601562e+01,2.440852165222167969e+01,1.952681732177734375e+01
8.476000000000000512e+01,2.868997764587402344e+01,2.390726661682128906e+01,1.939693069458007812e+01,2.929652214050292969e+01,2.441376876831054688e+01,1.953101539611816406e+01
8.479999999999999716e+01,2.869818496704101562e+01,2.391409873962402344e+01,1.940171623229980469e+01,2.930279159545898438e+01,2.441899299621582031e+01,1.953519439697265625e+01
8.484000000000000341e+01,2.870636940002441406e+01,2.392090988159179688e+01,1.940648460388183594e+01,2.930903434753417969e+01,2.442419624328613281e+01,1.953935623168945312e+01
8.487999999999999545e+01,2.871452903747558594e+01,2.392770195007324219e+01,1.941123580932617188e+01,2.931525230407714844e+01,2.442937660217285156e+01,1.954350090026855469e+01
8.492000000000000171e+01,2.872266387939453125e+01,2.393447303771972656e+01,1.941597175598144531e+01,2.932144355773925781e+01,2.443453598022460938e+01,1.954762840270996094e+01
8.496000000000000796e+01,2.873077583312988281e+01,2.394122505187988281e+01,1.942069053649902344e+01,2.932760810852050781e+01,2.443967437744140625e+01,1.955173873901367188e+01
8.500000000000000000e+01,2.873886299133300781e+01,2.394795608520507812e+01,1.942539215087890625e+01,2.933374786376953125e+01,2.444478988647460938e+01,1.955583190917968750e+01
8.504000000000000625e+01,2.874692726135253906e+01,2.395466804504394531e+01,1.943007659912109375e+01,2.933986091613769531e+01,2.444988441467285156e+01,1.955990791320800781e+01
8.507999999999999829e+01,2.875496673583984375e+01,2.396135902404785156e+01,1.943474388122558594e+01,2.934594726562500000e+01,2.445495605468750000e+01,1.956396484375000000e+01
8.512000000000000455e+01,2.876298141479492188e+01,2.396803092956542969e+01,1.943939399719238281e+01,2.935200691223144531e+01,2.446000671386718750e+01,1.956800460815429688e+01
8.515999999999999659e+01,2.877097320556640625e+01,2.397468185424804688e+01,1.944402694702148438e+01,2.935803985595703125e+01,2.446503448486328125e+01,1.957202720642089844e+01
8.520000000000000284e+01,2.877894020080566406e+01,2.398131179809570312e+01,1.944864273071289062e+01,2.936404800415039062e+01,2.447004127502441406e+01,1.957603263854980469e+01
8.523999999999999488e+01,2.878688240051269531e+01,2.398792266845703125e+01,1.945324134826660156e+01,2.937002944946289062e+01,2.447502517700195312e+01,1.958002090454101562e+01
8.528000000000000114e+01,2.879479980468750000e+01,2.399451255798339844e+01,1.945782470703125000e+01,2.937598419189453125e+01,2.447998809814453125e+01,1.958399009704589844e+01
8.532000000000000739e+01,2.880269432067871094e+01,2.400108337402343750e+01,1.946239089965820312e+01,2.938191223144531250e+01,2.448492813110351562e+01,1.958794212341308594e+01
8.535999999999999943e+01,2.881056404113769531e+01,2.400763320922851562e+01,1.946693992614746094e+01,2.938781356811523438e+01,2.448984527587890625e+01,1.959187698364257812e+01
8.540000000000000568e+01,2.881840896606445312e+01,2.401416206359863281e+01,1.947147178649902344e+01,2.939368820190429688e+01,2.449474143981933594e+01,1.959579277038574219e+01
8.543999999999999773e+01,2.882622909545898438e+01,2.402067184448242188e+01,1.947598648071289062e+01,2.939953613281250000e+01,2.449961471557617188e+01,1.959969139099121094e+01
8.548000000000000398e+01,2.883402633666992188e+01,2.402716064453125000e+01,1.948048400878906250e+01,2.940535736083984375e+01,2.450446701049804688e+01,1.960357284545898438e+01
8.551999999999999602e+01,2.884179878234863281e+01,2.403362846374511719e+01,1.948496437072753906e+01,2.941115379333496094e+01,2.450929641723632812e+01,1.960743713378906250e+01
8.556000000000000227e+01,2.884954643249511719e+01,2.404007720947265625e+01,1.948942756652832031e+01,2.941692352294921875e+01,2.451410293579101562e+01,1.961128234863281250e+01
8.560000000000000853e+01,2.885726928710937500e+01,2.404650497436523438e+01,1.949387359619140625e+01,2.942266654968261719e+01,2.451888847351074219e+01,1.961511039733886719e+01
8.564000000000000057e+01,2.886496734619140625e+01,2.405291175842285156e+01,1.949830245971679688e+01,2.942838287353515625e+01,2.452365112304687500e+01,1.961892127990722656e+01
8.568000000000000682e+01,2.887264060974121094e+01,2.405929946899414062e+01,1.950271415710449219e+01,2.943407249450683594e+01,2.452839279174804688e+01,1.962271308898925781e+01
8.571999999999999886e+01,2.888029098510742188e+01,2.406566619873046875e+01,1.950710868835449219e+01,2.943973541259765625e+01,2.453311157226562500e+01,1.962648773193359375e+01
8.576000000000000512e+01,2.888791656494140625e+01,2.407201194763183594e+01,1.951148605346679688e+01,2.944537162780761719e+01,2.453780746459960938e+01,1.963024520874023438e+01
8.579999999999999716e+01,2.889551734924316406e+01,2.407833671569824219e+01,1.951584625244140625e+01,2.945098114013671875e+01,2.454248046875000000e+01,1.963398361206054688e+01
8.584000000000000341e+01,2.890309333801269531e+01,2.408464241027832031e+01,1.952018928527832031e+01,2.945656204223632812e+01,2.454713249206542969e+01,1.963770484924316406e+01
8.587999999999999545e+01,2.891064453125000000e+01,2.409092712402343750e+01,1.952451324462890625e+01,2.946211624145507812e+01,2.455176162719726562e+01,1.964140892028808594e+01
8.592000000000000171e+01,2.891817092895507812e+01,2.409719085693359375e+01,1.952882003784179688e+01,2.946764373779296875e+01,2.455636787414550781e+01,1.964509391784667969e+01
8.596000000000000796e+01,2.892567253112792969e+01,2.410343360900878906e+01,1.953310966491699219e+01,2.947314453125000000e+01,2.456095314025878906e+01,1.964876174926757812e+01
8.600000000000000000e+01,2.893314933776855469e+01,2.410965538024902344e+01,1.953738212585449219e+01,2.947861862182617188e+01,2.456551551818847656e+01,1.965241241455078125e+01
8.604000000000000625e+01,2.894060134887695312e+01,2.411585807800292969e+01,1.954163742065429688e+01,2.948406600952148438e+01,2.457005500793457031e+01,1.965604400634765625e+01
8.607999999999999829e+01,2.894802856445312500e+01,2.412203979492187500e+01,1.954587554931640625e+01,2.948948669433593750e+01,2.457457160949707031e+01,1.965965843200683594e+01
8.612000000000000455e+01,2.895543098449707031e+01,2.412820053100585938e+01,1.955009651184082031e+01,2.949488067626953125e+01,2.457906723022460938e+01,1.966325378417968750e+01
8.615999999999999659e+01,2.896280860900878906e+01,2.413434028625488281e+01,1.955430030822753906e+01,2.950024795532226562e+01,2.458353996276855469e+01,1.966683197021484375e+01
8.620000000000000284e+01,2.897016143798828125e+01,2.414045906066894531e+01,1.955848693847656250e+01,2.950558662414550781e+01,2.458798980712890625e+01,1.967039108276367188e+01
8.623999999999999488e+01,2.897748947143554688e+01,2.414655685424804688e+01,1.956265449523925781e+01,2.951089859008789062e+01,2.459241676330566406e+01,1.967393302917480469e+01
8.628000000000000114e+01,2.898479270935058594e+01,2.415263366699218750e+01,1.956680488586425781e+01,2.951618385314941406e+01,2.459682083129882812e+01,1.967745590209960938e+01
8.632000000000000739e+01,2.899207115173339844e+01,2.415869140625000000e+01,1.957093811035156250e+01,2.952144241333007812e+01,2.460120201110839844e+01,1.968096160888671875e+01
8.635999999999999943e+01,2.899932479858398438e+01,2.416472816467285156e+01,1.957505416870117188e+01,2.952667427062988281e+01,2.460556221008300781e+01,1.968444824218750000e+01
8.640000000000000568e+01,2.900655364990234375e+01,2.417074394226074219e+01,1.957915306091308594e+01,2.953187751770019531e+01,2.460989952087402344e+01,1.968791770935058594e+01
8.643999999999999773e+01,2.901375770568847656e+01,2.417673873901367188e+01,1.958323287963867188e+01,2.953705406188964844e+01,2.461421394348144531e+01,1.969136810302734375e+01
8.648000000000000398e+01,2.902093505859375000e+01,2.418271255493164062e+01,1.958729553222656250e+01,2.954220390319824219e+01,2.461850547790527344e+01,1.969480133056640625e+01
8.651999999999999602e+01,2.902808761596679688e+01,2.418866539001464844e+01,1.959134101867675781e+01,2.954732704162597656e+01,2.462277412414550781e+01,1.969821548461914062e+01
8.656000000000000227e+01,2.903521537780761719e+01,2.419459724426269531e+01,1.959536933898925781e+01,2.955242156982421875e+01,2.462701988220214844e+01,1.970161247253417969e+01
8.660000000000000853e+01,2.904231834411621094e+01,2.420050811767578125e+01,1.959938049316406250e+01,2.955748939514160156e+01,2.463124275207519531e+01,1.970499038696289062e+01
8.664000000000000057e+01,2.904939651489257812e+01,2.420639801025390625e+01,1.960337257385253906e+01,2.956253051757812500e+01,2.463544273376464844e+01,1.970835113525390625e+01
8.668000000000000682e+01,2.905644989013671875e+01,2.421226692199707031e+01,1.960734748840332031e+01,2.956754302978515625e+01,2.463961982727050781e+01,1.971169281005859375e+01
8.671999999999999886e+01,2.906347656250000000e+01,2.421811485290527344e+01,1.961130523681640625e+01,2.957252883911132812e+01,2.464377403259277344e+01,1.971501731872558594e+01
8.676000000000000512e+01,2.907047843933105469e+01,2.422394180297851562e+01,1.961524581909179688e+01,2.957748794555664062e+01,2.464790534973144531e+01,1.971832275390625000e+01
8.679999999999999716e+01,2.907745552062988281e+01,2.422974777221679688e+01,1.961916732788085938e+01,2.958241844177246094e+01,2.465201377868652344e+01,1.972161102294921875e+01
8.684000000000000341e+01,2.908440780639648438e+01,2.423553276062011719e+01,1.962307167053222656e+01,2.958732223510742188e+01,2.465609931945800781e+01,1.972488021850585938e+01
8.687999999999999545e+01,2.909133338928222656e+01,2.424129676818847656e+01,1.962695884704589844e+01,2.959219741821289062e+01,2.466016197204589844e+01,1.972813034057617188e+01
8.692000000000000171e+01,2.909823417663574219e+01,2.424703979492187500e+01,1.963082695007324219e+01,2.959704589843750000e+01,2.466420173645019531e+01,1.973136329650878906e+01
8.696000000000000796e+01,2.910511016845703125e+01,2.425275993347167969e+01,1.963467788696289062e+01,2.960186767578125000e+01,2.466821861267089844e+01,1.973457717895507812e+01
8.700000000000000000e+01,2.911195945739746094e+01,2.425845909118652344e+01,1.963851165771484375e+01,2.960666084289550781e+01,2.467221260070800781e+01,1.973777389526367188e+01
8.704000000000000625e+01,2.911878395080566406e+01,2.426413726806640625e+01,1.964232635498046875e+01,2.961142730712890625e+01,2.467618370056152344e+01,1.974095153808593750e+01
8.707999999999999829e+01,2.912558364868164062e+01,2.426979446411132812e+01,1.964612388610839844e+01,2.961616516113281250e+01,2.468013191223144531e+01,1.974411010742187500e+01
8.712000000000000455e+01,2.913235664367675781e+01,2.427543067932128906e+01,1.964990425109863281e+01,2.962087631225585938e+01,2.468405723571777344e+01,1.974725151062011719e+01
8.715999999999999659e+01,2.913910484313964844e+01,2.428104591369628906e+01,1.965366554260253906e+01,2.962555885314941406e+01,2.468795967102050781e+01,1.975037384033203125e+01
8.720000000000000284e+01,2.914582824707031250e+01,2.428664016723632812e+01,1.965740966796875000e+01,2.963021469116210938e+01,2.469183921813964844e+01,1.975347709655761719e+01
8.723999999999999488e+01,2.915252494812011719e+01,2.429221153259277344e+01,1.966113662719726562e+01,2.963484191894531250e+01,2.469569587707519531e+01,1.975656127929687500e+01
8.728000000000000114e+01,2.915919685363769531e+01,2.429776191711425781e+01,1.966484451293945312e+01,2.963944244384765625e+01,2.469952964782714844e+01,1.975962829589843750e+01
8.732000000000000739e+01,2.916584205627441406e+01,2.430329132080078125e+01,1.966853523254394531e+01,2.964401435852050781e+01,2.470334053039550781e+01,1.976267623901367188e+01
8.735999999999999943e+01,2.917246246337890625e+01,2.430879974365234375e+01,1.967220687866210938e+01,2.964855766296386719e+01,2.470712852478027344e+01,1.976570510864257812e+01
8.740000000000000568e+01,2.917905616760253906e+01,2.431428718566894531e+01,1.967586135864257812e+01,2.965307426452636719e+01,2.471089172363281250e+01,1.976871681213378906e+01
8.743999999999999773e+01,2.918562507629394531e+01,2.431975173950195312e+01,1.967949676513671875e+01,2.965756225585937500e+01,2.471463203430175781e+01,1.977170944213867188e+01
8.748000000000000398e+01,2.919216728210449219e+01,2.432519531250000000e+01,1.968311500549316406e+01,2.966202354431152344e+01,2.471834945678710938e+01,1.977468299865722656e+01
8.751999999999999602e+01,2.919868469238281250e+01,2.433061790466308594e+01,1.968671417236328125e+01,2.966645622253417969e+01,2.472204399108886719e+01,1.977763748168945312e+01
8.756000000000000227e+01,2.920517539978027344e+01,2.433601951599121094e+01,1.969029617309570312e+01,2.967086029052734375e+01,2.472571563720703125e+01,1.978057289123535156e+01
8.760000000000000853e+01,2.921164131164550781e+01,2.434139823913574219e+01,1.969386100769042969e+01,2.967523765563964844e+01,2.472936248779296875e+01,1.978349113464355469e+01
8.764000000000000057e+01,2.921808052062988281e+01,2.434675598144531250e+01,1.969740676879882812e+01,2.967958641052246094e+01,2.473298645019531250e+01,1.978639030456542969e+01
8.768000000000000682e+01,2.922449493408203125e+01,2.435209274291992188e+01,1.970093536376953125e+01,2.968390655517578125e+01,2.473658752441406250e+01,1.978927040100097656e+01
8.771999999999999886e+01,2.923088264465332031e+01,2.435740661621093750e+01,1.970444488525390625e+01,2.968819808959960938e+01,2.474016571044921875e+01,1.979213142395019531e+01
8.776000000000000512e+01,2.923724555969238281e+01,2.436269950866699219e+01,1.970793724060058594e+01,2.969246292114257812e+01,2.474371910095214844e+01,1.979497528076171875e+01
8.779999999999999716e+01,2.924358177185058594e+01,2.436797142028808594e+01,1.971141052246093750e+01,2.969669914245605469e+01,2.474724960327148438e+01,1.979780006408691406e+01
8.784000000000000341e+01,2.924989128112792969e+01,2.437322044372558594e+01,1.971486473083496094e+01,2.970090675354003906e+01,2.475075721740722656e+01,1.980060577392578125e+01
8.787999999999999545e+01,2.925617599487304688e+01,2.437844848632812500e+01,1.971830177307128906e+01,2.970508766174316406e+01,2.475424003601074219e+01,1.980339241027832031e+01
8.792000000000000171e+01,2.926243400573730469e+01,2.438365554809570312e+01,1.972171974182128906e+01,2.970923995971679688e+01,2.475769996643066406e+01,1.980615997314453125e+01
8.796000000000000796e+01,2.926866531372070312e+01,2.438883972167968750e+01,1.972512054443359375e+01,2.971336364746093750e+01,2.476113700866699219e+01,1.980890846252441406e+01
8.800000000000000000e+01,2.927487182617187500e+01,2.439400291442871094e+01,1.972850227355957031e+01,2.971745872497558594e+01,2.476454925537109375e+01,1.981163787841796875e+01
8.804000000000000625e+01,2.928105163574218750e+01,2.439914321899414062e+01,1.973186683654785156e+01,2.972152519226074219e+01,2.476793861389160156e+01,1.981435012817382812e+01
8.807999999999999829e+01,2.928720474243164062e+01,2.440426254272460938e+01,1.973521232604980469e+01,2.972556495666503906e+01,2.477130508422851562e+01,1.981704330444335938e+01
8.812000000000000455e+01,2.929333305358886719e+01,2.440936088562011719e+01,1.973853874206542969e+01,2.972957611083984375e+01,2.477464675903320312e+01,1.981971740722656250e+01
8.815999999999999659e+01,2.929943466186523438e+01,2.441443634033203125e+01,1.974184799194335938e+01,2.973355865478515625e+01,2.477796554565429688e+01,1.982237243652343750e+01
8.820000000000000284e+01,2.930550956726074219e+01,2.441949081420898438e+01,1.974513816833496094e+01,2.973751258850097656e+01,2.478125953674316406e+01,1.982500839233398438e+01
8.823999999999999488e+01,2.931155776977539062e+01,2.442452239990234375e+01,1.974841117858886719e+01,2.974143791198730469e+01,2.478453063964843750e+01,1.982762527465820312e+01
8.828000000000000114e+01,2.931758117675781250e+01,2.442953300476074219e+01,1.975166511535644531e+01,2.974533462524414062e+01,2.478777885437011719e+01,1.983022308349609375e+01
8.832000000000000739e+01,2.932357788085937500e+01,2.443452072143554688e+01,1.975489997863769531e+01,2.974920272827148438e+01,2.479100227355957031e+01,1.983280181884765625e+01
8.835999999999999943e+01,2.932954788208007812e+01,2.443948745727539062e+01,1.975811767578125000e+01,2.975304222106933594e+01,2.479420280456542969e+01,1.983536148071289062e+01
8.840000000000000568e+01,2.933549118041992188e+01,2.444443130493164062e+01,1.976131629943847656e+01,2.975685310363769531e+01,2.479737854003906250e+01,1.983790206909179688e+01
8.843999999999999773e+01,2.934140777587890625e+01,2.444935417175292969e+01,1.976449584960937500e+01,2.976063537597656250e+01,2.480053138732910156e+01,1.984042358398437500e+01
8.848000000000000398e+01,2.934729957580566406e+01,2.445425415039062500e+01,1.976765823364257812e+01,2.976438903808593750e+01,2.480365943908691406e+01,1.984292602539062500e+01
8.851999999999999602e+01,2.935316467285156250e+01,2.445913314819335938e+01,1.977080154418945312e+01,2.976811408996582031e+01,2.480676460266113281e+01,1.984540939331054688e+01
8.856000000000000227e+01,2.935900306701660156e+01,2.446398925781250000e+01,1.977392578125000000e+01,2.977181243896484375e+01,2.480984497070312500e+01,1.984787368774414062e+01
8.860000000000000853e+01,2.936481475830078125e+01,2.446882247924804688e+01,1.977703285217285156e+01,2.977548027038574219e+01,2.481290245056152344e+01,1.985031890869140625e+01
8.864000000000000057e+01,2.937059974670410156e+01,2.447363471984863281e+01,1.978012084960937500e+01,2.977911949157714844e+01,2.481593513488769531e+01,1.985274505615234375e+01
8.868000000000000682e+01,2.937635803222656250e+01,2.447842407226562500e+01,1.978318977355957031e+01,2.978273010253906250e+01,2.481894493103027344e+01,1.985515213012695312e+01
8.871999999999999886e+01,2.938208961486816406e+01,2.448319244384765625e+01,1.978623962402343750e+01,2.978631210327148438e+01,2.482192993164062500e+01,1.985754013061523438e+01
8.876000000000000512e+01,2.938779449462890625e+01,2.448793792724609375e+01,1.978927230834960938e+01,2.978986549377441406e+01,2.482489204406738281e+01,1.985990905761718750e+01
8.879999999999999716e+01,2.939347267150878906e+01,2.449266052246093750e+01,1.979228591918945312e+01,2.979339027404785156e+01,2.482782936096191406e+01,1.986225891113281250e+01
8.884000000000000341e+01,2.939912414550781250e+01,2.449736213684082031e+01,1.979528045654296875e+01,2.979688644409179688e+01,2.483074378967285156e+01,1.986458969116210938e+01
8.887999999999999545e+01,2.940474891662597656e+01,2.450204086303710938e+01,1.979825592041015625e+01,2.980035400390625000e+01,2.483363342285156250e+01,1.986690139770507812e+01
8.892000000000000171e+01,2.941034698486328125e+01,2.450669670104980469e+01,1.980121231079101562e+01,2.980379295349121094e+01,2.483649826049804688e+01,1.986919403076171875e+01
8.896000000000000796e+01,2.941591835021972656e+01,2.451133155822753906e+01,1.980415153503417969e+01,2.980720329284667969e+01,2.483934020996093750e+01,1.987146759033203125e+01
8.900000000000000000e+01,2.942146301269531250e+01,2.451594352722167969e+01,1.980707168579101562e+01,2.981058502197265625e+01,2.484215736389160156e+01,1.987372207641601562e+01
8.904000000000000625e+01,2.942698097229003906e+01,2.452053260803222656e+01,1.980997276306152344e+01,2.981393814086914062e+01,2.484494972229003906e+01,1.987595748901367188e+01
8.907999999999999829e+01,2.943247222900390625e+01,2.452510070800781250e+01,1.981285476684570312e+01,2.981726074218750000e+01,2.484771919250488281e+01,1.987817382812500000e+01
8.912000000000000455e+01,2.943793678283691406e+01,2.452964591979980469e+01,1.981571769714355469e+01,2.982055473327636719e+01,2.485046386718750000e+01,1.988036918640136719e+01
8.915999999999999659e+01,2.944337463378906250e+01,2.453416824340820312e+01,1.981856346130371094e+01,2.982382011413574219e+01,2.485318374633789062e+01,1.988254547119140625e+01
8.920000000000000284e+01,2.944878578186035156e+01,2.453866767883300781e+01,1.982139015197753906e+01,2.982705688476562500e+01,2.485588073730468750e+01,1.988470268249511719e+01
8.923999999999999488e+01,2.945417022705078125e+01,2.454314613342285156e+01,1.982419776916503906e+01,2.983026313781738281e+01,2.485855293273925781e+01,1.988684082031250000e+01
8.928000000000000114e+01,2.945952796936035156e+01,2.454760169982910156e+01,1.982698631286621094e+01,2.983344078063964844e+01,2.486120033264160156e+01,1.988895988464355469e+01
8.932000000000000739e+01,2.946485900878906250e+01,2.455203437805175781e+01,1.982975578308105469e+01,2.983658981323242188e+01,2.486382484436035156e+01,1.989105987548828125e+01
8.935999999999999943e+01,2.947016334533691406e+01,2.455644416809082031e+01,1.983250617980957031e+01,2.983971023559570312e+01,2.486642456054687500e+01,1.989313888549804688e+01
8.940000000000000568e+01,2.947543907165527344e+01,2.456083106994628906e+01,1.983523750305175781e+01,2.984280014038085938e+01,2.486899948120117188e+01,1.989519882202148438e+01
8.943999999999999773e+01,2.948068809509277344e+01,2.456519699096679688e+01,1.983794975280761719e+01,2.984586143493652344e+01,2.487154960632324219e+01,1.989723968505859375e+01
8.948000000000000398e+01,2.948591041564941406e+01,2.456954002380371094e+01,1.984064292907714844e+01,2.984889411926269531e+01,2.487407684326171875e+01,1.989926147460937500e+01
8.951999999999999602e+01,2.949110603332519531e+01,2.457386016845703125e+01,1.984331893920898438e+01,2.985189628601074219e+01,2.487657928466796875e+01,1.990126419067382812e+01
8.956000000000000227e+01,2.949627494812011719e+01,2.457815742492675781e+01,1.984597587585449219e+01,2.985486984252929688e+01,2.487905693054199219e+01,1.990324592590332031e+01
8.960000000000000853e+01,2.950141525268554688e+01,2.458243179321289062e+01,1.984861373901367188e+01,2.985781288146972656e+01,2.488150978088378906e+01,1.990520858764648438e+01
8.964000000000000057e+01,2.950652885437011719e+01,2.458668327331542969e+01,1.985123252868652344e+01,2.986072731018066406e+01,2.488393783569335938e+01,1.990715217590332031e+01
8.968000000000000682e+01,2.951161575317382812e+01,2.459091186523437500e+01,1.985383224487304688e+01,2.986361312866210938e+01,2.488634300231933594e+01,1.990907478332519531e+01
8.971999999999999886e+01,2.951667594909667969e+01,2.459511756896972656e+01,1.985641288757324219e+01,2.986646842956542969e+01,2.488872337341308594e+01,1.991097831726074219e+01
8.976000000000000512e+01,2.952170753479003906e+01,2.459930229187011719e+01,1.985897445678710938e+01,2.986929512023925781e+01,2.489107894897460938e+01,1.991286277770996094e+01
8.979999999999999716e+01,2.952671241760253906e+01,2.460346412658691406e+01,1.986151695251464844e+01,2.987209129333496094e+01,2.489340972900390625e+01,1.991472816467285156e+01
8.984000000000000341e+01,2.953169059753417969e+01,2.460760307312011719e+01,1.986404037475585938e+01,2.987485885620117188e+01,2.489571571350097656e+01,1.991657257080078125e+01
8.987999999999999545e+01,2.953664016723632812e+01,2.461171913146972656e+01,1.986654472351074219e+01,2.987759590148925781e+01,2.489799690246582031e+01,1.991839790344238281e+01
8.992000000000000171e+01,2.954156303405761719e+01,2.461581230163574219e+01,1.986902999877929688e+01,2.988030433654785156e+01,2.490025329589843750e+01,1.992020416259765625e+01
8.996000000000000796e+01,2.954645919799804688e+01,2.461988258361816406e+01,1.987149620056152344e+01,2.988298225402832031e+01,2.490248489379882812e+01,1.992198944091796875e+01
9.000000000000000000e+01,2.955132675170898438e+01,2.462392997741699219e+01,1.987394332885742188e+01,2.988563156127929688e+01,2.490469169616699219e+01,1.992375564575195312e+01
9.004000000000000625e+01,2.955616760253906250e+01,2.462795448303222656e+01,1.987636947631835938e+01,2.988825035095214844e+01,2.490687561035156250e+01,1.992550277709960938e+01
9.007999999999999829e+01,2.956097984313964844e+01,2.463195610046386719e+01,1.987877655029296875e+01,2.989084053039550781e+01,2.490903472900390625e+01,1.992722892761230469e+01
9.012000000000000455e+01,2.956576538085937500e+01,2.463593482971191406e+01,1.988116455078125000e+01,2.989340019226074219e+01,2.491116905212402344e+01,1.992893600463867188e+01
9.015999999999999659e+01,2.957052421569824219e+01,2.463989067077636719e+01,1.988353347778320312e+01,2.989593124389648438e+01,2.491327857971191406e+01,1.993062210083007812e+01
9.020000000000000284e+01,2.957525444030761719e+01,2.464382362365722656e+01,1.988588333129882812e+01,2.989843177795410156e+01,2.491536331176757812e+01,1.993228912353515625e+01
9.023999999999999488e+01,2.957995796203613281e+01,2.464773368835449219e+01,1.988821411132812500e+01,2.990090370178222656e+01,2.491742324829101562e+01,1.993393707275390625e+01
9.028000000000000114e+01,2.958463287353515625e+01,2.465161895751953125e+01,1.989052581787109375e+01,2.990334510803222656e+01,2.491945838928222656e+01,1.993556404113769531e+01
9.032000000000000739e+01,2.958928108215332031e+01,2.465548133850097656e+01,1.989281845092773438e+01,2.990575599670410156e+01,2.492146873474121094e+01,1.993717193603515625e+01
9.035999999999999943e+01,2.959390068054199219e+01,2.465932083129882812e+01,1.989509201049804688e+01,2.990813827514648438e+01,2.492345428466796875e+01,1.993875885009765625e+01
9.040000000000000568e+01,2.959849357604980469e+01,2.466313743591308594e+01,1.989734649658203125e+01,2.991049003601074219e+01,2.492541313171386719e+01,1.994032669067382812e+01
9.043999999999999773e+01,2.960305786132812500e+01,2.466693115234375000e+01,1.989958000183105469e+01,2.991281318664550781e+01,2.492734718322753906e+01,1.994187545776367188e+01
9.048000000000000398e+01,2.960759544372558594e+01,2.467070198059082031e+01,1.990179443359375000e+01,2.991510581970214844e+01,2.492925643920898438e+01,1.994340324401855469e+01
9.051999999999999602e+01,2.961210441589355469e+01,2.467444992065429688e+01,1.990398979187011719e+01,2.991736793518066406e+01,2.493114089965820312e+01,1.994491195678710938e+01
9.056000000000000227e+01,2.961658668518066406e+01,2.467817497253417969e+01,1.990616607666015625e+01,2.991959953308105469e+01,2.493300056457519531e+01,1.994639968872070312e+01
9.060000000000000853e+01,2.962104034423828125e+01,2.468187522888183594e+01,1.990832328796386719e+01,2.992180252075195312e+01,2.493483543395996094e+01,1.994786834716796875e+01
9.064000000000000057e+01,2.962546539306640625e+01,2.468555259704589844e+01,1.991046142578125000e+01,2.992397499084472656e+01,2.493664550781250000e+01,1.994931602478027344e+01
9.068000000000000682e+01,2.962986373901367188e+01,2.468920707702636719e+01,1.991257858276367188e+01,2.992611694335937500e+01,2.493843078613281250e+01,1.995074462890625000e+01
9.071999999999999886e+01,2.963423347473144531e+01,2.469283866882324219e+01,1.991467666625976562e+01,2.992822837829589844e+01,2.494019126892089844e+01,1.995215225219726562e+01
9.076000000000000512e+01,2.963857460021972656e+01,2.469644737243652344e+01,1.991675567626953125e+01,2.993031120300292969e+01,2.494192695617675781e+01,1.995354080200195312e+01
9.079999999999999716e+01,2.964288902282714844e+01,2.470003128051757812e+01,1.991881561279296875e+01,2.993236351013183594e+01,2.494363784790039062e+01,1.995490837097167969e+01
9.084000000000000341e+01,2.964717483520507812e+01,2.470359230041503906e+01,1.992085456848144531e+01,2.993438529968261719e+01,2.494532203674316406e+01,1.995625686645507812e+01
9.087999999999999545e+01,2.965143203735351562e+01,2.470713043212890625e+01,1.992287445068359375e+01,2.993637657165527344e+01,2.494698143005371094e+01,1.995758438110351562e+01
9.092000000000000171e+01,2.965566253662109375e+01,2.471064567565917969e+01,1.992487525939941406e+01,2.993833732604980469e+01,2.494861602783203125e+01,1.995889282226562500e+01
9.096000000000000796e+01,2.965986442565917969e+01,2.471413612365722656e+01,1.992685699462890625e+01,2.994026947021484375e+01,2.495022583007812500e+01,1.996018028259277344e+01
9.100000000000000000e+01,2.966403770446777344e+01,2.471760368347167969e+01,1.992881774902343750e+01,2.994217109680175781e+01,2.495181083679199219e+01,1.996144676208496094e+01
9.104000000000000625e+01,2.966818428039550781e+01,2.472104835510253906e+01,1.993075942993164062e+01,2.994404220581054688e+01,2.495336914062500000e+01,1.996269416809082031e+01
9.107999999999999829e+01,2.967230224609375000e+01,2.472447013854980469e+01,1.993268203735351562e+01,2.994588279724121094e+01,2.495490264892578125e+01,1.996392059326171875e+01
9.112000000000000455e+01,2.967639160156250000e+01,2.472786712646484375e+01,1.993458366394042969e+01,2.994769287109375000e+01,2.495641136169433594e+01,1.996512794494628906e+01
9.115999999999999659e+01,2.968045234680175781e+01,2.473124122619628906e+01,1.993646621704101562e+01,2.994947242736816406e+01,2.495789337158203125e+01,1.996631431579589844e+01
9.120000000000000284e+01,2.968448448181152344e+01,2.473459243774414062e+01,1.993832969665527344e+01,2.995122146606445312e+01,2.495935058593750000e+01,1.996747970581054688e+01
9.123999999999999488e+01,2.968848991394042969e+01,2.473791885375976562e+01,1.994017219543457031e+01,2.995293998718261719e+01,2.496078300476074219e+01,1.996862602233886719e+01
9.128000000000000114e+01,2.969246673583984375e+01,2.474122238159179688e+01,1.994199562072753906e+01,2.995462799072265625e+01,2.496219062805175781e+01,1.996975135803222656e+01
9.132000000000000739e+01,2.969641494750976562e+01,2.474450111389160156e+01,1.994379997253417969e+01,2.995628547668457031e+01,2.496357154846191406e+01,1.997085762023925781e+01
9.135999999999999943e+01,2.970033454895019531e+01,2.474775695800781250e+01,1.994558334350585938e+01,2.995791244506835938e+01,2.496492767333984375e+01,1.997194290161132812e+01
9.140000000000000568e+01,2.970422554016113281e+01,2.475098991394042969e+01,1.994734764099121094e+01,2.995950889587402344e+01,2.496625900268554688e+01,1.997300720214843750e+01
9.143999999999999773e+01,2.970808792114257812e+01,2.475419807434082031e+01,1.994909286499023438e+01,2.996107482910156250e+01,2.496756362915039062e+01,1.997405052185058594e+01
9.148000000000000398e+01,2.971192169189453125e+01,2.475738334655761719e+01,1.995081710815429688e+01,2.996261024475097656e+01,2.496884346008300781e+01,1.997507476806640625e+01
9.151999999999999602e+01,2.971572875976562500e+01,2.476054382324218750e+01,1.995252227783203125e+01,2.996411514282226562e+01,2.497009849548339844e+01,1.997607803344726562e+01
9.156000000000000227e+01,2.971950721740722656e+01,2.476368141174316406e+01,1.995420646667480469e+01,2.996558952331542969e+01,2.497132682800292969e+01,1.997706031799316406e+01
9.160000000000000853e+01,2.972325706481933594e+01,2.476679420471191406e+01,1.995587158203125000e+01,2.996703338623046875e+01,2.497253036499023438e+01,1.997802352905273438e+01
9.164000000000000057e+01,2.972697830200195312e+01,2.476988410949707031e+01,1.995751762390136719e+01,2.996844673156738281e+01,2.497370719909667969e+01,1.997896575927734375e+01
9.168000000000000682e+01,2.973067092895507812e+01,2.477295112609863281e+01,1.995914268493652344e+01,2.996982955932617188e+01,2.497485923767089844e+01,1.997988700866699219e+01
9.171999999999999886e+01,2.973433494567871094e+01,2.477599334716796875e+01,1.996074867248535156e+01,2.997118186950683594e+01,2.497598648071289062e+01,1.998078918457031250e+01
9.176000000000000512e+01,2.973797035217285156e+01,2.477901268005371094e+01,1.996233367919921875e+01,2.997250366210937500e+01,2.497708702087402344e+01,1.998167037963867188e+01
9.179999999999999716e+01,2.974157714843750000e+01,2.478200721740722656e+01,1.996389961242675781e+01,2.997379493713378906e+01,2.497816276550292969e+01,1.998253059387207031e+01
9.184000000000000341e+01,2.974515533447265625e+01,2.478497695922851562e+01,1.996544456481933594e+01,2.997505378723144531e+01,2.497921180725097656e+01,1.998336982727050781e+01
9.187999999999999545e+01,2.974870491027832031e+01,2.478792381286621094e+01,1.996697044372558594e+01,2.997628211975097656e+01,2.498023605346679688e+01,1.998418807983398438e+01
9.192000000000000171e+01,2.975222587585449219e+01,2.479084587097167969e+01,1.996847534179687500e+01,2.997747993469238281e+01,2.498123359680175781e+01,1.998498725891113281e+01
9.196000000000000796e+01,2.975571823120117188e+01,2.479374504089355469e+01,1.996996116638183594e+01,2.997864723205566406e+01,2.498220634460449219e+01,1.998576545715332031e+01
9.200000000000000000e+01,2.975918006896972656e+01,2.479661941528320312e+01,1.997142601013183594e+01,2.997978401184082031e+01,2.498315238952636719e+01,1.998652267456054688e+01
9.204000000000000625e+01,2.976261329650878906e+01,2.479947090148925781e+01,1.997287178039550781e+01,2.998088836669921875e+01,2.498407363891601562e+01,1.998725891113281250e+01
9.207999999999999829e+01,2.976601791381835938e+01,2.480229759216308594e+01,1.997429656982421875e+01,2.998196220397949219e+01,2.498496818542480469e+01,1.998797416687011719e+01
9.212000000000000455e+01,2.976939392089843750e+01,2.480509948730468750e+01,1.997570228576660156e+01,2.998300552368164062e+01,2.498583793640136719e+01,1.998867034912109375e+01
9.215999999999999659e+01,2.977274131774902344e+01,2.480787849426269531e+01,1.997708702087402344e+01,2.998401832580566406e+01,2.498668098449707031e+01,1.998934555053710938e+01
9.220000000000000284e+01,2.977606010437011719e+01,2.481063270568847656e+01,1.997845077514648438e+01,2.998499870300292969e+01,2.498749923706054688e+01,1.998999977111816406e+01
9.223999999999999488e+01,2.977935028076171875e+01,2.481336212158203125e+01,1.997979545593261719e+01,2.998594856262207031e+01,2.498829078674316406e+01,1.999063301086425781e+01
9.228000000000000114e+01,2.978260993957519531e+01,2.481606864929199219e+01,1.998111915588378906e+01,2.998686790466308594e+01,2.498905563354492188e+01,1.999124526977539062e+01
9.232000000000000739e+01,2.978584098815917969e+01,2.481875038146972656e+01,1.998242378234863281e+01,2.998775482177734375e+01,2.498979568481445312e+01,1.999183654785156250e+01
9.235999999999999943e+01,2.978904342651367188e+01,2.482140731811523438e+01,1.998370742797851562e+01,2.998861122131347656e+01,2.499050903320312500e+01,1.999240684509277344e+01
9.240000000000000568e+01,2.979221725463867188e+01,2.482404136657714844e+01,1.998497009277343750e+01,2.998943710327148438e+01,2.499119567871093750e+01,1.999295616149902344e+01
9.243999999999999773e+01,2.979536247253417969e+01,2.482665061950683594e+01,1.998621368408203125e+01,2.999023056030273438e+01,2.499185752868652344e+01,1.999348449707031250e+01
9.248000000000000398e+01,2.979847717285156250e+01,2.482923507690429688e+01,1.998743629455566406e+01,2.999099349975585938e+01,2.499249267578125000e+01,1.999399375915527344e+01
9.251999999999999602e+01,2.980156326293945312e+01,2.483179664611816406e+01,1.998863983154296875e+01,2.999172401428222656e+01,2.499310111999511719e+01,1.999448204040527344e+01
9.256000000000000227e+01,2.980462074279785156e+01,2.483433341979980469e+01,1.998982238769531250e+01,2.999242401123046875e+01,2.499368476867675781e+01,1.999494934082031250e+01
9.260000000000000853e+01,2.980764961242675781e+01,2.483684539794921875e+01,1.999098396301269531e+01,2.999309349060058594e+01,2.499424171447753906e+01,1.999539566040039062e+01
9.264000000000000057e+01,2.981064796447753906e+01,2.483933258056640625e+01,1.999212646484375000e+01,2.999373054504394531e+01,2.499477195739746094e+01,1.999582099914550781e+01
9.268000000000000682e+01,2.981361770629882812e+01,2.484179687500000000e+01,1.999324798583984375e+01,2.999433708190917969e+01,2.499527740478515625e+01,1.999622535705566406e+01
9.271999999999999886e+01,2.981655883789062500e+01,2.484423637390136719e+01,1.999434852600097656e+01,2.999491119384765625e+01,2.499575614929199219e+01,1.999660873413085938e+01
9.276000000000000512e+01,2.981946945190429688e+01,2.484665107727050781e+01,1.999542999267578125e+01,2.999545478820800781e+01,2.499620819091796875e+01,1.999697113037109375e+01
9.279999999999999716e+01,2.982235145568847656e+01,2.484904098510742188e+01,1.999649047851562500e+01,2.999596595764160156e+01,2.499663543701171875e+01,1.999731254577636719e+01
9.284000000000000341e+01,2.982520294189453125e+01,2.485140609741210938e+01,1.999752998352050781e+01,2.999644660949707031e+01,2.499703598022460938e+01,1.999763298034667969e+01
9.287999999999999545e+01,2.982802581787109375e+01,2.485374641418457031e+01,1.999854850769042969e+01,2.999689483642578125e+01,2.499740982055664062e+01,1.999793243408203125e+01
9.292000000000000171e+01,2.983082008361816406e+01,2.485606384277343750e+01,1.999954795837402344e+01,2.999731254577636719e+01,2.499775695800781250e+01,1.999821090698242188e+01
9.296000000000000796e+01,2.983358383178710938e+01,2.485835647583007812e+01,2.000052642822265625e+01,2.999769783020019531e+01,2.499807739257812500e+01,1.999846839904785156e+01
9.300000000000000000e+01,2.983631896972656250e+01,2.486062431335449219e+01,2.000148391723632812e+01,2.999805068969726562e+01,2.499837303161621094e+01,1.999870491027832031e+01
9.304000000000000625e+01,2.983902359008789062e+01,2.486286735534667969e+01,2.000242042541503906e+01,2.999837303161621094e+01,2.499864196777343750e+01,1.999891853332519531e+01
9.307999999999999829e+01,2.984169960021972656e+01,2.486508560180664062e+01,2.000333786010742188e+01,2.999866294860839844e+01,2.499888420104980469e+01,1.999911308288574219e+01
9.312000000000000455e+01,2.984434509277343750e+01,2.486727905273437500e+01,2.000423431396484375e+01,2.999892234802246094e+01,2.499910163879394531e+01,1.999928665161132812e+01
9.315999999999999659e+01,2.984696197509765625e+01,2.486944770812988281e+01,2.000510978698730469e+01,2.999915313720703125e+01,2.499929428100585938e+01,1.999943923950195312e+01
9.320000000000000284e+01,2.984954833984375000e+01,2.487159156799316406e+01,2.000596427917480469e+01,2.999935531616210938e+01,2.499946403503417969e+01,1.999957466125488281e+01
9.323999999999999488e+01,2.985210609436035156e+01,2.487371063232421875e+01,2.000679969787597656e+01,2.999953079223632812e+01,2.499961090087890625e+01,1.999969100952148438e+01
9.328000000000000114e+01,2.985463333129882812e+01,2.487580490112304688e+01,2.000761413574218750e+01,2.999968338012695312e+01,2.499973678588867188e+01,1.999979209899902344e+01
9.332000000000000739e+01,2.985713195800781250e+01,2.487787437438964844e+01,2.000840950012207031e+01,2.999981307983398438e+01,2.499984359741210938e+01,1.999987792968750000e+01
9.335999999999999943e+01,2.985960006713867188e+01,2.487991905212402344e+01,2.000918579101562500e+01,2.999992179870605469e+01,2.499993324279785156e+01,1.999995040893554688e+01
9.340000000000000568e+01,2.986203956604003906e+01,2.488194084167480469e+01,2.000994300842285156e+01,3.000001144409179688e+01,2.500000762939453125e+01,2.000000953674316406e+01
9.343999999999999773e+01,2.986444854736328125e+01,2.488393783569335938e+01,2.001068305969238281e+01,3.000008392333984375e+01,2.500006866455078125e+01,2.000005722045898438e+01
9.348000000000000398e+01,2.986682891845703125e+01,2.488591003417968750e+01,2.001140403747558594e+01,3.000014114379882812e+01,2.500011634826660156e+01,2.000009536743164062e+01
9.351999999999999602e+01,2.986917877197265625e+01,2.488785743713378906e+01,2.001210784912109375e+01,3.000018501281738281e+01,2.500015449523925781e+01,2.000012588500976562e+01
9.356000000000000227e+01,2.987150001525878906e+01,2.488978004455566406e+01,2.001279449462890625e+01,3.000021743774414062e+01,2.500018310546875000e+01,2.000014877319335938e+01
9.360000000000000853e+01,2.987379074096679688e+01,2.489167785644531250e+01,2.001346397399902344e+01,3.000024032592773438e+01,2.500020217895507812e+01,2.000016403198242188e+01
9.364000000000000057e+01,2.987605285644531250e+01,2.489355087280273438e+01,2.001411819458007812e+01,3.000025558471679688e+01,2.500021362304687500e+01,2.000017356872558594e+01
9.368000000000000682e+01,2.987828445434570312e+01,2.489539909362792969e+01,2.001475715637207031e+01,3.000026321411132812e+01,2.500021934509277344e+01,2.000017929077148438e+01
9.371999999999999886e+01,2.988048744201660156e+01,2.489722251892089844e+01,2.001538085937500000e+01,3.000026512145996094e+01,2.500022125244140625e+01,2.000017929077148438e+01
9.376000000000000512e+01,2.988266181945800781e+01,2.489902305603027344e+01,2.001598930358886719e+01,3.000026130676269531e+01,2.500021934509277344e+01,2.000017738342285156e+01
9.379999999999999716e+01,2.988480758666992188e+01,2.490079879760742188e+01,2.001658439636230469e+01,3.000025367736816406e+01,2.500021362304687500e+01,2.000017166137695312e+01
9.384000000000000341e+01,2.988692474365234375e+01,2.490254974365234375e+01,2.001716423034667969e+01,3.000024414062500000e+01,2.500020408630371094e+01,2.000016403198242188e+01
9.387999999999999545e+01,2.988901329040527344e+01,2.490427780151367188e+01,2.001773071289062500e+01,3.000023078918457031e+01,2.500019264221191406e+01,2.000015449523925781e+01
9.392000000000000171e+01,2.989107322692871094e+01,2.490598106384277344e+01,2.001828384399414062e+01,3.000021553039550781e+01,2.500018119812011719e+01,2.000014495849609375e+01
9.396000000000000796e+01,2.989310455322265625e+01,2.490766143798828125e+01,2.001882553100585938e+01,3.000020027160644531e+01,2.500016784667968750e+01,2.000013542175292969e+01
9.400000000000000000e+01,2.989510726928710938e+01,2.490931701660156250e+01,2.001935386657714844e+01,3.000018501281738281e+01,2.500015449523925781e+01,2.000012397766113281e+01
9.404000000000000625e+01,2.989708137512207031e+01,2.491094970703125000e+01,2.001987075805664062e+01,3.000016784667968750e+01,2.500014114379882812e+01,2.000011253356933594e+01
9.407999999999999829e+01,2.989902687072753906e+01,2.491255950927734375e+01,2.002037620544433594e+01,3.000015258789062500e+01,2.500012779235839844e+01,2.000010108947753906e+01
9.412000000000000455e+01,2.990094566345214844e+01,2.491414642333984375e+01,2.002087020874023438e+01,3.000013732910156250e+01,2.500011444091796875e+01,2.000008964538574219e+01
9.415999999999999659e+01,2.990283775329589844e+01,2.491571044921875000e+01,2.002135276794433594e+01,3.000012207031250000e+01,2.500010108947753906e+01,2.000008010864257812e+01
9.420000000000000284e+01,2.990470123291015625e+01,2.491725158691406250e+01,2.002182579040527344e+01,3.000010681152343750e+01,2.500008964538574219e+01,2.000007057189941406e+01
9.423999999999999488e+01,2.990653800964355469e+01,2.491876983642578125e+01,2.002228736877441406e+01,3.000009346008300781e+01,2.500007820129394531e+01,2.000006103515625000e+01
9.428000000000000114e+01,2.990834808349609375e+01,2.492026519775390625e+01,2.002273941040039062e+01,3.000008010864257812e+01,2.500006675720214844e+01,2.000005340576171875e+01
9.432000000000000739e+01,2.991013145446777344e+01,2.492173957824707031e+01,2.002318191528320312e+01,3.000006866455078125e+01,2.500005722045898438e+01,2.000004577636718750e+01
9.435999999999999943e+01,2.991188812255859375e+01,2.492319107055664062e+01,2.002361488342285156e+01,3.000005722045898438e+01,2.500004768371582031e+01,2.000003814697265625e+01
9.440000000000000568e+01,2.991361999511718750e+01,2.492462158203125000e+01,2.002403831481933594e+01,3.000004768371582031e+01,2.500004005432128906e+01,2.000003242492675781e+01
9.443999999999999773e+01,2.991532516479492188e+01,2.492602920532226562e+01,2.002445220947265625e+01,3.000003814697265625e+01,2.500003242492675781e+01,2.000002670288085938e+01
9.448000000000000398e+01,2.991700363159179688e+01,2.492741584777832031e+01,2.002485656738281250e+01,3.000003051757812500e+01,2.500002670288085938e+01,2.000002098083496094e+01
9.451999999999999602e+01,2.991865730285644531e+01,2.492878150939941406e+01,2.002525138854980469e+01,3.000002288818359375e+01,2.500002098083496094e+01,2.000001716613769531e+01
9.456000000000000227e+01,2.992028617858886719e+01,2.493012619018554688e+01,2.002563858032226562e+01,3.000001716613769531e+01,2.500001525878906250e+01,2.000001335144042969e+01
9.460000000000000853e+01,2.992189025878906250e+01,2.493144989013671875e+01,2.002601623535156250e+01,3.000001144409179688e+01,2.500001144409179688e+01,2.000000953674316406e+01
9.464000000000000057e+01,2.992346954345703125e+01,2.493275260925292969e+01,2.002638626098632812e+01,3.000000762939453125e+01,2.500000762939453125e+01,2.000000572204589844e+01
9.468000000000000682e+01,2.992502403259277344e+01,2.493403434753417969e+01,2.002674865722656250e+01,3.000000381469726562e+01,2.500000381469726562e+01,2.000000381469726562e+01
9.471999999999999886e+01,2.992655372619628906e+01,2.493529701232910156e+01,2.002710342407226562e+01,3.000000000000000000e+01,2.500000190734863281e+01,2.000000190734863281e+01
9.476000000000000512e+01,2.992806053161621094e+01,2.493653869628906250e+01,2.002745056152343750e+01,2.999999809265136719e+01,2.500000000000000000e+01,2.000000000000000000e+01
9.479999999999999716e+01,2.992954254150390625e+01,2.493776130676269531e+01,2.002779006958007812e+01,2.999999618530273438e+01,2.499999809265136719e+01,1.999999809265136719e+01
9.484000000000000341e+01,2.993100166320800781e+01,2.493896293640136719e+01,2.002812194824218750e+01,2.999999427795410156e+01,2.499999618530273438e+01,1.999999618530273438e+01
9.487999999999999545e+01,2.993243789672851562e+01,2.494014549255371094e+01,2.002844619750976562e+01,2.999999237060546875e+01,2.499999427795410156e+01,1.999999618530273438e+01
9.492000000000000171e+01,2.993385124206542969e+01,2.494130897521972656e+01,2.002876281738281250e+01,2.999999237060546875e+01,2.499999427795410156e+01,1.999999618530273438e+01
9.496000000000000796e+01,2.993524169921875000e+01,2.494245338439941406e+01,2.002907371520996094e+01,2.999999237060546875e+01,2.499999427795410156e+01,1.999999618530273438e+01
9.500000000000000000e+01,2.993660926818847656e+01,2.494357872009277344e+01,2.002937698364257812e+01,2.999999237060546875e+01,2.499999427795410156e+01,1.999999618530273438e+01
9.504000000000000625e+01,2.993795394897460938e+01,2.494468688964843750e+01,2.002967453002929688e+01,2.999999237060546875e+01,2.499999427795410156e+01,1.999999618530273438e+01
9.507999999999999829e+01,2.993927764892578125e+01,2.494577598571777344e+01,2.002996444702148438e+01,2.999999237060546875e+01,2.499999427795410156e+01,1.999999618530273438e+01
9.512000000000000455e+01,2.994057846069335938e+01,2.494684600830078125e+01,2.003024864196777344e+01,2.999999237060546875e+01,2.499999427795410156e+01,1.999999618530273438e+01
9.515999999999999659e+01,2.994185829162597656e+01,2.494789886474609375e+01,2.003052711486816406e+01,2.999999237060546875e+01,2.499999427795410156e+01,1.999999618530273438e+01
9.520000000000000284e+01,2.994311714172363281e+01,2.494893455505371094e+01,2.003079986572265625e+01,2.999999237060546875e+01,2.499999427795410156e+01,1.999999618530273438e+01
9.523999999999999488e+01,2.994435501098632812e+01,2.494995307922363281e+01,2.003106498718261719e+01,2.999999237060546875e+01,2.499999427795410156e+01,1.999999618530273438e+01
9.528000000000000114e+01,2.994557189941406250e+01,2.495095252990722656e+01,2.003132438659667969e+01,2.999999237060546875e+01,2.499999427795410156e+01,1.999999618530273438e+01
9.532000000000000739e+01,2.994676780700683594e+01,2.495193672180175781e+01,2.003157806396484375e+01,2.999999237060546875e+01,2.499999427795410156e+01,1.999999618530273438e+01
9.535999999999999943e+01,2.994794464111328125e+01,2.495290374755859375e+01,2.003182601928710938e+01,2.999999237060546875e+01,2.499999427795410156e+01,1.999999618530273438e+01
9.540000000000000568e+01,2.994910049438476562e+01,2.495385360717773438e+01,2.003207015991210938e+01,2.999999237060546875e+01,2.499999427795410156e+01,1.999999618530273438e+01
9.543999999999999773e+01,2.995023727416992188e+01,2.495478630065917969e+01,2.003230857849121094e+01,2.999999237060546875e+01,2.499999427795410156e+01,1.999999618530273438e+01
9.548000000000000398e+01,2.995135498046875000e+01,2.495570373535156250e+01,2.003254127502441406e+01,2.999999237060546875e+01,2.499999427795410156e+01,1.999999618530273438e+01
9.551999999999999602e+01,2.995245361328125000e+01,2.495660400390625000e+01,2.003276824951171875e+01,2.999999237060546875e+01,2.499999427795410156e+01,1.999999618530273438e+01
9.556000000000000227e+01,2.995353317260742188e+01,2.495748901367187500e+01,2.003299140930175781e+01,2.999999237060546875e+01,2.499999427795410156e+01,1.999999618530273438e+01
9.560000000000000853e+01,2.995459365844726562e+01,2.495835876464843750e+01,2.003320884704589844e+01,2.999999237060546875e+01,2.499999427795410156e+01,1.999999618530273438e+01
9.564000000000000057e+01,2.995563507080078125e+01,2.495921325683593750e+01,2.003342247009277344e+01,2.999999237060546875e+01,2.499999427795410156e+01,1.999999618530273438e+01
9.568000000000000682e+01,2.995665931701660156e+01,2.496005249023437500e+01,2.003363037109375000e+01,2.999999237060546875e+01,2.499999427795410156e+01,1.999999618530273438e+01
9.571999999999999886e+01,2.995766448974609375e+01,2.496087646484375000e+01,2.003383445739746094e+01,2.999999237060546875e+01,2.499999427795410156e+01,1.999999618530273438e+01
9.576000000000000512e+01,2.995865249633789062e+01,2.496168518066406250e+01,2.003403282165527344e+01,2.999999237060546875e+01,2.499999427795410156e+01,1.999999618530273438e+01
9.579999999999999716e+01,2.995962333679199219e+01,2.496247863769531250e+01,2.003422737121582031e+01,2.999999237060546875e+01,2.499999427795410156e+01,1.999999618530273438e+01
9.584000000000000341e+01,2.996057701110839844e+01,2.496325874328613281e+01,2.003441810607910156e+01,2.999999237060546875e+01,2.499999427795410156e+01,1.999999618530273438e+01
9.587999999999999545e+01,2.996151351928710938e+01,2.496402359008789062e+01,2.003460502624511719e+01,2.999999237060546875e+01,2.499999427795410156e+01,1.999999618530273438e+01
9.592000000000000171e+01,2.996243286132812500e+01,2.496477508544921875e+01,2.003478622436523438e+01,2.999999237060546875e+01,2.499999427795410156e+01,1.999999618530273438e+01
9.596000000000000796e+01,2.996333503723144531e+01,2.496551132202148438e+01,2.003496360778808594e+01,2.999999237060546875e+01,2.499999427795410156e+01,1.999999618530273438e+01
9.600000000000000000e+01,2.996422004699707031e+01,2.496623420715332031e+01,2.003513717651367188e+01,2.999999237060546875e+01,2.499999427795410156e+01,1.999999618530273438e+01
9.604000000000000625e+01,2.996508979797363281e+01,2.496694374084472656e+01,2.003530693054199219e+01,2.999999237060546875e+01,2.499999427795410156e+01,1.999999618530273438e+01
9.607999999999999829e+01,2.996594429016113281e+01,2.496763992309570312e+01,2.003547286987304688e+01,2.999999237060546875e+01,2.499999427795410156e+01,1.999999618530273438e+01
9.612000000000000455e+01,2.996678161621093750e+01,2.496832275390625000e+01,2.003563499450683594e+01,2.999999237060546875e+01,2.499999427795410156e+01,1.999999618530273438e+01
9.615999999999999659e+01,2.996760368347167969e+01,2.496899223327636719e+01,2.003579330444335938e+01,2.999999237060546875e+01,2.499999427795410156e+01,1.999999618530273438e+01
9.620000000000000284e+01,2.996841049194335938e+01,2.496965026855468750e+01,2.003594970703125000e+01,2.999999237060546875e+01,2.499999427795410156e+01,1.999999618530273438e+01
9.624000000000000909e+01,2.996920204162597656e+01,2.497029495239257812e+01,2.003610229492187500e+01,2.999999237060546875e+01,2.499999427795410156e+01,1.999999618530273438e+01
9.628000000000000114e+01,2.996997833251953125e+01,2.497092819213867188e+01,2.003625106811523438e+01,2.999999237060546875e+01,2.499999427795410156e+01,1.999999618530273438e+01
9.632000000000000739e+01,2.997074127197265625e+01,2.497154808044433594e+01,2.003639602661132812e+01,2.999999237060546875e+01,2.499999427795410156e+01,1.999999618530273438e+01
9.635999999999999943e+01,2.997148895263671875e+01,2.497215652465820312e+01,2.003653907775878906e+01,2.999999237060546875e+01,2.499999427795410156e+01,1.999999618530273438e+01
9.640000000000000568e+01,2.997222328186035156e+01,2.497275352478027344e+01,2.003667831420898438e+01,2.999999237060546875e+01,2.499999427795410156e+01,1.999999618530273438e+01
9.643999999999999773e+01,2.997294235229492188e+01,2.497333908081054688e+01,2.003681373596191406e+01,2.999999237060546875e+01,2.499999427795410156e+01,1.999999618530273438e+01
9.648000000000000398e+01,2.997364807128906250e+01,2.497391319274902344e+01,2.003694725036621094e+01,2.999999237060546875e+01,2.499999427795410156e+01,1.999999618530273438e+01
9.651999999999999602e+01,2.997434043884277344e+01,2.497447586059570312e+01,2.003707695007324219e+01,2.999999237060546875e+01,2.499999427795410156e+01,1.999999618530273438e+01
9.656000000000000227e+01,2.997501945495605469e+01,2.497502708435058594e+01,2.003720474243164062e+01,2.999999237060546875e+01,2.499999427795410156e+01,1.999999618530273438e+01
9.660000000000000853e+01,2.997568511962890625e+01,2.497556686401367188e+01,2.003732872009277344e+01,2.999999237060546875e+01,2.499999427795410156e+01,1.999999618530273438e+01
9.664000000000000057e+01,2.997633743286132812e+01,2.497609519958496094e+01,2.003745079040527344e+01,2.999999237060546875e+01,2.499999427795410156e+01,1.999999618530273438e+01
9.668000000000000682e+01,2.997697830200195312e+01,2.497661399841308594e+01,2.003756904602050781e+01,2.999999237060546875e+01,2.499999427795410156e+01,1.999999618530273438e+01
9.671999999999999886e+01,2.997760581970214844e+01,2.497712135314941406e+01,2.003768539428710938e+01,2.999999237060546875e+01,2.499999427795410156e+01,1.999999618530273438e+01
9.676000000000000512e+01,2.997821998596191406e+01,2.497761917114257812e+01,2.003779983520507812e+01,2.999999237060546875e+01,2.499999427795410156e+01,1.999999618530273438e+01
9.679999999999999716e+01,2.997882270812988281e+01,2.497810554504394531e+01,2.003791046142578125e+01,2.999999237060546875e+01,2.499999427795410156e+01,1.999999618530273438e+01
9.684000000000000341e+01,2.997941398620605469e+01,2.497858238220214844e+01,2.003801918029785156e+01,2.999999237060546875e+01,2.499999427795410156e+01,1.999999618530273438e+01
9.687999999999999545e+01,2.997999382019042969e+01,2.497904968261718750e+01,2.003812599182128906e+01,2.999999237060546875e+01,2.499999427795410156e+01,1.999999618530273438e+01
9.692000000000000171e+01,2.998056030273437500e+01,2.497950744628906250e+01,2.003822898864746094e+01,2.999999237060546875e+01,2.499999427795410156e+01,1.999999618530273438e+01
9.696000000000000796e+01,2.998111534118652344e+01,2.497995567321777344e+01,2.003833007812500000e+01,2.999999237060546875e+01,2.499999427795410156e+01,1.999999618530273438e+01
9.700000000000000000e+01,2.998165893554687500e+01,2.498039436340332031e+01,2.003842926025390625e+01,2.999999237060546875e+01,2.499999427795410156e+01,1.999999618530273438e+01
9.704000000000000625e+01,2.998219299316406250e+01,2.498082351684570312e+01,2.003852653503417969e+01,2.999999237060546875e+01,2.499999427795410156e+01,1.999999618530273438e+01
9.707999999999999829e+01,2.998271560668945312e+01,2.498124313354492188e+01,2.003862190246582031e+01,2.999999237060546875e+01,2.499999427795410156e+01,1.999999618530273438e+01
9.712000000000000455e+01,2.998322677612304688e+01,2.498165512084960938e+01,2.003871536254882812e+01,2.999999237060546875e+01,2.499999427795410156e+01,1.999999618530273438e+01
9.715999999999999659e+01,2.998372840881347656e+01,2.498205757141113281e+01,2.003880500793457031e+01,2.999999237060546875e+01,2.499999427795410156e+01,1.999999618530273438e+01
9.720000000000000284e+01,2.998421859741210938e+01,2.498245239257812500e+01,2.003889274597167969e+01,2.999999237060546875e+01,2.499999427795410156e+01,1.999999618530273438e+01
9.724000000000000909e+01,2.998469924926757812e+01,2.498283767700195312e+01,2.003897857666015625e+01,2.999999237060546875e+01,2.499999427795410156e+01,1.999999618530273438e+01
9.728000000000000114e+01,2.998517036437988281e+01,2.498321533203125000e+01,2.003906250000000000e+01,2.999999237060546875e+01,2.499999427795410156e+01,1.999999618530273438e+01
9.732000000000000739e+01,2.998563194274902344e+01,2.498358345031738281e+01,2.003914451599121094e+01,2.999999237060546875e+01,2.499999427795410156e+01,1.999999618530273438e+01
9.735999999999999943e+01,2.998608207702636719e+01,2.498394393920898438e+01,2.003922462463378906e+01,2.999999237060546875e+01,2.499999427795410156e+01,1.999999618530273438e+01
9.740000000000000568e+01,2.998652267456054688e+01,2.498429679870605469e+01,2.003930282592773438e+01,2.999999237060546875e+01,2.499999427795410156e+01,1.999999618530273438e+01
9.743999999999999773e+01,2.998695373535156250e+01,2.498464202880859375e+01,2.003938102722167969e+01,2.999999237060546875e+01,2.499999427795410156e+01,1.999999618530273438e+01
9.748000000000000398e+01,2.998737716674804688e+01,2.498497962951660156e+01,2.003945732116699219e+01,2.999999237060546875e+01,2.499999427795410156e+01,1.999999618530273438e+01
9.751999999999999602e+01,2.998779106140136719e+01,2.498530960083007812e+01,2.003953170776367188e+01,2.999999237060546875e+01,2.499999427795410156e+01,1.999999618530273438e+01
9.756000000000000227e+01,2.998819541931152344e+01,2.498563194274902344e+01,2.003960418701171875e+01,2.999999237060546875e+01,2.499999427795410156e+01,1.999999618530273438e+01
9.760000000000000853e+01,2.998859214782714844e+01,2.498594665527343750e+01,2.003967475891113281e+01,2.999999237060546875e+01,2.499999427795410156e+01,1.999999618530273438e+01
9.764000000000000057e+01,2.998897933959960938e+01,2.498625564575195312e+01,2.003974342346191406e+01,2.999999237060546875e+01,2.499999427795410156e+01,1.999999618530273438e+01
9.768000000000000682e+01,2.998935890197753906e+01,2.498655700683593750e+01,2.003981018066406250e+01,2.999999237060546875e+01,2.499999427795410156e+01,1.999999618530273438e+01
9.771999999999999886e+01,2.998972892761230469e+01,2.498685073852539062e+01,2.003987693786621094e+01,2.999999237060546875e+01,2.499999427795410156e+01,1.999999618530273438e+01
9.776000000000000512e+01,2.999009132385253906e+01,2.498713874816894531e+01,2.003994178771972656e+01,2.999999237060546875e+01,2.499999427795410156e+01,1.999999618530273438e+01
9.779999999999999716e+01,2.999044609069824219e+01,2.498741912841796875e+01,2.004000473022460938e+01,2.999999237060546875e+01,2.499999427795410156e+01,1.999999618530273438e+01
9.784000000000000341e+01,2.999079322814941406e+01,2.498769378662109375e+01,2.004006576538085938e+01,2.999999237060546875e+01,2.499999427795410156e+01,1.999999618530273438e+01
9.787999999999999545e+01,2.999113273620605469e+01,2.498796081542968750e+01,2.004012680053710938e+01,2.999999237060546875e+01,2.499999427795410156e+01,1.999999618530273438e+01
9.792000000000000171e+01,2.999146461486816406e+01,2.498822212219238281e+01,2.004018592834472656e+01,2.999999237060546875e+01,2.499999427795410156e+01,1.999999618530273438e+01
9.796000000000000796e+01,2.999178886413574219e+01,2.498847770690917969e+01,2.004024314880371094e+01,2.999999237060546875e+01,2.499999427795410156e+01,1.999999618530273438e+01
9.800000000000000000e+01,2.999210548400878906e+01,2.498872756958007812e+01,2.004029846191406250e+01,2.999999237060546875e+01,2.499999427795410156e+01,1.999999618530273438e+01
9.804000000000000625e+01,2.999241447448730469e+01,2.498897171020507812e+01,2.004035377502441406e+01,2.999999237060546875e+01,2.499999427795410156e+01,1.999999618530273438e+01
9.807999999999999829e+01,2.999271583557128906e+01,2.498921012878417969e+01,2.004040718078613281e+01,2.999999237060546875e+01,2.499999427795410156e+01,1.999999618530273438e+01
9.812000000000000455e+01,2.999301147460937500e+01,2.498944282531738281e+01,2.004046058654785156e+01,2.999999237060546875e+01,2.499999427795410156e+01,1.999999618530273438e+01
9.815999999999999659e+01,2.999329948425292969e+01,2.498966979980468750e+01,2.004051208496093750e+01,2.999999237060546875e+01,2.499999427795410156e+01,1.999999618530273438e+01
9.820000000000000284e+01,2.999358177185058594e+01,2.498989105224609375e+01,2.004056167602539062e+01,2.999999237060546875e+01,2.499999427795410156e+01,1.999999618530273438e+01
9.824000000000000909e+01,2.999385643005371094e+01,2.499010658264160156e+01,2.004061126708984375e+01,2.999999237060546875e+01,2.499999427795410156e+01,1.999999618530273438e+01
9.828000000000000114e+01,2.999412536621093750e+01,2.499031639099121094e+01,2.004065895080566406e+01,2.999999237060546875e+01,2.499999427795410156e+01,1.999999618530273438e+01
9.832000000000000739e+01,2.999438858032226562e+01,2.499052047729492188e+01,2.004070663452148438e+01,2.999999237060546875e+01,2.499999427795410156e+01,1.999999618530273438e+01
9.835999999999999943e+01,2.999464416503906250e+01,2.499072074890136719e+01,2.004075241088867188e+01,2.999999237060546875e+01,2.499999427795410156e+01,1.999999618530273438e+01
9.840000000000000568e+01,2.999489402770996094e+01,2.499091529846191406e+01,2.004079627990722656e+01,2.999999237060546875e+01,2.499999427795410156e+01,1.999999618530273438e+01
9.843999999999999773e+01,2.999513816833496094e+01,2.499110603332519531e+01,2.004084014892578125e+01,2.999999237060546875e+01,2.499999427795410156e+01,1.999999618530273438e+01
9.848000000000000398e+01,2.999537658691406250e+01,2.499129104614257812e+01,2.004088211059570312e+01,2.999999237060546875e+01,2.499999427795410156e+01,1.999999618530273438e+01
9.851999999999999602e+01,2.999560928344726562e+01,2.499147224426269531e+01,2.004092407226562500e+01,2.999999237060546875e+01,2.499999427795410156e+01,1.999999618530273438e+01
9.856000000000000227e+01,2.999583625793457031e+01,2.499164772033691406e+01,2.004096412658691406e+01,2.999999237060546875e+01,2.499999427795410156e+01,1.999999618530273438e+01
9.860000000000000853e+01,2.999605751037597656e+01,2.499181938171386719e+01,2.004100418090820312e+01,2.999999237060546875e+01,2.499999427795410156e+01,1.999999618530273438e+01
9.864000000000000057e+01,2.999627304077148438e+01,2.499198532104492188e+01,2.004104232788085938e+01,2.999999237060546875e+01,2.499999427795410156e+01,1.999999618530273438e+01
9.868000000000000682e+01,2.999648284912109375e+01,2.499214744567871094e+01,2.004108047485351562e+01,2.999999237060546875e+01,2.499999427795410156e+01,1.999999618530273438e+01
9.871999999999999886e+01,2.999668884277343750e+01,2.499230575561523438e+01,2.004111671447753906e+01,2.999999237060546875e+01,2.499999427795410156e+01,1.999999618530273438e+01
9.876000000000000512e+01,2.999688911437988281e+01,2.499246025085449219e+01,2.004115295410156250e+01,2.999999237060546875e+01,2.499999427795410156e+01,1.999999618530273438e+01
9.879999999999999716e+01,2.999708366394042969e+01,2.499261093139648438e+01,2.004118919372558594e+01,2.999999237060546875e+01,2.499999427795410156e+01,1.999999618530273438e+01
9.884000000000000341e+01,2.999727439880371094e+01,2.499275588989257812e+01,2.004122352600097656e+01,2.999999237060546875e+01,2.499999427795410156e+01,1.999999618530273438e+01
9.887999999999999545e+01,2.999745941162109375e+01,2.499289703369140625e+01,2.004125785827636719e+01,2.999999237060546875e+01,2.499999427795410156e+01,1.999999618530273438e+01
9.892000000000000171e+01,2.999764060974121094e+01,2.499303436279296875e+01,2.004129028320312500e+01,2.999999237060546875e+01,2.499999427795410156e+01,1.999999618530273438e+01
9.896000000000000796e+01,2.999781608581542969e+01,2.499316787719726562e+01,2.004132270812988281e+01,2.999999237060546875e+01,2.499999427795410156e+01,1.999999618530273438e+01
9.900000000000000000e+01,2.999798774719238281e+01,2.499329757690429688e+01,2.004135513305664062e+01,2.999999237060546875e+01,2.499999427795410156e+01,1.999999618530273438e+01
9.904000000000000625e+01,2.999815559387207031e+01,2.499342536926269531e+01,2.004138565063476562e+01,2.999999237060546875e+01,2.499999427795410156e+01,1.999999618530273438e+01
9.907999999999999829e+01,2.999831771850585938e+01,2.499354934692382812e+01,2.004141616821289062e+01,2.999999237060546875e+01,2.499999427795410156e+01,1.999999618530273438e+01
9.912000000000000455e+01,2.999847602844238281e+01,2.499366950988769531e+01,2.004144477844238281e+01,2.999999237060546875e+01,2.499999427795410156e+01,1.999999618530273438e+01
9.915999999999999659e+01,2.999863052368164062e+01,2.499378585815429688e+01,2.004147338867187500e+01,2.999999237060546875e+01,2.499999427795410156e+01,1.999999618530273438e+01
9.920000000000000284e+01,2.999878120422363281e+01,2.499389839172363281e+01,2.004150199890136719e+01,2.999999237060546875e+01,2.499999427795410156e+01,1.999999618530273438e+01
9.924000000000000909e+01,2.999892807006835938e+01,2.499400901794433594e+01,2.004152870178222656e+01,2.999999237060546875e+01,2.499999427795410156e+01,1.999999618530273438e+01
9.928000000000000114e+01,2.999907112121582031e+01,2.499411582946777344e+01,2.004155540466308594e+01,2.999999237060546875e+01,2.499999427795410156e+01,1.999999618530273438e+01
9.932000000000000739e+01,2.999921035766601562e+01,2.499421882629394531e+01,2.004158210754394531e+01,2.999999237060546875e+01,2.499999427795410156e+01,1.999999618530273438e+01
9.935999999999999943e+01,2.999934577941894531e+01,2.499431991577148438e+01,2.004160690307617188e+01,2.999999237060546875e+01,2.499999427795410156e+01,1.999999618530273438e+01
9.940000000000000568e+01,2.999947738647460938e+01,2.499441719055175781e+01,2.004163169860839844e+01,2.999999237060546875e+01,2.499999427795410156e+01,1.999999618530273438e+01
9.943999999999999773e+01,2.999960517883300781e+01,2.499451255798339844e+01,2.004165649414062500e+01,2.999999237060546875e+01,2.499999427795410156e+01,1.999999618530273438e+01
9.948000000000000398e+01,2.999972915649414062e+01,2.499460411071777344e+01,2.004168128967285156e+01,2.999999237060546875e+01,2.499999427795410156e+01,1.999999618530273438e+01
9.951999999999999602e+01,2.999984931945800781e+01,2.499469375610351562e+01,2.004170417785644531e+01,2.999999237060546875e+01,2.499999427795410156e+01,1.999999618530273438e+01
9.956000000000000227e+01,2.999996566772460938e+01,2.499477958679199219e+01,2.004172706604003906e+01,2.999999237060546875e+01,2.499999427795410156e+01,1.999999618530273438e+01
9.960000000000000853e+01,3.000008010864257812e+01,2.499486351013183594e+01,2.004174995422363281e+01,2.999999237060546875e+01,2.499999427795410156e+01,1.999999618530273438e+01
9.964000000000000057e+01,3.000019073486328125e+01,2.499494361877441406e+01,2.004177093505859375e+01,2.999999237060546875e+01,2.499999427795410156e+01,1.999999618530273438e+01
9.968000000000000682e+01,3.000029754638671875e+01,2.499502182006835938e+01,2.004179191589355469e+01,2.999999237060546875e+01,2.499999427795410156e+01,1.999999618530273438e+01
9.971999999999999886e+01,3.000040245056152344e+01,2.499509811401367188e+01,2.004181289672851562e+01,2.999999237060546875e+01,2.499999427795410156e+01,1.999999618530273438e+01
9.976000000000000512e+01,3.000050354003906250e+01,2.499517250061035156e+01,2.004183387756347656e+01,2.999999237060546875e+01,2.499999427795410156e+01,1.999999618530273438e+01
9.979999999999999716e+01,3.000060272216796875e+01,2.499524307250976562e+01,2.004185295104980469e+01,2.999999237060546875e+01,2.499999427795410156e+01,1.999999618530273438e+01
9.984000000000000341e+01,3.000069808959960938e+01,2.499531173706054688e+01,2.004187202453613281e+01,2.999999237060546875e+01,2.499999427795410156e+01,1.999999618530273438e+01
9.987999999999999545e+01,3.000079154968261719e+01,2.499537849426269531e+01,2.004189109802246094e+01,2.999999237060546875e+01,2.499999427795410156e+01,1.999999618530273438e+01
9.992000000000000171e+01,3.000088119506835938e+01,2.499544334411621094e+01,2.004191017150878906e+01,2.999999237060546875e+01,2.499999427795410156e+01,1.999999618530273438e+01
9.996000000000000796e+01,3.000096893310546875e+01,2.499550628662109375e+01,2.004192924499511719e+01,2.999999237060546875e+01,2.499999427795410156e+01,1.999999618530273438e+01
1.000000000000000000e+02,3.000105285644531250e+01,2.499556541442871094e+01,2.004194641113281250e+01,2.999999237060546875e+01,2.499999427795410156e+01,1.999999618530273438e+01
1.000400000000000063e+02,3.000113487243652344e+01,2.499562263488769531e+01,2.004196357727050781e+01,2.999999237060546875e+01,2.499999427795410156e+01,1.999999618530273438e+01
1.000799999999999983e+02,3.000121498107910156e+01,2.499567794799804688e+01,2.004198074340820312e+01,2.999999237060546875e+01,2.499999427795410156e+01,1.999999618530273438e+01
1.001200000000000045e+02,3.000129127502441406e+01,2.499573135375976562e+01,2.004199790954589844e+01,2.999999237060546875e+01,2.499999427795410156e+01,1.999999618530273438e+01
1.001599999999999966e+02,3.000136566162109375e+01,2.499578285217285156e+01,2.004201316833496094e+01,2.999999237060546875e+01,2.499999427795410156e+01,1.999999618530273438e+01
1.002000000000000028e+02,3.000143814086914062e+01,2.499583244323730469e+01,2.004202842712402344e+01,2.999999237060546875e+01,2.499999427795410156e+01,1.999999618530273438e+01
1.002400000000000091e+02,3.000150871276855469e+01,2.499588012695312500e+01,2.004204368591308594e+01,2.999999237060546875e+01,2.499999427795410156e+01,1.999999618530273438e+01
1.002800000000000011e+02,3.000157546997070312e+01,2.499592590332031250e+01,2.004205894470214844e+01,2.999999237060546875e+01,2.499999427795410156e+01,1.999999618530273438e+01
1.003200000000000074e+02,3.000164031982421875e+01,2.499596977233886719e+01,2.004207420349121094e+01,2.999999237060546875e+01,2.499999427795410156e+01,1.999999618530273438e+01
1.003599999999999994e+02,3.000170326232910156e+01,2.499601364135742188e+01,2.004208946228027344e+01,2.999999237060546875e+01,2.499999427795410156e+01,1.999999618530273438e+01
1.004000000000000057e+02,3.000176429748535156e+01,2.499605560302734375e+01,2.004210281372070312e+01,2.999999237060546875e+01,2.499999427795410156e+01,1.999999618530273438e+01
1.004399999999999977e+02,3.000182342529296875e+01,2.499609565734863281e+01,2.004211616516113281e+01,2.999999237060546875e+01,2.499999427795410156e+01,1.999999618530273438e+01
1.004800000000000040e+02,3.000188064575195312e+01,2.499613380432128906e+01,2.004212951660156250e+01,2.999999237060546875e+01,2.499999427795410156e+01,1.999999618530273438e+01
1.005199999999999960e+02,3.000193595886230469e+01,2.499617004394531250e+01,2.004214286804199219e+01,2.999999237060546875e+01,2.499999427795410156e+01,1.999999618530273438e+01
1.005600000000000023e+02,3.000198936462402344e+01,2.499620437622070312e+01,2.004215621948242188e+01,2.999999237060546875e+01,2.499999427795410156e+01,1.999999618530273438e+01
1.006000000000000085e+02,3.000204086303710938e+01,2.499623870849609375e+01,2.004216957092285156e+01,2.999999237060546875e+01,2.499999427795410156e+01,1.999999618530273438e+01
1.006400000000000006e+02,3.000209045410156250e+01,2.499627113342285156e+01,2.004218101501464844e+01,2.999999237060546875e+01,2.499999427795410156e+01,1.999999618530273438e+01
1.006800000000000068e+02,3.000213813781738281e+01,2.499630165100097656e+01,2.004219245910644531e+01,2.999999237060546875e+01,2.499999427795410156e+01,1.999999618530273438e+01
1.007199999999999989e+02,3.000218391418457031e+01,2.499633026123046875e+01,2.004220390319824219e+01,2.999999237060546875e+01,2.499999427795410156e+01,1.999999618530273438e+01
1.007600000000000051e+02,3.000222778320312500e+01,2.499635887145996094e+01,2.004221534729003906e+01,2.999999237060546875e+01,2.499999427795410156e+01,1.999999618530273438e+01
1.007999999999999972e+02,3.000226974487304688e+01,2.499638557434082031e+01,2.004222679138183594e+01,2.999999237060546875e+01,2.499999427795410156e+01,1.999999618530273438e+01
1.008400000000000034e+02,3.000231170654296875e+01,2.499641036987304688e+01,2.004223823547363281e+01,2.999999237060546875e+01,2.499999427795410156e+01,1.999999618530273438e+01
1.008799999999999955e+02,3.000235176086425781e+01,2.499643516540527344e+01,2.004224967956542969e+01,2.999999237060546875e+01,2.499999427795410156e+01,1.999999618530273438e+01
1.009200000000000017e+02,3.000238990783691406e+01,2.499645805358886719e+01,2.004225921630859375e+01,2.999999237060546875e+01,2.499999427795410156e+01,1.999999618530273438e+01
1.009600000000000080e+02,3.000242614746093750e+01,2.499648094177246094e+01,2.004226875305175781e+01,2.999999237060546875e+01,2.499999427795410156e+01,1.999999618530273438e+01
1.010000000000000000e+02,3.000246047973632812e+01,2.499650192260742188e+01,2.004227828979492188e+01,2.999999237060546875e+01,2.499999427795410156e+01,1.999999618530273438e+01
1.010400000000000063e+02,3.000249481201171875e+01,2.499652099609375000e+01,2.004228782653808594e+01,2.999999237060546875e+01,2.499999427795410156e+01,1.999999618530273438e+01
1.010799999999999983e+02,3.000252723693847656e+01,2.499654006958007812e+01,2.004229736328125000e+01,2.999999237060546875e+01,2.499999427795410156e+01,1.999999618530273438e+01
1.011200000000000045e+02,3.000255775451660156e+01,2.499655723571777344e+01,2.004230690002441406e+01,2.999999237060546875e+01,2.499999427795410156e+01,1.999999618530273438e+01
1.011599999999999966e+02,3.000258827209472656e+01,2.499657440185546875e+01,2.004231643676757812e+01,2.999999237060546875e+01,2.499999427795410156e+01,1.999999618530273438e+01
1.012000000000000028e+02,3.000261688232421875e+01,2.499658966064453125e+01,2.004232597351074219e+01,2.999999237060546875e+01,2.499999427795410156e+01,1.999999618530273438e+01
1.012400000000000091e+02,3.000264358520507812e+01,2.499660491943359375e+01,2.004233551025390625e+01,2.999999237060546875e+01,2.499999427795410156e+01,1.999999618530273438e+01
1.012800000000000011e+02,3.000267028808593750e+01,2.499661827087402344e+01,2.004234313964843750e+01,2.999999237060546875e+01,2.499999427795410156e+01,1.999999618530273438e+01
1.013200000000000074e+02,3.000269508361816406e+01,2.499663162231445312e+01,2.004235076904296875e+01,2.999999237060546875e+01,2.499999427795410156e+01,1.999999618530273438e+01
1.013599999999999994e+02,3.000271797180175781e+01,2.499664306640625000e+01,2.004235839843750000e+01,2.999999237060546875e+01,2.499999427795410156e+01,1.999999618530273438e+01
1.014000000000000057e+02,3.000274085998535156e+01,2.499665451049804688e+01,2.004236602783203125e+01,2.999999237060546875e+01,2.499999427795410156e+01,1.999999618530273438e+01
1.014399999999999977e+02,3.000276184082031250e+01,2.499666595458984375e+01,2.004237365722656250e+01,2.999999237060546875e+01,2.499999427795410156e+01,1.999999618530273438e+01
1.014800000000000040e+02,3.000278282165527344e+01,2.499667549133300781e+01,2.004238128662109375e+01,2.999999237060546875e+01,2.499999427795410156e+01,1.999999618530273438e+01
1.015199999999999960e+02,3.000280189514160156e+01,2.499668502807617188e+01,2.004238891601562500e+01,2.999999237060546875e+01,2.499999427795410156e+01,1.999999618530273438e+01
1.015600000000000023e+02,3.000282096862792969e+01,2.499669265747070312e+01,2.004239654541015625e+01,2.999999237060546875e+01,2.499999427795410156e+01,1.999999618530273438e+01
1.016000000000000085e+02,3.000283813476562500e+01,2.499670028686523438e+01,2.004240417480468750e+01,2.999999237060546875e+01,2.499999427795410156e+01,1.999999618530273438e+01
1.016400000000000006e+02,3.000285530090332031e+01,2.499670791625976562e+01,2.004241180419921875e+01,2.999999237060546875e+01,2.499999427795410156e+01,1.999999618530273438e+01
1.016800000000000068e+02,3.000287055969238281e+01,2.499671363830566406e+01,2.004241752624511719e+01,2.999999237060546875e+01,2.499999427795410156e+01,1.999999618530273438e+01
1.017199999999999989e+02,3.000288581848144531e+01,2.499671936035156250e+01,2.004242324829101562e+01,2.999999237060546875e+01,2.499999427795410156e+01,1.999999618530273438e+01
1.017600000000000051e+02,3.000289916992187500e+01,2.499672508239746094e+01,2.004242897033691406e+01,2.999999237060546875e+01,2.499999427795410156e+01,1.999999618530273438e+01
1.017999999999999972e+02,3.000291252136230469e+01,2.499672889709472656e+01,2.004243469238281250e+01,2.999999237060546875e+01,2.499999427795410156e+01,1.999999618530273438e+01
1.018400000000000034e+02,3.000292396545410156e+01,2.499673271179199219e+01,2.004244041442871094e+01,2.999999237060546875e+01,2.499999427795410156e+01,1.999999618530273438e+01
1.018799999999999955e+02,3.000293540954589844e+01,2.499673652648925781e+01,2.004244613647460938e+01,2.999999237060546875e+01,2.499999427795410156e+01,1.999999618530273438e+01
1.019200000000000017e+02,3.000294685363769531e+01,2.499673843383789062e+01,2.004245185852050781e+01,2.999999237060546875e+01,2.499999427795410156e+01,1.999999618530273438e+01
1.019600000000000080e+02,3.000295639038085938e+01,2.499674034118652344e+01,2.004245758056640625e+01,2.999999237060546875e+01,2.499999427795410156e+01,1.999999618530273438e+01
1.020000000000000000e+02,3.000296592712402344e+01,2.499674224853515625e+01,2.004246330261230469e+01,2.999999237060546875e+01,2.499999427795410156e+01,1.999999618530273438e+01
1.020400000000000063e+02,3.000297355651855469e+01,2.499674415588378906e+01,2.004246902465820312e+01,2.999999237060546875e+01,2.499999427795410156e+01,1.999999618530273438e+01
1.020799999999999983e+02,3.000298118591308594e+01,2.499674415588378906e+01,2.004247474670410156e+01,2.999999237060546875e+01,2.499999427795410156e+01,1.999999618530273438e+01
1.021200000000000045e+02,3.000298881530761719e+01,2.499674415588378906e+01,2.004248046875000000e+01,2.999999237060546875e+01,2.499999427795410156e+01,1.999999618530273438e+01
1.021599999999999966e+02,3.000299453735351562e+01,2.499674415588378906e+01,2.004248619079589844e+01,2.999999237060546875e+01,2.499999427795410156e+01,1.999999618530273438e+01
1.022000000000000028e+02,3.000300025939941406e+01,2.499674415588378906e+01,2.004249191284179688e+01,2.999999237060546875e+01,2.499999427795410156e+01,1.999999618530273438e+01
1.022400000000000091e+02,3.000300598144531250e+01,2.499674224853515625e+01,2.004249572753906250e+01,2.999999237060546875e+01,2.499999427795410156e+01,1.999999618530273438e+01
1.022800000000000011e+02,3.000301170349121094e+01,2.499674034118652344e+01,2.004249954223632812e+01,2.999999237060546875e+01,2.499999427795410156e+01,1.999999618530273438e+01
1.023200000000000074e+02,3.000301551818847656e+01,2.499673843383789062e+01,2.004250335693359375e+01,2.999999237060546875e+01,2.499999427795410156e+01,1.999999618530273438e+01
1.023599999999999994e+02,3.000301933288574219e+01,2.499673652648925781e+01,2.004250717163085938e+01,2.999999237060546875e+01,2.499999427795410156e+01,1.999999618530273438e+01
1.024000000000000057e+02,3.000302314758300781e+01,2.499673461914062500e+01,2.004251098632812500e+01,2.999999237060546875e+01,2.499999427795410156e+01,1.999999618530273438e+01
1.024399999999999977e+02,3.000302505493164062e+01,2.499673080444335938e+01,2.004251480102539062e+01,2.999999237060546875e+01,2.499999427795410156e+01,1.999999618530273438e+01
1.024800000000000040e+02,3.000302696228027344e+01,2.499672698974609375e+01,2.004251861572265625e+01,2.999999237060546875e+01,2.499999427795410156e+01,1.999999618530273438e+01
1.025199999999999960e+02,3.000302886962890625e+01,2.499672317504882812e+01,2.004252243041992188e+01,2.999999237060546875e+01,2.499999427795410156e+01,1.999999618530273438e+01
1.025600000000000023e+02,3.000303077697753906e+01,2.499671936035156250e+01,2.004252624511718750e+01,2.999999237060546875e+01,2.499999427795410156e+01,1.999999618530273438e+01
1.026000000000000085e+02,3.000303077697753906e+01,2.499671554565429688e+01,2.004253005981445312e+01,2.999999237060546875e+01,2.499999427795410156e+01,1.999999618530273438e+01
1.026400000000000006e+02,3.000303077697753906e+01,2.499671173095703125e+01,2.004253387451171875e+01,2.999999237060546875e+01,2.499999427795410156e+01,1.999999618530273438e+01
1.026800000000000068e+02,3.000303077697753906e+01,2.499670600891113281e+01,2.004253768920898438e+01,2.999999237060546875e+01,2.499999427795410156e+01,1.999999618530273438e+01
1.027199999999999989e+02,3.000303077697753906e+01,2.499670028686523438e+01,2.004254150390625000e+01,2.999999237060546875e+01,2.499999427795410156e+01,1.999999618530273438e+01
1.027600000000000051e+02,3.000303077697753906e+01,2.499669456481933594e+01,2.004254531860351562e+01,2.999999237060546875e+01,2.499999427795410156e+01,1.999999618530273438e+01
1.027999999999999972e+02,3.000302886962890625e+01,2.499668884277343750e+01,2.004254913330078125e+01,2.999999237060546875e+01,2.499999427795410156e+01,1.999999618530273438e+01
1.028400000000000034e+02,3.000302696228027344e+01,2.499668312072753906e+01,2.004255294799804688e+01,2.999999237060546875e+01,2.499999427795410156e+01,1.999999618530273438e+01
1.028799999999999955e+02,3.000302505493164062e+01,2.499667739868164062e+01,2.004255676269531250e+01,2.999999237060546875e+01,2.499999427795410156e+01,1.999999618530273438e+01
1.029200000000000017e+02,3.000302314758300781e+01,2.499667167663574219e+01,2.004256057739257812e+01,2.999999237060546875e+01,2.499999427795410156e+01,1.999999618530273438e+01
1.029600000000000080e+02,3.000302124023437500e+01,2.499666595458984375e+01,2.004256439208984375e+01,2.999999237060546875e+01,2.499999427795410156e+01,1.999999618530273438e+01
1.030000000000000000e+02,3.000301933288574219e+01,2.499665832519531250e+01,2.004256820678710938e+01,2.999999237060546875e+01,2.499999427795410156e+01,1.999999618530273438e+01
1.030400000000000063e+02,3.000301551818847656e+01,2.499665069580078125e+01,2.004257202148437500e+01,2.999999237060546875e+01,2.499999427795410156e+01,1.999999618530273438e+01
1.030799999999999983e+02,3.000301170349121094e+01,2.499664306640625000e+01,2.004257583618164062e+01,2.999999237060546875e+01,2.499999427795410156e+01,1.999999618530273438e+01
1.031200000000000045e+02,3.000300788879394531e+01,2.499663543701171875e+01,2.004257774353027344e+01,2.999999237060546875e+01,2.499999427795410156e+01,1.999999618530273438e+01
1.031599999999999966e+02,3.000300407409667969e+01,2.499662780761718750e+01,2.004257965087890625e+01,2.999999237060546875e+01,2.499999427795410156e+01,1.999999618530273438e+01
1.032000000000000028e+02,3.000300025939941406e+01,2.499662017822265625e+01,2.004258155822753906e+01,2.999999237060546875e+01,2.499999427795410156e+01,1.999999618530273438e+01
1.032400000000000091e+02,3.000299644470214844e+01,2.499661254882812500e+01,2.004258346557617188e+01,2.999999237060546875e+01,2.499999427795410156e+01,1.999999618530273438e+01
1.032800000000000011e+02,3.000299263000488281e+01,2.499660491943359375e+01,2.004258537292480469e+01,2.999999237060546875e+01,2.499999427795410156e+01,1.999999618530273438e+01
1.033200000000000074e+02,3.000298690795898438e+01,2.499659729003906250e+01,2.004258728027343750e+01,2.999999237060546875e+01,2.499999427795410156e+01,1.999999618530273438e+01
1.033599999999999994e+02,3.000298118591308594e+01,2.499658966064453125e+01,2.004258918762207031e+01,2.999999237060546875e+01,2.499999427795410156e+01,1.999999618530273438e+01
1.034000000000000057e+02,3.000297546386718750e+01,2.499658203125000000e+01,2.004259109497070312e+01,2.999999237060546875e+01,2.499999427795410156e+01,1.999999618530273438e+01
1.034399999999999977e+02,3.000296974182128906e+01,2.499657440185546875e+01,2.004259300231933594e+01,2.999999237060546875e+01,2.499999427795410156e+01,1.999999618530273438e+01
1.034800000000000040e+02,3.000296401977539062e+01,2.499656677246093750e+01,2.004259490966796875e+01,2.999999237060546875e+01,2.499999427795410156e+01,1.999999618530273438e+01
1.035199999999999960e+02,3.000295829772949219e+01,2.499655914306640625e+01,2.004259681701660156e+01,2.999999237060546875e+01,2.499999427795410156e+01,1.999999618530273438e+01
1.035600000000000023e+02,3.000295257568359375e+01,2.499654960632324219e+01,2.004259872436523438e+01,2.999999237060546875e+01,2.499999427795410156e+01,1.999999618530273438e+01
1.036000000000000085e+02,3.000294685363769531e+01,2.499654006958007812e+01,2.004260063171386719e+01,2.999999237060546875e+01,2.499999427795410156e+01,1.999999618530273438e+01
1.036400000000000006e+02,3.000294113159179688e+01,2.499653053283691406e+01,2.004260253906250000e+01,2.999999237060546875e+01,2.499999427795410156e+01,1.999999618530273438e+01
1.036800000000000068e+02,3.000293540954589844e+01,2.499652099609375000e+01,2.004260444641113281e+01,2.999999237060546875e+01,2.499999427795410156e+01,1.999999618530273438e+01
1.037199999999999989e+02,3.000292968750000000e+01,2.499651145935058594e+01,2.004260635375976562e+01,2.999999237060546875e+01,2.499999427795410156e+01,1.999999618530273438e+01
1.037600000000000051e+02,3.000292396545410156e+01,2.499650192260742188e+01,2.004260826110839844e+01,2.999999237060546875e+01,2.499999427795410156e+01,1.999999618530273438e+01
1.037999999999999972e+02,3.000291633605957031e+01,2.499649238586425781e+01,2.004261016845703125e+01,2.999999237060546875e+01,2.499999427795410156e+01,1.999999618530273438e+01
1.038400000000000034e+02,3.000290870666503906e+01,2.499648284912109375e+01,2.004261207580566406e+01,2.999999237060546875e+01,2.499999427795410156e+01,1.999999618530273438e+01
1.038799999999999955e+02,3.000290107727050781e+01,2.499647331237792969e+01,2.004261398315429688e+01,2.999999237060546875e+01,2.499999427795410156e+01,1.999999618530273438e+01
1.039200000000000017e+02,3.000289344787597656e+01,2.499646377563476562e+01,2.004261589050292969e+01,2.999999237060546875e+01,2.499999427795410156e+01,1.999999618530273438e+01
1.039600000000000080e+02,3.000288581848144531e+01,2.499645423889160156e+01,2.004261779785156250e+01,2.999999237060546875e+01,2.499999427795410156e+01,1.999999618530273438e+01
1.040000000000000000e+02,3.000287818908691406e+01,2.499644470214843750e+01,2.004261970520019531e+01,2.999999237060546875e+01,2.499999427795410156e+01,1.999999618530273438e+01
1.040400000000000063e+02,3.000287055969238281e+01,2.499643516540527344e+01,2.004262161254882812e+01,2.999999237060546875e+01,2.499999427795410156e+01,1.999999618530273438e+01
1.040799999999999983e+02,3.000286293029785156e+01,2.499642562866210938e+01,2.004262351989746094e+01,2.999999237060546875e+01,2.499999427795410156e+01,1.999999618530273438e+01
1.041200000000000045e+02,3.000285530090332031e+01,2.499641609191894531e+01,2.004262542724609375e+01,2.999999237060546875e+01,2.499999427795410156e+01,1.999999618530273438e+01
1.041599999999999966e+02,3.000284767150878906e+01,2.499640655517578125e+01,2.004262733459472656e+01,2.999999237060546875e+01,2.499999427795410156e+01,1.999999618530273438e+01
1.042000000000000028e+02,3.000284004211425781e+01,2.499639701843261719e+01,2.004262924194335938e+01,2.999999237060546875e+01,2.499999427795410156e+01,1.999999618530273438e+01
1.042400000000000091e+02,3.000283241271972656e+01,2.499638748168945312e+01,2.004263114929199219e+01,2.999999237060546875e+01,2.499999427795410156e+01,1.999999618530273438e+01
1.042800000000000011e+02,3.000282478332519531e+01,2.499637794494628906e+01,2.004263305664062500e+01,2.999999237060546875e+01,2.499999427795410156e+01,1.999999618530273438e+01
1.043200000000000074e+02,3.000281715393066406e+01,2.499636840820312500e+01,2.004263496398925781e+01,2.999999237060546875e+01,2.499999427795410156e+01,1.999999618530273438e+01
1.043599999999999994e+02,3.000280952453613281e+01,2.499635887145996094e+01,2.004263687133789062e+01,2.999999237060546875e+01,2.499999427795410156e+01,1.999999618530273438e+01
1.044000000000000057e+02,3.000280189514160156e+01,2.499634933471679688e+01,2.004263877868652344e+01,2.999999237060546875e+01,2.499999427795410156e+01,1.999999618530273438e+01
1.044399999999999977e+02,3.000279426574707031e+01,2.499633979797363281e+01,2.004264068603515625e+01,2.999999237060546875e+01,2.499999427795410156e+01,1.999999618530273438e+01
1.044800000000000040e+02,3.000278663635253906e+01,2.499633026123046875e+01,2.004264259338378906e+01,2.999999237060546875e+01,2.499999427795410156e+01,1.999999618530273438e+01
1.045199999999999960e+02,3.000277900695800781e+01,2.499632072448730469e+01,2.004264450073242188e+01,2.999999237060546875e+01,2.499999427795410156e+01,1.999999618530273438e+01
1.045600000000000023e+02,3.000277137756347656e+01,2.499631118774414062e+01,2.004264640808105469e+01,2.999999237060546875e+01,2.499999427795410156e+01,1.999999618530273438e+01
1.046000000000000085e+02,3.000276374816894531e+01,2.499630165100097656e+01,2.004264831542968750e+01,2.999999237060546875e+01,2.499999427795410156e+01,1.999999618530273438e+01
1.046400000000000006e+02,3.000275611877441406e+01,2.499629211425781250e+01,2.004265022277832031e+01,2.999999237060546875e+01,2.499999427795410156e+01,1.999999618530273438e+01
1.046800000000000068e+02,3.000274848937988281e+01,2.499628257751464844e+01,2.004265213012695312e+01,2.999999237060546875e+01,2.499999427795410156e+01,1.999999618530273438e+01
1.047199999999999989e+02,3.000274085998535156e+01,2.499627304077148438e+01,2.004265403747558594e+01,2.999999237060546875e+01,2.499999427795410156e+01,1.999999618530273438e+01
1.047600000000000051e+02,3.000273323059082031e+01,2.499626350402832031e+01,2.004265594482421875e+01,2.999999237060546875e+01,2.499999427795410156e+01,1.999999618530273438e+01
1.047999999999999972e+02,3.000272560119628906e+01,2.499625396728515625e+01,2.004265785217285156e+01,2.999999237060546875e+01,2.499999427795410156e+01,1.999999618530273438e+01
1.048400000000000034e+02,3.000271797180175781e+01,2.499624443054199219e+01,2.004265785217285156e+01,2.999999237060546875e+01,2.499999427795410156e+01,1.999999618530273438e+01
1.048799999999999955e+02,3.000271034240722656e+01,2.499623489379882812e+01,2.004265785217285156e+01,2.999999237060546875e+01,2.499999427795410156e+01,1.999999618530273438e+01
1.049200000000000017e+02,3.000270271301269531e+01,2.499622535705566406e+01,2.004265785217285156e+01,2.999999237060546875e+01,2.499999427795410156e+01,1.999999618530273438e+01
1.049600000000000080e+02,3.000269508361816406e+01,2.499621582031250000e+01,2.004265785217285156e+01,2.999999237060546875e+01,2.499999427795410156e+01,1.999999618530273438e+01
1.050000000000000000e+02,3.000268745422363281e+01,2.499620628356933594e+01,2.004265785217285156e+01,2.999999237060546875e+01,2.499999427795410156e+01,1.999999618530273438e+01
1.050400000000000063e+02,3.000267982482910156e+01,2.499619865417480469e+01,2.004265785217285156e+01,2.999999237060546875e+01,2.499999427795410156e+01,1.999999618530273438e+01
1.050799999999999983e+02,3.000267219543457031e+01,2.499619102478027344e+01,2.004265785217285156e+01,2.999999237060546875e+01,2.499999427795410156e+01,1.999999618530273438e+01
1.051200000000000045e+02,3.000266456604003906e+01,2.499618339538574219e+01,2.004265785217285156e+01,2.999999237060546875e+01,2.499999427795410156e+01,1.999999618530273438e+01
1.051599999999999966e+02,3.000265693664550781e+01,2.499617576599121094e+01,2.004265785217285156e+01,2.999999237060546875e+01,2.499999427795410156e+01,1.999999618530273438e+01
1.052000000000000028e+02,3.000264930725097656e+01,2.499616813659667969e+01,2.004265785217285156e+01,2.999999237060546875e+01,2.499999427795410156e+01,1.999999618530273438e+01
1.052400000000000091e+02,3.000264167785644531e+01,2.499616050720214844e+01,2.004265785217285156e+01,2.999999237060546875e+01,2.499999427795410156e+01,1.999999618530273438e+01
1.052800000000000011e+02,3.000263404846191406e+01,2.499615287780761719e+01,2.004265785217285156e+01,2.999999237060546875e+01,2.499999427795410156e+01,1.999999618530273438e+01
1.053200000000000074e+02,3.000262641906738281e+01,2.499614524841308594e+01,2.004265785217285156e+01,2.999999237060546875e+01,2.499999427795410156e+01,1.999999618530273438e+01
1.053599999999999994e+02,3.000261878967285156e+01,2.499613761901855469e+01,2.004265785217285156e+01,2.999999237060546875e+01,2.499999427795410156e+01,1.999999618530273438e+01
1.054000000000000057e+02,3.000261116027832031e+01,2.499612998962402344e+01,2.004265785217285156e+01,2.999999237060546875e+01,2.499999427795410156e+01,1.999999618530273438e+01
1.054399999999999977e+02,3.000260353088378906e+01,2.499612236022949219e+01,2.004265785217285156e+01,2.999999237060546875e+01,2.499999427795410156e+01,1.999999618530273438e+01
1.054800000000000040e+02,3.000259590148925781e+01,2.499611473083496094e+01,2.004265785217285156e+01,2.999999237060546875e+01,2.499999427795410156e+01,1.999999618530273438e+01
1.055199999999999960e+02,3.000258827209472656e+01,2.499610710144042969e+01,2.004265785217285156e+01,2.999999237060546875e+01,2.499999427795410156e+01,1.999999618530273438e+01
1.055600000000000023e+02,3.000258064270019531e+01,2.499609947204589844e+01,2.004265785217285156e+01,2.999999237060546875e+01,2.499999427795410156e+01,1.999999618530273438e+01
1.056000000000000085e+02,3.000257301330566406e+01,2.499609184265136719e+01,2.004265785217285156e+01,2.999999237060546875e+01,2.499999427795410156e+01,1.999999618530273438e+01
1.056400000000000006e+02,3.000256538391113281e+01,2.499608421325683594e+01,2.004265785217285156e+01,2.999999237060546875e+01,2.499999427795410156e+01,1.999999618530273438e+01
1.056800000000000068e+02,3.000255775451660156e+01,2.499607658386230469e+01,2.004265785217285156e+01,2.999999237060546875e+01,2.499999427795410156e+01,1.999999618530273438e+01
1.057199999999999989e+02,3.000255012512207031e+01,2.499606895446777344e+01,2.004265785217285156e+01,2.999999237060546875e+01,2.499999427795410156e+01,1.999999618530273438e+01
1.057600000000000051e+02,3.000254249572753906e+01,2.499606132507324219e+01,2.004265785217285156e+01,2.999999237060546875e+01,2.499999427795410156e+01,1.999999618530273438e+01
1.057999999999999972e+02,3.000253486633300781e+01,2.499605369567871094e+01,2.004265785217285156e+01,2.999999237060546875e+01,2.499999427795410156e+01,1.999999618530273438e+01
1.058400000000000034e+02,3.000252723693847656e+01,2.499604606628417969e+01,2.004265785217285156e+01,2.999999237060546875e+01,2.499999427795410156e+01,1.999999618530273438e+01
1.058799999999999955e+02,3.000251960754394531e+01,2.499603843688964844e+01,2.004265785217285156e+01,2.999999237060546875e+01,2.499999427795410156e+01,1.999999618530273438e+01
1.059200000000000017e+02,3.000251197814941406e+01,2.499603080749511719e+01,2.004265785217285156e+01,2.999999237060546875e+01,2.499999427795410156e+01,1.999999618530273438e+01
1.059600000000000080e+02,3.000250434875488281e+01,2.499602317810058594e+01,2.004265785217285156e+01,2.999999237060546875e+01,2.499999427795410156e+01,1.999999618530273438e+01
1.060000000000000000e+02,3.000249671936035156e+01,2.499601554870605469e+01,2.004265785217285156e+01,2.999999237060546875e+01,2.499999427795410156e+01,1.999999618530273438e+01
1.060400000000000063e+02,3.000248908996582031e+01,2.499600791931152344e+01,2.004265785217285156e+01,2.999999237060546875e+01,2.499999427795410156e+01,1.999999618530273438e+01
1.060799999999999983e+02,3.000248146057128906e+01,2.499600028991699219e+01,2.004265785217285156e+01,2.999999237060546875e+01,2.499999427795410156e+01,1.999999618530273438e+01
1.061200000000000045e+02,3.000247383117675781e+01,2.499599266052246094e+01,2.004265785217285156e+01,2.999999237060546875e+01,2.499999427795410156e+01,1.999999618530273438e+01
1.061599999999999966e+02,3.000246620178222656e+01,2.499598693847656250e+01,2.004265785217285156e+01,2.999999237060546875e+01,2.499999427795410156e+01,1.999999618530273438e+01
1.062000000000000028e+02,3.000246047973632812e+01,2.499598121643066406e+01,2.004265785217285156e+01,2.999999237060546875e+01,2.499999427795410156e+01,1.999999618530273438e+01
1.062400000000000091e+02,3.000245475769042969e+01,2.499597549438476562e+01,2.004265785217285156e+01,2.999999237060546875e+01,2.499999427795410156e+01,1.999999618530273438e+01
1.062800000000000011e+02,3.000244903564453125e+01,2.499596977233886719e+01,2.004265785217285156e+01,2.999999237060546875e+01,2.499999427795410156e+01,1.999999618530273438e+01
1.063200000000000074e+02,3.000244331359863281e+01,2.499596405029296875e+01,2.004265785217285156e+01,2.999999237060546875e+01,2.499999427795410156e+01,1.999999618530273438e+01
1.063599999999999994e+02,3.000243759155273438e+01,2.499595832824707031e+01,2.004265785217285156e+01,2.999999237060546875e+01,2.499999427795410156e+01,1.999999618530273438e+01
1.064000000000000057e+02,3.000243186950683594e+01,2.499595260620117188e+01,2.004265785217285156e+01,2.999999237060546875e+01,2.499999427795410156e+01,1.999999618530273438e+01
1.064399999999999977e+02,3.000242614746093750e+01,2.499594688415527344e+01,2.004265785217285156e+01,2.999999237060546875e+01,2.499999427795410156e+01,1.999999618530273438e+01
1.064800000000000040e+02,3.000242042541503906e+01,2.499594116210937500e+01,2.004265785217285156e+01,2.999999237060546875e+01,2.499999427795410156e+01,1.999999618530273438e+01
1.065199999999999960e+02,3.000241470336914062e+01,2.499593544006347656e+01,2.004265785217285156e+01,2.999999237060546875e+01,2.499999427795410156e+01,1.999999618530273438e+01
1.065600000000000023e+02,3.000240898132324219e+01,2.499592971801757812e+01,2.004265785217285156e+01,2.999999237060546875e+01,2.499999427795410156e+01,1.999999618530273438e+01
1.066000000000000085e+02,3.000240325927734375e+01,2.499592399597167969e+01,2.004265785217285156e+01,2.999999237060546875e+01,2.499999427795410156e+01,1.999999618530273438e+01
1.066400000000000006e+02,3.000239753723144531e+01,2.499591827392578125e+01,2.004265785217285156e+01,2.999999237060546875e+01,2.499999427795410156e+01,1.999999618530273438e+01
1.066800000000000068e+02,3.000239181518554688e+01,2.499591255187988281e+01,2.004265785217285156e+01,2.999999237060546875e+01,2.499999427795410156e+01,1.999999618530273438e+01
1.067199999999999989e+02,3.000238609313964844e+01,2.499590682983398438e+01,2.004265785217285156e+01,2.999999237060546875e+01,2.499999427795410156e+01,1.999999618530273438e+01
1.067600000000000051e+02,3.000238037109375000e+01,2.499590110778808594e+01,2.004265785217285156e+01,2.999999237060546875e+01,2.499999427795410156e+01,1.999999618530273438e+01
1.067999999999999972e+02,3.000237464904785156e+01,2.499589538574218750e+01,2.004265785217285156e+01,2.999999237060546875e+01,2.499999427795410156e+01,1.999999618530273438e+01
1.068400000000000034e+02,3.000236892700195312e+01,2.499588966369628906e+01,2.004265785217285156e+01,2.999999237060546875e+01,2.499999427795410156e+01,1.999999618530273438e+01
1.068799999999999955e+02,3.000236320495605469e+01,2.499588394165039062e+01,2.004265785217285156e+01,2.999999237060546875e+01,2.499999427795410156e+01,1.999999618530273438e+01
1.069200000000000017e+02,3.000235748291015625e+01,2.499587821960449219e+01,2.004265785217285156e+01,2.999999237060546875e+01,2.499999427795410156e+01,1.999999618530273438e+01
1.069600000000000080e+02,3.000235176086425781e+01,2.499587249755859375e+01,2.004265785217285156e+01,2.999999237060546875e+01,2.499999427795410156e+01,1.999999618530273438e+01
1.070000000000000000e+02,3.000234603881835938e+01,2.499586677551269531e+01,2.004265785217285156e+01,2.999999237060546875e+01,2.499999427795410156e+01,1.999999618530273438e+01
1.070400000000000063e+02,3.000234031677246094e+01,2.499586105346679688e+01,2.004265785217285156e+01,2.999999237060546875e+01,2.499999427795410156e+01,1.999999618530273438e+01
1.070799999999999983e+02,3.000233459472656250e+01,2.499585533142089844e+01,2.004265785217285156e+01,2.999999237060546875e+01,2.499999427795410156e+01,1.999999618530273438e+01
1.071200000000000045e+02,3.000232887268066406e+01,2.499584960937500000e+01,2.004265785217285156e+01,2.999999237060546875e+01,2.499999427795410156e+01,1.999999618530273438e+01
1.071599999999999966e+02,3.000232315063476562e+01,2.499584388732910156e+01,2.004265785217285156e+01,2.999999237060546875e+01,2.499999427795410156e+01,1.999999618530273438e+01
1.072000000000000028e+02,3.000231742858886719e+01,2.499583816528320312e+01,2.004265785217285156e+01,2.999999237060546875e+01,2.499999427795410156e+01,1.999999618530273438e+01
1.072400000000000091e+02,3.000231170654296875e+01,2.499583435058593750e+01,2.004265785217285156e+01,2.999999237060546875e+01,2.499999427795410156e+01,1.999999618530273438e+01
1.072800000000000011e+02,3.000230598449707031e+01,2.499583053588867188e+01,2.004265785217285156e+01,2.999999237060546875e+01,2.499999427795410156e+01,1.999999618530273438e+01
1.073200000000000074e+02,3.000230026245117188e+01,2.499582672119140625e+01,2.004265785217285156e+01,2.999999237060546875e+01,2.499999427795410156e+01,1.999999618530273438e+01
1.073599999999999994e+02,3.000229454040527344e+01,2.499582290649414062e+01,2.004265785217285156e+01,2.999999237060546875e+01,2.499999427795410156e+01,1.999999618530273438e+01
1.074000000000000057e+02,3.000229072570800781e+01,2.499581909179687500e+01,2.004265785217285156e+01,2.999999237060546875e+01,2.499999427795410156e+01,1.999999618530273438e+01
1.074399999999999977e+02,3.000228691101074219e+01,2.499581527709960938e+01,2.004265785217285156e+01,2.999999237060546875e+01,2.499999427795410156e+01,1.999999618530273438e+01
1.074800000000000040e+02,3.000228309631347656e+01,2.499581146240234375e+01,2.004265785217285156e+01,2.999999237060546875e+01,2.499999427795410156e+01,1.999999618530273438e+01
1.075199999999999960e+02,3.000227928161621094e+01,2.499580764770507812e+01,2.004265785217285156e+01,2.999999237060546875e+01,2.499999427795410156e+01,1.999999618530273438e+01
1.075600000000000023e+02,3.000227546691894531e+01,2.499580383300781250e+01,2.004265785217285156e+01,2.999999237060546875e+01,2.499999427795410156e+01,1.999999618530273438e+01
1.076000000000000085e+02,3.000227165222167969e+01,2.499580001831054688e+01,2.004265785217285156e+01,2.999999237060546875e+01,2.499999427795410156e+01,1.999999618530273438e+01
1.076400000000000006e+02,3.000226783752441406e+01,2.499579620361328125e+01,2.004265785217285156e+01,2.999999237060546875e+01,2.499999427795410156e+01,1.999999618530273438e+01
1.076800000000000068e+02,3.000226402282714844e+01,2.499579238891601562e+01,2.004265785217285156e+01,2.999999237060546875e+01,2.499999427795410156e+01,1.999999618530273438e+01
1.077199999999999989e+02,3.000226020812988281e+01,2.499578857421875000e+01,2.004265785217285156e+01,2.999999237060546875e+01,2.499999427795410156e+01,1.999999618530273438e+01
1.077600000000000051e+02,3.000225639343261719e+01,2.499578475952148438e+01,2.004265785217285156e+01,2.999999237060546875e+01,2.499999427795410156e+01,1.999999618530273438e+01
1.077999999999999972e+02,3.000225257873535156e+01,2.499578094482421875e+01,2.004265785217285156e+01,2.999999237060546875e+01,2.499999427795410156e+01,1.999999618530273438e+01
1.078400000000000034e+02,3.000224876403808594e+01,2.499577713012695312e+01,2.004265785217285156e+01,2.999999237060546875e+01,2.499999427795410156e+01,1.999999618530273438e+01
1.078799999999999955e+02,3.000224494934082031e+01,2.499577331542968750e+01,2.004265785217285156e+01,2.999999237060546875e+01,2.499999427795410156e+01,1.999999618530273438e+01
1.079200000000000017e+02,3.000224113464355469e+01,2.499576950073242188e+01,2.004265785217285156e+01,2.999999237060546875e+01,2.499999427795410156e+01,1.999999618530273438e+01
1.079600000000000080e+02,3.000223731994628906e+01,2.499576568603515625e+01,2.004265785217285156e+01,2.999999237060546875e+01,2.499999427795410156e+01,1.999999618530273438e+01
1.080000000000000000e+02,3.000223350524902344e+01,2.499576187133789062e+01,2.004265785217285156e+01,2.999999237060546875e+01,2.499999427795410156e+01,1.999999618530273438e+01
1.080400000000000063e+02,3.000222969055175781e+01,2.499575805664062500e+01,2.004265785217285156e+01,2.999999237060546875e+01,2.499999427795410156e+01,1.999999618530273438e+01
1.080799999999999983e+02,3.000222587585449219e+01,2.499575424194335938e+01,2.004265785217285156e+01,2.999999237060546875e+01,2.499999427795410156e+01,1.999999618530273438e+01
1.081200000000000045e+02,3.000222206115722656e+01,2.499575042724609375e+01,2.004265785217285156e+01,2.999999237060546875e+01,2.499999427795410156e+01,1.999999618530273438e+01
1.081599999999999966e+02,3.000221824645996094e+01,2.499574661254882812e+01,2.004265785217285156e+01,2.999999237060546875e+01,2.499999427795410156e+01,1.999999618530273438e+01
1.082000000000000028e+02,3.000221443176269531e+01,2.499574279785156250e+01,2.004265785217285156e+01,2.999999237060546875e+01,2.499999427795410156e+01,1.999999618530273438e+01
1.082400000000000091e+02,3.000221061706542969e+01,2.499573898315429688e+01,2.004265785217285156e+01,2.999999237060546875e+01,2.499999427795410156e+01,1.999999618530273438e+01
1.082800000000000011e+02,3.000220680236816406e+01,2.499573516845703125e+01,2.004265785217285156e+01,2.999999237060546875e+01,2.499999427795410156e+01,1.999999618530273438e+01
1.083200000000000074e+02,3.000220298767089844e+01,2.499573135375976562e+01,2.004265785217285156e+01,2.999999237060546875e+01,2.499999427795410156e+01,1.999999618530273438e+01
1.083599999999999994e+02,3.000219917297363281e+01,2.499572753906250000e+01,2.004265785217285156e+01,2.999999237060546875e+01,2.499999427795410156e+01,1.999999618530273438e+01
1.084000000000000057e+02,3.000219535827636719e+01,2.499572372436523438e+01,2.004265785217285156e+01,2.999999237060546875e+01,2.499999427795410156e+01,1.999999618530273438e+01
1.084399999999999977e+02,3.000219154357910156e+01,2.499571990966796875e+01,2.004265785217285156e+01,2.999999237060546875e+01,2.499999427795410156e+01,1.999999618530273438e+01
1.084800000000000040e+02,3.000218772888183594e+01,2.499571609497070312e+01,2.004265785217285156e+01,2.999999237060546875e+01,2.499999427795410156e+01,1.999999618530273438e+01
1.085199999999999960e+02,3.000218391418457031e+01,2.499571228027343750e+01,2.004265785217285156e+01,2.999999237060546875e+01,2.499999427795410156e+01,1.999999618530273438e+01
1.085600000000000023e+02,3.000218009948730469e+01,2.499571037292480469e+01,2.004265785217285156e+01,2.999999237060546875e+01,2.499999427795410156e+01,1.999999618530273438e+01
1.086000000000000085e+02,3.000217628479003906e+01,2.499570846557617188e+01,2.004265785217285156e+01,2.999999237060546875e+01,2.499999427795410156e+01,1.999999618530273438e+01
1.086400000000000006e+02,3.000217247009277344e+01,2.499570655822753906e+01,2.004265785217285156e+01,2.999999237060546875e+01,2.499999427795410156e+01,1.999999618530273438e+01
1.086800000000000068e+02,3.000216865539550781e+01,2.499570465087890625e+01,2.004265785217285156e+01,2.999999237060546875e+01,2.499999427795410156e+01,1.999999618530273438e+01
1.087199999999999989e+02,3.000216484069824219e+01,2.499570274353027344e+01,2.004265785217285156e+01,2.999999237060546875e+01,2.499999427795410156e+01,1.999999618530273438e+01
1.087600000000000051e+02,3.000216102600097656e+01,2.499570083618164062e+01,2.004265785217285156e+01,2.999999237060546875e+01,2.499999427795410156e+01,1.999999618530273438e+01
1.087999999999999972e+02,3.000215911865234375e+01,2.499569892883300781e+01,2.004265785217285156e+01,2.999999237060546875e+01,2.499999427795410156e+01,1.999999618530273438e+01
1.088400000000000034e+02,3.000215721130371094e+01,2.499569702148437500e+01,2.004265785217285156e+01,2.999999237060546875e+01,2.499999427795410156e+01,1.999999618530273438e+01
1.088799999999999955e+02,3.000215530395507812e+01,2.499569511413574219e+01,2.004265785217285156e+01,2.999999237060546875e+01,2.499999427795410156e+01,1.999999618530273438e+01
1.089200000000000017e+02,3.000215339660644531e+01,2.499569320678710938e+01,2.004265785217285156e+01,2.999999237060546875e+01,2.499999427795410156e+01,1.999999618530273438e+01
1.089600000000000080e+02,3.000215148925781250e+01,2.499569129943847656e+01,2.004265785217285156e+01,2.999999237060546875e+01,2.499999427795410156e+01,1.999999618530273438e+01
1.090000000000000000e+02,3.000214958190917969e+01,2.499568939208984375e+01,2.004265785217285156e+01,2.999999237060546875e+01,2.499999427795410156e+01,1.999999618530273438e+01
1.090400000000000063e+02,3.000214767456054688e+01,2.499568748474121094e+01,2.004265785217285156e+01,2.999999237060546875e+01,2.499999427795410156e+01,1.999999618530273438e+01
1.090799999999999983e+02,3.000214576721191406e+01,2.499568557739257812e+01,2.004265785217285156e+01,2.999999237060546875e+01,2.499999427795410156e+01,1.999999618530273438e+01
1.091200000000000045e+02,3.000214385986328125e+01,2.499568367004394531e+01,2.004265785217285156e+01,2.999999237060546875e+01,2.499999427795410156e+01,1.999999618530273438e+01
1.091599999999999966e+02,3.000214195251464844e+01,2.499568176269531250e+01,2.004265785217285156e+01,2.999999237060546875e+01,2.499999427795410156e+01,1.999999618530273438e+01
1.092000000000000028e+02,3.000214004516601562e+01,2.499567985534667969e+01,2.004265785217285156e+01,2.999999237060546875e+01,2.499999427795410156e+01,1.999999618530273438e+01
1.092400000000000091e+02,3.000213813781738281e+01,2.499567794799804688e+01,2.004265785217285156e+01,2.999999237060546875e+01,2.499999427795410156e+01,1.999999618530273438e+01
1.092800000000000011e+02,3.000213623046875000e+01,2.499567604064941406e+01,2.004265785217285156e+01,2.999999237060546875e+01,2.499999427795410156e+01,1.999999618530273438e+01
1.093200000000000074e+02,3.000213432312011719e+01,2.499567413330078125e+01,2.004265785217285156e+01,2.999999237060546875e+01,2.499999427795410156e+01,1.999999618530273438e+01
1.093599999999999994e+02,3.000213241577148438e+01,2.499567222595214844e+01,2.004265785217285156e+01,2.999999237060546875e+01,2.499999427795410156e+01,1.999999618530273438e+01
1.094000000000000057e+02,3.000213050842285156e+01,2.499567031860351562e+01,2.004265785217285156e+01,2.999999237060546875e+01,2.499999427795410156e+01,1.999999618530273438e+01
1.094399999999999977e+02,3.000212860107421875e+01,2.499566841125488281e+01,2.004265785217285156e+01,2.999999237060546875e+01,2.499999427795410156e+01,1.999999618530273438e+01
1.094800000000000040e+02,3.000212669372558594e+01,2.499566650390625000e+01,2.004265785217285156e+01,2.999999237060546875e+01,2.499999427795410156e+01,1.999999618530273438e+01
1.095199999999999960e+02,3.000212478637695312e+01,2.499566459655761719e+01,2.004265785217285156e+01,2.999999237060546875e+01,2.499999427795410156e+01,1.999999618530273438e+01
1.095600000000000023e+02,3.000212287902832031e+01,2.499566268920898438e+01,2.004265785217285156e+01,2.999999237060546875e+01,2.499999427795410156e+01,1.999999618530273438e+01
1.096000000000000085e+02,3.000212097167968750e+01,2.499566078186035156e+01,2.004265785217285156e+01,2.999999237060546875e+01,2.499999427795410156e+01,1.999999618530273438e+01
1.096400000000000006e+02,3.000211906433105469e+01,2.499565887451171875e+01,2.004265785217285156e+01,2.999999237060546875e+01,2.499999427795410156e+01,1.999999618530273438e+01
1.096800000000000068e+02,3.000211715698242188e+01,2.499565696716308594e+01,2.004265785217285156e+01,2.999999237060546875e+01,2.499999427795410156e+01,1.999999618530273438e+01
1.097199999999999989e+02,3.000211524963378906e+01,2.499565505981445312e+01,2.004265785217285156e+01,2.999999237060546875e+01,2.499999427795410156e+01,1.999999618530273438e+01
1.097600000000000051e+02,3.000211334228515625e+01,2.499565315246582031e+01,2.004265785217285156e+01,2.999999237060546875e+01,2.499999427795410156e+01,1.999999618530273438e+01
1.097999999999999972e+02,3.000211143493652344e+01,2.499565124511718750e+01,2.004265785217285156e+01,2.999999237060546875e+01,2.499999427795410156e+01,1.999999618530273438e+01
1.098400000000000034e+02,3.000210952758789062e+01,2.499564933776855469e+01,2.004265785217285156e+01,2.999999237060546875e+01,2.499999427795410156e+01,1.999999618530273438e+01
1.098799999999999955e+02,3.000210762023925781e+01,2.499564743041992188e+01,2.004265785217285156e+01,2.999999237060546875e+01,2.499999427795410156e+01,1.999999618530273438e+01
1.099200000000000017e+02,3.000210571289062500e+01,2.499564552307128906e+01,2.004265785217285156e+01,2.999999237060546875e+01,2.499999427795410156e+01,1.999999618530273438e+01
1.099600000000000080e+02,3.000210380554199219e+01,2.499564361572265625e+01,2.004265785217285156e+01,2.999999237060546875e+01,2.499999427795410156e+01,1.999999618530273438e+01
1.100000000000000000e+02,3.000210189819335938e+01,2.499564170837402344e+01,2.004265785217285156e+01,2.999999237060546875e+01,2.499999427795410156e+01,1.999999618530273438e+01
1.100400000000000063e+02,3.000209999084472656e+01,2.499563980102539062e+01,2.004265785217285156e+01,2.999999237060546875e+01,2.499999427795410156e+01,1.999999618530273438e+01
1.100799999999999983e+02,3.000209808349609375e+01,2.499563789367675781e+01,2.004265785217285156e+01,2.999999237060546875e+01,2.499999427795410156e+01,1.999999618530273438e+01
1.101200000000000045e+02,3.000209617614746094e+01,2.499563598632812500e+01,2.004265785217285156e+01,2.999999237060546875e+01,2.499999427795410156e+01,1.999999618530273438e+01
1.101599999999999966e+02,3.000209426879882812e+01,2.499563407897949219e+01,2.004265785217285156e+01,2.999999237060546875e+01,2.499999427795410156e+01,1.999999618530273438e+01
1.102000000000000028e+02,3.000209236145019531e+01,2.499563217163085938e+01,2.004265785217285156e+01,2.999999237060546875e+01,2.499999427795410156e+01,1.999999618530273438e+01
1.102400000000000091e+02,3.000209045410156250e+01,2.499563026428222656e+01,2.004265785217285156e+01,2.999999237060546875e+01,2.499999427795410156e+01,1.999999618530273438e+01
1.102800000000000011e+02,3.000208854675292969e+01,2.499562835693359375e+01,2.004265785217285156e+01,2.999999237060546875e+01,2.499999427795410156e+01,1.999999618530273438e+01
1.103200000000000074e+02,3.000208663940429688e+01,2.499562644958496094e+01,2.004265785217285156e+01,2.999999237060546875e+01,2.499999427795410156e+01,1.999999618530273438e+01
1.103599999999999994e+02,3.000208473205566406e+01,2.499562454223632812e+01,2.004265785217285156e+01,2.999999237060546875e+01,2.499999427795410156e+01,1.999999618530273438e+01
1.104000000000000057e+02,3.000208282470703125e+01,2.499562263488769531e+01,2.004265785217285156e+01,2.999999237060546875e+01,2.499999427795410156e+01,1.999999618530273438e+01
1.104399999999999977e+02,3.000208091735839844e+01,2.499562072753906250e+01,2.004265785217285156e+01,2.999999237060546875e+01,2.499999427795410156e+01,1.999999618530273438e+01
1.104800000000000040e+02,3.000207901000976562e+01,2.499561882019042969e+01,2.004265785217285156e+01,2.999999237060546875e+01,2.499999427795410156e+01,1.999999618530273438e+01
1.105199999999999960e+02,3.000207710266113281e+01,2.499561691284179688e+01,2.004265785217285156e+01,2.999999237060546875e+01,2.499999427795410156e+01,1.999999618530273438e+01
1.105600000000000023e+02,3.000207519531250000e+01,2.499561500549316406e+01,2.004265785217285156e+01,2.999999237060546875e+01,2.499999427795410156e+01,1.999999618530273438e+01
1.106000000000000085e+02,3.000207328796386719e+01,2.499561309814453125e+01,2.004265785217285156e+01,2.999999237060546875e+01,2.499999427795410156e+01,1.999999618530273438e+01
1.106400000000000006e+02,3.000207138061523438e+01,2.499561119079589844e+01,2.004265785217285156e+01,2.999999237060546875e+01,2.499999427795410156e+01,1.999999618530273438e+01
1.106800000000000068e+02,3.000206947326660156e+01,2.499560928344726562e+01,2.004265785217285156e+01,2.999999237060546875e+01,2.499999427795410156e+01,1.999999618530273438e+01
1.107199999999999989e+02,3.000206756591796875e+01,2.499560737609863281e+01,2.004265785217285156e+01,2.999999237060546875e+01,2.499999427795410156e+01,1.999999618530273438e+01
1.107600000000000051e+02,3.000206565856933594e+01,2.499560737609863281e+01,2.004265785217285156e+01,2.999999237060546875e+01,2.499999427795410156e+01,1.999999618530273438e+01
1.107999999999999972e+02,3.000206375122070312e+01,2.499560737609863281e+01,2.004265785217285156e+01,2.999999237060546875e+01,2.499999427795410156e+01,1.999999618530273438e+01
1.108400000000000034e+02,3.000206184387207031e+01,2.499560737609863281e+01,2.004265785217285156e+01,2.999999237060546875e+01,2.499999427795410156e+01,1.999999618530273438e+01
1.108799999999999955e+02,3.000205993652343750e+01,2.499560737609863281e+01,2.004265785217285156e+01,2.999999237060546875e+01,2.499999427795410156e+01,1.999999618530273438e+01
1.109200000000000017e+02,3.000205802917480469e+01,2.499560737609863281e+01,2.004265785217285156e+01,2.999999237060546875e+01,2.499999427795410156e+01,1.999999618530273438e+01
1.109600000000000080e+02,3.000205612182617188e+01,2.499560737609863281e+01,2.004265785217285156e+01,2.999999237060546875e+01,2.499999427795410156e+01,1.999999618530273438e+01
1.110000000000000000e+02,3.000205421447753906e+01,2.499560737609863281e+01,2.004265785217285156e+01,2.999999237060546875e+01,2.499999427795410156e+01,1.999999618530273438e+01
1.110400000000000063e+02,3.000205230712890625e+01,2.499560737609863281e+01,2.004265785217285156e+01,2.999999237060546875e+01,2.499999427795410156e+01,1.999999618530273438e+01
1.110799999999999983e+02,3.000205039978027344e+01,2.499560737609863281e+01,2.004265785217285156e+01,2.999999237060546875e+01,2.499999427795410156e+01,1.999999618530273438e+01
1.111200000000000045e+02,3.000205039978027344e+01,2.499560737609863281e+01,2.004265785217285156e+01,2.999999237060546875e+01,2.499999427795410156e+01,1.999999618530273438e+01
1.111599999999999966e+02,3.000205039978027344e+01,2.499560737609863281e+01,2.004265785217285156e+01,2.999999237060546875e+01,2.499999427795410156e+01,1.999999618530273438e+01
1.112000000000000028e+02,3.000205039978027344e+01,2.499560737609863281e+01,2.004265785217285156e+01,2.999999237060546875e+01,2.499999427795410156e+01,1.999999618530273438e+01
1.112400000000000091e+02,3.000205039978027344e+01,2.499560737609863281e+01,2.004265785217285156e+01,2.999999237060546875e+01,2.499999427795410156e+01,1.999999618530273438e+01
1.112800000000000011e+02,3.000205039978027344e+01,2.499560737609863281e+01,2.004265785217285156e+01,2.999999237060546875e+01,2.499999427795410156e+01,1.999999618530273438e+01
1.113200000000000074e+02,3.000205039978027344e+01,2.499560737609863281e+01,2.004265785217285156e+01,2.999999237060546875e+01,2.499999427795410156e+01,1.999999618530273438e+01
1.113599999999999994e+02,3.000205039978027344e+01,2.499560737609863281e+01,2.004265785217285156e+01,2.999999237060546875e+01,2.499999427795410156e+01,1.999999618530273438e+01
1.114000000000000057e+02,3.000205039978027344e+01,2.499560737609863281e+01,2.004265785217285156e+01,2.999999237060546875e+01,2.499999427795410156e+01,1.999999618530273438e+01
1.114399999999999977e+02,3.000205039978027344e+01,2.499560737609863281e+01,2.004265785217285156e+01,2.999999237060546875e+01,2.499999427795410156e+01,1.999999618530273438e+01
1.114800000000000040e+02,3.000205039978027344e+01,2.499560737609863281e+01,2.004265785217285156e+01,2.999999237060546875e+01,2.499999427795410156e+01,1.999999618530273438e+01
1.115199999999999960e+02,3.000205039978027344e+01,2.499560737609863281e+01,2.004265785217285156e+01,2.999999237060546875e+01,2.499999427795410156e+01,1.999999618530273438e+01
1.115600000000000023e+02,3.000205039978027344e+01,2.499560737609863281e+01,2.004265785217285156e+01,2.999999237060546875e+01,2.499999427795410156e+01,1.999999618530273438e+01
1.116000000000000085e+02,3.000205039978027344e+01,2.499560737609863281e+01,2.004265785217285156e+01,2.999999237060546875e+01,2.499999427795410156e+01,1.999999618530273438e+01
1.116400000000000006e+02,3.000205039978027344e+01,2.499560737609863281e+01,2.004265785217285156e+01,2.999999237060546875e+01,2.499999427795410156e+01,1.999999618530273438e+01
1.116800000000000068e+02,3.000205039978027344e+01,2.499560737609863281e+01,2.004265785217285156e+01,2.999999237060546875e+01,2.499999427795410156e+01,1.999999618530273438e+01
1.117199999999999989e+02,3.000205039978027344e+01,2.499560737609863281e+01,2.004265785217285156e+01,2.999999237060546875e+01,2.499999427795410156e+01,1.999999618530273438e+01
1.117600000000000051e+02,3.000205039978027344e+01,2.499560737609863281e+01,2.004265785217285156e+01,2.999999237060546875e+01,2.499999427795410156e+01,1.999999618530273438e+01
1.117999999999999972e+02,3.000205039978027344e+01,2.499560737609863281e+01,2.004265785217285156e+01,2.999999237060546875e+01,2.499999427795410156e+01,1.999999618530273438e+01
1.118400000000000034e+02,3.000205039978027344e+01,2.499560737609863281e+01,2.004265785217285156e+01,2.999999237060546875e+01,2.499999427795410156e+01,1.999999618530273438e+01
1.118799999999999955e+02,3.000205039978027344e+01,2.499560737609863281e+01,2.004265785217285156e+01,2.999999237060546875e+01,2.499999427795410156e+01,1.999999618530273438e+01
1.119200000000000017e+02,3.000205039978027344e+01,2.499560737609863281e+01,2.004265785217285156e+01,2.999999237060546875e+01,2.499999427795410156e+01,1.999999618530273438e+01
1.119600000000000080e+02,3.000205039978027344e+01,2.499560737609863281e+01,2.004265785217285156e+01,2.999999237060546875e+01,2.499999427795410156e+01,1.999999618530273438e+01
1.120000000000000000e+02,3.000205039978027344e+01,2.499560737609863281e+01,2.004265785217285156e+01,2.999999237060546875e+01,2.499999427795410156e+01,1.999999618530273438e+01
1.120400000000000063e+02,3.000205039978027344e+01,2.499560737609863281e+01,2.004265785217285156e+01,2.999999237060546875e+01,2.499999427795410156e+01,1.999999618530273438e+01
1.120799999999999983e+02,3.000205039978027344e+01,2.499560737609863281e+01,2.004265785217285156e+01,2.999999237060546875e+01,2.499999427795410156e+01,1.999999618530273438e+01
1.121200000000000045e+02,3.000205039978027344e+01,2.499560737609863281e+01,2.004265785217285156e+01,2.999999237060546875e+01,2.499999427795410156e+01,1.999999618530273438e+01
1.121599999999999966e+02,3.000205039978027344e+01,2.499560737609863281e+01,2.004265785217285156e+01,2.999999237060546875e+01,2.499999427795410156e+01,1.999999618530273438e+01
1.122000000000000028e+02,3.000205039978027344e+01,2.499560737609863281e+01,2.004265785217285156e+01,2.999999237060546875e+01,2.499999427795410156e+01,1.999999618530273438e+01
1.122400000000000091e+02,3.000205039978027344e+01,2.499560737609863281e+01,2.004265785217285156e+01,2.999999237060546875e+01,2.499999427795410156e+01,1.999999618530273438e+01
1.122800000000000011e+02,3.000205039978027344e+01,2.499560737609863281e+01,2.004265785217285156e+01,2.999999237060546875e+01,2.499999427795410156e+01,1.999999618530273438e+01
1.123200000000000074e+02,3.000205039978027344e+01,2.499560737609863281e+01,2.004265785217285156e+01,2.999999237060546875e+01,2.499999427795410156e+01,1.999999618530273438e+01
1.123599999999999994e+02,3.000205039978027344e+01,2.499560737609863281e+01,2.004265785217285156e+01,2.999999237060546875e+01,2.499999427795410156e+01,1.999999618530273438e+01
1.124000000000000057e+02,3.000205039978027344e+01,2.499560737609863281e+01,2.004265785217285156e+01,2.999999237060546875e+01,2.499999427795410156e+01,1.999999618530273438e+01
1.124399999999999977e+02,3.000205039978027344e+01,2.499560737609863281e+01,2.004265785217285156e+01,2.999999237060546875e+01,2.499999427795410156e+01,1.999999618530273438e+01
1.124800000000000040e+02,3.000205039978027344e+01,2.499560737609863281e+01,2.004265785217285156e+01,2.999999237060546875e+01,2.499999427795410156e+01,1.999999618530273438e+01
1.125199999999999960e+02,3.000205039978027344e+01,2.499560737609863281e+01,2.004265785217285156e+01,2.999999237060546875e+01,2.499999427795410156e+01,1.999999618530273438e+01
1.125600000000000023e+02,3.000205039978027344e+01,2.499560737609863281e+01,2.004265785217285156e+01,2.999999237060546875e+01,2.499999427795410156e+01,1.999999618530273438e+01
1.126000000000000085e+02,3.000205039978027344e+01,2.499560737609863281e+01,2.004265785217285156e+01,2.999999237060546875e+01,2.499999427795410156e+01,1.999999618530273438e+01
1.126400000000000006e+02,3.000205039978027344e+01,2.499560737609863281e+01,2.004265785217285156e+01,2.999999237060546875e+01,2.499999427795410156e+01,1.999999618530273438e+01
1.126800000000000068e+02,3.000205039978027344e+01,2.499560737609863281e+01,2.004265785217285156e+01,2.999999237060546875e+01,2.499999427795410156e+01,1.999999618530273438e+01
1.127199999999999989e+02,3.000205039978027344e+01,2.499560737609863281e+01,2.004265785217285156e+01,2.999999237060546875e+01,2.499999427795410156e+01,1.999999618530273438e+01
1.127600000000000051e+02,3.000205039978027344e+01,2.499560737609863281e+01,2.004265785217285156e+01,2.999999237060546875e+01,2.499999427795410156e+01,1.999999618530273438e+01
1.127999999999999972e+02,3.000205039978027344e+01,2.499560737609863281e+01,2.004265785217285156e+01,2.999999237060546875e+01,2.499999427795410156e+01,1.999999618530273438e+01
1.128400000000000034e+02,3.000205039978027344e+01,2.499560737609863281e+01,2.004265785217285156e+01,2.999999237060546875e+01,2.499999427795410156e+01,1.999999618530273438e+01
1.128799999999999955e+02,3.000205039978027344e+01,2.499560737609863281e+01,2.004265785217285156e+01,2.999999237060546875e+01,2.499999427795410156e+01,1.999999618530273438e+01
1.129200000000000017e+02,3.000205039978027344e+01,2.499560737609863281e+01,2.004265785217285156e+01,2.999999237060546875e+01,2.499999427795410156e+01,1.999999618530273438e+01
1.129600000000000080e+02,3.000205039978027344e+01,2.499560737609863281e+01,2.004265785217285156e+01,2.999999237060546875e+01,2.499999427795410156e+01,1.999999618530273438e+01
1.130000000000000000e+02,3.000205039978027344e+01,2.499560737609863281e+01,2.004265785217285156e+01,2.999999237060546875e+01,2.499999427795410156e+01,1.999999618530273438e+01
1.130400000000000063e+02,3.000205039978027344e+01,2.499560737609863281e+01,2.004265785217285156e+01,2.999999237060546875e+01,2.499999427795410156e+01,1.999999618530273438e+01
1.130799999999999983e+02,3.000205039978027344e+01,2.499560737609863281e+01,2.004265785217285156e+01,2.999999237060546875e+01,2.499999427795410156e+01,1.999999618530273438e+01
1.131200000000000045e+02,3.000205039978027344e+01,2.499560737609863281e+01,2.004265785217285156e+01,2.999999237060546875e+01,2.499999427795410156e+01,1.999999618530273438e+01
1.131599999999999966e+02,3.000205039978027344e+01,2.499560737609863281e+01,2.004265785217285156e+01,2.999999237060546875e+01,2.499999427795410156e+01,1.999999618530273438e+01
1.132000000000000028e+02,3.000205039978027344e+01,2.499560737609863281e+01,2.004265785217285156e+01,2.999999237060546875e+01,2.499999427795410156e+01,1.999999618530273438e+01
1.132400000000000091e+02,3.000205039978027344e+01,2.499560737609863281e+01,2.004265785217285156e+01,2.999999237060546875e+01,2.499999427795410156e+01,1.999999618530273438e+01
1.132800000000000011e+02,3.000205039978027344e+01,2.499560737609863281e+01,2.004265785217285156e+01,2.999999237060546875e+01,2.499999427795410156e+01,1.999999618530273438e+01
1.133200000000000074e+02,3.000205039978027344e+01,2.499560737609863281e+01,2.004265785217285156e+01,2.999999237060546875e+01,2.499999427795410156e+01,1.999999618530273438e+01
1.133599999999999994e+02,3.000205039978027344e+01,2.499560737609863281e+01,2.004265785217285156e+01,2.999999237060546875e+01,2.499999427795410156e+01,1.999999618530273438e+01
1.134000000000000057e+02,3.000205039978027344e+01,2.499560737609863281e+01,2.004265785217285156e+01,2.999999237060546875e+01,2.499999427795410156e+01,1.999999618530273438e+01
1.134399999999999977e+02,3.000205039978027344e+01,2.499560737609863281e+01,2.004265785217285156e+01,2.999999237060546875e+01,2.499999427795410156e+01,1.999999618530273438e+01
1.134800000000000040e+02,3.000205039978027344e+01,2.499560737609863281e+01,2.004265785217285156e+01,2.999999237060546875e+01,2.499999427795410156e+01,1.999999618530273438e+01
1.135199999999999960e+02,3.000205039978027344e+01,2.499560737609863281e+01,2.004265785217285156e+01,2.999999237060546875e+01,2.499999427795410156e+01,1.999999618530273438e+01
1.135600000000000023e+02,3.000205039978027344e+01,2.499560737609863281e+01,2.004265785217285156e+01,2.999999237060546875e+01,2.499999427795410156e+01,1.999999618530273438e+01
1.136000000000000085e+02,3.000205039978027344e+01,2.499560737609863281e+01,2.004265785217285156e+01,2.999999237060546875e+01,2.499999427795410156e+01,1.999999618530273438e+01
1.136400000000000006e+02,3.000205039978027344e+01,2.499560737609863281e+01,2.004265785217285156e+01,2.999999237060546875e+01,2.499999427795410156e+01,1.999999618530273438e+01
1.136800000000000068e+02,3.000205039978027344e+01,2.499560737609863281e+01,2.004265785217285156e+01,2.999999237060546875e+01,2.499999427795410156e+01,1.999999618530273438e+01
1.137199999999999989e+02,3.000205039978027344e+01,2.499560737609863281e+01,2.004265785217285156e+01,2.999999237060546875e+01,2.499999427795410156e+01,1.999999618530273438e+01
1.137600000000000051e+02,3.000205039978027344e+01,2.499560737609863281e+01,2.004265785217285156e+01,2.999999237060546875e+01,2.499999427795410156e+01,1.999999618530273438e+01
1.137999999999999972e+02,3.000205039978027344e+01,2.499560737609863281e+01,2.004265785217285156e+01,2.999999237060546875e+01,2.499999427795410156e+01,1.999999618530273438e+01
1.138400000000000034e+02,3.000205039978027344e+01,2.499560737609863281e+01,2.004265785217285156e+01,2.999999237060546875e+01,2.499999427795410156e+01,1.999999618530273438e+01
1.138799999999999955e+02,3.000205039978027344e+01,2.499560737609863281e+01,2.004265785217285156e+01,2.999999237060546875e+01,2.499999427795410156e+01,1.999999618530273438e+01
1.139200000000000017e+02,3.000205039978027344e+01,2.499560737609863281e+01,2.004265785217285156e+01,2.999999237060546875e+01,2.499999427795410156e+01,1.999999618530273438e+01
1.139600000000000080e+02,3.000205039978027344e+01,2.499560737609863281e+01,2.004265785217285156e+01,2.999999237060546875e+01,2.499999427795410156e+01,1.999999618530273438e+01
1.140000000000000000e+02,3.000205039978027344e+01,2.499560737609863281e+01,2.004265785217285156e+01,2.999999237060546875e+01,2.499999427795410156e+01,1.999999618530273438e+01
1.140400000000000063e+02,3.000205039978027344e+01,2.499560737609863281e+01,2.004265785217285156e+01,2.999999237060546875e+01,2.499999427795410156e+01,1.999999618530273438e+01
1.140799999999999983e+02,3.000205039978027344e+01,2.499560737609863281e+01,2.004265785217285156e+01,2.999999237060546875e+01,2.499999427795410156e+01,1.999999618530273438e+01
1.141200000000000045e+02,3.000205039978027344e+01,2.499560737609863281e+01,2.004265785217285156e+01,2.999999237060546875e+01,2.499999427795410156e+01,1.999999618530273438e+01
1.141599999999999966e+02,3.000205039978027344e+01,2.499560737609863281e+01,2.004265785217285156e+01,2.999999237060546875e+01,2.499999427795410156e+01,1.999999618530273438e+01
1.142000000000000028e+02,3.000205039978027344e+01,2.499560737609863281e+01,2.004265785217285156e+01,2.999999237060546875e+01,2.499999427795410156e+01,1.999999618530273438e+01
1.142400000000000091e+02,3.000205039978027344e+01,2.499560737609863281e+01,2.004265785217285156e+01,2.999999237060546875e+01,2.499999427795410156e+01,1.999999618530273438e+01
1.142800000000000011e+02,3.000205039978027344e+01,2.499560737609863281e+01,2.004265785217285156e+01,2.999999237060546875e+01,2.499999427795410156e+01,1.999999618530273438e+01
1.143200000000000074e+02,3.000205039978027344e+01,2.499560737609863281e+01,2.004265785217285156e+01,2.999999237060546875e+01,2.499999427795410156e+01,1.999999618530273438e+01
1.143599999999999994e+02,3.000205039978027344e+01,2.499560737609863281e+01,2.004265785217285156e+01,2.999999237060546875e+01,2.499999427795410156e+01,1.999999618530273438e+01
1.144000000000000057e+02,3.000205039978027344e+01,2.499560737609863281e+01,2.004265785217285156e+01,2.999999237060546875e+01,2.499999427795410156e+01,1.999999618530273438e+01
1.144399999999999977e+02,3.000205039978027344e+01,2.499560737609863281e+01,2.004265785217285156e+01,2.999999237060546875e+01,2.499999427795410156e+01,1.999999618530273438e+01
1.144800000000000040e+02,3.000205039978027344e+01,2.499560737609863281e+01,2.004265785217285156e+01,2.999999237060546875e+01,2.499999427795410156e+01,1.999999618530273438e+01
1.145199999999999960e+02,3.000205039978027344e+01,2.499560737609863281e+01,2.004265785217285156e+01,2.999999237060546875e+01,2.499999427795410156e+01,1.999999618530273438e+01
1.145600000000000023e+02,3.000205039978027344e+01,2.499560737609863281e+01,2.004265785217285156e+01,2.999999237060546875e+01,2.499999427795410156e+01,1.999999618530273438e+01
1.146000000000000085e+02,3.000205039978027344e+01,2.499560737609863281e+01,2.004265785217285156e+01,2.999999237060546875e+01,2.499999427795410156e+01,1.999999618530273438e+01
1.146400000000000006e+02,3.000205039978027344e+01,2.499560737609863281e+01,2.004265785217285156e+01,2.999999237060546875e+01,2.499999427795410156e+01,1.999999618530273438e+01
1.146800000000000068e+02,3.000205039978027344e+01,2.499560737609863281e+01,2.004265785217285156e+01,2.999999237060546875e+01,2.499999427795410156e+01,1.999999618530273438e+01
1.147199999999999989e+02,3.000205039978027344e+01,2.499560737609863281e+01,2.004265785217285156e+01,2.999999237060546875e+01,2.499999427795410156e+01,1.999999618530273438e+01
1.147600000000000051e+02,3.000205039978027344e+01,2.499560737609863281e+01,2.004265785217285156e+01,2.999999237060546875e+01,2.499999427795410156e+01,1.999999618530273438e+01
1.147999999999999972e+02,3.000205039978027344e+01,2.499560737609863281e+01,2.004265785217285156e+01,2.999999237060546875e+01,2.499999427795410156e+01,1.999999618530273438e+01
1.148400000000000034e+02,3.000205039978027344e+01,2.499560737609863281e+01,2.004265785217285156e+01,2.999999237060546875e+01,2.499999427795410156e+01,1.999999618530273438e+01
1.148799999999999955e+02,3.000205039978027344e+01,2.499560737609863281e+01,2.004265785217285156e+01,2.999999237060546875e+01,2.499999427795410156e+01,1.999999618530273438e+01
1.149200000000000017e+02,3.000205039978027344e+01,2.499560737609863281e+01,2.004265785217285156e+01,2.999999237060546875e+01,2.499999427795410156e+01,1.999999618530273438e+01
1.149600000000000080e+02,3.000205039978027344e+01,2.499560737609863281e+01,2.004265785217285156e+01,2.999999237060546875e+01,2.499999427795410156e+01,1.999999618530273438e+01
1.150000000000000000e+02,3.000205039978027344e+01,2.499560737609863281e+01,2.004265785217285156e+01,2.999999237060546875e+01,2.499999427795410156e+01,1.999999618530273438e+01
1.150400000000000063e+02,3.000205039978027344e+01,2.499560737609863281e+01,2.004265785217285156e+01,2.999999237060546875e+01,2.499999427795410156e+01,1.999999618530273438e+01
1.150799999999999983e+02,3.000205039978027344e+01,2.499560737609863281e+01,2.004265785217285156e+01,2.999999237060546875e+01,2.499999427795410156e+01,1.999999618530273438e+01
1.151200000000000045e+02,3.000205039978027344e+01,2.499560737609863281e+01,2.004265785217285156e+01,2.999999237060546875e+01,2.499999427795410156e+01,1.999999618530273438e+01
1.151599999999999966e+02,3.000205039978027344e+01,2.499560737609863281e+01,2.004265785217285156e+01,2.999999237060546875e+01,2.499999427795410156e+01,1.999999618530273438e+01
1.152000000000000028e+02,3.000205039978027344e+01,2.499560737609863281e+01,2.004265785217285156e+01,2.999999237060546875e+01,2.499999427795410156e+01,1.999999618530273438e+01
1.152400000000000091e+02,3.000205039978027344e+01,2.499560737609863281e+01,2.004265785217285156e+01,2.999999237060546875e+01,2.499999427795410156e+01,1.999999618530273438e+01
1.152800000000000011e+02,3.000205039978027344e+01,2.499560737609863281e+01,2.004265785217285156e+01,2.999999237060546875e+01,2.499999427795410156e+01,1.999999618530273438e+01
1.153200000000000074e+02,3.000205039978027344e+01,2.499560737609863281e+01,2.004265785217285156e+01,2.999999237060546875e+01,2.499999427795410156e+01,1.999999618530273438e+01
1.153599999999999994e+02,3.000205039978027344e+01,2.499560737609863281e+01,2.004265785217285156e+01,2.999999237060546875e+01,2.499999427795410156e+01,1.999999618530273438e+01
1.154000000000000057e+02,3.000205039978027344e+01,2.499560737609863281e+01,2.004265785217285156e+01,2.999999237060546875e+01,2.499999427795410156e+01,1.999999618530273438e+01
1.154399999999999977e+02,3.000205039978027344e+01,2.499560737609863281e+01,2.004265785217285156e+01,2.999999237060546875e+01,2.499999427795410156e+01,1.999999618530273438e+01
1.154800000000000040e+02,3.000205039978027344e+01,2.499560737609863281e+01,2.004265785217285156e+01,2.999999237060546875e+01,2.499999427795410156e+01,1.999999618530273438e+01
1.155199999999999960e+02,3.000205039978027344e+01,2.499560737609863281e+01,2.004265785217285156e+01,2.999999237060546875e+01,2.499999427795410156e+01,1.999999618530273438e+01
1.155600000000000023e+02,3.000205039978027344e+01,2.499560737609863281e+01,2.004265785217285156e+01,2.999999237060546875e+01,2.499999427795410156e+01,1.999999618530273438e+01
1.156000000000000085e+02,3.000205039978027344e+01,2.499560737609863281e+01,2.004265785217285156e+01,2.999999237060546875e+01,2.499999427795410156e+01,1.999999618530273438e+01
1.156400000000000006e+02,3.000205039978027344e+01,2.499560737609863281e+01,2.004265785217285156e+01,2.999999237060546875e+01,2.499999427795410156e+01,1.999999618530273438e+01
1.156800000000000068e+02,3.000205039978027344e+01,2.499560737609863281e+01,2.004265785217285156e+01,2.999999237060546875e+01,2.499999427795410156e+01,1.999999618530273438e+01
1.157199999999999989e+02,3.000205039978027344e+01,2.499560737609863281e+01,2.004265785217285156e+01,2.999999237060546875e+01,2.499999427795410156e+01,1.999999618530273438e+01
1.157600000000000051e+02,3.000205039978027344e+01,2.499560737609863281e+01,2.004265785217285156e+01,2.999999237060546875e+01,2.499999427795410156e+01,1.999999618530273438e+01
1.157999999999999972e+02,3.000205039978027344e+01,2.499560737609863281e+01,2.004265785217285156e+01,2.999999237060546875e+01,2.499999427795410156e+01,1.999999618530273438e+01
1.158400000000000034e+02,3.000205039978027344e+01,2.499560737609863281e+01,2.004265785217285156e+01,2.999999237060546875e+01,2.499999427795410156e+01,1.999999618530273438e+01
1.158799999999999955e+02,3.000205039978027344e+01,2.499560737609863281e+01,2.004265785217285156e+01,2.999999237060546875e+01,2.499999427795410156e+01,1.999999618530273438e+01
1.159200000000000017e+02,3.000205039978027344e+01,2.499560737609863281e+01,2.004265785217285156e+01,2.999999237060546875e+01,2.499999427795410156e+01,1.999999618530273438e+01
1.159600000000000080e+02,3.000205039978027344e+01,2.499560737609863281e+01,2.004265785217285156e+01,2.999999237060546875e+01,2.499999427795410156e+01,1.999999618530273438e+01
1.160000000000000000e+02,3.000205039978027344e+01,2.499560737609863281e+01,2.004265785217285156e+01,2.999999237060546875e+01,2.499999427795410156e+01,1.999999618530273438e+01
1.160400000000000063e+02,3.000205039978027344e+01,2.499560737609863281e+01,2.004265785217285156e+01,2.999999237060546875e+01,2.499999427795410156e+01,1.999999618530273438e+01
1.160799999999999983e+02,3.000205039978027344e+01,2.499560737609863281e+01,2.004265785217285156e+01,2.999999237060546875e+01,2.499999427795410156e+01,1.999999618530273438e+01
1.161200000000000045e+02,3.000205039978027344e+01,2.499560737609863281e+01,2.004265785217285156e+01,2.999999237060546875e+01,2.499999427795410156e+01,1.999999618530273438e+01
1.161599999999999966e+02,3.000205039978027344e+01,2.499560737609863281e+01,2.004265785217285156e+01,2.999999237060546875e+01,2.499999427795410156e+01,1.999999618530273438e+01
1.162000000000000028e+02,3.000205039978027344e+01,2.499560737609863281e+01,2.004265785217285156e+01,2.999999237060546875e+01,2.499999427795410156e+01,1.999999618530273438e+01
1.162400000000000091e+02,3.000205039978027344e+01,2.499560737609863281e+01,2.004265785217285156e+01,2.999999237060546875e+01,2.499999427795410156e+01,1.999999618530273438e+01
1.162800000000000011e+02,3.000205039978027344e+01,2.499560737609863281e+01,2.004265785217285156e+01,2.999999237060546875e+01,2.499999427795410156e+01,1.999999618530273438e+01
1.163200000000000074e+02,3.000205039978027344e+01,2.499560737609863281e+01,2.004265785217285156e+01,2.999999237060546875e+01,2.499999427795410156e+01,1.999999618530273438e+01
1.163599999999999994e+02,3.000205039978027344e+01,2.499560737609863281e+01,2.004265785217285156e+01,2.999999237060546875e+01,2.499999427795410156e+01,1.999999618530273438e+01
1.164000000000000057e+02,3.000205039978027344e+01,2.499560737609863281e+01,2.004265785217285156e+01,2.999999237060546875e+01,2.499999427795410156e+01,1.999999618530273438e+01
1.164399999999999977e+02,3.000205039978027344e+01,2.499560737609863281e+01,2.004265785217285156e+01,2.999999237060546875e+01,2.499999427795410156e+01,1.999999618530273438e+01
1.164800000000000040e+02,3.000205039978027344e+01,2.499560737609863281e+01,2.004265785217285156e+01,2.999999237060546875e+01,2.499999427795410156e+01,1.999999618530273438e+01
1.165199999999999960e+02,3.000205039978027344e+01,2.499560737609863281e+01,2.004265785217285156e+01,2.999999237060546875e+01,2.499999427795410156e+01,1.999999618530273438e+01
1.165600000000000023e+02,3.000205039978027344e+01,2.499560737609863281e+01,2.004265785217285156e+01,2.999999237060546875e+01,2.499999427795410156e+01,1.999999618530273438e+01
1.166000000000000085e+02,3.000205039978027344e+01,2.499560737609863281e+01,2.004265785217285156e+01,2.999999237060546875e+01,2.499999427795410156e+01,1.999999618530273438e+01
1.166400000000000006e+02,3.000205039978027344e+01,2.499560737609863281e+01,2.004265785217285156e+01,2.999999237060546875e+01,2.499999427795410156e+01,1.999999618530273438e+01
1.166800000000000068e+02,3.000205039978027344e+01,2.499560737609863281e+01,2.004265785217285156e+01,2.999999237060546875e+01,2.499999427795410156e+01,1.999999618530273438e+01
1.167199999999999989e+02,3.000205039978027344e+01,2.499560737609863281e+01,2.004265785217285156e+01,2.999999237060546875e+01,2.499999427795410156e+01,1.999999618530273438e+01
1.167600000000000051e+02,3.000205039978027344e+01,2.499560737609863281e+01,2.004265785217285156e+01,2.999999237060546875e+01,2.499999427795410156e+01,1.999999618530273438e+01
1.167999999999999972e+02,3.000205039978027344e+01,2.499560737609863281e+01,2.004265785217285156e+01,2.999999237060546875e+01,2.499999427795410156e+01,1.999999618530273438e+01
1.168400000000000034e+02,3.000205039978027344e+01,2.499560737609863281e+01,2.004265785217285156e+01,2.999999237060546875e+01,2.499999427795410156e+01,1.999999618530273438e+01
1.168799999999999955e+02,3.000205039978027344e+01,2.499560737609863281e+01,2.004265785217285156e+01,2.999999237060546875e+01,2.499999427795410156e+01,1.999999618530273438e+01
1.169200000000000017e+02,3.000205039978027344e+01,2.499560737609863281e+01,2.004265785217285156e+01,2.999999237060546875e+01,2.499999427795410156e+01,1.999999618530273438e+01
1.169600000000000080e+02,3.000205039978027344e+01,2.499560737609863281e+01,2.004265785217285156e+01,2.999999237060546875e+01,2.499999427795410156e+01,1.999999618530273438e+01
1.170000000000000000e+02,3.000205039978027344e+01,2.499560737609863281e+01,2.004265785217285156e+01,2.999999237060546875e+01,2.499999427795410156e+01,1.999999618530273438e+01
1.170400000000000063e+02,3.000205039978027344e+01,2.499560737609863281e+01,2.004265785217285156e+01,2.999999237060546875e+01,2.499999427795410156e+01,1.999999618530273438e+01
1.170799999999999983e+02,3.000205039978027344e+01,2.499560737609863281e+01,2.004265785217285156e+01,2.999999237060546875e+01,2.499999427795410156e+01,1.999999618530273438e+01
1.171200000000000045e+02,3.000205039978027344e+01,2.499560737609863281e+01,2.004265785217285156e+01,2.999999237060546875e+01,2.499999427795410156e+01,1.999999618530273438e+01
1.171599999999999966e+02,3.000205039978027344e+01,2.499560737609863281e+01,2.004265785217285156e+01,2.999999237060546875e+01,2.499999427795410156e+01,1.999999618530273438e+01
1.172000000000000028e+02,3.000205039978027344e+01,2.499560737609863281e+01,2.004265785217285156e+01,2.999999237060546875e+01,2.499999427795410156e+01,1.999999618530273438e+01
1.172400000000000091e+02,3.000205039978027344e+01,2.499560737609863281e+01,2.004265785217285156e+01,2.999999237060546875e+01,2.499999427795410156e+01,1.999999618530273438e+01
1.172800000000000011e+02,3.000205039978027344e+01,2.499560737609863281e+01,2.004265785217285156e+01,2.999999237060546875e+01,2.499999427795410156e+01,1.999999618530273438e+01
1.173200000000000074e+02,3.000205039978027344e+01,2.499560737609863281e+01,2.004265785217285156e+01,2.999999237060546875e+01,2.499999427795410156e+01,1.999999618530273438e+01
1.173599999999999994e+02,3.000205039978027344e+01,2.499560737609863281e+01,2.004265785217285156e+01,2.999999237060546875e+01,2.499999427795410156e+01,1.999999618530273438e+01
1.174000000000000057e+02,3.000205039978027344e+01,2.499560737609863281e+01,2.004265785217285156e+01,2.999999237060546875e+01,2.499999427795410156e+01,1.999999618530273438e+01
1.174399999999999977e+02,3.000205039978027344e+01,2.499560737609863281e+01,2.004265785217285156e+01,2.999999237060546875e+01,2.499999427795410156e+01,1.999999618530273438e+01
1.174800000000000040e+02,3.000205039978027344e+01,2.499560737609863281e+01,2.004265785217285156e+01,2.999999237060546875e+01,2.499999427795410156e+01,1.999999618530273438e+01
1.175199999999999960e+02,3.000205039978027344e+01,2.499560737609863281e+01,2.004265785217285156e+01,2.999999237060546875e+01,2.499999427795410156e+01,1.999999618530273438e+01
1.175600000000000023e+02,3.000205039978027344e+01,2.499560737609863281e+01,2.004265785217285156e+01,2.999999237060546875e+01,2.499999427795410156e+01,1.999999618530273438e+01
1.176000000000000085e+02,3.000205039978027344e+01,2.499560737609863281e+01,2.004265785217285156e+01,2.999999237060546875e+01,2.499999427795410156e+01,1.999999618530273438e+01
1.176400000000000006e+02,3.000205039978027344e+01,2.499560737609863281e+01,2.004265785217285156e+01,2.999999237060546875e+01,2.499999427795410156e+01,1.999999618530273438e+01
1.176800000000000068e+02,3.000205039978027344e+01,2.499560737609863281e+01,2.004265785217285156e+01,2.999999237060546875e+01,2.499999427795410156e+01,1.999999618530273438e+01
1.177199999999999989e+02,3.000205039978027344e+01,2.499560737609863281e+01,2.004265785217285156e+01,2.999999237060546875e+01,2.499999427795410156e+01,1.999999618530273438e+01
1.177600000000000051e+02,3.000205039978027344e+01,2.499560737609863281e+01,2.004265785217285156e+01,2.999999237060546875e+01,2.499999427795410156e+01,1.999999618530273438e+01
1.177999999999999972e+02,3.000205039978027344e+01,2.499560737609863281e+01,2.004265785217285156e+01,2.999999237060546875e+01,2.499999427795410156e+01,1.999999618530273438e+01
1.178400000000000034e+02,3.000205039978027344e+01,2.499560737609863281e+01,2.004265785217285156e+01,2.999999237060546875e+01,2.499999427795410156e+01,1.999999618530273438e+01
1.178799999999999955e+02,3.000205039978027344e+01,2.499560737609863281e+01,2.004265785217285156e+01,2.999999237060546875e+01,2.499999427795410156e+01,1.999999618530273438e+01
1.179200000000000017e+02,3.000205039978027344e+01,2.499560737609863281e+01,2.004265785217285156e+01,2.999999237060546875e+01,2.499999427795410156e+01,1.999999618530273438e+01
1.179600000000000080e+02,3.000205039978027344e+01,2.499560737609863281e+01,2.004265785217285156e+01,2.999999237060546875e+01,2.499999427795410156e+01,1.999999618530273438e+01
1.180000000000000000e+02,3.000205039978027344e+01,2.499560737609863281e+01,2.004265785217285156e+01,2.999999237060546875e+01,2.499999427795410156e+01,1.999999618530273438e+01
1.180400000000000063e+02,3.000205039978027344e+01,2.499560737609863281e+01,2.004265785217285156e+01,2.999999237060546875e+01,2.499999427795410156e+01,1.999999618530273438e+01
1.180799999999999983e+02,3.000205039978027344e+01,2.499560737609863281e+01,2.004265785217285156e+01,2.999999237060546875e+01,2.499999427795410156e+01,1.999999618530273438e+01
1.181200000000000045e+02,3.000205039978027344e+01,2.499560737609863281e+01,2.004265785217285156e+01,2.999999237060546875e+01,2.499999427795410156e+01,1.999999618530273438e+01
1.181599999999999966e+02,3.000205039978027344e+01,2.499560737609863281e+01,2.004265785217285156e+01,2.999999237060546875e+01,2.499999427795410156e+01,1.999999618530273438e+01
1.182000000000000028e+02,3.000205039978027344e+01,2.499560737609863281e+01,2.004265785217285156e+01,2.999999237060546875e+01,2.499999427795410156e+01,1.999999618530273438e+01
1.182400000000000091e+02,3.000205039978027344e+01,2.499560737609863281e+01,2.004265785217285156e+01,2.999999237060546875e+01,2.499999427795410156e+01,1.999999618530273438e+01
1.182800000000000011e+02,3.000205039978027344e+01,2.499560737609863281e+01,2.004265785217285156e+01,2.999999237060546875e+01,2.499999427795410156e+01,1.999999618530273438e+01
1.183200000000000074e+02,3.000205039978027344e+01,2.499560737609863281e+01,2.004265785217285156e+01,2.999999237060546875e+01,2.499999427795410156e+01,1.999999618530273438e+01
1.183599999999999994e+02,3.000205039978027344e+01,2.499560737609863281e+01,2.004265785217285156e+01,2.999999237060546875e+01,2.499999427795410156e+01,1.999999618530273438e+01
1.184000000000000057e+02,3.000205039978027344e+01,2.499560737609863281e+01,2.004265785217285156e+01,2.999999237060546875e+01,2.499999427795410156e+01,1.999999618530273438e+01
1.184399999999999977e+02,3.000205039978027344e+01,2.499560737609863281e+01,2.004265785217285156e+01,2.999999237060546875e+01,2.499999427795410156e+01,1.999999618530273438e+01
1.184800000000000040e+02,3.000205039978027344e+01,2.499560737609863281e+01,2.004265785217285156e+01,2.999999237060546875e+01,2.499999427795410156e+01,1.999999618530273438e+01
1.185199999999999960e+02,3.000205039978027344e+01,2.499560737609863281e+01,2.004265785217285156e+01,2.999999237060546875e+01,2.499999427795410156e+01,1.999999618530273438e+01
1.185600000000000023e+02,3.000205039978027344e+01,2.499560737609863281e+01,2.004265785217285156e+01,2.999999237060546875e+01,2.499999427795410156e+01,1.999999618530273438e+01
1.186000000000000085e+02,3.000205039978027344e+01,2.499560737609863281e+01,2.004265785217285156e+01,2.999999237060546875e+01,2.499999427795410156e+01,1.999999618530273438e+01
1.186400000000000006e+02,3.000205039978027344e+01,2.499560737609863281e+01,2.004265785217285156e+01,2.999999237060546875e+01,2.499999427795410156e+01,1.999999618530273438e+01
1.186800000000000068e+02,3.000205039978027344e+01,2.499560737609863281e+01,2.004265785217285156e+01,2.999999237060546875e+01,2.499999427795410156e+01,1.999999618530273438e+01
1.187199999999999989e+02,3.000205039978027344e+01,2.499560737609863281e+01,2.004265785217285156e+01,2.999999237060546875e+01,2.499999427795410156e+01,1.999999618530273438e+01
1.187600000000000051e+02,3.000205039978027344e+01,2.499560737609863281e+01,2.004265785217285156e+01,2.999999237060546875e+01,2.499999427795410156e+01,1.999999618530273438e+01
1.187999999999999972e+02,3.000205039978027344e+01,2.499560737609863281e+01,2.004265785217285156e+01,2.999999237060546875e+01,2.499999427795410156e+01,1.999999618530273438e+01
1.188400000000000034e+02,3.000205039978027344e+01,2.499560737609863281e+01,2.004265785217285156e+01,2.999999237060546875e+01,2.499999427795410156e+01,1.999999618530273438e+01
1.188799999999999955e+02,3.000205039978027344e+01,2.499560737609863281e+01,2.004265785217285156e+01,2.999999237060546875e+01,2.499999427795410156e+01,1.999999618530273438e+01
1.189200000000000017e+02,3.000205039978027344e+01,2.499560737609863281e+01,2.004265785217285156e+01,2.999999237060546875e+01,2.499999427795410156e+01,1.999999618530273438e+01
1.189600000000000080e+02,3.000205039978027344e+01,2.499560737609863281e+01,2.004265785217285156e+01,2.999999237060546875e+01,2.499999427795410156e+01,1.999999618530273438e+01
1.190000000000000000e+02,3.000205039978027344e+01,2.499560737609863281e+01,2.004265785217285156e+01,2.999999237060546875e+01,2.499999427795410156e+01,1.999999618530273438e+01
1.190400000000000063e+02,3.000205039978027344e+01,2.499560737609863281e+01,2.004265785217285156e+01,2.999999237060546875e+01,2.499999427795410156e+01,1.999999618530273438e+01
1.190799999999999983e+02,3.000205039978027344e+01,2.499560737609863281e+01,2.004265785217285156e+01,2.999999237060546875e+01,2.499999427795410156e+01,1.999999618530273438e+01
1.191200000000000045e+02,3.000205039978027344e+01,2.499560737609863281e+01,2.004265785217285156e+01,2.999999237060546875e+01,2.499999427795410156e+01,1.999999618530273438e+01
1.191599999999999966e+02,3.000205039978027344e+01,2.499560737609863281e+01,2.004265785217285156e+01,2.999999237060546875e+01,2.499999427795410156e+01,1.999999618530273438e+01
1.192000000000000028e+02,3.000205039978027344e+01,2.499560737609863281e+01,2.004265785217285156e+01,2.999999237060546875e+01,2.499999427795410156e+01,1.999999618530273438e+01
1.192400000000000091e+02,3.000205039978027344e+01,2.499560737609863281e+01,2.004265785217285156e+01,2.999999237060546875e+01,2.499999427795410156e+01,1.999999618530273438e+01
1.192800000000000011e+02,3.000205039978027344e+01,2.499560737609863281e+01,2.004265785217285156e+01,2.999999237060546875e+01,2.499999427795410156e+01,1.999999618530273438e+01
1.193200000000000074e+02,3.000205039978027344e+01,2.499560737609863281e+01,2.004265785217285156e+01,2.999999237060546875e+01,2.499999427795410156e+01,1.999999618530273438e+01
1.193599999999999994e+02,3.000205039978027344e+01,2.499560737609863281e+01,2.004265785217285156e+01,2.999999237060546875e+01,2.499999427795410156e+01,1.999999618530273438e+01
1.194000000000000057e+02,3.000205039978027344e+01,2.499560737609863281e+01,2.004265785217285156e+01,2.999999237060546875e+01,2.499999427795410156e+01,1.999999618530273438e+01
1.194399999999999977e+02,3.000205039978027344e+01,2.499560737609863281e+01,2.004265785217285156e+01,2.999999237060546875e+01,2.499999427795410156e+01,1.999999618530273438e+01
1.194800000000000040e+02,3.000205039978027344e+01,2.499560737609863281e+01,2.004265785217285156e+01,2.999999237060546875e+01,2.499999427795410156e+01,1.999999618530273438e+01
1.195199999999999960e+02,3.000205039978027344e+01,2.499560737609863281e+01,2.004265785217285156e+01,2.999999237060546875e+01,2.499999427795410156e+01,1.999999618530273438e+01
1.195600000000000023e+02,3.000205039978027344e+01,2.499560737609863281e+01,2.004265785217285156e+01,2.999999237060546875e+01,2.499999427795410156e+01,1.999999618530273438e+01
1.196000000000000085e+02,3.000205039978027344e+01,2.499560737609863281e+01,2.004265785217285156e+01,2.999999237060546875e+01,2.499999427795410156e+01,1.999999618530273438e+01
1.196400000000000006e+02,3.000205039978027344e+01,2.499560737609863281e+01,2.004265785217285156e+01,2.999999237060546875e+01,2.499999427795410156e+01,1.999999618530273438e+01
1.196800000000000068e+02,3.000205039978027344e+01,2.499560737609863281e+01,2.004265785217285156e+01,2.999999237060546875e+01,2.499999427795410156e+01,1.999999618530273438e+01
1.197199999999999989e+02,3.000205039978027344e+01,2.499560737609863281e+01,2.004265785217285156e+01,2.999999237060546875e+01,2.499999427795410156e+01,1.999999618530273438e+01
1.197600000000000051e+02,3.000205039978027344e+01,2.499560737609863281e+01,2.004265785217285156e+01,2.999999237060546875e+01,2.499999427795410156e+01,1.999999618530273438e+01
1.197999999999999972e+02,3.000205039978027344e+01,2.499560737609863281e+01,2.004265785217285156e+01,2.999999237060546875e+01,2.499999427795410156e+01,1.999999618530273438e+01
1.198400000000000034e+02,3.000205039978027344e+01,2.499560737609863281e+01,2.004265785217285156e+01,2.999999237060546875e+01,2.499999427795410156e+01,1.999999618530273438e+01
1.198799999999999955e+02,3.000205039978027344e+01,2.499560737609863281e+01,2.004265785217285156e+01,2.999999237060546875e+01,2.499999427795410156e+01,1.999999618530273438e+01
1.199200000000000017e+02,3.000205039978027344e+01,2.499560737609863281e+01,2.004265785217285156e+01,2.999999237060546875e+01,2.499999427795410156e+01,1.999999618530273438e+01
1.199600000000000080e+02,3.000205039978027344e+01,2.499560737609863281e+01,2.004265785217285156e+01,2.999999237060546875e+01,2.499999427795410156e+01,1.999999618530273438e+01
1.200000000000000000e+02,3.000205039978027344e+01,2.499560737609863281e+01,2.004265785217285156e+01,2.999999237060546875e+01,2.499999427795410156e+01,1.999999618530273438e+01
